day,run,frame_index,timestamp,frame_type,screenX,screenY
19,2,1,1779746197.21355,0,1680,1050
19,2,2,1779746207.22901,-1,1680,1050
19,2,3,1779746207.24568,-1,1680,1050
19,2,4,1779746207.26234,-1,1680,1050
19,2,5,1779746207.27901,-1,1680,1050
19,2,6,1779746207.29567,-1,1680,1050
19,2,7,1779746207.31234,-1,1680,1050
19,2,8,1779746207.32901,-1,1680,1050
19,2,9,1779746207.34567,-1,1680,1050
19,2,10,1779746207.36234,-1,1680,1050
19,2,11,1779746207.379,-1,1680,1050
19,2,12,1779746207.39567,-1,1680,1050
19,2,13,1779746207.41234,-1,1680,1050
19,2,14,1779746207.429,-1,1680,1050
19,2,15,1779746207.44567,-1,1680,1050
19,2,16,1779746207.46233,-1,1680,1050
19,2,17,1779746207.479,-1,1680,1050
19,2,18,1779746207.49567,-1,1680,1050
19,2,19,1779746207.51233,-1,1680,1050
19,2,20,1779746207.529,-1,1680,1050
19,2,21,1779746207.54567,-1,1680,1050
19,2,22,1779746207.56233,-1,1680,1050
19,2,23,1779746207.579,-1,1680,1050
19,2,24,1779746207.59566,-1,1680,1050
19,2,25,1779746207.61233,-1,1680,1050
19,2,26,1779746207.629,-1,1680,1050
19,2,27,1779746207.64566,-1,1680,1050
19,2,28,1779746207.66233,-1,1680,1050
19,2,29,1779746207.67899,-1,1680,1050
19,2,30,1779746207.69566,-1,1680,1050
19,2,31,1779746207.71233,-1,1680,1050
19,2,32,1779746207.72899,-1,1680,1050
19,2,33,1779746207.74566,-1,1680,1050
19,2,34,1779746207.76235,-1,1680,1050
19,2,35,1779746207.77899,-1,1680,1050
19,2,36,1779746207.79566,-1,1680,1050
19,2,37,1779746207.81232,-1,1680,1050
19,2,38,1779746207.82899,-1,1680,1050
19,2,39,1779746207.84565,-1,1680,1050
19,2,40,1779746207.86232,-1,1680,1050
19,2,41,1779746207.87899,-1,1680,1050
19,2,42,1779746207.89565,-1,1680,1050
19,2,43,1779746207.91232,-1,1680,1050
19,2,44,1779746207.92899,-1,1680,1050
19,2,45,1779746207.94565,-1,1680,1050
19,2,46,1779746207.96232,-1,1680,1050
19,2,47,1779746207.97898,-1,1680,1050
19,2,48,1779746207.99565,-1,1680,1050
19,2,49,1779746208.01231,-1,1680,1050
19,2,50,1779746208.02898,-1,1680,1050
19,2,51,1779746208.04565,-1,1680,1050
19,2,52,1779746208.06231,-1,1680,1050
19,2,53,1779746208.07898,-1,1680,1050
19,2,54,1779746208.09564,-1,1680,1050
19,2,55,1779746208.11231,-1,1680,1050
19,2,56,1779746208.12898,-1,1680,1050
19,2,57,1779746208.14564,-1,1680,1050
19,2,58,1779746208.16231,-1,1680,1050
19,2,59,1779746208.17898,-1,1680,1050
19,2,60,1779746208.19564,-1,1680,1050
19,2,61,1779746208.21231,-1,1680,1050
19,2,62,1779746208.22897,-1,1680,1050
19,2,63,1779746208.24564,-1,1680,1050
19,2,64,1779746208.26231,-1,1680,1050
19,2,65,1779746208.27897,-1,1680,1050
19,2,66,1779746208.29564,-1,1680,1050
19,2,67,1779746208.31231,-1,1680,1050
19,2,68,1779746208.32897,-1,1680,1050
19,2,69,1779746208.34564,-1,1680,1050
19,2,70,1779746208.3623,-1,1680,1050
19,2,71,1779746208.37897,-1,1680,1050
19,2,72,1779746208.39563,-1,1680,1050
19,2,73,1779746208.4123,-1,1680,1050
19,2,74,1779746208.42897,-1,1680,1050
19,2,75,1779746208.44563,-1,1680,1050
19,2,76,1779746208.4623,-1,1680,1050
19,2,77,1779746208.47896,-1,1680,1050
19,2,78,1779746208.49563,-1,1680,1050
19,2,79,1779746208.5123,-1,1680,1050
19,2,80,1779746208.52896,-1,1680,1050
19,2,81,1779746208.54563,-1,1680,1050
19,2,82,1779746208.5623,-1,1680,1050
19,2,83,1779746208.57896,-1,1680,1050
19,2,84,1779746208.59563,-1,1680,1050
19,2,85,1779746208.61229,-1,1680,1050
19,2,86,1779746208.62896,-1,1680,1050
19,2,87,1779746208.64563,-1,1680,1050
19,2,88,1779746208.66229,-1,1680,1050
19,2,89,1779746208.67896,-1,1680,1050
19,2,90,1779746208.69563,-1,1680,1050
19,2,91,1779746208.71229,-1,1680,1050
19,2,92,1779746208.72896,-1,1680,1050
19,2,93,1779746208.74562,-1,1680,1050
19,2,94,1779746208.76229,-1,1680,1050
19,2,95,1779746208.77895,-1,1680,1050
19,2,96,1779746208.79562,-1,1680,1050
19,2,97,1779746208.81229,-1,1680,1050
19,2,98,1779746208.82895,-1,1680,1050
19,2,99,1779746208.84562,-1,1680,1050
19,2,100,1779746208.86229,-1,1680,1050
19,2,101,1779746208.87895,-1,1680,1050
19,2,102,1779746208.89562,-1,1680,1050
19,2,103,1779746208.91228,-1,1680,1050
19,2,104,1779746208.92895,-1,1680,1050
19,2,105,1779746208.94562,-1,1680,1050
19,2,106,1779746208.96228,-1,1680,1050
19,2,107,1779746208.97895,-1,1680,1050
19,2,108,1779746208.99561,-1,1680,1050
19,2,109,1779746209.01228,-1,1680,1050
19,2,110,1779746209.02895,-1,1680,1050
19,2,111,1779746209.04561,-1,1680,1050
19,2,112,1779746209.06228,-1,1680,1050
19,2,113,1779746209.07894,-1,1680,1050
19,2,114,1779746209.09561,-1,1680,1050
19,2,115,1779746209.11228,-1,1680,1050
19,2,116,1779746209.12894,-1,1680,1050
19,2,117,1779746209.14561,-1,1680,1050
19,2,118,1779746209.16228,-1,1680,1050
19,2,119,1779746209.17894,-1,1680,1050
19,2,120,1779746209.19561,-1,1680,1050
19,2,121,1779746209.21227,-1,1680,1050
19,2,122,1779746209.22894,-1,1680,1050
19,2,123,1779746209.24561,-1,1680,1050
19,2,124,1779746209.26227,-1,1680,1050
19,2,125,1779746209.27894,-1,1680,1050
19,2,126,1779746209.2956,-1,1680,1050
19,2,127,1779746209.31227,-1,1680,1050
19,2,128,1779746209.32894,-1,1680,1050
19,2,129,1779746209.3456,-1,1680,1050
19,2,130,1779746209.36227,-1,1680,1050
19,2,131,1779746209.37893,-1,1680,1050
19,2,132,1779746209.3956,-1,1680,1050
19,2,133,1779746209.41227,-1,1680,1050
19,2,134,1779746209.42893,-1,1680,1050
19,2,135,1779746209.4456,-1,1680,1050
19,2,136,1779746209.46226,-1,1680,1050
19,2,137,1779746209.47893,-1,1680,1050
19,2,138,1779746209.4956,-1,1680,1050
19,2,139,1779746209.51226,-1,1680,1050
19,2,140,1779746209.52893,-1,1680,1050
19,2,141,1779746209.54559,-1,1680,1050
19,2,142,1779746209.56226,-1,1680,1050
19,2,143,1779746209.57893,-1,1680,1050
19,2,144,1779746209.59559,-1,1680,1050
19,2,145,1779746209.61226,-1,1680,1050
19,2,146,1779746209.62893,-1,1680,1050
19,2,147,1779746209.64559,-1,1680,1050
19,2,148,1779746209.66226,-1,1680,1050
19,2,149,1779746209.67892,-1,1680,1050
19,2,150,1779746209.69561,-1,1680,1050
19,2,151,1779746209.71226,-1,1680,1050
19,2,152,1779746209.72892,-1,1680,1050
19,2,153,1779746209.74559,-1,1680,1050
19,2,154,1779746209.76225,-1,1680,1050
19,2,155,1779746209.77892,-1,1680,1050
19,2,156,1779746209.79559,-1,1680,1050
19,2,157,1779746209.81225,-1,1680,1050
19,2,158,1779746209.82892,-1,1680,1050
19,2,159,1779746209.84558,-1,1680,1050
19,2,160,1779746209.86225,-1,1680,1050
19,2,161,1779746209.87892,-1,1680,1050
19,2,162,1779746209.89558,-1,1680,1050
19,2,163,1779746209.91225,-1,1680,1050
19,2,164,1779746209.92891,-1,1680,1050
19,2,165,1779746209.94558,-1,1680,1050
19,2,166,1779746209.96225,-1,1680,1050
19,2,167,1779746209.97891,-1,1680,1050
19,2,168,1779746209.99558,-1,1680,1050
19,2,169,1779746210.01224,-1,1680,1050
19,2,170,1779746210.02891,-1,1680,1050
19,2,171,1779746210.04558,-1,1680,1050
19,2,172,1779746210.06224,-1,1680,1050
19,2,173,1779746210.07891,-1,1680,1050
19,2,174,1779746210.09557,-1,1680,1050
19,2,175,1779746210.11224,-1,1680,1050
19,2,176,1779746210.12891,-1,1680,1050
19,2,177,1779746210.14557,-1,1680,1050
19,2,178,1779746210.16224,-1,1680,1050
19,2,179,1779746210.17891,-1,1680,1050
19,2,180,1779746210.19557,-1,1680,1050
19,2,181,1779746210.21224,-1,1680,1050
19,2,182,1779746210.2289,1,1680,1050
19,2,183,1779746210.24557,1,1680,1050
19,2,184,1779746210.26224,1,1680,1050
19,2,185,1779746210.2789,1,1680,1050
19,2,186,1779746210.29557,1,1680,1050
19,2,187,1779746210.31223,1,1680,1050
19,2,188,1779746210.3289,1,1680,1050
19,2,189,1779746210.34557,1,1680,1050
19,2,190,1779746210.36223,1,1680,1050
19,2,191,1779746210.3789,1,1680,1050
19,2,192,1779746210.39556,1,1680,1050
19,2,193,1779746210.41223,1,1680,1050
19,2,194,1779746210.4289,1,1680,1050
19,2,195,1779746210.44556,1,1680,1050
19,2,196,1779746210.46223,1,1680,1050
19,2,197,1779746210.47889,1,1680,1050
19,2,198,1779746210.49556,1,1680,1050
19,2,199,1779746210.51223,1,1680,1050
19,2,200,1779746210.52889,1,1680,1050
19,2,201,1779746210.54556,1,1680,1050
19,2,202,1779746210.56223,1,1680,1050
19,2,203,1779746210.57889,1,1680,1050
19,2,204,1779746210.59556,1,1680,1050
19,2,205,1779746210.61222,1,1680,1050
19,2,206,1779746210.62889,1,1680,1050
19,2,207,1779746210.64556,1,1680,1050
19,2,208,1779746210.66222,1,1680,1050
19,2,209,1779746210.67889,1,1680,1050
19,2,210,1779746210.69555,1,1680,1050
19,2,211,1779746210.71222,1,1680,1050
19,2,212,1779746210.72889,1,1680,1050
19,2,213,1779746210.74555,1,1680,1050
19,2,214,1779746210.76222,1,1680,1050
19,2,215,1779746210.77888,1,1680,1050
19,2,216,1779746210.79555,1,1680,1050
19,2,217,1779746210.81222,1,1680,1050
19,2,218,1779746210.82888,1,1680,1050
19,2,219,1779746210.84555,1,1680,1050
19,2,220,1779746210.86221,1,1680,1050
19,2,221,1779746210.87888,1,1680,1050
19,2,222,1779746210.89555,1,1680,1050
19,2,223,1779746210.91221,1,1680,1050
19,2,224,1779746210.92888,1,1680,1050
19,2,225,1779746210.94555,1,1680,1050
19,2,226,1779746210.96221,1,1680,1050
19,2,227,1779746210.97888,1,1680,1050
19,2,228,1779746210.99554,1,1680,1050
19,2,229,1779746211.01221,1,1680,1050
19,2,230,1779746211.02887,1,1680,1050
19,2,231,1779746211.04554,1,1680,1050
19,2,232,1779746211.06221,1,1680,1050
19,2,233,1779746211.07887,1,1680,1050
19,2,234,1779746211.09554,1,1680,1050
19,2,235,1779746211.11221,1,1680,1050
19,2,236,1779746211.12887,1,1680,1050
19,2,237,1779746211.14554,1,1680,1050
19,2,238,1779746211.1622,1,1680,1050
19,2,239,1779746211.17887,1,1680,1050
19,2,240,1779746211.19554,1,1680,1050
19,2,241,1779746211.2122,1,1680,1050
19,2,242,1779746211.22887,1,1680,1050
19,2,243,1779746211.24553,1,1680,1050
19,2,244,1779746211.2622,1,1680,1050
19,2,245,1779746211.27887,1,1680,1050
19,2,246,1779746211.29553,1,1680,1050
19,2,247,1779746211.3122,1,1680,1050
19,2,248,1779746211.32887,1,1680,1050
19,2,249,1779746211.34553,1,1680,1050
19,2,250,1779746211.3622,1,1680,1050
19,2,251,1779746211.37886,1,1680,1050
19,2,252,1779746211.39553,1,1680,1050
19,2,253,1779746211.4122,1,1680,1050
19,2,254,1779746211.42886,1,1680,1050
19,2,255,1779746211.44553,1,1680,1050
19,2,256,1779746211.46219,1,1680,1050
19,2,257,1779746211.47886,1,1680,1050
19,2,258,1779746211.49553,1,1680,1050
19,2,259,1779746211.51219,1,1680,1050
19,2,260,1779746211.52886,1,1680,1050
19,2,261,1779746211.54552,1,1680,1050
19,2,262,1779746211.56219,1,1680,1050
19,2,263,1779746211.57886,1,1680,1050
19,2,264,1779746211.59552,1,1680,1050
19,2,265,1779746211.61219,1,1680,1050
19,2,266,1779746211.62885,1,1680,1050
19,2,267,1779746211.64552,1,1680,1050
19,2,268,1779746211.66219,1,1680,1050
19,2,269,1779746211.67885,1,1680,1050
19,2,270,1779746211.69552,1,1680,1050
19,2,271,1779746211.71218,1,1680,1050
19,2,272,1779746211.72885,1,1680,1050
19,2,273,1779746211.74552,1,1680,1050
19,2,274,1779746211.76218,1,1680,1050
19,2,275,1779746211.77887,1,1680,1050
19,2,276,1779746211.79551,1,1680,1050
19,2,277,1779746211.81218,1,1680,1050
19,2,278,1779746211.82885,1,1680,1050
19,2,279,1779746211.84551,1,1680,1050
19,2,280,1779746211.86218,1,1680,1050
19,2,281,1779746211.87884,1,1680,1050
19,2,282,1779746211.89551,1,1680,1050
19,2,283,1779746211.91218,1,1680,1050
19,2,284,1779746211.92884,1,1680,1050
19,2,285,1779746211.94551,1,1680,1050
19,2,286,1779746211.96218,1,1680,1050
19,2,287,1779746211.97884,1,1680,1050
19,2,288,1779746211.99551,1,1680,1050
19,2,289,1779746212.01217,1,1680,1050
19,2,290,1779746212.02884,1,1680,1050
19,2,291,1779746212.04551,1,1680,1050
19,2,292,1779746212.06217,1,1680,1050
19,2,293,1779746212.07884,1,1680,1050
19,2,294,1779746212.0955,1,1680,1050
19,2,295,1779746212.11217,1,1680,1050
19,2,296,1779746212.12884,1,1680,1050
19,2,297,1779746212.1455,1,1680,1050
19,2,298,1779746212.16217,1,1680,1050
19,2,299,1779746212.17884,1,1680,1050
19,2,300,1779746212.1955,1,1680,1050
19,2,301,1779746212.21217,1,1680,1050
19,2,302,1779746212.22883,1,1680,1050
19,2,303,1779746212.2455,1,1680,1050
19,2,304,1779746212.26217,1,1680,1050
19,2,305,1779746212.27883,1,1680,1050
19,2,306,1779746212.2955,1,1680,1050
19,2,307,1779746212.31216,1,1680,1050
19,2,308,1779746212.32883,1,1680,1050
19,2,309,1779746212.34549,1,1680,1050
19,2,310,1779746212.36216,1,1680,1050
19,2,311,1779746212.37883,1,1680,1050
19,2,312,1779746212.39549,1,1680,1050
19,2,313,1779746212.41216,1,1680,1050
19,2,314,1779746212.42883,1,1680,1050
19,2,315,1779746212.44549,1,1680,1050
19,2,316,1779746212.46216,1,1680,1050
19,2,317,1779746212.47882,1,1680,1050
19,2,318,1779746212.49549,1,1680,1050
19,2,319,1779746212.51216,1,1680,1050
19,2,320,1779746212.52882,1,1680,1050
19,2,321,1779746212.54549,1,1680,1050
19,2,322,1779746212.56215,1,1680,1050
19,2,323,1779746212.57882,1,1680,1050
19,2,324,1779746212.59549,1,1680,1050
19,2,325,1779746212.61215,1,1680,1050
19,2,326,1779746212.62882,1,1680,1050
19,2,327,1779746212.64548,1,1680,1050
19,2,328,1779746212.66215,1,1680,1050
19,2,329,1779746212.67882,1,1680,1050
19,2,330,1779746212.69548,1,1680,1050
19,2,331,1779746212.71215,1,1680,1050
19,2,332,1779746212.72882,1,1680,1050
19,2,333,1779746212.74548,1,1680,1050
19,2,334,1779746212.76215,1,1680,1050
19,2,335,1779746212.77881,1,1680,1050
19,2,336,1779746212.79548,1,1680,1050
19,2,337,1779746212.81215,1,1680,1050
19,2,338,1779746212.82881,1,1680,1050
19,2,339,1779746212.84548,1,1680,1050
19,2,340,1779746212.86214,1,1680,1050
19,2,341,1779746212.87881,1,1680,1050
19,2,342,1779746212.89548,1,1680,1050
19,2,343,1779746212.91214,1,1680,1050
19,2,344,1779746212.92881,1,1680,1050
19,2,345,1779746212.94547,1,1680,1050
19,2,346,1779746212.96214,1,1680,1050
19,2,347,1779746212.97881,1,1680,1050
19,2,348,1779746212.99547,1,1680,1050
19,2,349,1779746213.01214,1,1680,1050
19,2,350,1779746213.0288,1,1680,1050
19,2,351,1779746213.04547,1,1680,1050
19,2,352,1779746213.06214,1,1680,1050
19,2,353,1779746213.0788,1,1680,1050
19,2,354,1779746213.09547,1,1680,1050
19,2,355,1779746213.11214,1,1680,1050
19,2,356,1779746213.1288,1,1680,1050
19,2,357,1779746213.14547,1,1680,1050
19,2,358,1779746213.16213,1,1680,1050
19,2,359,1779746213.1788,1,1680,1050
19,2,360,1779746213.19547,1,1680,1050
19,2,361,1779746213.21213,1,1680,1050
19,2,362,1779746213.2288,1,1680,1050
19,2,363,1779746213.24546,1,1680,1050
19,2,364,1779746213.26213,1,1680,1050
19,2,365,1779746213.2788,1,1680,1050
19,2,366,1779746213.29546,1,1680,1050
19,2,367,1779746213.31213,1,1680,1050
19,2,368,1779746213.32879,1,1680,1050
19,2,369,1779746213.34546,1,1680,1050
19,2,370,1779746213.36213,1,1680,1050
19,2,371,1779746213.37879,1,1680,1050
19,2,372,1779746213.39546,1,1680,1050
19,2,373,1779746213.41213,1,1680,1050
19,2,374,1779746213.42879,1,1680,1050
19,2,375,1779746213.44546,1,1680,1050
19,2,376,1779746213.46212,1,1680,1050
19,2,377,1779746213.47879,1,1680,1050
19,2,378,1779746213.49545,1,1680,1050
19,2,379,1779746213.51212,1,1680,1050
19,2,380,1779746213.52879,1,1680,1050
19,2,381,1779746213.54545,1,1680,1050
19,2,382,1779746213.56212,1,1680,1050
19,2,383,1779746213.57879,1,1680,1050
19,2,384,1779746213.59545,1,1680,1050
19,2,385,1779746213.61212,1,1680,1050
19,2,386,1779746213.62878,1,1680,1050
19,2,387,1779746213.64545,1,1680,1050
19,2,388,1779746213.66212,1,1680,1050
19,2,389,1779746213.67878,1,1680,1050
19,2,390,1779746213.69545,1,1680,1050
19,2,391,1779746213.71211,1,1680,1050
19,2,392,1779746213.72878,1,1680,1050
19,2,393,1779746213.74545,1,1680,1050
19,2,394,1779746213.76211,1,1680,1050
19,2,395,1779746213.77878,1,1680,1050
19,2,396,1779746213.79544,1,1680,1050
19,2,397,1779746213.81211,1,1680,1050
19,2,398,1779746213.82878,1,1680,1050
19,2,399,1779746213.84544,1,1680,1050
19,2,400,1779746213.86211,1,1680,1050
19,2,401,1779746213.87877,1,1680,1050
19,2,402,1779746213.89544,1,1680,1050
19,2,403,1779746213.91211,1,1680,1050
19,2,404,1779746213.92877,1,1680,1050
19,2,405,1779746213.94544,1,1680,1050
19,2,406,1779746213.96211,1,1680,1050
19,2,407,1779746213.97877,1,1680,1050
19,2,408,1779746213.99544,1,1680,1050
19,2,409,1779746214.0121,1,1680,1050
19,2,410,1779746214.02877,1,1680,1050
19,2,411,1779746214.04544,1,1680,1050
19,2,412,1779746214.0621,1,1680,1050
19,2,413,1779746214.07877,1,1680,1050
19,2,414,1779746214.09543,1,1680,1050
19,2,415,1779746214.1121,1,1680,1050
19,2,416,1779746214.12877,1,1680,1050
19,2,417,1779746214.14543,1,1680,1050
19,2,418,1779746214.1621,1,1680,1050
19,2,419,1779746214.17876,1,1680,1050
19,2,420,1779746214.19543,1,1680,1050
19,2,421,1779746214.2121,1,1680,1050
19,2,422,1779746214.22876,2,1680,1050
19,2,423,1779746214.24543,2,1680,1050
19,2,424,1779746214.26209,2,1680,1050
19,2,425,1779746214.27876,2,1680,1050
19,2,426,1779746214.29543,2,1680,1050
19,2,427,1779746214.31209,2,1680,1050
19,2,428,1779746214.32876,2,1680,1050
19,2,429,1779746214.34543,2,1680,1050
19,2,430,1779746214.36209,2,1680,1050
19,2,431,1779746214.37876,2,1680,1050
19,2,432,1779746214.39542,2,1680,1050
19,2,433,1779746214.41209,2,1680,1050
19,2,434,1779746214.42876,2,1680,1050
19,2,435,1779746214.44542,2,1680,1050
19,2,436,1779746214.46209,2,1680,1050
19,2,437,1779746214.47875,2,1680,1050
19,2,438,1779746214.49542,2,1680,1050
19,2,439,1779746214.51209,2,1680,1050
19,2,440,1779746214.52875,2,1680,1050
19,2,441,1779746214.54542,2,1680,1050
19,2,442,1779746214.56208,2,1680,1050
19,2,443,1779746214.57875,2,1680,1050
19,2,444,1779746214.59542,2,1680,1050
19,2,445,1779746214.61208,2,1680,1050
19,2,446,1779746214.62875,2,1680,1050
19,2,447,1779746214.64541,2,1680,1050
19,2,448,1779746214.66208,2,1680,1050
19,2,449,1779746214.67875,2,1680,1050
19,2,450,1779746214.69541,2,1680,1050
19,2,451,1779746214.71208,2,1680,1050
19,2,452,1779746214.72874,2,1680,1050
19,2,453,1779746214.74541,2,1680,1050
19,2,454,1779746214.76208,2,1680,1050
19,2,455,1779746214.77874,2,1680,1050
19,2,456,1779746214.79541,2,1680,1050
19,2,457,1779746214.81208,2,1680,1050
19,2,458,1779746214.82874,2,1680,1050
19,2,459,1779746214.84541,2,1680,1050
19,2,460,1779746214.86207,2,1680,1050
19,2,461,1779746214.87874,2,1680,1050
19,2,462,1779746214.89541,2,1680,1050
19,2,463,1779746214.91207,2,1680,1050
19,2,464,1779746214.92874,2,1680,1050
19,2,465,1779746214.94541,2,1680,1050
19,2,466,1779746214.96207,2,1680,1050
19,2,467,1779746214.97874,2,1680,1050
19,2,468,1779746214.9954,2,1680,1050
19,2,469,1779746215.01207,2,1680,1050
19,2,470,1779746215.02873,2,1680,1050
19,2,471,1779746215.0454,2,1680,1050
19,2,472,1779746215.06207,2,1680,1050
19,2,473,1779746215.07873,2,1680,1050
19,2,474,1779746215.0954,2,1680,1050
19,2,475,1779746215.11206,2,1680,1050
19,2,476,1779746215.12873,2,1680,1050
19,2,477,1779746215.1454,2,1680,1050
19,2,478,1779746215.16206,2,1680,1050
19,2,479,1779746215.17873,2,1680,1050
19,2,480,1779746215.19539,2,1680,1050
19,2,481,1779746215.21206,2,1680,1050
19,2,482,1779746215.22873,2,1680,1050
19,2,483,1779746215.24539,2,1680,1050
19,2,484,1779746215.26206,2,1680,1050
19,2,485,1779746215.27873,2,1680,1050
19,2,486,1779746215.29539,2,1680,1050
19,2,487,1779746215.31206,2,1680,1050
19,2,488,1779746215.32872,2,1680,1050
19,2,489,1779746215.34539,2,1680,1050
19,2,490,1779746215.36206,2,1680,1050
19,2,491,1779746215.37872,2,1680,1050
19,2,492,1779746215.39539,2,1680,1050
19,2,493,1779746215.41205,2,1680,1050
19,2,494,1779746215.42872,2,1680,1050
19,2,495,1779746215.44539,2,1680,1050
19,2,496,1779746215.46205,2,1680,1050
19,2,497,1779746215.47872,2,1680,1050
19,2,498,1779746215.49538,2,1680,1050
19,2,499,1779746215.51205,2,1680,1050
19,2,500,1779746215.52872,2,1680,1050
19,2,501,1779746215.54538,2,1680,1050
19,2,502,1779746215.56205,2,1680,1050
19,2,503,1779746215.57872,2,1680,1050
19,2,504,1779746215.59538,2,1680,1050
19,2,505,1779746215.61205,2,1680,1050
19,2,506,1779746215.62871,2,1680,1050
19,2,507,1779746215.64538,2,1680,1050
19,2,508,1779746215.66205,2,1680,1050
19,2,509,1779746215.67871,2,1680,1050
19,2,510,1779746215.69538,2,1680,1050
19,2,511,1779746215.71204,2,1680,1050
19,2,512,1779746215.72871,2,1680,1050
19,2,513,1779746215.74538,2,1680,1050
19,2,514,1779746215.76204,2,1680,1050
19,2,515,1779746215.77871,2,1680,1050
19,2,516,1779746215.79537,2,1680,1050
19,2,517,1779746215.81204,2,1680,1050
19,2,518,1779746215.82871,2,1680,1050
19,2,519,1779746215.84537,2,1680,1050
19,2,520,1779746215.86206,2,1680,1050
19,2,521,1779746215.8787,2,1680,1050
19,2,522,1779746215.89537,2,1680,1050
19,2,523,1779746215.91204,2,1680,1050
19,2,524,1779746215.9287,2,1680,1050
19,2,525,1779746215.94537,2,1680,1050
19,2,526,1779746215.96203,2,1680,1050
19,2,527,1779746215.9787,2,1680,1050
19,2,528,1779746215.99537,2,1680,1050
19,2,529,1779746216.01203,2,1680,1050
19,2,530,1779746216.0287,2,1680,1050
19,2,531,1779746216.04537,2,1680,1050
19,2,532,1779746216.06203,2,1680,1050
19,2,533,1779746216.0787,2,1680,1050
19,2,534,1779746216.09536,2,1680,1050
19,2,535,1779746216.11203,2,1680,1050
19,2,536,1779746216.1287,2,1680,1050
19,2,537,1779746216.14536,2,1680,1050
19,2,538,1779746216.16203,2,1680,1050
19,2,539,1779746216.17869,2,1680,1050
19,2,540,1779746216.19536,2,1680,1050
19,2,541,1779746216.21202,2,1680,1050
19,2,542,1779746216.22869,2,1680,1050
19,2,543,1779746216.24536,2,1680,1050
19,2,544,1779746216.26202,2,1680,1050
19,2,545,1779746216.27869,2,1680,1050
19,2,546,1779746216.29536,2,1680,1050
19,2,547,1779746216.31202,2,1680,1050
19,2,548,1779746216.32869,2,1680,1050
19,2,549,1779746216.34535,2,1680,1050
19,2,550,1779746216.36202,2,1680,1050
19,2,551,1779746216.37869,2,1680,1050
19,2,552,1779746216.39535,2,1680,1050
19,2,553,1779746216.41202,2,1680,1050
19,2,554,1779746216.42868,2,1680,1050
19,2,555,1779746216.44535,2,1680,1050
19,2,556,1779746216.46202,2,1680,1050
19,2,557,1779746216.47868,2,1680,1050
19,2,558,1779746216.49535,2,1680,1050
19,2,559,1779746216.51202,2,1680,1050
19,2,560,1779746216.52868,2,1680,1050
19,2,561,1779746216.54535,2,1680,1050
19,2,562,1779746216.56201,2,1680,1050
19,2,563,1779746216.57868,2,1680,1050
19,2,564,1779746216.59535,2,1680,1050
19,2,565,1779746216.61201,2,1680,1050
19,2,566,1779746216.62868,2,1680,1050
19,2,567,1779746216.64534,2,1680,1050
19,2,568,1779746216.66201,2,1680,1050
19,2,569,1779746216.67868,2,1680,1050
19,2,570,1779746216.69534,2,1680,1050
19,2,571,1779746216.71201,2,1680,1050
19,2,572,1779746216.72867,2,1680,1050
19,2,573,1779746216.74534,2,1680,1050
19,2,574,1779746216.76201,2,1680,1050
19,2,575,1779746216.77867,2,1680,1050
19,2,576,1779746216.79534,2,1680,1050
19,2,577,1779746216.812,2,1680,1050
19,2,578,1779746216.82867,2,1680,1050
19,2,579,1779746216.84534,2,1680,1050
19,2,580,1779746216.862,2,1680,1050
19,2,581,1779746216.87867,2,1680,1050
19,2,582,1779746216.89534,2,1680,1050
19,2,583,1779746216.912,2,1680,1050
19,2,584,1779746216.92867,2,1680,1050
19,2,585,1779746216.94533,2,1680,1050
19,2,586,1779746216.962,2,1680,1050
19,2,587,1779746216.97867,2,1680,1050
19,2,588,1779746216.99533,2,1680,1050
19,2,589,1779746217.012,2,1680,1050
19,2,590,1779746217.02866,2,1680,1050
19,2,591,1779746217.04533,2,1680,1050
19,2,592,1779746217.062,2,1680,1050
19,2,593,1779746217.07866,2,1680,1050
19,2,594,1779746217.09533,2,1680,1050
19,2,595,1779746217.11199,2,1680,1050
19,2,596,1779746217.12866,2,1680,1050
19,2,597,1779746217.14533,2,1680,1050
19,2,598,1779746217.16199,2,1680,1050
19,2,599,1779746217.17866,2,1680,1050
19,2,600,1779746217.19532,2,1680,1050
19,2,601,1779746217.21199,2,1680,1050
19,2,602,1779746217.22866,2,1680,1050
19,2,603,1779746217.24532,2,1680,1050
19,2,604,1779746217.26199,2,1680,1050
19,2,605,1779746217.27865,2,1680,1050
19,2,606,1779746217.29532,2,1680,1050
19,2,607,1779746217.31199,2,1680,1050
19,2,608,1779746217.32865,2,1680,1050
19,2,609,1779746217.34532,2,1680,1050
19,2,610,1779746217.36199,2,1680,1050
19,2,611,1779746217.37865,2,1680,1050
19,2,612,1779746217.39532,2,1680,1050
19,2,613,1779746217.41198,2,1680,1050
19,2,614,1779746217.42865,2,1680,1050
19,2,615,1779746217.44531,2,1680,1050
19,2,616,1779746217.46198,2,1680,1050
19,2,617,1779746217.47865,2,1680,1050
19,2,618,1779746217.49531,2,1680,1050
19,2,619,1779746217.51198,2,1680,1050
19,2,620,1779746217.52865,2,1680,1050
19,2,621,1779746217.54531,2,1680,1050
19,2,622,1779746217.56198,2,1680,1050
19,2,623,1779746217.57864,2,1680,1050
19,2,624,1779746217.59531,2,1680,1050
19,2,625,1779746217.61198,2,1680,1050
19,2,626,1779746217.62864,2,1680,1050
19,2,627,1779746217.64531,2,1680,1050
19,2,628,1779746217.66197,2,1680,1050
19,2,629,1779746217.67864,2,1680,1050
19,2,630,1779746217.69531,2,1680,1050
19,2,631,1779746217.71197,2,1680,1050
19,2,632,1779746217.72864,2,1680,1050
19,2,633,1779746217.7453,2,1680,1050
19,2,634,1779746217.76197,2,1680,1050
19,2,635,1779746217.77864,2,1680,1050
19,2,636,1779746217.7953,2,1680,1050
19,2,637,1779746217.81197,2,1680,1050
19,2,638,1779746217.82863,2,1680,1050
19,2,639,1779746217.8453,2,1680,1050
19,2,640,1779746217.86197,2,1680,1050
19,2,641,1779746217.87863,2,1680,1050
19,2,642,1779746217.8953,2,1680,1050
19,2,643,1779746217.91196,2,1680,1050
19,2,644,1779746217.92863,2,1680,1050
19,2,645,1779746217.9453,2,1680,1050
19,2,646,1779746217.96196,2,1680,1050
19,2,647,1779746217.97863,2,1680,1050
19,2,648,1779746217.9953,2,1680,1050
19,2,649,1779746218.01196,2,1680,1050
19,2,650,1779746218.02863,2,1680,1050
19,2,651,1779746218.04529,2,1680,1050
19,2,652,1779746218.06196,2,1680,1050
19,2,653,1779746218.07863,2,1680,1050
19,2,654,1779746218.09529,2,1680,1050
19,2,655,1779746218.11196,2,1680,1050
19,2,656,1779746218.12862,2,1680,1050
19,2,657,1779746218.14529,2,1680,1050
19,2,658,1779746218.16196,2,1680,1050
19,2,659,1779746218.19529,2,1680,1050
19,2,660,1779746218.21196,2,1680,1050
19,2,661,1779746218.22862,2,1680,1050
19,2,662,1779746218.24529,1,1680,1050
19,2,663,1779746218.26195,1,1680,1050
19,2,664,1779746218.27862,1,1680,1050
19,2,665,1779746218.29529,1,1680,1050
19,2,666,1779746218.31195,1,1680,1050
19,2,667,1779746218.32862,1,1680,1050
19,2,668,1779746218.34528,1,1680,1050
19,2,669,1779746218.36195,1,1680,1050
19,2,670,1779746218.37862,1,1680,1050
19,2,671,1779746218.39528,1,1680,1050
19,2,672,1779746218.41195,1,1680,1050
19,2,673,1779746218.42861,1,1680,1050
19,2,674,1779746218.44528,1,1680,1050
19,2,675,1779746218.46195,1,1680,1050
19,2,676,1779746218.47861,1,1680,1050
19,2,677,1779746218.49528,1,1680,1050
19,2,678,1779746218.51194,1,1680,1050
19,2,679,1779746218.52861,1,1680,1050
19,2,680,1779746218.54528,1,1680,1050
19,2,681,1779746218.56194,1,1680,1050
19,2,682,1779746218.57861,1,1680,1050
19,2,683,1779746218.59528,1,1680,1050
19,2,684,1779746218.61194,1,1680,1050
19,2,685,1779746218.62861,1,1680,1050
19,2,686,1779746218.64527,1,1680,1050
19,2,687,1779746218.66194,1,1680,1050
19,2,688,1779746218.67861,1,1680,1050
19,2,689,1779746218.69527,1,1680,1050
19,2,690,1779746218.71194,1,1680,1050
19,2,691,1779746218.7286,1,1680,1050
19,2,692,1779746218.74527,1,1680,1050
19,2,693,1779746218.76194,1,1680,1050
19,2,694,1779746218.7786,1,1680,1050
19,2,695,1779746218.79527,1,1680,1050
19,2,696,1779746218.81193,1,1680,1050
19,2,697,1779746218.8286,1,1680,1050
19,2,698,1779746218.84527,1,1680,1050
19,2,699,1779746218.86193,1,1680,1050
19,2,700,1779746218.8786,1,1680,1050
19,2,701,1779746218.89526,1,1680,1050
19,2,702,1779746218.91193,1,1680,1050
19,2,703,1779746218.9286,1,1680,1050
19,2,704,1779746218.94526,1,1680,1050
19,2,705,1779746218.96193,1,1680,1050
19,2,706,1779746218.9786,1,1680,1050
19,2,707,1779746218.99526,1,1680,1050
19,2,708,1779746219.01193,1,1680,1050
19,2,709,1779746219.02859,1,1680,1050
19,2,710,1779746219.04526,1,1680,1050
19,2,711,1779746219.06193,1,1680,1050
19,2,712,1779746219.07859,1,1680,1050
19,2,713,1779746219.09526,1,1680,1050
19,2,714,1779746219.11192,1,1680,1050
19,2,715,1779746219.12859,1,1680,1050
19,2,716,1779746219.14526,1,1680,1050
19,2,717,1779746219.16192,1,1680,1050
19,2,718,1779746219.17859,1,1680,1050
19,2,719,1779746219.19525,1,1680,1050
19,2,720,1779746219.21192,1,1680,1050
19,2,721,1779746219.22859,1,1680,1050
19,2,722,1779746219.24525,1,1680,1050
19,2,723,1779746219.26192,1,1680,1050
19,2,724,1779746219.27858,1,1680,1050
19,2,725,1779746219.29525,1,1680,1050
19,2,726,1779746219.31192,1,1680,1050
19,2,727,1779746219.32858,1,1680,1050
19,2,728,1779746219.34525,1,1680,1050
19,2,729,1779746219.36191,1,1680,1050
19,2,730,1779746219.37858,1,1680,1050
19,2,731,1779746219.39525,1,1680,1050
19,2,732,1779746219.41191,1,1680,1050
19,2,733,1779746219.42858,1,1680,1050
19,2,734,1779746219.44525,1,1680,1050
19,2,735,1779746219.46191,1,1680,1050
19,2,736,1779746219.47858,1,1680,1050
19,2,737,1779746219.49524,1,1680,1050
19,2,738,1779746219.51191,1,1680,1050
19,2,739,1779746219.52857,1,1680,1050
19,2,740,1779746219.54524,1,1680,1050
19,2,741,1779746219.56191,1,1680,1050
19,2,742,1779746219.57857,1,1680,1050
19,2,743,1779746219.59524,1,1680,1050
19,2,744,1779746219.61191,1,1680,1050
19,2,745,1779746219.62857,1,1680,1050
19,2,746,1779746219.64524,1,1680,1050
19,2,747,1779746219.6619,1,1680,1050
19,2,748,1779746219.67857,1,1680,1050
19,2,749,1779746219.69524,1,1680,1050
19,2,750,1779746219.7119,1,1680,1050
19,2,751,1779746219.72857,1,1680,1050
19,2,752,1779746219.74523,1,1680,1050
19,2,753,1779746219.7619,1,1680,1050
19,2,754,1779746219.77857,1,1680,1050
19,2,755,1779746219.79523,1,1680,1050
19,2,756,1779746219.8119,1,1680,1050
19,2,757,1779746219.82856,1,1680,1050
19,2,758,1779746219.84523,1,1680,1050
19,2,759,1779746219.8619,1,1680,1050
19,2,760,1779746219.87856,1,1680,1050
19,2,761,1779746219.89523,1,1680,1050
19,2,762,1779746219.9119,1,1680,1050
19,2,763,1779746219.92856,1,1680,1050
19,2,764,1779746219.94523,1,1680,1050
19,2,765,1779746219.96189,1,1680,1050
19,2,766,1779746219.97856,1,1680,1050
19,2,767,1779746219.99522,1,1680,1050
19,2,768,1779746220.01189,1,1680,1050
19,2,769,1779746220.02856,1,1680,1050
19,2,770,1779746220.04522,1,1680,1050
19,2,771,1779746220.06189,1,1680,1050
19,2,772,1779746220.07856,1,1680,1050
19,2,773,1779746220.09522,1,1680,1050
19,2,774,1779746220.11189,1,1680,1050
19,2,775,1779746220.12855,1,1680,1050
19,2,776,1779746220.14522,1,1680,1050
19,2,777,1779746220.16189,1,1680,1050
19,2,778,1779746220.17855,1,1680,1050
19,2,779,1779746220.19522,1,1680,1050
19,2,780,1779746220.21188,1,1680,1050
19,2,781,1779746220.22855,1,1680,1050
19,2,782,1779746220.24522,1,1680,1050
19,2,783,1779746220.26188,1,1680,1050
19,2,784,1779746220.27855,1,1680,1050
19,2,785,1779746220.29521,1,1680,1050
19,2,786,1779746220.31188,1,1680,1050
19,2,787,1779746220.32855,1,1680,1050
19,2,788,1779746220.34521,1,1680,1050
19,2,789,1779746220.36188,1,1680,1050
19,2,790,1779746220.37855,1,1680,1050
19,2,791,1779746220.39521,1,1680,1050
19,2,792,1779746220.41188,1,1680,1050
19,2,793,1779746220.42854,1,1680,1050
19,2,794,1779746220.44521,1,1680,1050
19,2,795,1779746220.46188,1,1680,1050
19,2,796,1779746220.47854,1,1680,1050
19,2,797,1779746220.49521,1,1680,1050
19,2,798,1779746220.51187,1,1680,1050
19,2,799,1779746220.52854,1,1680,1050
19,2,800,1779746220.54521,1,1680,1050
19,2,801,1779746220.56187,1,1680,1050
19,2,802,1779746220.57854,1,1680,1050
19,2,803,1779746220.5952,1,1680,1050
19,2,804,1779746220.61187,1,1680,1050
19,2,805,1779746220.62854,1,1680,1050
19,2,806,1779746220.6452,1,1680,1050
19,2,807,1779746220.66187,1,1680,1050
19,2,808,1779746220.67853,1,1680,1050
19,2,809,1779746220.6952,1,1680,1050
19,2,810,1779746220.71187,1,1680,1050
19,2,811,1779746220.72853,1,1680,1050
19,2,812,1779746220.7452,1,1680,1050
19,2,813,1779746220.76187,1,1680,1050
19,2,814,1779746220.77853,1,1680,1050
19,2,815,1779746220.7952,1,1680,1050
19,2,816,1779746220.81186,1,1680,1050
19,2,817,1779746220.82853,1,1680,1050
19,2,818,1779746220.8452,1,1680,1050
19,2,819,1779746220.86186,1,1680,1050
19,2,820,1779746220.87853,1,1680,1050
19,2,821,1779746220.89519,1,1680,1050
19,2,822,1779746220.91186,1,1680,1050
19,2,823,1779746220.92853,1,1680,1050
19,2,824,1779746220.94519,1,1680,1050
19,2,825,1779746220.96186,1,1680,1050
19,2,826,1779746220.97852,1,1680,1050
19,2,827,1779746220.99519,1,1680,1050
19,2,828,1779746221.01186,1,1680,1050
19,2,829,1779746221.02852,1,1680,1050
19,2,830,1779746221.04519,1,1680,1050
19,2,831,1779746221.06185,1,1680,1050
19,2,832,1779746221.07852,1,1680,1050
19,2,833,1779746221.09519,1,1680,1050
19,2,834,1779746221.11185,1,1680,1050
19,2,835,1779746221.12852,1,1680,1050
19,2,836,1779746221.14518,1,1680,1050
19,2,837,1779746221.16185,1,1680,1050
19,2,838,1779746221.17852,1,1680,1050
19,2,839,1779746221.19518,1,1680,1050
19,2,840,1779746221.21185,1,1680,1050
19,2,841,1779746221.22852,1,1680,1050
19,2,842,1779746221.24518,1,1680,1050
19,2,843,1779746221.26185,1,1680,1050
19,2,844,1779746221.27851,1,1680,1050
19,2,845,1779746221.29518,1,1680,1050
19,2,846,1779746221.31185,1,1680,1050
19,2,847,1779746221.32851,1,1680,1050
19,2,848,1779746221.34518,1,1680,1050
19,2,849,1779746221.36184,1,1680,1050
19,2,850,1779746221.37851,1,1680,1050
19,2,851,1779746221.39518,1,1680,1050
19,2,852,1779746221.41184,1,1680,1050
19,2,853,1779746221.42851,1,1680,1050
19,2,854,1779746221.44517,1,1680,1050
19,2,855,1779746221.46184,1,1680,1050
19,2,856,1779746221.47851,1,1680,1050
19,2,857,1779746221.49517,1,1680,1050
19,2,858,1779746221.51184,1,1680,1050
19,2,859,1779746221.5285,1,1680,1050
19,2,860,1779746221.54517,1,1680,1050
19,2,861,1779746221.56184,1,1680,1050
19,2,862,1779746221.5785,1,1680,1050
19,2,863,1779746221.59517,1,1680,1050
19,2,864,1779746221.61184,1,1680,1050
19,2,865,1779746221.6285,1,1680,1050
19,2,866,1779746221.64517,1,1680,1050
19,2,867,1779746221.66183,1,1680,1050
19,2,868,1779746221.6785,1,1680,1050
19,2,869,1779746221.69517,1,1680,1050
19,2,870,1779746221.71183,1,1680,1050
19,2,871,1779746221.7285,1,1680,1050
19,2,872,1779746221.74516,1,1680,1050
19,2,873,1779746221.76183,1,1680,1050
19,2,874,1779746221.7785,1,1680,1050
19,2,875,1779746221.79516,1,1680,1050
19,2,876,1779746221.81183,1,1680,1050
19,2,877,1779746221.82849,1,1680,1050
19,2,878,1779746221.84516,1,1680,1050
19,2,879,1779746221.86183,1,1680,1050
19,2,880,1779746221.87849,1,1680,1050
19,2,881,1779746221.89516,1,1680,1050
19,2,882,1779746221.91182,1,1680,1050
19,2,883,1779746221.92849,1,1680,1050
19,2,884,1779746221.94516,1,1680,1050
19,2,885,1779746221.96182,1,1680,1050
19,2,886,1779746221.97849,1,1680,1050
19,2,887,1779746221.99516,1,1680,1050
19,2,888,1779746222.01182,1,1680,1050
19,2,889,1779746222.02849,1,1680,1050
19,2,890,1779746222.04515,1,1680,1050
19,2,891,1779746222.06182,1,1680,1050
19,2,892,1779746222.07848,1,1680,1050
19,2,893,1779746222.09515,1,1680,1050
19,2,894,1779746222.11182,1,1680,1050
19,2,895,1779746222.12848,1,1680,1050
19,2,896,1779746222.14515,1,1680,1050
19,2,897,1779746222.16182,1,1680,1050
19,2,898,1779746222.17848,1,1680,1050
19,2,899,1779746222.19515,1,1680,1050
19,2,900,1779746222.21181,1,1680,1050
19,2,901,1779746222.22848,1,1680,1050
19,2,902,1779746222.24515,2,1680,1050
19,2,903,1779746222.26181,2,1680,1050
19,2,904,1779746222.27848,2,1680,1050
19,2,905,1779746222.29514,2,1680,1050
19,2,906,1779746222.31181,2,1680,1050
19,2,907,1779746222.32848,2,1680,1050
19,2,908,1779746222.34514,2,1680,1050
19,2,909,1779746222.36181,2,1680,1050
19,2,910,1779746222.37847,2,1680,1050
19,2,911,1779746222.39514,2,1680,1050
19,2,912,1779746222.41181,2,1680,1050
19,2,913,1779746222.42847,2,1680,1050
19,2,914,1779746222.44514,2,1680,1050
19,2,915,1779746222.46181,2,1680,1050
19,2,916,1779746222.47847,2,1680,1050
19,2,917,1779746222.49514,2,1680,1050
19,2,918,1779746222.5118,2,1680,1050
19,2,919,1779746222.52847,2,1680,1050
19,2,920,1779746222.54514,2,1680,1050
19,2,921,1779746222.5618,2,1680,1050
19,2,922,1779746222.57847,2,1680,1050
19,2,923,1779746222.59513,2,1680,1050
19,2,924,1779746222.6118,2,1680,1050
19,2,925,1779746222.62847,2,1680,1050
19,2,926,1779746222.64513,2,1680,1050
19,2,927,1779746222.6618,2,1680,1050
19,2,928,1779746222.67846,2,1680,1050
19,2,929,1779746222.69513,2,1680,1050
19,2,930,1779746222.7118,2,1680,1050
19,2,931,1779746222.72846,2,1680,1050
19,2,932,1779746222.74513,2,1680,1050
19,2,933,1779746222.76179,2,1680,1050
19,2,934,1779746222.77846,2,1680,1050
19,2,935,1779746222.79513,2,1680,1050
19,2,936,1779746222.81179,2,1680,1050
19,2,937,1779746222.82846,2,1680,1050
19,2,938,1779746222.84513,2,1680,1050
19,2,939,1779746222.86179,2,1680,1050
19,2,940,1779746222.87846,2,1680,1050
19,2,941,1779746222.89512,2,1680,1050
19,2,942,1779746222.91179,2,1680,1050
19,2,943,1779746222.92846,2,1680,1050
19,2,944,1779746222.94512,2,1680,1050
19,2,945,1779746222.96179,2,1680,1050
19,2,946,1779746222.97845,2,1680,1050
19,2,947,1779746222.99512,2,1680,1050
19,2,948,1779746223.01179,2,1680,1050
19,2,949,1779746223.02845,2,1680,1050
19,2,950,1779746223.04512,2,1680,1050
19,2,951,1779746223.06178,2,1680,1050
19,2,952,1779746223.07845,2,1680,1050
19,2,953,1779746223.09512,2,1680,1050
19,2,954,1779746223.11178,2,1680,1050
19,2,955,1779746223.12845,2,1680,1050
19,2,956,1779746223.14511,2,1680,1050
19,2,957,1779746223.16178,2,1680,1050
19,2,958,1779746223.17845,2,1680,1050
19,2,959,1779746223.19511,2,1680,1050
19,2,960,1779746223.21178,2,1680,1050
19,2,961,1779746223.22844,2,1680,1050
19,2,962,1779746223.24511,2,1680,1050
19,2,963,1779746223.26178,2,1680,1050
19,2,964,1779746223.27844,2,1680,1050
19,2,965,1779746223.29511,2,1680,1050
19,2,966,1779746223.31178,2,1680,1050
19,2,967,1779746223.32844,2,1680,1050
19,2,968,1779746223.34511,2,1680,1050
19,2,969,1779746223.36177,2,1680,1050
19,2,970,1779746223.37844,2,1680,1050
19,2,971,1779746223.39511,2,1680,1050
19,2,972,1779746223.41177,2,1680,1050
19,2,973,1779746223.42844,2,1680,1050
19,2,974,1779746223.4451,2,1680,1050
19,2,975,1779746223.46177,2,1680,1050
19,2,976,1779746223.47844,2,1680,1050
19,2,977,1779746223.4951,2,1680,1050
19,2,978,1779746223.51177,2,1680,1050
19,2,979,1779746223.52843,2,1680,1050
19,2,980,1779746223.5451,2,1680,1050
19,2,981,1779746223.56177,2,1680,1050
19,2,982,1779746223.57843,2,1680,1050
19,2,983,1779746223.5951,2,1680,1050
19,2,984,1779746223.61176,2,1680,1050
19,2,985,1779746223.62843,2,1680,1050
19,2,986,1779746223.6451,2,1680,1050
19,2,987,1779746223.66176,2,1680,1050
19,2,988,1779746223.67843,2,1680,1050
19,2,989,1779746223.69509,2,1680,1050
19,2,990,1779746223.71176,2,1680,1050
19,2,991,1779746223.72843,2,1680,1050
19,2,992,1779746223.74509,2,1680,1050
19,2,993,1779746223.76176,2,1680,1050
19,2,994,1779746223.77842,2,1680,1050
19,2,995,1779746223.79509,2,1680,1050
19,2,996,1779746223.81176,2,1680,1050
19,2,997,1779746223.82842,2,1680,1050
19,2,998,1779746223.84509,2,1680,1050
19,2,999,1779746223.86176,2,1680,1050
19,2,1000,1779746223.87842,2,1680,1050
19,2,1001,1779746223.89509,2,1680,1050
19,2,1002,1779746223.91175,2,1680,1050
19,2,1003,1779746223.92842,2,1680,1050
19,2,1004,1779746223.94509,2,1680,1050
19,2,1005,1779746223.96175,2,1680,1050
19,2,1006,1779746223.97842,2,1680,1050
19,2,1007,1779746223.99508,2,1680,1050
19,2,1008,1779746224.01175,2,1680,1050
19,2,1009,1779746224.02842,2,1680,1050
19,2,1010,1779746224.04508,2,1680,1050
19,2,1011,1779746224.06175,2,1680,1050
19,2,1012,1779746224.07841,2,1680,1050
19,2,1013,1779746224.09508,2,1680,1050
19,2,1014,1779746224.11175,2,1680,1050
19,2,1015,1779746224.12841,2,1680,1050
19,2,1016,1779746224.14508,2,1680,1050
19,2,1017,1779746224.16174,2,1680,1050
19,2,1018,1779746224.17841,2,1680,1050
19,2,1019,1779746224.19508,2,1680,1050
19,2,1020,1779746224.21174,2,1680,1050
19,2,1021,1779746224.22841,2,1680,1050
19,2,1022,1779746224.24507,2,1680,1050
19,2,1023,1779746224.26174,2,1680,1050
19,2,1024,1779746224.27841,2,1680,1050
19,2,1025,1779746224.29507,2,1680,1050
19,2,1026,1779746224.31174,2,1680,1050
19,2,1027,1779746224.32841,2,1680,1050
19,2,1028,1779746224.34507,2,1680,1050
19,2,1029,1779746224.36174,2,1680,1050
19,2,1030,1779746224.3784,2,1680,1050
19,2,1031,1779746224.39507,2,1680,1050
19,2,1032,1779746224.41174,2,1680,1050
19,2,1033,1779746224.4284,2,1680,1050
19,2,1034,1779746224.44507,2,1680,1050
19,2,1035,1779746224.46173,2,1680,1050
19,2,1036,1779746224.4784,2,1680,1050
19,2,1037,1779746224.49507,2,1680,1050
19,2,1038,1779746224.51173,2,1680,1050
19,2,1039,1779746224.5284,2,1680,1050
19,2,1040,1779746224.54507,2,1680,1050
19,2,1041,1779746224.56173,2,1680,1050
19,2,1042,1779746224.5784,2,1680,1050
19,2,1043,1779746224.59506,2,1680,1050
19,2,1044,1779746224.61173,2,1680,1050
19,2,1045,1779746224.6284,2,1680,1050
19,2,1046,1779746224.64506,2,1680,1050
19,2,1047,1779746224.66173,2,1680,1050
19,2,1048,1779746224.67839,2,1680,1050
19,2,1049,1779746224.69506,2,1680,1050
19,2,1050,1779746224.71173,2,1680,1050
19,2,1051,1779746224.72839,2,1680,1050
19,2,1052,1779746224.74506,2,1680,1050
19,2,1053,1779746224.76172,2,1680,1050
19,2,1054,1779746224.77839,2,1680,1050
19,2,1055,1779746224.79506,2,1680,1050
19,2,1056,1779746224.81172,2,1680,1050
19,2,1057,1779746224.82839,2,1680,1050
19,2,1058,1779746224.84505,2,1680,1050
19,2,1059,1779746224.86172,2,1680,1050
19,2,1060,1779746224.87839,2,1680,1050
19,2,1061,1779746224.89505,2,1680,1050
19,2,1062,1779746224.91172,2,1680,1050
19,2,1063,1779746224.92838,2,1680,1050
19,2,1064,1779746224.94505,2,1680,1050
19,2,1065,1779746224.96172,2,1680,1050
19,2,1066,1779746224.97838,2,1680,1050
19,2,1067,1779746224.99505,2,1680,1050
19,2,1068,1779746225.01172,2,1680,1050
19,2,1069,1779746225.02838,2,1680,1050
19,2,1070,1779746225.04505,2,1680,1050
19,2,1071,1779746225.06171,2,1680,1050
19,2,1072,1779746225.07838,2,1680,1050
19,2,1073,1779746225.09505,2,1680,1050
19,2,1074,1779746225.11171,2,1680,1050
19,2,1075,1779746225.12838,2,1680,1050
19,2,1076,1779746225.14504,2,1680,1050
19,2,1077,1779746225.16171,2,1680,1050
19,2,1078,1779746225.17838,2,1680,1050
19,2,1079,1779746225.19504,2,1680,1050
19,2,1080,1779746225.21171,2,1680,1050
19,2,1081,1779746225.22837,2,1680,1050
19,2,1082,1779746225.24504,2,1680,1050
19,2,1083,1779746225.26171,2,1680,1050
19,2,1084,1779746225.27837,2,1680,1050
19,2,1085,1779746225.29504,2,1680,1050
19,2,1086,1779746225.3117,2,1680,1050
19,2,1087,1779746225.32837,2,1680,1050
19,2,1088,1779746225.34504,2,1680,1050
19,2,1089,1779746225.3617,2,1680,1050
19,2,1090,1779746225.37837,2,1680,1050
19,2,1091,1779746225.39504,2,1680,1050
19,2,1092,1779746225.4117,2,1680,1050
19,2,1093,1779746225.42837,2,1680,1050
19,2,1094,1779746225.44503,2,1680,1050
19,2,1095,1779746225.4617,2,1680,1050
19,2,1096,1779746225.47837,2,1680,1050
19,2,1097,1779746225.49503,2,1680,1050
19,2,1098,1779746225.5117,2,1680,1050
19,2,1099,1779746225.52836,2,1680,1050
19,2,1100,1779746225.54503,2,1680,1050
19,2,1101,1779746225.5617,2,1680,1050
19,2,1102,1779746225.57836,2,1680,1050
19,2,1103,1779746225.59503,2,1680,1050
19,2,1104,1779746225.61169,2,1680,1050
19,2,1105,1779746225.62836,2,1680,1050
19,2,1106,1779746225.64503,2,1680,1050
19,2,1107,1779746225.66169,2,1680,1050
19,2,1108,1779746225.67836,2,1680,1050
19,2,1109,1779746225.69502,2,1680,1050
19,2,1110,1779746225.71169,2,1680,1050
19,2,1111,1779746225.72836,2,1680,1050
19,2,1112,1779746225.74502,2,1680,1050
19,2,1113,1779746225.76169,2,1680,1050
19,2,1114,1779746225.77835,2,1680,1050
19,2,1115,1779746225.79502,2,1680,1050
19,2,1116,1779746225.81169,2,1680,1050
19,2,1117,1779746225.82835,2,1680,1050
19,2,1118,1779746225.84502,2,1680,1050
19,2,1119,1779746225.86168,2,1680,1050
19,2,1120,1779746225.87835,2,1680,1050
19,2,1121,1779746225.89502,2,1680,1050
19,2,1122,1779746225.91168,2,1680,1050
19,2,1123,1779746225.92835,2,1680,1050
19,2,1124,1779746225.94502,2,1680,1050
19,2,1125,1779746225.96168,2,1680,1050
19,2,1126,1779746225.97835,2,1680,1050
19,2,1127,1779746225.99501,2,1680,1050
19,2,1128,1779746226.01168,2,1680,1050
19,2,1129,1779746226.02835,2,1680,1050
19,2,1130,1779746226.04501,2,1680,1050
19,2,1131,1779746226.06168,2,1680,1050
19,2,1132,1779746226.07834,2,1680,1050
19,2,1133,1779746226.09501,2,1680,1050
19,2,1134,1779746226.11168,2,1680,1050
19,2,1135,1779746226.12834,2,1680,1050
19,2,1136,1779746226.14501,2,1680,1050
19,2,1137,1779746226.16167,2,1680,1050
19,2,1138,1779746226.17834,2,1680,1050
19,2,1139,1779746226.19501,2,1680,1050
19,2,1140,1779746226.21167,2,1680,1050
19,2,1141,1779746226.22834,2,1680,1050
19,2,1142,1779746226.24501,2,1680,1050
19,2,1143,1779746226.26167,2,1680,1050
19,2,1144,1779746226.27834,2,1680,1050
19,2,1145,1779746226.295,2,1680,1050
19,2,1146,1779746226.31167,2,1680,1050
19,2,1147,1779746226.32834,2,1680,1050
19,2,1148,1779746226.345,2,1680,1050
19,2,1149,1779746226.36167,2,1680,1050
19,2,1150,1779746226.37833,2,1680,1050
19,2,1151,1779746226.41167,2,1680,1050
19,2,1152,1779746226.42833,2,1680,1050
19,2,1153,1779746226.445,2,1680,1050
19,2,1154,1779746226.46166,2,1680,1050
19,2,1155,1779746226.47833,2,1680,1050
19,2,1156,1779746226.49502,2,1680,1050
19,2,1157,1779746226.51166,2,1680,1050
19,2,1158,1779746226.52833,2,1680,1050
19,2,1159,1779746226.54499,2,1680,1050
19,2,1160,1779746226.56166,2,1680,1050
19,2,1161,1779746226.57833,2,1680,1050
19,2,1162,1779746226.59499,2,1680,1050
19,2,1163,1779746226.61166,2,1680,1050
19,2,1164,1779746226.62832,2,1680,1050
19,2,1165,1779746226.64499,2,1680,1050
19,2,1166,1779746226.66166,2,1680,1050
19,2,1167,1779746226.67832,2,1680,1050
19,2,1168,1779746226.69499,2,1680,1050
19,2,1169,1779746226.71166,2,1680,1050
19,2,1170,1779746226.72832,2,1680,1050
19,2,1171,1779746226.74499,2,1680,1050
19,2,1172,1779746226.76165,2,1680,1050
19,2,1173,1779746226.77832,2,1680,1050
19,2,1174,1779746226.79499,2,1680,1050
19,2,1175,1779746226.81165,2,1680,1050
19,2,1176,1779746226.82832,2,1680,1050
19,2,1177,1779746226.84498,2,1680,1050
19,2,1178,1779746226.86165,2,1680,1050
19,2,1179,1779746226.87832,2,1680,1050
19,2,1180,1779746226.89498,2,1680,1050
19,2,1181,1779746226.91165,2,1680,1050
19,2,1182,1779746226.92831,2,1680,1050
19,2,1183,1779746226.945,2,1680,1050
19,2,1184,1779746226.96165,2,1680,1050
19,2,1185,1779746226.97831,2,1680,1050
19,2,1186,1779746226.99498,2,1680,1050
19,2,1187,1779746227.01164,2,1680,1050
19,2,1188,1779746227.02831,2,1680,1050
19,2,1189,1779746227.04498,2,1680,1050
19,2,1190,1779746227.06164,2,1680,1050
19,2,1191,1779746227.07831,2,1680,1050
19,2,1192,1779746227.09497,2,1680,1050
19,2,1193,1779746227.11164,2,1680,1050
19,2,1194,1779746227.12831,2,1680,1050
19,2,1195,1779746227.14497,2,1680,1050
19,2,1196,1779746227.16164,2,1680,1050
19,2,1197,1779746227.1783,2,1680,1050
19,2,1198,1779746227.19497,2,1680,1050
19,2,1199,1779746227.21164,2,1680,1050
19,2,1200,1779746227.2283,2,1680,1050
19,2,1201,1779746227.24497,2,1680,1050
19,2,1202,1779746227.26164,2,1680,1050
19,2,1203,1779746227.2783,2,1680,1050
19,2,1204,1779746227.29497,2,1680,1050
19,2,1205,1779746227.31163,2,1680,1050
19,2,1206,1779746227.3283,2,1680,1050
19,2,1207,1779746227.34497,2,1680,1050
19,2,1208,1779746227.36163,2,1680,1050
19,2,1209,1779746227.3783,2,1680,1050
19,2,1210,1779746227.39496,2,1680,1050
19,2,1211,1779746227.41163,2,1680,1050
19,2,1212,1779746227.4283,2,1680,1050
19,2,1213,1779746227.44496,2,1680,1050
19,2,1214,1779746227.46163,2,1680,1050
19,2,1215,1779746227.4783,2,1680,1050
19,2,1216,1779746227.49496,2,1680,1050
19,2,1217,1779746227.51163,2,1680,1050
19,2,1218,1779746227.52829,2,1680,1050
19,2,1219,1779746227.54496,2,1680,1050
19,2,1220,1779746227.56163,2,1680,1050
19,2,1221,1779746227.57829,2,1680,1050
19,2,1222,1779746227.59496,2,1680,1050
19,2,1223,1779746227.61162,2,1680,1050
19,2,1224,1779746227.62829,2,1680,1050
19,2,1225,1779746227.64496,2,1680,1050
19,2,1226,1779746227.66162,2,1680,1050
19,2,1227,1779746227.67829,2,1680,1050
19,2,1228,1779746227.69495,2,1680,1050
19,2,1229,1779746227.71162,2,1680,1050
19,2,1230,1779746227.72829,2,1680,1050
19,2,1231,1779746227.74495,2,1680,1050
19,2,1232,1779746227.76162,2,1680,1050
19,2,1233,1779746227.77828,2,1680,1050
19,2,1234,1779746227.79495,2,1680,1050
19,2,1235,1779746227.81162,2,1680,1050
19,2,1236,1779746227.82828,2,1680,1050
19,2,1237,1779746227.84495,2,1680,1050
19,2,1238,1779746227.86161,2,1680,1050
19,2,1239,1779746227.87828,2,1680,1050
19,2,1240,1779746227.89495,2,1680,1050
19,2,1241,1779746227.91161,2,1680,1050
19,2,1242,1779746227.92828,2,1680,1050
19,2,1243,1779746227.94495,2,1680,1050
19,2,1244,1779746227.96161,2,1680,1050
19,2,1245,1779746227.97828,2,1680,1050
19,2,1246,1779746227.99494,2,1680,1050
19,2,1247,1779746228.01161,2,1680,1050
19,2,1248,1779746228.02828,2,1680,1050
19,2,1249,1779746228.04494,2,1680,1050
19,2,1250,1779746228.06161,2,1680,1050
19,2,1251,1779746228.07827,2,1680,1050
19,2,1252,1779746228.09494,2,1680,1050
19,2,1253,1779746228.11161,2,1680,1050
19,2,1254,1779746228.12827,2,1680,1050
19,2,1255,1779746228.14494,2,1680,1050
19,2,1256,1779746228.1616,2,1680,1050
19,2,1257,1779746228.17827,2,1680,1050
19,2,1258,1779746228.19494,2,1680,1050
19,2,1259,1779746228.2116,2,1680,1050
19,2,1260,1779746228.22827,2,1680,1050
19,2,1261,1779746228.24493,2,1680,1050
19,2,1262,1779746228.2616,1,1680,1050
19,2,1263,1779746228.27827,1,1680,1050
19,2,1264,1779746228.29493,1,1680,1050
19,2,1265,1779746228.3116,1,1680,1050
19,2,1266,1779746228.32827,1,1680,1050
19,2,1267,1779746228.34493,1,1680,1050
19,2,1268,1779746228.3616,1,1680,1050
19,2,1269,1779746228.37826,1,1680,1050
19,2,1270,1779746228.39493,1,1680,1050
19,2,1271,1779746228.4116,1,1680,1050
19,2,1272,1779746228.42826,1,1680,1050
19,2,1273,1779746228.44493,1,1680,1050
19,2,1274,1779746228.46159,1,1680,1050
19,2,1275,1779746228.47826,1,1680,1050
19,2,1276,1779746228.49492,1,1680,1050
19,2,1277,1779746228.51159,1,1680,1050
19,2,1278,1779746228.52826,1,1680,1050
19,2,1279,1779746228.54492,1,1680,1050
19,2,1280,1779746228.56159,1,1680,1050
19,2,1281,1779746228.57826,1,1680,1050
19,2,1282,1779746228.59492,1,1680,1050
19,2,1283,1779746228.61159,1,1680,1050
19,2,1284,1779746228.62825,1,1680,1050
19,2,1285,1779746228.64492,1,1680,1050
19,2,1286,1779746228.66159,1,1680,1050
19,2,1287,1779746228.67825,1,1680,1050
19,2,1288,1779746228.69492,1,1680,1050
19,2,1289,1779746228.71158,1,1680,1050
19,2,1290,1779746228.72825,1,1680,1050
19,2,1291,1779746228.74492,1,1680,1050
19,2,1292,1779746228.76158,1,1680,1050
19,2,1293,1779746228.77825,1,1680,1050
19,2,1294,1779746228.79491,1,1680,1050
19,2,1295,1779746228.81158,1,1680,1050
19,2,1296,1779746228.82825,1,1680,1050
19,2,1297,1779746228.84491,1,1680,1050
19,2,1298,1779746228.86158,1,1680,1050
19,2,1299,1779746228.87825,1,1680,1050
19,2,1300,1779746228.89491,1,1680,1050
19,2,1301,1779746228.91158,1,1680,1050
19,2,1302,1779746228.92824,1,1680,1050
19,2,1303,1779746228.94491,1,1680,1050
19,2,1304,1779746228.96158,1,1680,1050
19,2,1305,1779746228.97824,1,1680,1050
19,2,1306,1779746228.99491,1,1680,1050
19,2,1307,1779746229.01157,1,1680,1050
19,2,1308,1779746229.02824,1,1680,1050
19,2,1309,1779746229.04491,1,1680,1050
19,2,1310,1779746229.06157,1,1680,1050
19,2,1311,1779746229.07824,1,1680,1050
19,2,1312,1779746229.0949,1,1680,1050
19,2,1313,1779746229.11157,1,1680,1050
19,2,1314,1779746229.12824,1,1680,1050
19,2,1315,1779746229.1449,1,1680,1050
19,2,1316,1779746229.16157,1,1680,1050
19,2,1317,1779746229.17823,1,1680,1050
19,2,1318,1779746229.1949,1,1680,1050
19,2,1319,1779746229.21157,1,1680,1050
19,2,1320,1779746229.22823,1,1680,1050
19,2,1321,1779746229.2449,1,1680,1050
19,2,1322,1779746229.26157,1,1680,1050
19,2,1323,1779746229.27823,1,1680,1050
19,2,1324,1779746229.2949,1,1680,1050
19,2,1325,1779746229.31156,1,1680,1050
19,2,1326,1779746229.32823,1,1680,1050
19,2,1327,1779746229.34489,1,1680,1050
19,2,1328,1779746229.36156,1,1680,1050
19,2,1329,1779746229.37823,1,1680,1050
19,2,1330,1779746229.39489,1,1680,1050
19,2,1331,1779746229.41156,1,1680,1050
19,2,1332,1779746229.42823,1,1680,1050
19,2,1333,1779746229.44489,1,1680,1050
19,2,1334,1779746229.46156,1,1680,1050
19,2,1335,1779746229.47822,1,1680,1050
19,2,1336,1779746229.49489,1,1680,1050
19,2,1337,1779746229.51156,1,1680,1050
19,2,1338,1779746229.52822,1,1680,1050
19,2,1339,1779746229.54489,1,1680,1050
19,2,1340,1779746229.56155,1,1680,1050
19,2,1341,1779746229.57822,1,1680,1050
19,2,1342,1779746229.59489,1,1680,1050
19,2,1343,1779746229.61155,1,1680,1050
19,2,1344,1779746229.62822,1,1680,1050
19,2,1345,1779746229.64489,1,1680,1050
19,2,1346,1779746229.66155,1,1680,1050
19,2,1347,1779746229.67822,1,1680,1050
19,2,1348,1779746229.69488,1,1680,1050
19,2,1349,1779746229.71155,1,1680,1050
19,2,1350,1779746229.72822,1,1680,1050
19,2,1351,1779746229.74488,1,1680,1050
19,2,1352,1779746229.76155,1,1680,1050
19,2,1353,1779746229.77821,1,1680,1050
19,2,1354,1779746229.79488,1,1680,1050
19,2,1355,1779746229.81155,1,1680,1050
19,2,1356,1779746229.82821,1,1680,1050
19,2,1357,1779746229.84488,1,1680,1050
19,2,1358,1779746229.86154,1,1680,1050
19,2,1359,1779746229.87821,1,1680,1050
19,2,1360,1779746229.89488,1,1680,1050
19,2,1361,1779746229.91154,1,1680,1050
19,2,1362,1779746229.92821,1,1680,1050
19,2,1363,1779746229.94487,1,1680,1050
19,2,1364,1779746229.96154,1,1680,1050
19,2,1365,1779746229.97821,1,1680,1050
19,2,1366,1779746229.99487,1,1680,1050
19,2,1367,1779746230.01154,1,1680,1050
19,2,1368,1779746230.0282,1,1680,1050
19,2,1369,1779746230.04487,1,1680,1050
19,2,1370,1779746230.06154,1,1680,1050
19,2,1371,1779746230.0782,1,1680,1050
19,2,1372,1779746230.09487,1,1680,1050
19,2,1373,1779746230.11154,1,1680,1050
19,2,1374,1779746230.1282,1,1680,1050
19,2,1375,1779746230.14487,1,1680,1050
19,2,1376,1779746230.16153,1,1680,1050
19,2,1377,1779746230.1782,1,1680,1050
19,2,1378,1779746230.19487,1,1680,1050
19,2,1379,1779746230.21153,1,1680,1050
19,2,1380,1779746230.2282,1,1680,1050
19,2,1381,1779746230.24486,1,1680,1050
19,2,1382,1779746230.26153,1,1680,1050
19,2,1383,1779746230.2782,1,1680,1050
19,2,1384,1779746230.29486,1,1680,1050
19,2,1385,1779746230.31153,1,1680,1050
19,2,1386,1779746230.32819,1,1680,1050
19,2,1387,1779746230.34486,1,1680,1050
19,2,1388,1779746230.36153,1,1680,1050
19,2,1389,1779746230.37819,1,1680,1050
19,2,1390,1779746230.39486,1,1680,1050
19,2,1391,1779746230.41152,1,1680,1050
19,2,1392,1779746230.42819,1,1680,1050
19,2,1393,1779746230.44486,1,1680,1050
19,2,1394,1779746230.46152,1,1680,1050
19,2,1395,1779746230.47819,1,1680,1050
19,2,1396,1779746230.49485,1,1680,1050
19,2,1397,1779746230.51152,1,1680,1050
19,2,1398,1779746230.52819,1,1680,1050
19,2,1399,1779746230.54485,1,1680,1050
19,2,1400,1779746230.56152,1,1680,1050
19,2,1401,1779746230.57819,1,1680,1050
19,2,1402,1779746230.59485,1,1680,1050
19,2,1403,1779746230.61152,1,1680,1050
19,2,1404,1779746230.62818,1,1680,1050
19,2,1405,1779746230.64485,1,1680,1050
19,2,1406,1779746230.66152,1,1680,1050
19,2,1407,1779746230.67818,1,1680,1050
19,2,1408,1779746230.69485,1,1680,1050
19,2,1409,1779746230.71151,1,1680,1050
19,2,1410,1779746230.72818,1,1680,1050
19,2,1411,1779746230.74485,1,1680,1050
19,2,1412,1779746230.76151,1,1680,1050
19,2,1413,1779746230.77818,1,1680,1050
19,2,1414,1779746230.79484,1,1680,1050
19,2,1415,1779746230.81151,1,1680,1050
19,2,1416,1779746230.82818,1,1680,1050
19,2,1417,1779746230.84484,1,1680,1050
19,2,1418,1779746230.86151,1,1680,1050
19,2,1419,1779746230.87817,1,1680,1050
19,2,1420,1779746230.89484,1,1680,1050
19,2,1421,1779746230.91151,1,1680,1050
19,2,1422,1779746230.92817,1,1680,1050
19,2,1423,1779746230.94484,1,1680,1050
19,2,1424,1779746230.9615,1,1680,1050
19,2,1425,1779746230.97817,1,1680,1050
19,2,1426,1779746230.99484,1,1680,1050
19,2,1427,1779746231.0115,1,1680,1050
19,2,1428,1779746231.02817,1,1680,1050
19,2,1429,1779746231.04484,1,1680,1050
19,2,1430,1779746231.0615,1,1680,1050
19,2,1431,1779746231.07817,1,1680,1050
19,2,1432,1779746231.09483,1,1680,1050
19,2,1433,1779746231.1115,1,1680,1050
19,2,1434,1779746231.12817,1,1680,1050
19,2,1435,1779746231.14483,1,1680,1050
19,2,1436,1779746231.1615,1,1680,1050
19,2,1437,1779746231.17816,1,1680,1050
19,2,1438,1779746231.19483,1,1680,1050
19,2,1439,1779746231.2115,1,1680,1050
19,2,1440,1779746231.22816,1,1680,1050
19,2,1441,1779746231.24483,1,1680,1050
19,2,1442,1779746231.26149,1,1680,1050
19,2,1443,1779746231.27816,1,1680,1050
19,2,1444,1779746231.29483,1,1680,1050
19,2,1445,1779746231.31149,1,1680,1050
19,2,1446,1779746231.32816,1,1680,1050
19,2,1447,1779746231.34483,1,1680,1050
19,2,1448,1779746231.36149,1,1680,1050
19,2,1449,1779746231.37816,1,1680,1050
19,2,1450,1779746231.39482,1,1680,1050
19,2,1451,1779746231.41149,1,1680,1050
19,2,1452,1779746231.42816,1,1680,1050
19,2,1453,1779746231.44482,1,1680,1050
19,2,1454,1779746231.46149,1,1680,1050
19,2,1455,1779746231.47815,1,1680,1050
19,2,1456,1779746231.49482,1,1680,1050
19,2,1457,1779746231.51149,1,1680,1050
19,2,1458,1779746231.52815,1,1680,1050
19,2,1459,1779746231.54482,1,1680,1050
19,2,1460,1779746231.56148,1,1680,1050
19,2,1461,1779746231.57815,1,1680,1050
19,2,1462,1779746231.59482,1,1680,1050
19,2,1463,1779746231.61148,1,1680,1050
19,2,1464,1779746231.62815,1,1680,1050
19,2,1465,1779746231.64481,1,1680,1050
19,2,1466,1779746231.66148,1,1680,1050
19,2,1467,1779746231.67815,1,1680,1050
19,2,1468,1779746231.69481,1,1680,1050
19,2,1469,1779746231.71148,1,1680,1050
19,2,1470,1779746231.72815,1,1680,1050
19,2,1471,1779746231.74481,1,1680,1050
19,2,1472,1779746231.76148,1,1680,1050
19,2,1473,1779746231.77814,1,1680,1050
19,2,1474,1779746231.79481,1,1680,1050
19,2,1475,1779746231.81148,1,1680,1050
19,2,1476,1779746231.82814,1,1680,1050
19,2,1477,1779746231.84481,1,1680,1050
19,2,1478,1779746231.86147,1,1680,1050
19,2,1479,1779746231.87814,1,1680,1050
19,2,1480,1779746231.89481,1,1680,1050
19,2,1481,1779746231.91147,1,1680,1050
19,2,1482,1779746231.92814,1,1680,1050
19,2,1483,1779746231.9448,1,1680,1050
19,2,1484,1779746231.96147,1,1680,1050
19,2,1485,1779746231.97814,1,1680,1050
19,2,1486,1779746231.9948,1,1680,1050
19,2,1487,1779746232.01147,1,1680,1050
19,2,1488,1779746232.02813,1,1680,1050
19,2,1489,1779746232.0448,1,1680,1050
19,2,1490,1779746232.06147,1,1680,1050
19,2,1491,1779746232.07813,1,1680,1050
19,2,1492,1779746232.0948,1,1680,1050
19,2,1493,1779746232.11146,1,1680,1050
19,2,1494,1779746232.12813,1,1680,1050
19,2,1495,1779746232.1448,1,1680,1050
19,2,1496,1779746232.16146,1,1680,1050
19,2,1497,1779746232.17813,1,1680,1050
19,2,1498,1779746232.1948,1,1680,1050
19,2,1499,1779746232.21146,1,1680,1050
19,2,1500,1779746232.22813,1,1680,1050
19,2,1501,1779746232.24479,1,1680,1050
19,2,1502,1779746232.26146,2,1680,1050
19,2,1503,1779746232.27813,2,1680,1050
19,2,1504,1779746232.29479,2,1680,1050
19,2,1505,1779746232.31146,2,1680,1050
19,2,1506,1779746232.32812,2,1680,1050
19,2,1507,1779746232.34479,2,1680,1050
19,2,1508,1779746232.36146,2,1680,1050
19,2,1509,1779746232.37812,2,1680,1050
19,2,1510,1779746232.39479,2,1680,1050
19,2,1511,1779746232.41145,2,1680,1050
19,2,1512,1779746232.42812,2,1680,1050
19,2,1513,1779746232.44479,2,1680,1050
19,2,1514,1779746232.46145,2,1680,1050
19,2,1515,1779746232.47812,2,1680,1050
19,2,1516,1779746232.49478,2,1680,1050
19,2,1517,1779746232.51145,2,1680,1050
19,2,1518,1779746232.52812,2,1680,1050
19,2,1519,1779746232.54478,2,1680,1050
19,2,1520,1779746232.56145,2,1680,1050
19,2,1521,1779746232.57812,2,1680,1050
19,2,1522,1779746232.59478,2,1680,1050
19,2,1523,1779746232.61145,2,1680,1050
19,2,1524,1779746232.62811,2,1680,1050
19,2,1525,1779746232.64478,2,1680,1050
19,2,1526,1779746232.66145,2,1680,1050
19,2,1527,1779746232.67811,2,1680,1050
19,2,1528,1779746232.69478,2,1680,1050
19,2,1529,1779746232.71144,2,1680,1050
19,2,1530,1779746232.72811,2,1680,1050
19,2,1531,1779746232.74478,2,1680,1050
19,2,1532,1779746232.76144,2,1680,1050
19,2,1533,1779746232.77811,2,1680,1050
19,2,1534,1779746232.79477,2,1680,1050
19,2,1535,1779746232.81144,2,1680,1050
19,2,1536,1779746232.82811,2,1680,1050
19,2,1537,1779746232.84477,2,1680,1050
19,2,1538,1779746232.86144,2,1680,1050
19,2,1539,1779746232.8781,2,1680,1050
19,2,1540,1779746232.89477,2,1680,1050
19,2,1541,1779746232.91144,2,1680,1050
19,2,1542,1779746232.9281,2,1680,1050
19,2,1543,1779746232.94477,2,1680,1050
19,2,1544,1779746232.96143,2,1680,1050
19,2,1545,1779746232.9781,2,1680,1050
19,2,1546,1779746232.99477,2,1680,1050
19,2,1547,1779746233.01143,2,1680,1050
19,2,1548,1779746233.0281,2,1680,1050
19,2,1549,1779746233.04477,2,1680,1050
19,2,1550,1779746233.06143,2,1680,1050
19,2,1551,1779746233.0781,2,1680,1050
19,2,1552,1779746233.09476,2,1680,1050
19,2,1553,1779746233.11143,2,1680,1050
19,2,1554,1779746233.1281,2,1680,1050
19,2,1555,1779746233.14476,2,1680,1050
19,2,1556,1779746233.16143,2,1680,1050
19,2,1557,1779746233.17809,2,1680,1050
19,2,1558,1779746233.19476,2,1680,1050
19,2,1559,1779746233.21143,2,1680,1050
19,2,1560,1779746233.22809,2,1680,1050
19,2,1561,1779746233.24476,2,1680,1050
19,2,1562,1779746233.26142,2,1680,1050
19,2,1563,1779746233.27809,2,1680,1050
19,2,1564,1779746233.29476,2,1680,1050
19,2,1565,1779746233.31142,2,1680,1050
19,2,1566,1779746233.32809,2,1680,1050
19,2,1567,1779746233.34475,2,1680,1050
19,2,1568,1779746233.36142,2,1680,1050
19,2,1569,1779746233.37809,2,1680,1050
19,2,1570,1779746233.39475,2,1680,1050
19,2,1571,1779746233.41142,2,1680,1050
19,2,1572,1779746233.42809,2,1680,1050
19,2,1573,1779746233.44475,2,1680,1050
19,2,1574,1779746233.46142,2,1680,1050
19,2,1575,1779746233.47808,2,1680,1050
19,2,1576,1779746233.49475,2,1680,1050
19,2,1577,1779746233.51142,2,1680,1050
19,2,1578,1779746233.52808,2,1680,1050
19,2,1579,1779746233.54475,2,1680,1050
19,2,1580,1779746233.56141,2,1680,1050
19,2,1581,1779746233.57808,2,1680,1050
19,2,1582,1779746233.59474,2,1680,1050
19,2,1583,1779746233.61141,2,1680,1050
19,2,1584,1779746233.62808,2,1680,1050
19,2,1585,1779746233.64475,2,1680,1050
19,2,1586,1779746233.66141,2,1680,1050
19,2,1587,1779746233.67808,2,1680,1050
19,2,1588,1779746233.69474,2,1680,1050
19,2,1589,1779746233.71141,2,1680,1050
19,2,1590,1779746233.72807,2,1680,1050
19,2,1591,1779746233.74474,2,1680,1050
19,2,1592,1779746233.76141,2,1680,1050
19,2,1593,1779746233.77807,2,1680,1050
19,2,1594,1779746233.79474,2,1680,1050
19,2,1595,1779746233.8114,2,1680,1050
19,2,1596,1779746233.82807,2,1680,1050
19,2,1597,1779746233.84474,2,1680,1050
19,2,1598,1779746233.8614,2,1680,1050
19,2,1599,1779746233.87807,2,1680,1050
19,2,1600,1779746233.89474,2,1680,1050
19,2,1601,1779746233.9114,2,1680,1050
19,2,1602,1779746233.92807,2,1680,1050
19,2,1603,1779746233.94473,2,1680,1050
19,2,1604,1779746233.9614,2,1680,1050
19,2,1605,1779746233.97807,2,1680,1050
19,2,1606,1779746233.99473,2,1680,1050
19,2,1607,1779746234.0114,2,1680,1050
19,2,1608,1779746234.02806,2,1680,1050
19,2,1609,1779746234.04473,2,1680,1050
19,2,1610,1779746234.06139,2,1680,1050
19,2,1611,1779746234.07806,2,1680,1050
19,2,1612,1779746234.09473,2,1680,1050
19,2,1613,1779746234.11139,2,1680,1050
19,2,1614,1779746234.12806,2,1680,1050
19,2,1615,1779746234.14473,2,1680,1050
19,2,1616,1779746234.16139,2,1680,1050
19,2,1617,1779746234.17806,2,1680,1050
19,2,1618,1779746234.19472,2,1680,1050
19,2,1619,1779746234.21139,2,1680,1050
19,2,1620,1779746234.22806,2,1680,1050
19,2,1621,1779746234.24472,2,1680,1050
19,2,1622,1779746234.26139,1,1680,1050
19,2,1623,1779746234.27806,1,1680,1050
19,2,1624,1779746234.29472,1,1680,1050
19,2,1625,1779746234.31139,1,1680,1050
19,2,1626,1779746234.32805,1,1680,1050
19,2,1627,1779746234.34472,1,1680,1050
19,2,1628,1779746234.36139,1,1680,1050
19,2,1629,1779746234.37805,1,1680,1050
19,2,1630,1779746234.39472,1,1680,1050
19,2,1631,1779746234.41138,1,1680,1050
19,2,1632,1779746234.42805,1,1680,1050
19,2,1633,1779746234.44472,1,1680,1050
19,2,1634,1779746234.46138,1,1680,1050
19,2,1635,1779746234.47805,1,1680,1050
19,2,1636,1779746234.49471,1,1680,1050
19,2,1637,1779746234.51138,1,1680,1050
19,2,1638,1779746234.52805,1,1680,1050
19,2,1639,1779746234.54471,1,1680,1050
19,2,1640,1779746234.56138,1,1680,1050
19,2,1641,1779746234.57804,1,1680,1050
19,2,1642,1779746234.59471,1,1680,1050
19,2,1643,1779746234.61138,1,1680,1050
19,2,1644,1779746234.62804,1,1680,1050
19,2,1645,1779746234.64471,1,1680,1050
19,2,1646,1779746234.66137,1,1680,1050
19,2,1647,1779746234.67804,1,1680,1050
19,2,1648,1779746234.69471,1,1680,1050
19,2,1649,1779746234.71137,1,1680,1050
19,2,1650,1779746234.72804,1,1680,1050
19,2,1651,1779746234.74471,1,1680,1050
19,2,1652,1779746234.76137,1,1680,1050
19,2,1653,1779746234.77804,1,1680,1050
19,2,1654,1779746234.7947,1,1680,1050
19,2,1655,1779746234.81137,1,1680,1050
19,2,1656,1779746234.82804,1,1680,1050
19,2,1657,1779746234.8447,1,1680,1050
19,2,1658,1779746234.86137,1,1680,1050
19,2,1659,1779746234.8947,1,1680,1050
19,2,1660,1779746234.91137,1,1680,1050
19,2,1661,1779746234.92803,1,1680,1050
19,2,1662,1779746234.9447,1,1680,1050
19,2,1663,1779746234.96136,1,1680,1050
19,2,1664,1779746234.97803,1,1680,1050
19,2,1665,1779746234.9947,1,1680,1050
19,2,1666,1779746235.01136,1,1680,1050
19,2,1667,1779746235.02803,1,1680,1050
19,2,1668,1779746235.04469,1,1680,1050
19,2,1669,1779746235.06136,1,1680,1050
19,2,1670,1779746235.07803,1,1680,1050
19,2,1671,1779746235.09469,1,1680,1050
19,2,1672,1779746235.11136,1,1680,1050
19,2,1673,1779746235.12803,1,1680,1050
19,2,1674,1779746235.14469,1,1680,1050
19,2,1675,1779746235.16136,1,1680,1050
19,2,1676,1779746235.17802,1,1680,1050
19,2,1677,1779746235.19469,1,1680,1050
19,2,1678,1779746235.21135,1,1680,1050
19,2,1679,1779746235.22802,1,1680,1050
19,2,1680,1779746235.24469,1,1680,1050
19,2,1681,1779746235.26135,1,1680,1050
19,2,1682,1779746235.27802,1,1680,1050
19,2,1683,1779746235.29469,1,1680,1050
19,2,1684,1779746235.31135,1,1680,1050
19,2,1685,1779746235.32802,1,1680,1050
19,2,1686,1779746235.34468,1,1680,1050
19,2,1687,1779746235.36135,1,1680,1050
19,2,1688,1779746235.37802,1,1680,1050
19,2,1689,1779746235.39468,1,1680,1050
19,2,1690,1779746235.41135,1,1680,1050
19,2,1691,1779746235.42802,1,1680,1050
19,2,1692,1779746235.44468,1,1680,1050
19,2,1693,1779746235.46135,1,1680,1050
19,2,1694,1779746235.47801,1,1680,1050
19,2,1695,1779746235.49468,1,1680,1050
19,2,1696,1779746235.51134,1,1680,1050
19,2,1697,1779746235.52801,1,1680,1050
19,2,1698,1779746235.54468,1,1680,1050
19,2,1699,1779746235.56134,1,1680,1050
19,2,1700,1779746235.57801,1,1680,1050
19,2,1701,1779746235.59467,1,1680,1050
19,2,1702,1779746235.61134,1,1680,1050
19,2,1703,1779746235.62801,1,1680,1050
19,2,1704,1779746235.64467,1,1680,1050
19,2,1705,1779746235.66134,1,1680,1050
19,2,1706,1779746235.67801,1,1680,1050
19,2,1707,1779746235.69467,1,1680,1050
19,2,1708,1779746235.71134,1,1680,1050
19,2,1709,1779746235.728,1,1680,1050
19,2,1710,1779746235.74467,1,1680,1050
19,2,1711,1779746235.76134,1,1680,1050
19,2,1712,1779746235.778,1,1680,1050
19,2,1713,1779746235.79467,1,1680,1050
19,2,1714,1779746235.81133,1,1680,1050
19,2,1715,1779746235.828,1,1680,1050
19,2,1716,1779746235.84467,1,1680,1050
19,2,1717,1779746235.86133,1,1680,1050
19,2,1718,1779746235.878,1,1680,1050
19,2,1719,1779746235.89466,1,1680,1050
19,2,1720,1779746235.91133,1,1680,1050
19,2,1721,1779746235.928,1,1680,1050
19,2,1722,1779746235.94466,1,1680,1050
19,2,1723,1779746235.96133,1,1680,1050
19,2,1724,1779746235.978,1,1680,1050
19,2,1725,1779746235.99466,1,1680,1050
19,2,1726,1779746236.01133,1,1680,1050
19,2,1727,1779746236.02799,1,1680,1050
19,2,1728,1779746236.04466,1,1680,1050
19,2,1729,1779746236.06132,1,1680,1050
19,2,1730,1779746236.07799,1,1680,1050
19,2,1731,1779746236.09466,1,1680,1050
19,2,1732,1779746236.11132,1,1680,1050
19,2,1733,1779746236.12799,1,1680,1050
19,2,1734,1779746236.14467,1,1680,1050
19,2,1735,1779746236.16132,1,1680,1050
19,2,1736,1779746236.17799,1,1680,1050
19,2,1737,1779746236.19465,1,1680,1050
19,2,1738,1779746236.21132,1,1680,1050
19,2,1739,1779746236.22799,1,1680,1050
19,2,1740,1779746236.24465,1,1680,1050
19,2,1741,1779746236.26132,1,1680,1050
19,2,1742,1779746236.27799,1,1680,1050
19,2,1743,1779746236.29465,1,1680,1050
19,2,1744,1779746236.31132,1,1680,1050
19,2,1745,1779746236.32798,1,1680,1050
19,2,1746,1779746236.34465,1,1680,1050
19,2,1747,1779746236.36132,1,1680,1050
19,2,1748,1779746236.37798,1,1680,1050
19,2,1749,1779746236.39465,1,1680,1050
19,2,1750,1779746236.41131,1,1680,1050
19,2,1751,1779746236.42798,1,1680,1050
19,2,1752,1779746236.44465,1,1680,1050
19,2,1753,1779746236.46131,1,1680,1050
19,2,1754,1779746236.47798,1,1680,1050
19,2,1755,1779746236.49464,1,1680,1050
19,2,1756,1779746236.51131,1,1680,1050
19,2,1757,1779746236.52798,1,1680,1050
19,2,1758,1779746236.54464,1,1680,1050
19,2,1759,1779746236.56131,1,1680,1050
19,2,1760,1779746236.57797,1,1680,1050
19,2,1761,1779746236.59464,1,1680,1050
19,2,1762,1779746236.6113,1,1680,1050
19,2,1763,1779746236.62797,1,1680,1050
19,2,1764,1779746236.64464,1,1680,1050
19,2,1765,1779746236.6613,1,1680,1050
19,2,1766,1779746236.67797,1,1680,1050
19,2,1767,1779746236.69464,1,1680,1050
19,2,1768,1779746236.7113,1,1680,1050
19,2,1769,1779746236.72797,1,1680,1050
19,2,1770,1779746236.74463,1,1680,1050
19,2,1771,1779746236.7613,1,1680,1050
19,2,1772,1779746236.77797,1,1680,1050
19,2,1773,1779746236.79463,1,1680,1050
19,2,1774,1779746236.8113,1,1680,1050
19,2,1775,1779746236.82796,1,1680,1050
19,2,1776,1779746236.84463,1,1680,1050
19,2,1777,1779746236.8613,1,1680,1050
19,2,1778,1779746236.87796,1,1680,1050
19,2,1779,1779746236.89463,1,1680,1050
19,2,1780,1779746236.9113,1,1680,1050
19,2,1781,1779746236.92796,1,1680,1050
19,2,1782,1779746236.94463,1,1680,1050
19,2,1783,1779746236.96129,1,1680,1050
19,2,1784,1779746236.97796,1,1680,1050
19,2,1785,1779746236.99463,1,1680,1050
19,2,1786,1779746237.01129,1,1680,1050
19,2,1787,1779746237.02796,1,1680,1050
19,2,1788,1779746237.04462,1,1680,1050
19,2,1789,1779746237.06129,1,1680,1050
19,2,1790,1779746237.07796,1,1680,1050
19,2,1791,1779746237.09462,1,1680,1050
19,2,1792,1779746237.11129,1,1680,1050
19,2,1793,1779746237.12795,1,1680,1050
19,2,1794,1779746237.14462,1,1680,1050
19,2,1795,1779746237.16129,1,1680,1050
19,2,1796,1779746237.17795,1,1680,1050
19,2,1797,1779746237.19462,1,1680,1050
19,2,1798,1779746237.21128,1,1680,1050
19,2,1799,1779746237.22795,1,1680,1050
19,2,1800,1779746237.24462,1,1680,1050
19,2,1801,1779746237.26128,1,1680,1050
19,2,1802,1779746237.27795,1,1680,1050
19,2,1803,1779746237.29462,1,1680,1050
19,2,1804,1779746237.31128,1,1680,1050
19,2,1805,1779746237.32795,1,1680,1050
19,2,1806,1779746237.34461,1,1680,1050
19,2,1807,1779746237.36128,1,1680,1050
19,2,1808,1779746237.37794,1,1680,1050
19,2,1809,1779746237.39461,1,1680,1050
19,2,1810,1779746237.41128,1,1680,1050
19,2,1811,1779746237.42794,1,1680,1050
19,2,1812,1779746237.44461,1,1680,1050
19,2,1813,1779746237.46128,1,1680,1050
19,2,1814,1779746237.47794,1,1680,1050
19,2,1815,1779746237.49461,1,1680,1050
19,2,1816,1779746237.51127,1,1680,1050
19,2,1817,1779746237.52794,1,1680,1050
19,2,1818,1779746237.54461,1,1680,1050
19,2,1819,1779746237.56127,1,1680,1050
19,2,1820,1779746237.57794,1,1680,1050
19,2,1821,1779746237.5946,1,1680,1050
19,2,1822,1779746237.61127,1,1680,1050
19,2,1823,1779746237.62794,1,1680,1050
19,2,1824,1779746237.6446,1,1680,1050
19,2,1825,1779746237.66127,1,1680,1050
19,2,1826,1779746237.67794,1,1680,1050
19,2,1827,1779746237.6946,1,1680,1050
19,2,1828,1779746237.71127,1,1680,1050
19,2,1829,1779746237.72793,1,1680,1050
19,2,1830,1779746237.7446,1,1680,1050
19,2,1831,1779746237.76127,1,1680,1050
19,2,1832,1779746237.77793,1,1680,1050
19,2,1833,1779746237.7946,1,1680,1050
19,2,1834,1779746237.81126,1,1680,1050
19,2,1835,1779746237.82793,1,1680,1050
19,2,1836,1779746237.8446,1,1680,1050
19,2,1837,1779746237.86126,1,1680,1050
19,2,1838,1779746237.87793,1,1680,1050
19,2,1839,1779746237.89459,1,1680,1050
19,2,1840,1779746237.91126,1,1680,1050
19,2,1841,1779746237.92793,1,1680,1050
19,2,1842,1779746237.94459,1,1680,1050
19,2,1843,1779746237.96126,1,1680,1050
19,2,1844,1779746237.97792,1,1680,1050
19,2,1845,1779746237.99459,1,1680,1050
19,2,1846,1779746238.01126,1,1680,1050
19,2,1847,1779746238.02792,1,1680,1050
19,2,1848,1779746238.04459,1,1680,1050
19,2,1849,1779746238.06126,1,1680,1050
19,2,1850,1779746238.07792,1,1680,1050
19,2,1851,1779746238.09459,1,1680,1050
19,2,1852,1779746238.11125,1,1680,1050
19,2,1853,1779746238.12792,1,1680,1050
19,2,1854,1779746238.14459,1,1680,1050
19,2,1855,1779746238.16125,1,1680,1050
19,2,1856,1779746238.17792,1,1680,1050
19,2,1857,1779746238.19458,1,1680,1050
19,2,1858,1779746238.21125,1,1680,1050
19,2,1859,1779746238.22792,1,1680,1050
19,2,1860,1779746238.24458,1,1680,1050
19,2,1861,1779746238.26125,1,1680,1050
19,2,1862,1779746238.27791,2,1680,1050
19,2,1863,1779746238.29458,2,1680,1050
19,2,1864,1779746238.31125,2,1680,1050
19,2,1865,1779746238.32791,2,1680,1050
19,2,1866,1779746238.34458,2,1680,1050
19,2,1867,1779746238.36124,2,1680,1050
19,2,1868,1779746238.37791,2,1680,1050
19,2,1869,1779746238.39458,2,1680,1050
19,2,1870,1779746238.41124,2,1680,1050
19,2,1871,1779746238.42791,2,1680,1050
19,2,1872,1779746238.44457,2,1680,1050
19,2,1873,1779746238.46124,2,1680,1050
19,2,1874,1779746238.47791,2,1680,1050
19,2,1875,1779746238.49457,2,1680,1050
19,2,1876,1779746238.51124,2,1680,1050
19,2,1877,1779746238.52791,2,1680,1050
19,2,1878,1779746238.54457,2,1680,1050
19,2,1879,1779746238.56124,2,1680,1050
19,2,1880,1779746238.5779,2,1680,1050
19,2,1881,1779746238.59457,2,1680,1050
19,2,1882,1779746238.61124,2,1680,1050
19,2,1883,1779746238.6279,2,1680,1050
19,2,1884,1779746238.64457,2,1680,1050
19,2,1885,1779746238.66123,2,1680,1050
19,2,1886,1779746238.6779,2,1680,1050
19,2,1887,1779746238.69457,2,1680,1050
19,2,1888,1779746238.71123,2,1680,1050
19,2,1889,1779746238.7279,2,1680,1050
19,2,1890,1779746238.74456,2,1680,1050
19,2,1891,1779746238.76123,2,1680,1050
19,2,1892,1779746238.7779,2,1680,1050
19,2,1893,1779746238.79456,2,1680,1050
19,2,1894,1779746238.81123,2,1680,1050
19,2,1895,1779746238.82789,2,1680,1050
19,2,1896,1779746238.84456,2,1680,1050
19,2,1897,1779746238.86123,2,1680,1050
19,2,1898,1779746238.87789,2,1680,1050
19,2,1899,1779746238.89456,2,1680,1050
19,2,1900,1779746238.91122,2,1680,1050
19,2,1901,1779746238.92789,2,1680,1050
19,2,1902,1779746238.94456,2,1680,1050
19,2,1903,1779746238.96122,2,1680,1050
19,2,1904,1779746238.97789,2,1680,1050
19,2,1905,1779746238.99456,2,1680,1050
19,2,1906,1779746239.01122,2,1680,1050
19,2,1907,1779746239.02789,2,1680,1050
19,2,1908,1779746239.04455,2,1680,1050
19,2,1909,1779746239.06122,2,1680,1050
19,2,1910,1779746239.07789,2,1680,1050
19,2,1911,1779746239.09455,2,1680,1050
19,2,1912,1779746239.11122,2,1680,1050
19,2,1913,1779746239.12788,2,1680,1050
19,2,1914,1779746239.14455,2,1680,1050
19,2,1915,1779746239.16122,2,1680,1050
19,2,1916,1779746239.17788,2,1680,1050
19,2,1917,1779746239.19455,2,1680,1050
19,2,1918,1779746239.21121,2,1680,1050
19,2,1919,1779746239.22788,2,1680,1050
19,2,1920,1779746239.24455,2,1680,1050
19,2,1921,1779746239.26121,2,1680,1050
19,2,1922,1779746239.27788,2,1680,1050
19,2,1923,1779746239.29454,2,1680,1050
19,2,1924,1779746239.31121,2,1680,1050
19,2,1925,1779746239.32788,2,1680,1050
19,2,1926,1779746239.34454,2,1680,1050
19,2,1927,1779746239.36121,2,1680,1050
19,2,1928,1779746239.37788,2,1680,1050
19,2,1929,1779746239.39454,2,1680,1050
19,2,1930,1779746239.41121,2,1680,1050
19,2,1931,1779746239.42787,2,1680,1050
19,2,1932,1779746239.44454,2,1680,1050
19,2,1933,1779746239.46121,2,1680,1050
19,2,1934,1779746239.47787,2,1680,1050
19,2,1935,1779746239.49454,2,1680,1050
19,2,1936,1779746239.5112,2,1680,1050
19,2,1937,1779746239.52787,2,1680,1050
19,2,1938,1779746239.54454,2,1680,1050
19,2,1939,1779746239.5612,2,1680,1050
19,2,1940,1779746239.57787,2,1680,1050
19,2,1941,1779746239.59453,2,1680,1050
19,2,1942,1779746239.6112,2,1680,1050
19,2,1943,1779746239.62787,2,1680,1050
19,2,1944,1779746239.64453,2,1680,1050
19,2,1945,1779746239.6612,2,1680,1050
19,2,1946,1779746239.67787,2,1680,1050
19,2,1947,1779746239.69453,2,1680,1050
19,2,1948,1779746239.7112,2,1680,1050
19,2,1949,1779746239.72786,2,1680,1050
19,2,1950,1779746239.74453,2,1680,1050
19,2,1951,1779746239.76119,2,1680,1050
19,2,1952,1779746239.77786,2,1680,1050
19,2,1953,1779746239.79453,2,1680,1050
19,2,1954,1779746239.81119,2,1680,1050
19,2,1955,1779746239.82786,2,1680,1050
19,2,1956,1779746239.84453,2,1680,1050
19,2,1957,1779746239.86119,2,1680,1050
19,2,1958,1779746239.87786,2,1680,1050
19,2,1959,1779746239.89452,2,1680,1050
19,2,1960,1779746239.91119,2,1680,1050
19,2,1961,1779746239.92786,2,1680,1050
19,2,1962,1779746239.94452,2,1680,1050
19,2,1963,1779746239.96119,2,1680,1050
19,2,1964,1779746239.97785,2,1680,1050
19,2,1965,1779746239.99452,2,1680,1050
19,2,1966,1779746240.01119,2,1680,1050
19,2,1967,1779746240.02785,2,1680,1050
19,2,1968,1779746240.04452,2,1680,1050
19,2,1969,1779746240.06118,2,1680,1050
19,2,1970,1779746240.07785,2,1680,1050
19,2,1971,1779746240.09452,2,1680,1050
19,2,1972,1779746240.11118,2,1680,1050
19,2,1973,1779746240.12785,2,1680,1050
19,2,1974,1779746240.14451,2,1680,1050
19,2,1975,1779746240.16118,2,1680,1050
19,2,1976,1779746240.17785,2,1680,1050
19,2,1977,1779746240.19451,2,1680,1050
19,2,1978,1779746240.21118,2,1680,1050
19,2,1979,1779746240.22784,2,1680,1050
19,2,1980,1779746240.24451,2,1680,1050
19,2,1981,1779746240.26118,2,1680,1050
19,2,1982,1779746240.27784,2,1680,1050
19,2,1983,1779746240.29451,2,1680,1050
19,2,1984,1779746240.31118,2,1680,1050
19,2,1985,1779746240.32784,2,1680,1050
19,2,1986,1779746240.34451,2,1680,1050
19,2,1987,1779746240.36117,2,1680,1050
19,2,1988,1779746240.37784,2,1680,1050
19,2,1989,1779746240.39451,2,1680,1050
19,2,1990,1779746240.41117,2,1680,1050
19,2,1991,1779746240.42784,2,1680,1050
19,2,1992,1779746240.4445,2,1680,1050
19,2,1993,1779746240.46117,2,1680,1050
19,2,1994,1779746240.47784,2,1680,1050
19,2,1995,1779746240.4945,2,1680,1050
19,2,1996,1779746240.51117,2,1680,1050
19,2,1997,1779746240.52783,2,1680,1050
19,2,1998,1779746240.5445,2,1680,1050
19,2,1999,1779746240.56117,2,1680,1050
19,2,2000,1779746240.57783,2,1680,1050
19,2,2001,1779746240.5945,2,1680,1050
19,2,2002,1779746240.61117,2,1680,1050
19,2,2003,1779746240.62783,2,1680,1050
19,2,2004,1779746240.6445,2,1680,1050
19,2,2005,1779746240.66116,2,1680,1050
19,2,2006,1779746240.67783,2,1680,1050
19,2,2007,1779746240.6945,2,1680,1050
19,2,2008,1779746240.71116,2,1680,1050
19,2,2009,1779746240.72783,2,1680,1050
19,2,2010,1779746240.74449,2,1680,1050
19,2,2011,1779746240.76116,2,1680,1050
19,2,2012,1779746240.77783,2,1680,1050
19,2,2013,1779746240.79449,2,1680,1050
19,2,2014,1779746240.81116,2,1680,1050
19,2,2015,1779746240.82782,2,1680,1050
19,2,2016,1779746240.84449,2,1680,1050
19,2,2017,1779746240.86116,2,1680,1050
19,2,2018,1779746240.87782,2,1680,1050
19,2,2019,1779746240.89449,2,1680,1050
19,2,2020,1779746240.91115,2,1680,1050
19,2,2021,1779746240.92782,2,1680,1050
19,2,2022,1779746240.94449,2,1680,1050
19,2,2023,1779746240.96115,2,1680,1050
19,2,2024,1779746240.97782,2,1680,1050
19,2,2025,1779746240.99449,2,1680,1050
19,2,2026,1779746241.01115,2,1680,1050
19,2,2027,1779746241.02782,2,1680,1050
19,2,2028,1779746241.04448,2,1680,1050
19,2,2029,1779746241.06115,2,1680,1050
19,2,2030,1779746241.07781,2,1680,1050
19,2,2031,1779746241.09448,2,1680,1050
19,2,2032,1779746241.11115,2,1680,1050
19,2,2033,1779746241.12781,2,1680,1050
19,2,2034,1779746241.14448,2,1680,1050
19,2,2035,1779746241.16115,2,1680,1050
19,2,2036,1779746241.17781,2,1680,1050
19,2,2037,1779746241.19448,2,1680,1050
19,2,2038,1779746241.21114,2,1680,1050
19,2,2039,1779746241.22781,2,1680,1050
19,2,2040,1779746241.24448,2,1680,1050
19,2,2041,1779746241.26114,2,1680,1050
19,2,2042,1779746241.27781,2,1680,1050
19,2,2043,1779746241.29447,2,1680,1050
19,2,2044,1779746241.31114,2,1680,1050
19,2,2045,1779746241.32781,2,1680,1050
19,2,2046,1779746241.34447,2,1680,1050
19,2,2047,1779746241.36114,2,1680,1050
19,2,2048,1779746241.3778,2,1680,1050
19,2,2049,1779746241.39447,2,1680,1050
19,2,2050,1779746241.41114,2,1680,1050
19,2,2051,1779746241.4278,2,1680,1050
19,2,2052,1779746241.44447,2,1680,1050
19,2,2053,1779746241.46114,2,1680,1050
19,2,2054,1779746241.4778,2,1680,1050
19,2,2055,1779746241.49447,2,1680,1050
19,2,2056,1779746241.51113,2,1680,1050
19,2,2057,1779746241.5278,2,1680,1050
19,2,2058,1779746241.54446,2,1680,1050
19,2,2059,1779746241.56113,2,1680,1050
19,2,2060,1779746241.5778,2,1680,1050
19,2,2061,1779746241.59446,2,1680,1050
19,2,2062,1779746241.61113,2,1680,1050
19,2,2063,1779746241.6278,2,1680,1050
19,2,2064,1779746241.64446,2,1680,1050
19,2,2065,1779746241.66113,2,1680,1050
19,2,2066,1779746241.67779,2,1680,1050
19,2,2067,1779746241.69446,2,1680,1050
19,2,2068,1779746241.71113,2,1680,1050
19,2,2069,1779746241.72779,2,1680,1050
19,2,2070,1779746241.74446,2,1680,1050
19,2,2071,1779746241.76112,2,1680,1050
19,2,2072,1779746241.77779,2,1680,1050
19,2,2073,1779746241.79446,2,1680,1050
19,2,2074,1779746241.81112,2,1680,1050
19,2,2075,1779746241.82779,2,1680,1050
19,2,2076,1779746241.84445,2,1680,1050
19,2,2077,1779746241.86112,2,1680,1050
19,2,2078,1779746241.87779,2,1680,1050
19,2,2079,1779746241.89445,2,1680,1050
19,2,2080,1779746241.91112,2,1680,1050
19,2,2081,1779746241.92779,2,1680,1050
19,2,2082,1779746241.94445,2,1680,1050
19,2,2083,1779746241.96112,2,1680,1050
19,2,2084,1779746241.97778,2,1680,1050
19,2,2085,1779746241.99445,2,1680,1050
19,2,2086,1779746242.01111,2,1680,1050
19,2,2087,1779746242.02778,2,1680,1050
19,2,2088,1779746242.04445,2,1680,1050
19,2,2089,1779746242.06112,2,1680,1050
19,2,2090,1779746242.07778,2,1680,1050
19,2,2091,1779746242.09445,2,1680,1050
19,2,2092,1779746242.11111,2,1680,1050
19,2,2093,1779746242.12778,2,1680,1050
19,2,2094,1779746242.14444,2,1680,1050
19,2,2095,1779746242.16111,2,1680,1050
19,2,2096,1779746242.17778,2,1680,1050
19,2,2097,1779746242.19444,2,1680,1050
19,2,2098,1779746242.21111,2,1680,1050
19,2,2099,1779746242.22777,2,1680,1050
19,2,2100,1779746242.24444,2,1680,1050
19,2,2101,1779746242.26111,2,1680,1050
19,2,2102,1779746242.27777,2,1680,1050
19,2,2103,1779746242.29444,2,1680,1050
19,2,2104,1779746242.31111,2,1680,1050
19,2,2105,1779746242.32777,2,1680,1050
19,2,2106,1779746242.34444,2,1680,1050
19,2,2107,1779746242.3611,2,1680,1050
19,2,2108,1779746242.37777,2,1680,1050
19,2,2109,1779746242.39444,2,1680,1050
19,2,2110,1779746242.4111,2,1680,1050
19,2,2111,1779746242.42777,2,1680,1050
19,2,2112,1779746242.44443,2,1680,1050
19,2,2113,1779746242.4611,2,1680,1050
19,2,2114,1779746242.47777,2,1680,1050
19,2,2115,1779746242.49443,2,1680,1050
19,2,2116,1779746242.5111,2,1680,1050
19,2,2117,1779746242.52776,2,1680,1050
19,2,2118,1779746242.54443,2,1680,1050
19,2,2119,1779746242.5611,2,1680,1050
19,2,2120,1779746242.57776,2,1680,1050
19,2,2121,1779746242.59443,2,1680,1050
19,2,2122,1779746242.61109,2,1680,1050
19,2,2123,1779746242.62776,2,1680,1050
19,2,2124,1779746242.64443,2,1680,1050
19,2,2125,1779746242.66109,2,1680,1050
19,2,2126,1779746242.67776,2,1680,1050
19,2,2127,1779746242.69443,2,1680,1050
19,2,2128,1779746242.71109,2,1680,1050
19,2,2129,1779746242.72776,2,1680,1050
19,2,2130,1779746242.74442,2,1680,1050
19,2,2131,1779746242.76109,2,1680,1050
19,2,2132,1779746242.77776,2,1680,1050
19,2,2133,1779746242.79442,2,1680,1050
19,2,2134,1779746242.81109,2,1680,1050
19,2,2135,1779746242.82775,2,1680,1050
19,2,2136,1779746242.84442,2,1680,1050
19,2,2137,1779746242.86109,2,1680,1050
19,2,2138,1779746242.87775,2,1680,1050
19,2,2139,1779746242.89442,2,1680,1050
19,2,2140,1779746242.91108,2,1680,1050
19,2,2141,1779746242.92775,2,1680,1050
19,2,2142,1779746242.94442,2,1680,1050
19,2,2143,1779746242.96108,2,1680,1050
19,2,2144,1779746242.97775,2,1680,1050
19,2,2145,1779746242.99441,2,1680,1050
19,2,2146,1779746243.01108,2,1680,1050
19,2,2147,1779746243.02775,2,1680,1050
19,2,2148,1779746243.04441,2,1680,1050
19,2,2149,1779746243.06108,2,1680,1050
19,2,2150,1779746243.07774,2,1680,1050
19,2,2151,1779746243.09441,2,1680,1050
19,2,2152,1779746243.11108,2,1680,1050
19,2,2153,1779746243.12774,2,1680,1050
19,2,2154,1779746243.14441,2,1680,1050
19,2,2155,1779746243.16107,2,1680,1050
19,2,2156,1779746243.17774,2,1680,1050
19,2,2157,1779746243.21107,2,1680,1050
19,2,2158,1779746243.22774,2,1680,1050
19,2,2159,1779746243.2444,2,1680,1050
19,2,2160,1779746243.26107,2,1680,1050
19,2,2161,1779746243.27774,2,1680,1050
19,2,2162,1779746243.2944,2,1680,1050
19,2,2163,1779746243.31107,2,1680,1050
19,2,2164,1779746243.32774,2,1680,1050
19,2,2165,1779746243.3444,2,1680,1050
19,2,2166,1779746243.36107,2,1680,1050
19,2,2167,1779746243.37773,2,1680,1050
19,2,2168,1779746243.3944,2,1680,1050
19,2,2169,1779746243.41107,2,1680,1050
19,2,2170,1779746243.42773,2,1680,1050
19,2,2171,1779746243.4444,2,1680,1050
19,2,2172,1779746243.46107,2,1680,1050
19,2,2173,1779746243.47773,2,1680,1050
19,2,2174,1779746243.4944,2,1680,1050
19,2,2175,1779746243.51106,2,1680,1050
19,2,2176,1779746243.52773,2,1680,1050
19,2,2177,1779746243.54439,2,1680,1050
19,2,2178,1779746243.56106,2,1680,1050
19,2,2179,1779746243.57773,2,1680,1050
19,2,2180,1779746243.59439,2,1680,1050
19,2,2181,1779746243.61106,2,1680,1050
19,2,2182,1779746243.62773,2,1680,1050
19,2,2183,1779746243.64439,2,1680,1050
19,2,2184,1779746243.66106,2,1680,1050
19,2,2185,1779746243.67772,2,1680,1050
19,2,2186,1779746243.69439,2,1680,1050
19,2,2187,1779746243.71106,2,1680,1050
19,2,2188,1779746243.72772,2,1680,1050
19,2,2189,1779746243.74439,2,1680,1050
19,2,2190,1779746243.76105,2,1680,1050
19,2,2191,1779746243.77772,2,1680,1050
19,2,2192,1779746243.79439,2,1680,1050
19,2,2193,1779746243.81105,2,1680,1050
19,2,2194,1779746243.82772,2,1680,1050
19,2,2195,1779746243.84438,2,1680,1050
19,2,2196,1779746243.86105,2,1680,1050
19,2,2197,1779746243.87772,2,1680,1050
19,2,2198,1779746243.89438,2,1680,1050
19,2,2199,1779746243.91105,2,1680,1050
19,2,2200,1779746243.92771,2,1680,1050
19,2,2201,1779746243.94438,2,1680,1050
19,2,2202,1779746243.96105,2,1680,1050
19,2,2203,1779746243.97771,2,1680,1050
19,2,2204,1779746243.99438,2,1680,1050
19,2,2205,1779746244.01105,2,1680,1050
19,2,2206,1779746244.02771,2,1680,1050
19,2,2207,1779746244.04438,2,1680,1050
19,2,2208,1779746244.06104,2,1680,1050
19,2,2209,1779746244.07771,2,1680,1050
19,2,2210,1779746244.09438,2,1680,1050
19,2,2211,1779746244.11104,2,1680,1050
19,2,2212,1779746244.12771,2,1680,1050
19,2,2213,1779746244.14437,2,1680,1050
19,2,2214,1779746244.16104,2,1680,1050
19,2,2215,1779746244.17771,2,1680,1050
19,2,2216,1779746244.19437,2,1680,1050
19,2,2217,1779746244.21104,2,1680,1050
19,2,2218,1779746244.2277,2,1680,1050
19,2,2219,1779746244.24437,2,1680,1050
19,2,2220,1779746244.26104,2,1680,1050
19,2,2221,1779746244.2777,2,1680,1050
19,2,2222,1779746244.29437,1,1680,1050
19,2,2223,1779746244.31103,1,1680,1050
19,2,2224,1779746244.3277,1,1680,1050
19,2,2225,1779746244.34437,1,1680,1050
19,2,2226,1779746244.36103,1,1680,1050
19,2,2227,1779746244.3777,1,1680,1050
19,2,2228,1779746244.39437,1,1680,1050
19,2,2229,1779746244.41103,1,1680,1050
19,2,2230,1779746244.4277,1,1680,1050
19,2,2231,1779746244.44436,1,1680,1050
19,2,2232,1779746244.46103,1,1680,1050
19,2,2233,1779746244.47769,1,1680,1050
19,2,2234,1779746244.49436,1,1680,1050
19,2,2235,1779746244.51103,1,1680,1050
19,2,2236,1779746244.52769,1,1680,1050
19,2,2237,1779746244.54436,1,1680,1050
19,2,2238,1779746244.56103,1,1680,1050
19,2,2239,1779746244.57769,1,1680,1050
19,2,2240,1779746244.59436,1,1680,1050
19,2,2241,1779746244.61102,1,1680,1050
19,2,2242,1779746244.62769,1,1680,1050
19,2,2243,1779746244.64436,1,1680,1050
19,2,2244,1779746244.66102,1,1680,1050
19,2,2245,1779746244.67769,1,1680,1050
19,2,2246,1779746244.69435,1,1680,1050
19,2,2247,1779746244.71102,1,1680,1050
19,2,2248,1779746244.72769,1,1680,1050
19,2,2249,1779746244.74435,1,1680,1050
19,2,2250,1779746244.76102,1,1680,1050
19,2,2251,1779746244.77768,1,1680,1050
19,2,2252,1779746244.79435,1,1680,1050
19,2,2253,1779746244.81102,1,1680,1050
19,2,2254,1779746244.82768,1,1680,1050
19,2,2255,1779746244.84435,1,1680,1050
19,2,2256,1779746244.86102,1,1680,1050
19,2,2257,1779746244.87768,1,1680,1050
19,2,2258,1779746244.89435,1,1680,1050
19,2,2259,1779746244.91101,1,1680,1050
19,2,2260,1779746244.92768,1,1680,1050
19,2,2261,1779746244.94435,1,1680,1050
19,2,2262,1779746244.96101,1,1680,1050
19,2,2263,1779746244.97768,1,1680,1050
19,2,2264,1779746244.99434,1,1680,1050
19,2,2265,1779746245.01101,1,1680,1050
19,2,2266,1779746245.02768,1,1680,1050
19,2,2267,1779746245.04434,1,1680,1050
19,2,2268,1779746245.06101,1,1680,1050
19,2,2269,1779746245.07767,1,1680,1050
19,2,2270,1779746245.09434,1,1680,1050
19,2,2271,1779746245.11101,1,1680,1050
19,2,2272,1779746245.12767,1,1680,1050
19,2,2273,1779746245.14434,1,1680,1050
19,2,2274,1779746245.161,1,1680,1050
19,2,2275,1779746245.17767,1,1680,1050
19,2,2276,1779746245.19434,1,1680,1050
19,2,2277,1779746245.211,1,1680,1050
19,2,2278,1779746245.22767,1,1680,1050
19,2,2279,1779746245.24433,1,1680,1050
19,2,2280,1779746245.261,1,1680,1050
19,2,2281,1779746245.27767,1,1680,1050
19,2,2282,1779746245.29433,1,1680,1050
19,2,2283,1779746245.311,1,1680,1050
19,2,2284,1779746245.32767,1,1680,1050
19,2,2285,1779746245.34433,1,1680,1050
19,2,2286,1779746245.361,1,1680,1050
19,2,2287,1779746245.37766,1,1680,1050
19,2,2288,1779746245.39433,1,1680,1050
19,2,2289,1779746245.411,1,1680,1050
19,2,2290,1779746245.42766,1,1680,1050
19,2,2291,1779746245.44433,1,1680,1050
19,2,2292,1779746245.46099,1,1680,1050
19,2,2293,1779746245.47766,1,1680,1050
19,2,2294,1779746245.49433,1,1680,1050
19,2,2295,1779746245.51099,1,1680,1050
19,2,2296,1779746245.52766,1,1680,1050
19,2,2297,1779746245.54432,1,1680,1050
19,2,2298,1779746245.56099,1,1680,1050
19,2,2299,1779746245.57766,1,1680,1050
19,2,2300,1779746245.59432,1,1680,1050
19,2,2301,1779746245.61099,1,1680,1050
19,2,2302,1779746245.62765,1,1680,1050
19,2,2303,1779746245.64432,1,1680,1050
19,2,2304,1779746245.66099,1,1680,1050
19,2,2305,1779746245.67765,1,1680,1050
19,2,2306,1779746245.69432,1,1680,1050
19,2,2307,1779746245.71099,1,1680,1050
19,2,2308,1779746245.72765,1,1680,1050
19,2,2309,1779746245.74432,1,1680,1050
19,2,2310,1779746245.76098,1,1680,1050
19,2,2311,1779746245.77765,1,1680,1050
19,2,2312,1779746245.79432,1,1680,1050
19,2,2313,1779746245.81098,1,1680,1050
19,2,2314,1779746245.82765,1,1680,1050
19,2,2315,1779746245.84431,1,1680,1050
19,2,2316,1779746245.86098,1,1680,1050
19,2,2317,1779746245.87765,1,1680,1050
19,2,2318,1779746245.89431,1,1680,1050
19,2,2319,1779746245.91098,1,1680,1050
19,2,2320,1779746245.92764,1,1680,1050
19,2,2321,1779746245.94431,1,1680,1050
19,2,2322,1779746245.96098,1,1680,1050
19,2,2323,1779746245.97764,1,1680,1050
19,2,2324,1779746245.99431,1,1680,1050
19,2,2325,1779746246.01097,1,1680,1050
19,2,2326,1779746246.02764,1,1680,1050
19,2,2327,1779746246.04431,1,1680,1050
19,2,2328,1779746246.06097,1,1680,1050
19,2,2329,1779746246.07764,1,1680,1050
19,2,2330,1779746246.0943,1,1680,1050
19,2,2331,1779746246.11097,1,1680,1050
19,2,2332,1779746246.12764,1,1680,1050
19,2,2333,1779746246.1443,1,1680,1050
19,2,2334,1779746246.16097,1,1680,1050
19,2,2335,1779746246.17764,1,1680,1050
19,2,2336,1779746246.1943,1,1680,1050
19,2,2337,1779746246.21097,1,1680,1050
19,2,2338,1779746246.22763,1,1680,1050
19,2,2339,1779746246.2443,1,1680,1050
19,2,2340,1779746246.26097,1,1680,1050
19,2,2341,1779746246.27763,1,1680,1050
19,2,2342,1779746246.2943,1,1680,1050
19,2,2343,1779746246.31096,1,1680,1050
19,2,2344,1779746246.32763,1,1680,1050
19,2,2345,1779746246.3443,1,1680,1050
19,2,2346,1779746246.36096,1,1680,1050
19,2,2347,1779746246.37763,1,1680,1050
19,2,2348,1779746246.39429,1,1680,1050
19,2,2349,1779746246.41096,1,1680,1050
19,2,2350,1779746246.42763,1,1680,1050
19,2,2351,1779746246.44429,1,1680,1050
19,2,2352,1779746246.46096,1,1680,1050
19,2,2353,1779746246.47763,1,1680,1050
19,2,2354,1779746246.49429,1,1680,1050
19,2,2355,1779746246.51096,1,1680,1050
19,2,2356,1779746246.52762,1,1680,1050
19,2,2357,1779746246.54429,1,1680,1050
19,2,2358,1779746246.56096,1,1680,1050
19,2,2359,1779746246.57762,1,1680,1050
19,2,2360,1779746246.59429,1,1680,1050
19,2,2361,1779746246.61095,1,1680,1050
19,2,2362,1779746246.62762,1,1680,1050
19,2,2363,1779746246.64429,1,1680,1050
19,2,2364,1779746246.66095,1,1680,1050
19,2,2365,1779746246.67762,1,1680,1050
19,2,2366,1779746246.69428,1,1680,1050
19,2,2367,1779746246.71095,1,1680,1050
19,2,2368,1779746246.72762,1,1680,1050
19,2,2369,1779746246.74428,1,1680,1050
19,2,2370,1779746246.76095,1,1680,1050
19,2,2371,1779746246.77761,1,1680,1050
19,2,2372,1779746246.79428,1,1680,1050
19,2,2373,1779746246.81095,1,1680,1050
19,2,2374,1779746246.82761,1,1680,1050
19,2,2375,1779746246.84428,1,1680,1050
19,2,2376,1779746246.86095,1,1680,1050
19,2,2377,1779746246.87761,1,1680,1050
19,2,2378,1779746246.89428,1,1680,1050
19,2,2379,1779746246.91094,1,1680,1050
19,2,2380,1779746246.92761,1,1680,1050
19,2,2381,1779746246.94428,1,1680,1050
19,2,2382,1779746246.96094,1,1680,1050
19,2,2383,1779746246.97761,1,1680,1050
19,2,2384,1779746246.99427,1,1680,1050
19,2,2385,1779746247.01094,1,1680,1050
19,2,2386,1779746247.0276,1,1680,1050
19,2,2387,1779746247.04427,1,1680,1050
19,2,2388,1779746247.06094,1,1680,1050
19,2,2389,1779746247.0776,1,1680,1050
19,2,2390,1779746247.09427,1,1680,1050
19,2,2391,1779746247.11094,1,1680,1050
19,2,2392,1779746247.1276,1,1680,1050
19,2,2393,1779746247.14427,1,1680,1050
19,2,2394,1779746247.16093,1,1680,1050
19,2,2395,1779746247.1776,1,1680,1050
19,2,2396,1779746247.19427,1,1680,1050
19,2,2397,1779746247.21093,1,1680,1050
19,2,2398,1779746247.2276,1,1680,1050
19,2,2399,1779746247.24426,1,1680,1050
19,2,2400,1779746247.26093,1,1680,1050
19,2,2401,1779746247.2776,1,1680,1050
19,2,2402,1779746247.29426,1,1680,1050
19,2,2403,1779746247.31093,1,1680,1050
19,2,2404,1779746247.32759,1,1680,1050
19,2,2405,1779746247.34426,1,1680,1050
19,2,2406,1779746247.36093,1,1680,1050
19,2,2407,1779746247.37759,1,1680,1050
19,2,2408,1779746247.39426,1,1680,1050
19,2,2409,1779746247.41093,1,1680,1050
19,2,2410,1779746247.42759,1,1680,1050
19,2,2411,1779746247.44426,1,1680,1050
19,2,2412,1779746247.46092,1,1680,1050
19,2,2413,1779746247.47759,1,1680,1050
19,2,2414,1779746247.49426,1,1680,1050
19,2,2415,1779746247.51092,1,1680,1050
19,2,2416,1779746247.52759,1,1680,1050
19,2,2417,1779746247.54425,1,1680,1050
19,2,2418,1779746247.56092,1,1680,1050
19,2,2419,1779746247.57759,1,1680,1050
19,2,2420,1779746247.59425,1,1680,1050
19,2,2421,1779746247.61092,1,1680,1050
19,2,2422,1779746247.62758,1,1680,1050
19,2,2423,1779746247.64425,1,1680,1050
19,2,2424,1779746247.66092,1,1680,1050
19,2,2425,1779746247.67758,1,1680,1050
19,2,2426,1779746247.69425,1,1680,1050
19,2,2427,1779746247.71092,1,1680,1050
19,2,2428,1779746247.72758,1,1680,1050
19,2,2429,1779746247.74425,1,1680,1050
19,2,2430,1779746247.76091,1,1680,1050
19,2,2431,1779746247.77758,1,1680,1050
19,2,2432,1779746247.79425,1,1680,1050
19,2,2433,1779746247.81091,1,1680,1050
19,2,2434,1779746247.82758,1,1680,1050
19,2,2435,1779746247.84424,1,1680,1050
19,2,2436,1779746247.86091,1,1680,1050
19,2,2437,1779746247.87758,1,1680,1050
19,2,2438,1779746247.89424,1,1680,1050
19,2,2439,1779746247.91091,1,1680,1050
19,2,2440,1779746247.92757,1,1680,1050
19,2,2441,1779746247.94424,1,1680,1050
19,2,2442,1779746247.96091,1,1680,1050
19,2,2443,1779746247.97757,1,1680,1050
19,2,2444,1779746247.99424,1,1680,1050
19,2,2445,1779746248.0109,1,1680,1050
19,2,2446,1779746248.02757,1,1680,1050
19,2,2447,1779746248.04424,1,1680,1050
19,2,2448,1779746248.0609,1,1680,1050
19,2,2449,1779746248.07757,1,1680,1050
19,2,2450,1779746248.09423,1,1680,1050
19,2,2451,1779746248.1109,1,1680,1050
19,2,2452,1779746248.12757,1,1680,1050
19,2,2453,1779746248.14423,1,1680,1050
19,2,2454,1779746248.1609,1,1680,1050
19,2,2455,1779746248.17757,1,1680,1050
19,2,2456,1779746248.19423,1,1680,1050
19,2,2457,1779746248.2109,1,1680,1050
19,2,2458,1779746248.22756,1,1680,1050
19,2,2459,1779746248.24423,1,1680,1050
19,2,2460,1779746248.2609,1,1680,1050
19,2,2461,1779746248.27756,1,1680,1050
19,2,2462,1779746248.29423,2,1680,1050
19,2,2463,1779746248.31089,2,1680,1050
19,2,2464,1779746248.32756,2,1680,1050
19,2,2465,1779746248.34423,2,1680,1050
19,2,2466,1779746248.36089,2,1680,1050
19,2,2467,1779746248.37756,2,1680,1050
19,2,2468,1779746248.39422,2,1680,1050
19,2,2469,1779746248.41089,2,1680,1050
19,2,2470,1779746248.42756,2,1680,1050
19,2,2471,1779746248.44422,2,1680,1050
19,2,2472,1779746248.46089,2,1680,1050
19,2,2473,1779746248.47755,2,1680,1050
19,2,2474,1779746248.49422,2,1680,1050
19,2,2475,1779746248.51089,2,1680,1050
19,2,2476,1779746248.52755,2,1680,1050
19,2,2477,1779746248.54422,2,1680,1050
19,2,2478,1779746248.56088,2,1680,1050
19,2,2479,1779746248.57755,2,1680,1050
19,2,2480,1779746248.59422,2,1680,1050
19,2,2481,1779746248.61088,2,1680,1050
19,2,2482,1779746248.62755,2,1680,1050
19,2,2483,1779746248.64422,2,1680,1050
19,2,2484,1779746248.66088,2,1680,1050
19,2,2485,1779746248.67755,2,1680,1050
19,2,2486,1779746248.69421,2,1680,1050
19,2,2487,1779746248.71088,2,1680,1050
19,2,2488,1779746248.72755,2,1680,1050
19,2,2489,1779746248.74421,2,1680,1050
19,2,2490,1779746248.76088,2,1680,1050
19,2,2491,1779746248.77754,2,1680,1050
19,2,2492,1779746248.79421,2,1680,1050
19,2,2493,1779746248.81088,2,1680,1050
19,2,2494,1779746248.82754,2,1680,1050
19,2,2495,1779746248.84421,2,1680,1050
19,2,2496,1779746248.86087,2,1680,1050
19,2,2497,1779746248.87754,2,1680,1050
19,2,2498,1779746248.89421,2,1680,1050
19,2,2499,1779746248.91087,2,1680,1050
19,2,2500,1779746248.92754,2,1680,1050
19,2,2501,1779746248.94421,2,1680,1050
19,2,2502,1779746248.96087,2,1680,1050
19,2,2503,1779746248.97754,2,1680,1050
19,2,2504,1779746248.9942,2,1680,1050
19,2,2505,1779746249.01087,2,1680,1050
19,2,2506,1779746249.02753,2,1680,1050
19,2,2507,1779746249.0442,2,1680,1050
19,2,2508,1779746249.06087,2,1680,1050
19,2,2509,1779746249.07753,2,1680,1050
19,2,2510,1779746249.0942,2,1680,1050
19,2,2511,1779746249.11087,2,1680,1050
19,2,2512,1779746249.12753,2,1680,1050
19,2,2513,1779746249.1442,2,1680,1050
19,2,2514,1779746249.16086,2,1680,1050
19,2,2515,1779746249.17753,2,1680,1050
19,2,2516,1779746249.1942,2,1680,1050
19,2,2517,1779746249.21086,2,1680,1050
19,2,2518,1779746249.22753,2,1680,1050
19,2,2519,1779746249.24419,2,1680,1050
19,2,2520,1779746249.26086,2,1680,1050
19,2,2521,1779746249.27753,2,1680,1050
19,2,2522,1779746249.29419,2,1680,1050
19,2,2523,1779746249.31086,2,1680,1050
19,2,2524,1779746249.32753,2,1680,1050
19,2,2525,1779746249.34419,2,1680,1050
19,2,2526,1779746249.36086,2,1680,1050
19,2,2527,1779746249.37752,2,1680,1050
19,2,2528,1779746249.39419,2,1680,1050
19,2,2529,1779746249.41086,2,1680,1050
19,2,2530,1779746249.42752,2,1680,1050
19,2,2531,1779746249.44419,2,1680,1050
19,2,2532,1779746249.46085,2,1680,1050
19,2,2533,1779746249.47752,2,1680,1050
19,2,2534,1779746249.49419,2,1680,1050
19,2,2535,1779746249.51085,2,1680,1050
19,2,2536,1779746249.52752,2,1680,1050
19,2,2537,1779746249.54418,2,1680,1050
19,2,2538,1779746249.56085,2,1680,1050
19,2,2539,1779746249.57752,2,1680,1050
19,2,2540,1779746249.59418,2,1680,1050
19,2,2541,1779746249.61085,2,1680,1050
19,2,2542,1779746249.62751,2,1680,1050
19,2,2543,1779746249.64418,2,1680,1050
19,2,2544,1779746249.66085,2,1680,1050
19,2,2545,1779746249.67751,2,1680,1050
19,2,2546,1779746249.69418,2,1680,1050
19,2,2547,1779746249.71084,2,1680,1050
19,2,2548,1779746249.72751,2,1680,1050
19,2,2549,1779746249.74418,2,1680,1050
19,2,2550,1779746249.76084,2,1680,1050
19,2,2551,1779746249.77751,2,1680,1050
19,2,2552,1779746249.79418,2,1680,1050
19,2,2553,1779746249.81084,2,1680,1050
19,2,2554,1779746249.82751,2,1680,1050
19,2,2555,1779746249.84417,2,1680,1050
19,2,2556,1779746249.86084,2,1680,1050
19,2,2557,1779746249.87751,2,1680,1050
19,2,2558,1779746249.89417,2,1680,1050
19,2,2559,1779746249.91084,2,1680,1050
19,2,2560,1779746249.9275,2,1680,1050
19,2,2561,1779746249.94417,2,1680,1050
19,2,2562,1779746249.96084,2,1680,1050
19,2,2563,1779746249.9775,2,1680,1050
19,2,2564,1779746249.99417,2,1680,1050
19,2,2565,1779746250.01083,2,1680,1050
19,2,2566,1779746250.0275,2,1680,1050
19,2,2567,1779746250.04417,2,1680,1050
19,2,2568,1779746250.06083,2,1680,1050
19,2,2569,1779746250.0775,2,1680,1050
19,2,2570,1779746250.09416,2,1680,1050
19,2,2571,1779746250.11083,2,1680,1050
19,2,2572,1779746250.1275,2,1680,1050
19,2,2573,1779746250.14416,2,1680,1050
19,2,2574,1779746250.16083,2,1680,1050
19,2,2575,1779746250.17749,2,1680,1050
19,2,2576,1779746250.19416,2,1680,1050
19,2,2577,1779746250.21083,2,1680,1050
19,2,2578,1779746250.22749,2,1680,1050
19,2,2579,1779746250.24416,2,1680,1050
19,2,2580,1779746250.26083,2,1680,1050
19,2,2581,1779746250.27749,2,1680,1050
19,2,2582,1779746250.29416,-1,1680,1050
19,2,2583,1779746250.31082,-1,1680,1050
19,2,2584,1779746250.32749,-1,1680,1050
19,2,2585,1779746250.34416,-1,1680,1050
19,2,2586,1779746250.36082,-1,1680,1050
19,2,2587,1779746250.37749,-1,1680,1050
19,2,2588,1779746250.39415,-1,1680,1050
19,2,2589,1779746250.41082,-1,1680,1050
19,2,2590,1779746250.42749,-1,1680,1050
19,2,2591,1779746250.44415,-1,1680,1050
19,2,2592,1779746250.46082,-1,1680,1050
19,2,2593,1779746250.47748,-1,1680,1050
19,2,2594,1779746250.49415,-1,1680,1050
19,2,2595,1779746250.51082,-1,1680,1050
19,2,2596,1779746250.52748,-1,1680,1050
19,2,2597,1779746250.54415,-1,1680,1050
19,2,2598,1779746250.56081,-1,1680,1050
19,2,2599,1779746250.57748,-1,1680,1050
19,2,2600,1779746250.59415,-1,1680,1050
19,2,2601,1779746250.61081,-1,1680,1050
19,2,2602,1779746250.62748,-1,1680,1050
19,2,2603,1779746250.64415,-1,1680,1050
19,2,2604,1779746250.66081,-1,1680,1050
19,2,2605,1779746250.67748,-1,1680,1050
19,2,2606,1779746250.69414,-1,1680,1050
19,2,2607,1779746250.71081,-1,1680,1050
19,2,2608,1779746250.72748,-1,1680,1050
19,2,2609,1779746250.74414,-1,1680,1050
19,2,2610,1779746250.76081,-1,1680,1050
19,2,2611,1779746250.77747,-1,1680,1050
19,2,2612,1779746250.79414,-1,1680,1050
19,2,2613,1779746250.81081,-1,1680,1050
19,2,2614,1779746250.82747,-1,1680,1050
19,2,2615,1779746250.84414,-1,1680,1050
19,2,2616,1779746250.8608,-1,1680,1050
19,2,2617,1779746250.87747,-1,1680,1050
19,2,2618,1779746250.89414,-1,1680,1050
19,2,2619,1779746250.9108,-1,1680,1050
19,2,2620,1779746250.92747,-1,1680,1050
19,2,2621,1779746250.94413,-1,1680,1050
19,2,2622,1779746250.9608,-1,1680,1050
19,2,2623,1779746250.97747,-1,1680,1050
19,2,2624,1779746250.99413,-1,1680,1050
19,2,2625,1779746251.0108,-1,1680,1050
19,2,2626,1779746251.02747,-1,1680,1050
19,2,2627,1779746251.04413,-1,1680,1050
19,2,2628,1779746251.0608,-1,1680,1050
19,2,2629,1779746251.07746,-1,1680,1050
19,2,2630,1779746251.09413,-1,1680,1050
19,2,2631,1779746251.1108,-1,1680,1050
19,2,2632,1779746251.12746,-1,1680,1050
19,2,2633,1779746251.14413,-1,1680,1050
19,2,2634,1779746251.16079,-1,1680,1050
19,2,2635,1779746251.17746,-1,1680,1050
19,2,2636,1779746251.19412,-1,1680,1050
19,2,2637,1779746251.21079,-1,1680,1050
19,2,2638,1779746251.22746,-1,1680,1050
19,2,2639,1779746251.24412,-1,1680,1050
19,2,2640,1779746251.26079,-1,1680,1050
19,2,2641,1779746251.27746,-1,1680,1050
19,2,2642,1779746251.29412,-1,1680,1050
19,2,2643,1779746251.31079,-1,1680,1050
19,2,2644,1779746251.32745,-1,1680,1050
19,2,2645,1779746251.34412,-1,1680,1050
19,2,2646,1779746251.36079,-1,1680,1050
19,2,2647,1779746251.37745,-1,1680,1050
19,2,2648,1779746251.39412,-1,1680,1050
19,2,2649,1779746251.41078,-1,1680,1050
19,2,2650,1779746251.42745,-1,1680,1050
19,2,2651,1779746251.44412,-1,1680,1050
19,2,2652,1779746251.46078,-1,1680,1050
19,2,2653,1779746251.47745,-1,1680,1050
19,2,2654,1779746251.49412,-1,1680,1050
19,2,2655,1779746251.51078,-1,1680,1050
19,2,2656,1779746251.52745,-1,1680,1050
19,2,2657,1779746251.54411,-1,1680,1050
19,2,2658,1779746251.56078,-1,1680,1050
19,2,2659,1779746251.57745,-1,1680,1050
19,2,2660,1779746251.59411,-1,1680,1050
19,2,2661,1779746251.61078,-1,1680,1050
19,2,2662,1779746251.62744,-1,1680,1050
19,2,2663,1779746251.66077,-1,1680,1050
19,2,2664,1779746251.67744,-1,1680,1050
19,2,2665,1779746251.69411,-1,1680,1050
19,2,2666,1779746251.71077,-1,1680,1050
19,2,2667,1779746251.72744,-1,1680,1050
19,2,2668,1779746251.74411,-1,1680,1050
19,2,2669,1779746251.76077,-1,1680,1050
19,2,2670,1779746251.77744,-1,1680,1050
19,2,2671,1779746251.7941,-1,1680,1050
19,2,2672,1779746251.81077,-1,1680,1050
19,2,2673,1779746251.82744,-1,1680,1050
19,2,2674,1779746251.8441,-1,1680,1050
19,2,2675,1779746251.86077,-1,1680,1050
19,2,2676,1779746251.87743,-1,1680,1050
19,2,2677,1779746251.8941,-1,1680,1050
19,2,2678,1779746251.91077,-1,1680,1050
19,2,2679,1779746251.92743,-1,1680,1050
19,2,2680,1779746251.9441,-1,1680,1050
19,2,2681,1779746251.96077,-1,1680,1050
19,2,2682,1779746251.97743,-1,1680,1050
19,2,2683,1779746251.9941,-1,1680,1050
19,2,2684,1779746252.01076,-1,1680,1050
19,2,2685,1779746252.02743,-1,1680,1050
19,2,2686,1779746252.0441,-1,1680,1050
19,2,2687,1779746252.06076,-1,1680,1050
19,2,2688,1779746252.07743,-1,1680,1050
19,2,2689,1779746252.09409,-1,1680,1050
19,2,2690,1779746252.11076,-1,1680,1050
19,2,2691,1779746252.12743,-1,1680,1050
19,2,2692,1779746252.14409,-1,1680,1050
19,2,2693,1779746252.16076,-1,1680,1050
19,2,2694,1779746252.17742,-1,1680,1050
19,2,2695,1779746252.19409,-1,1680,1050
19,2,2696,1779746252.21078,-1,1680,1050
19,2,2697,1779746252.22742,-1,1680,1050
19,2,2698,1779746252.24409,-1,1680,1050
19,2,2699,1779746252.26076,-1,1680,1050
19,2,2700,1779746252.27742,-1,1680,1050
19,2,2701,1779746252.29409,-1,1680,1050
19,2,2702,1779746252.31075,-1,1680,1050
19,2,2703,1779746252.32742,-1,1680,1050
19,2,2704,1779746252.34409,-1,1680,1050
19,2,2705,1779746252.36075,-1,1680,1050
19,2,2706,1779746252.37742,-1,1680,1050
19,2,2707,1779746252.39408,-1,1680,1050
19,2,2708,1779746252.41075,-1,1680,1050
19,2,2709,1779746252.42742,-1,1680,1050
19,2,2710,1779746252.44408,-1,1680,1050
19,2,2711,1779746252.46075,-1,1680,1050
19,2,2712,1779746252.47741,-1,1680,1050
19,2,2713,1779746252.49408,-1,1680,1050
19,2,2714,1779746252.51075,-1,1680,1050
19,2,2715,1779746252.52741,-1,1680,1050
19,2,2716,1779746252.54408,-1,1680,1050
19,2,2717,1779746252.56074,-1,1680,1050
19,2,2718,1779746252.57741,-1,1680,1050
19,2,2719,1779746252.59408,-1,1680,1050
19,2,2720,1779746252.61074,-1,1680,1050
19,2,2721,1779746252.62741,-1,1680,1050
19,2,2722,1779746252.64407,-1,1680,1050
19,2,2723,1779746252.66074,-1,1680,1050
19,2,2724,1779746252.67741,-1,1680,1050
19,2,2725,1779746252.69407,-1,1680,1050
19,2,2726,1779746252.71074,-1,1680,1050
19,2,2727,1779746252.7274,-1,1680,1050
19,2,2728,1779746252.74407,-1,1680,1050
19,2,2729,1779746252.76074,-1,1680,1050
19,2,2730,1779746252.7774,-1,1680,1050
19,2,2731,1779746252.79407,-1,1680,1050
19,2,2732,1779746252.81074,-1,1680,1050
19,2,2733,1779746252.8274,-1,1680,1050
19,2,2734,1779746252.84407,-1,1680,1050
19,2,2735,1779746252.86073,-1,1680,1050
19,2,2736,1779746252.8774,-1,1680,1050
19,2,2737,1779746252.89407,-1,1680,1050
19,2,2738,1779746252.91073,-1,1680,1050
19,2,2739,1779746252.9274,-1,1680,1050
19,2,2740,1779746252.94406,-1,1680,1050
19,2,2741,1779746252.96073,-1,1680,1050
19,2,2742,1779746252.9774,-1,1680,1050
19,2,2743,1779746252.99406,-1,1680,1050
19,2,2744,1779746253.01073,-1,1680,1050
19,2,2745,1779746253.02739,-1,1680,1050
19,2,2746,1779746253.04406,-1,1680,1050
19,2,2747,1779746253.06073,-1,1680,1050
19,2,2748,1779746253.07739,-1,1680,1050
19,2,2749,1779746253.09406,-1,1680,1050
19,2,2750,1779746253.11073,-1,1680,1050
19,2,2751,1779746253.12739,-1,1680,1050
19,2,2752,1779746253.14406,-1,1680,1050
19,2,2753,1779746253.16072,-1,1680,1050
19,2,2754,1779746253.17739,-1,1680,1050
19,2,2755,1779746253.19405,-1,1680,1050
19,2,2756,1779746253.21072,-1,1680,1050
19,2,2757,1779746253.22739,-1,1680,1050
19,2,2758,1779746253.24405,-1,1680,1050
19,2,2759,1779746253.26072,-1,1680,1050
19,2,2760,1779746253.27739,-1,1680,1050
19,2,2761,1779746253.29405,-1,1680,1050
19,2,2762,1779746253.31072,1,1680,1050
19,2,2763,1779746253.32738,1,1680,1050
19,2,2764,1779746253.34405,1,1680,1050
19,2,2765,1779746253.36072,1,1680,1050
19,2,2766,1779746253.37738,1,1680,1050
19,2,2767,1779746253.39405,1,1680,1050
19,2,2768,1779746253.41071,1,1680,1050
19,2,2769,1779746253.42738,1,1680,1050
19,2,2770,1779746253.44404,1,1680,1050
19,2,2771,1779746253.46071,1,1680,1050
19,2,2772,1779746253.47738,1,1680,1050
19,2,2773,1779746253.49404,1,1680,1050
19,2,2774,1779746253.51071,1,1680,1050
19,2,2775,1779746253.52738,1,1680,1050
19,2,2776,1779746253.54404,1,1680,1050
19,2,2777,1779746253.56071,1,1680,1050
19,2,2778,1779746253.57738,1,1680,1050
19,2,2779,1779746253.59404,1,1680,1050
19,2,2780,1779746253.61071,1,1680,1050
19,2,2781,1779746253.62737,1,1680,1050
19,2,2782,1779746253.64404,1,1680,1050
19,2,2783,1779746253.66071,1,1680,1050
19,2,2784,1779746253.67737,1,1680,1050
19,2,2785,1779746253.69404,1,1680,1050
19,2,2786,1779746253.7107,1,1680,1050
19,2,2787,1779746253.72737,1,1680,1050
19,2,2788,1779746253.74404,1,1680,1050
19,2,2789,1779746253.7607,1,1680,1050
19,2,2790,1779746253.77737,1,1680,1050
19,2,2791,1779746253.79403,1,1680,1050
19,2,2792,1779746253.8107,1,1680,1050
19,2,2793,1779746253.82737,1,1680,1050
19,2,2794,1779746253.84403,1,1680,1050
19,2,2795,1779746253.8607,1,1680,1050
19,2,2796,1779746253.87736,1,1680,1050
19,2,2797,1779746253.89403,1,1680,1050
19,2,2798,1779746253.9107,1,1680,1050
19,2,2799,1779746253.92736,1,1680,1050
19,2,2800,1779746253.94403,1,1680,1050
19,2,2801,1779746253.96069,1,1680,1050
19,2,2802,1779746253.97736,1,1680,1050
19,2,2803,1779746253.99403,1,1680,1050
19,2,2804,1779746254.01069,1,1680,1050
19,2,2805,1779746254.02736,1,1680,1050
19,2,2806,1779746254.04403,1,1680,1050
19,2,2807,1779746254.06069,1,1680,1050
19,2,2808,1779746254.07736,1,1680,1050
19,2,2809,1779746254.09402,1,1680,1050
19,2,2810,1779746254.11069,1,1680,1050
19,2,2811,1779746254.12736,1,1680,1050
19,2,2812,1779746254.14402,1,1680,1050
19,2,2813,1779746254.16069,1,1680,1050
19,2,2814,1779746254.17735,1,1680,1050
19,2,2815,1779746254.19402,1,1680,1050
19,2,2816,1779746254.21069,1,1680,1050
19,2,2817,1779746254.22735,1,1680,1050
19,2,2818,1779746254.24402,1,1680,1050
19,2,2819,1779746254.26068,1,1680,1050
19,2,2820,1779746254.27735,1,1680,1050
19,2,2821,1779746254.29402,1,1680,1050
19,2,2822,1779746254.31068,1,1680,1050
19,2,2823,1779746254.32735,1,1680,1050
19,2,2824,1779746254.34402,1,1680,1050
19,2,2825,1779746254.36068,1,1680,1050
19,2,2826,1779746254.37735,1,1680,1050
19,2,2827,1779746254.39401,1,1680,1050
19,2,2828,1779746254.41068,1,1680,1050
19,2,2829,1779746254.42735,1,1680,1050
19,2,2830,1779746254.44401,1,1680,1050
19,2,2831,1779746254.46068,1,1680,1050
19,2,2832,1779746254.47734,1,1680,1050
19,2,2833,1779746254.49401,1,1680,1050
19,2,2834,1779746254.51068,1,1680,1050
19,2,2835,1779746254.52734,1,1680,1050
19,2,2836,1779746254.54401,1,1680,1050
19,2,2837,1779746254.56067,1,1680,1050
19,2,2838,1779746254.57734,1,1680,1050
19,2,2839,1779746254.59401,1,1680,1050
19,2,2840,1779746254.61067,1,1680,1050
19,2,2841,1779746254.62734,1,1680,1050
19,2,2842,1779746254.644,1,1680,1050
19,2,2843,1779746254.66067,1,1680,1050
19,2,2844,1779746254.67734,1,1680,1050
19,2,2845,1779746254.694,1,1680,1050
19,2,2846,1779746254.71067,1,1680,1050
19,2,2847,1779746254.72733,1,1680,1050
19,2,2848,1779746254.744,1,1680,1050
19,2,2849,1779746254.76067,1,1680,1050
19,2,2850,1779746254.77733,1,1680,1050
19,2,2851,1779746254.794,1,1680,1050
19,2,2852,1779746254.81066,1,1680,1050
19,2,2853,1779746254.82733,1,1680,1050
19,2,2854,1779746254.844,1,1680,1050
19,2,2855,1779746254.86066,1,1680,1050
19,2,2856,1779746254.87733,1,1680,1050
19,2,2857,1779746254.894,1,1680,1050
19,2,2858,1779746254.91066,1,1680,1050
19,2,2859,1779746254.92733,1,1680,1050
19,2,2860,1779746254.94399,1,1680,1050
19,2,2861,1779746254.96066,1,1680,1050
19,2,2862,1779746254.97733,1,1680,1050
19,2,2863,1779746254.99399,1,1680,1050
19,2,2864,1779746255.01066,1,1680,1050
19,2,2865,1779746255.02732,1,1680,1050
19,2,2866,1779746255.04399,1,1680,1050
19,2,2867,1779746255.06066,1,1680,1050
19,2,2868,1779746255.07732,1,1680,1050
19,2,2869,1779746255.09399,1,1680,1050
19,2,2870,1779746255.11065,1,1680,1050
19,2,2871,1779746255.12732,1,1680,1050
19,2,2872,1779746255.14399,1,1680,1050
19,2,2873,1779746255.16065,1,1680,1050
19,2,2874,1779746255.17732,1,1680,1050
19,2,2875,1779746255.19399,1,1680,1050
19,2,2876,1779746255.21065,1,1680,1050
19,2,2877,1779746255.22732,1,1680,1050
19,2,2878,1779746255.24398,1,1680,1050
19,2,2879,1779746255.26065,1,1680,1050
19,2,2880,1779746255.27731,1,1680,1050
19,2,2881,1779746255.29398,1,1680,1050
19,2,2882,1779746255.31065,1,1680,1050
19,2,2883,1779746255.32731,1,1680,1050
19,2,2884,1779746255.34398,1,1680,1050
19,2,2885,1779746255.36065,1,1680,1050
19,2,2886,1779746255.37731,1,1680,1050
19,2,2887,1779746255.39398,1,1680,1050
19,2,2888,1779746255.41064,1,1680,1050
19,2,2889,1779746255.42731,1,1680,1050
19,2,2890,1779746255.44398,1,1680,1050
19,2,2891,1779746255.46064,1,1680,1050
19,2,2892,1779746255.47731,1,1680,1050
19,2,2893,1779746255.49397,1,1680,1050
19,2,2894,1779746255.51064,1,1680,1050
19,2,2895,1779746255.52731,1,1680,1050
19,2,2896,1779746255.54397,1,1680,1050
19,2,2897,1779746255.56064,1,1680,1050
19,2,2898,1779746255.5773,1,1680,1050
19,2,2899,1779746255.59397,1,1680,1050
19,2,2900,1779746255.61064,1,1680,1050
19,2,2901,1779746255.6273,1,1680,1050
19,2,2902,1779746255.64397,1,1680,1050
19,2,2903,1779746255.66064,1,1680,1050
19,2,2904,1779746255.6773,1,1680,1050
19,2,2905,1779746255.69397,1,1680,1050
19,2,2906,1779746255.71063,1,1680,1050
19,2,2907,1779746255.7273,1,1680,1050
19,2,2908,1779746255.74397,1,1680,1050
19,2,2909,1779746255.76063,1,1680,1050
19,2,2910,1779746255.7773,1,1680,1050
19,2,2911,1779746255.79396,1,1680,1050
19,2,2912,1779746255.81063,1,1680,1050
19,2,2913,1779746255.8273,1,1680,1050
19,2,2914,1779746255.84396,1,1680,1050
19,2,2915,1779746255.86063,1,1680,1050
19,2,2916,1779746255.87729,1,1680,1050
19,2,2917,1779746255.89396,1,1680,1050
19,2,2918,1779746255.91063,1,1680,1050
19,2,2919,1779746255.92729,1,1680,1050
19,2,2920,1779746255.94396,1,1680,1050
19,2,2921,1779746255.96062,1,1680,1050
19,2,2922,1779746255.97729,1,1680,1050
19,2,2923,1779746255.99396,1,1680,1050
19,2,2924,1779746256.01062,1,1680,1050
19,2,2925,1779746256.02729,1,1680,1050
19,2,2926,1779746256.04396,1,1680,1050
19,2,2927,1779746256.06062,1,1680,1050
19,2,2928,1779746256.07729,1,1680,1050
19,2,2929,1779746256.09395,1,1680,1050
19,2,2930,1779746256.11062,1,1680,1050
19,2,2931,1779746256.12728,1,1680,1050
19,2,2932,1779746256.14395,1,1680,1050
19,2,2933,1779746256.16062,1,1680,1050
19,2,2934,1779746256.17728,1,1680,1050
19,2,2935,1779746256.19395,1,1680,1050
19,2,2936,1779746256.21062,1,1680,1050
19,2,2937,1779746256.22728,1,1680,1050
19,2,2938,1779746256.24395,1,1680,1050
19,2,2939,1779746256.26061,1,1680,1050
19,2,2940,1779746256.27728,1,1680,1050
19,2,2941,1779746256.29395,1,1680,1050
19,2,2942,1779746256.31061,1,1680,1050
19,2,2943,1779746256.32728,1,1680,1050
19,2,2944,1779746256.34394,1,1680,1050
19,2,2945,1779746256.36061,1,1680,1050
19,2,2946,1779746256.37728,1,1680,1050
19,2,2947,1779746256.39394,1,1680,1050
19,2,2948,1779746256.41061,1,1680,1050
19,2,2949,1779746256.42727,1,1680,1050
19,2,2950,1779746256.44394,1,1680,1050
19,2,2951,1779746256.46061,1,1680,1050
19,2,2952,1779746256.47727,1,1680,1050
19,2,2953,1779746256.49394,1,1680,1050
19,2,2954,1779746256.51061,1,1680,1050
19,2,2955,1779746256.52727,1,1680,1050
19,2,2956,1779746256.54394,1,1680,1050
19,2,2957,1779746256.5606,1,1680,1050
19,2,2958,1779746256.57727,1,1680,1050
19,2,2959,1779746256.59394,1,1680,1050
19,2,2960,1779746256.6106,1,1680,1050
19,2,2961,1779746256.62727,1,1680,1050
19,2,2962,1779746256.64393,1,1680,1050
19,2,2963,1779746256.6606,1,1680,1050
19,2,2964,1779746256.67727,1,1680,1050
19,2,2965,1779746256.69393,1,1680,1050
19,2,2966,1779746256.7106,1,1680,1050
19,2,2967,1779746256.72726,1,1680,1050
19,2,2968,1779746256.74393,1,1680,1050
19,2,2969,1779746256.7606,1,1680,1050
19,2,2970,1779746256.77726,1,1680,1050
19,2,2971,1779746256.79393,1,1680,1050
19,2,2972,1779746256.81059,1,1680,1050
19,2,2973,1779746256.82726,1,1680,1050
19,2,2974,1779746256.84393,1,1680,1050
19,2,2975,1779746256.86059,1,1680,1050
19,2,2976,1779746256.87726,1,1680,1050
19,2,2977,1779746256.89393,1,1680,1050
19,2,2978,1779746256.91059,1,1680,1050
19,2,2979,1779746256.92726,1,1680,1050
19,2,2980,1779746256.94392,1,1680,1050
19,2,2981,1779746256.96059,1,1680,1050
19,2,2982,1779746256.97726,1,1680,1050
19,2,2983,1779746256.99392,1,1680,1050
19,2,2984,1779746257.01059,1,1680,1050
19,2,2985,1779746257.02725,1,1680,1050
19,2,2986,1779746257.04392,1,1680,1050
19,2,2987,1779746257.06059,1,1680,1050
19,2,2988,1779746257.07725,1,1680,1050
19,2,2989,1779746257.09392,1,1680,1050
19,2,2990,1779746257.11058,1,1680,1050
19,2,2991,1779746257.12725,1,1680,1050
19,2,2992,1779746257.14392,1,1680,1050
19,2,2993,1779746257.16058,1,1680,1050
19,2,2994,1779746257.17725,1,1680,1050
19,2,2995,1779746257.19391,1,1680,1050
19,2,2996,1779746257.21058,1,1680,1050
19,2,2997,1779746257.22725,1,1680,1050
19,2,2998,1779746257.24391,1,1680,1050
19,2,2999,1779746257.26058,1,1680,1050
19,2,3000,1779746257.27725,1,1680,1050
19,2,3001,1779746257.29391,1,1680,1050
19,2,3002,1779746257.31058,2,1680,1050
19,2,3003,1779746257.32724,2,1680,1050
19,2,3004,1779746257.34391,2,1680,1050
19,2,3005,1779746257.36057,2,1680,1050
19,2,3006,1779746257.37724,2,1680,1050
19,2,3007,1779746257.39391,2,1680,1050
19,2,3008,1779746257.41057,2,1680,1050
19,2,3009,1779746257.42724,2,1680,1050
19,2,3010,1779746257.44391,2,1680,1050
19,2,3011,1779746257.46057,2,1680,1050
19,2,3012,1779746257.47724,2,1680,1050
19,2,3013,1779746257.4939,2,1680,1050
19,2,3014,1779746257.51057,2,1680,1050
19,2,3015,1779746257.52724,2,1680,1050
19,2,3016,1779746257.5439,2,1680,1050
19,2,3017,1779746257.56057,2,1680,1050
19,2,3018,1779746257.57723,2,1680,1050
19,2,3019,1779746257.5939,2,1680,1050
19,2,3020,1779746257.61057,2,1680,1050
19,2,3021,1779746257.62723,2,1680,1050
19,2,3022,1779746257.6439,2,1680,1050
19,2,3023,1779746257.66057,2,1680,1050
19,2,3024,1779746257.67723,2,1680,1050
19,2,3025,1779746257.6939,2,1680,1050
19,2,3026,1779746257.71056,2,1680,1050
19,2,3027,1779746257.72723,2,1680,1050
19,2,3028,1779746257.7439,2,1680,1050
19,2,3029,1779746257.76056,2,1680,1050
19,2,3030,1779746257.77723,2,1680,1050
19,2,3031,1779746257.79389,2,1680,1050
19,2,3032,1779746257.81056,2,1680,1050
19,2,3033,1779746257.82722,2,1680,1050
19,2,3034,1779746257.84389,2,1680,1050
19,2,3035,1779746257.86056,2,1680,1050
19,2,3036,1779746257.87722,2,1680,1050
19,2,3037,1779746257.89389,2,1680,1050
19,2,3038,1779746257.91056,2,1680,1050
19,2,3039,1779746257.92722,2,1680,1050
19,2,3040,1779746257.94389,2,1680,1050
19,2,3041,1779746257.96055,2,1680,1050
19,2,3042,1779746257.97722,2,1680,1050
19,2,3043,1779746257.99389,2,1680,1050
19,2,3044,1779746258.01055,2,1680,1050
19,2,3045,1779746258.02722,2,1680,1050
19,2,3046,1779746258.04388,2,1680,1050
19,2,3047,1779746258.06055,2,1680,1050
19,2,3048,1779746258.07722,2,1680,1050
19,2,3049,1779746258.09388,2,1680,1050
19,2,3050,1779746258.11055,2,1680,1050
19,2,3051,1779746258.12721,2,1680,1050
19,2,3052,1779746258.14388,2,1680,1050
19,2,3053,1779746258.16055,2,1680,1050
19,2,3054,1779746258.17721,2,1680,1050
19,2,3055,1779746258.19388,2,1680,1050
19,2,3056,1779746258.21055,2,1680,1050
19,2,3057,1779746258.22721,2,1680,1050
19,2,3058,1779746258.24388,2,1680,1050
19,2,3059,1779746258.26054,2,1680,1050
19,2,3060,1779746258.27721,2,1680,1050
19,2,3061,1779746258.29388,2,1680,1050
19,2,3062,1779746258.31054,2,1680,1050
19,2,3063,1779746258.32721,2,1680,1050
19,2,3064,1779746258.34387,2,1680,1050
19,2,3065,1779746258.36054,2,1680,1050
19,2,3066,1779746258.37721,2,1680,1050
19,2,3067,1779746258.39387,2,1680,1050
19,2,3068,1779746258.41054,2,1680,1050
19,2,3069,1779746258.4272,2,1680,1050
19,2,3070,1779746258.44387,2,1680,1050
19,2,3071,1779746258.46054,2,1680,1050
19,2,3072,1779746258.4772,2,1680,1050
19,2,3073,1779746258.49387,2,1680,1050
19,2,3074,1779746258.51054,2,1680,1050
19,2,3075,1779746258.5272,2,1680,1050
19,2,3076,1779746258.54387,2,1680,1050
19,2,3077,1779746258.56053,2,1680,1050
19,2,3078,1779746258.5772,2,1680,1050
19,2,3079,1779746258.59387,2,1680,1050
19,2,3080,1779746258.61053,2,1680,1050
19,2,3081,1779746258.6272,2,1680,1050
19,2,3082,1779746258.64386,2,1680,1050
19,2,3083,1779746258.66053,2,1680,1050
19,2,3084,1779746258.6772,2,1680,1050
19,2,3085,1779746258.69386,2,1680,1050
19,2,3086,1779746258.71053,2,1680,1050
19,2,3087,1779746258.72719,2,1680,1050
19,2,3088,1779746258.74386,2,1680,1050
19,2,3089,1779746258.76053,2,1680,1050
19,2,3090,1779746258.77719,2,1680,1050
19,2,3091,1779746258.79386,2,1680,1050
19,2,3092,1779746258.81052,2,1680,1050
19,2,3093,1779746258.82719,2,1680,1050
19,2,3094,1779746258.84386,2,1680,1050
19,2,3095,1779746258.86052,2,1680,1050
19,2,3096,1779746258.87719,2,1680,1050
19,2,3097,1779746258.89386,2,1680,1050
19,2,3098,1779746258.91052,2,1680,1050
19,2,3099,1779746258.92719,2,1680,1050
19,2,3100,1779746258.94385,2,1680,1050
19,2,3101,1779746258.96052,2,1680,1050
19,2,3102,1779746258.97719,2,1680,1050
19,2,3103,1779746258.99385,2,1680,1050
19,2,3104,1779746259.01052,2,1680,1050
19,2,3105,1779746259.02718,2,1680,1050
19,2,3106,1779746259.04385,2,1680,1050
19,2,3107,1779746259.06051,2,1680,1050
19,2,3108,1779746259.07718,2,1680,1050
19,2,3109,1779746259.09385,2,1680,1050
19,2,3110,1779746259.11051,2,1680,1050
19,2,3111,1779746259.12718,2,1680,1050
19,2,3112,1779746259.14384,2,1680,1050
19,2,3113,1779746259.16051,2,1680,1050
19,2,3114,1779746259.17718,2,1680,1050
19,2,3115,1779746259.19384,2,1680,1050
19,2,3116,1779746259.21051,2,1680,1050
19,2,3117,1779746259.22718,2,1680,1050
19,2,3118,1779746259.24384,2,1680,1050
19,2,3119,1779746259.26051,2,1680,1050
19,2,3120,1779746259.27717,2,1680,1050
19,2,3121,1779746259.29384,2,1680,1050
19,2,3122,1779746259.31051,1,1680,1050
19,2,3123,1779746259.32717,1,1680,1050
19,2,3124,1779746259.34384,1,1680,1050
19,2,3125,1779746259.36051,1,1680,1050
19,2,3126,1779746259.37717,1,1680,1050
19,2,3127,1779746259.39384,1,1680,1050
19,2,3128,1779746259.4105,1,1680,1050
19,2,3129,1779746259.42717,1,1680,1050
19,2,3130,1779746259.44384,1,1680,1050
19,2,3131,1779746259.4605,1,1680,1050
19,2,3132,1779746259.47717,1,1680,1050
19,2,3133,1779746259.49383,1,1680,1050
19,2,3134,1779746259.5105,1,1680,1050
19,2,3135,1779746259.52717,1,1680,1050
19,2,3136,1779746259.54383,1,1680,1050
19,2,3137,1779746259.5605,1,1680,1050
19,2,3138,1779746259.57716,1,1680,1050
19,2,3139,1779746259.59383,1,1680,1050
19,2,3140,1779746259.6105,1,1680,1050
19,2,3141,1779746259.62716,1,1680,1050
19,2,3142,1779746259.64383,1,1680,1050
19,2,3143,1779746259.66049,1,1680,1050
19,2,3144,1779746259.67716,1,1680,1050
19,2,3145,1779746259.69383,1,1680,1050
19,2,3146,1779746259.71049,1,1680,1050
19,2,3147,1779746259.72716,1,1680,1050
19,2,3148,1779746259.74382,1,1680,1050
19,2,3149,1779746259.76049,1,1680,1050
19,2,3150,1779746259.77716,1,1680,1050
19,2,3151,1779746259.79382,1,1680,1050
19,2,3152,1779746259.81049,1,1680,1050
19,2,3153,1779746259.82716,1,1680,1050
19,2,3154,1779746259.84382,1,1680,1050
19,2,3155,1779746259.86049,1,1680,1050
19,2,3156,1779746259.87715,1,1680,1050
19,2,3157,1779746259.89382,1,1680,1050
19,2,3158,1779746259.91049,1,1680,1050
19,2,3159,1779746259.92715,1,1680,1050
19,2,3160,1779746259.94382,1,1680,1050
19,2,3161,1779746259.96048,1,1680,1050
19,2,3162,1779746259.97715,1,1680,1050
19,2,3163,1779746259.99381,1,1680,1050
19,2,3164,1779746260.01048,1,1680,1050
19,2,3165,1779746260.02715,1,1680,1050
19,2,3166,1779746260.04381,1,1680,1050
19,2,3167,1779746260.06048,1,1680,1050
19,2,3168,1779746260.07715,1,1680,1050
19,2,3169,1779746260.09381,1,1680,1050
19,2,3170,1779746260.11048,1,1680,1050
19,2,3171,1779746260.12714,1,1680,1050
19,2,3172,1779746260.14381,1,1680,1050
19,2,3173,1779746260.16048,1,1680,1050
19,2,3174,1779746260.19381,1,1680,1050
19,2,3175,1779746260.21047,1,1680,1050
19,2,3176,1779746260.22714,1,1680,1050
19,2,3177,1779746260.24381,1,1680,1050
19,2,3178,1779746260.26047,1,1680,1050
19,2,3179,1779746260.27714,1,1680,1050
19,2,3180,1779746260.29381,1,1680,1050
19,2,3181,1779746260.31047,1,1680,1050
19,2,3182,1779746260.32714,1,1680,1050
19,2,3183,1779746260.3438,1,1680,1050
19,2,3184,1779746260.36047,1,1680,1050
19,2,3185,1779746260.37714,1,1680,1050
19,2,3186,1779746260.3938,1,1680,1050
19,2,3187,1779746260.41047,1,1680,1050
19,2,3188,1779746260.42713,1,1680,1050
19,2,3189,1779746260.4438,1,1680,1050
19,2,3190,1779746260.46047,1,1680,1050
19,2,3191,1779746260.47713,1,1680,1050
19,2,3192,1779746260.4938,1,1680,1050
19,2,3193,1779746260.51046,1,1680,1050
19,2,3194,1779746260.52713,1,1680,1050
19,2,3195,1779746260.5438,1,1680,1050
19,2,3196,1779746260.56046,1,1680,1050
19,2,3197,1779746260.57713,1,1680,1050
19,2,3198,1779746260.5938,1,1680,1050
19,2,3199,1779746260.61046,1,1680,1050
19,2,3200,1779746260.62713,1,1680,1050
19,2,3201,1779746260.64379,1,1680,1050
19,2,3202,1779746260.66046,1,1680,1050
19,2,3203,1779746260.67712,1,1680,1050
19,2,3204,1779746260.69379,1,1680,1050
19,2,3205,1779746260.71046,1,1680,1050
19,2,3206,1779746260.72712,1,1680,1050
19,2,3207,1779746260.74379,1,1680,1050
19,2,3208,1779746260.76046,1,1680,1050
19,2,3209,1779746260.77712,1,1680,1050
19,2,3210,1779746260.79379,1,1680,1050
19,2,3211,1779746260.81045,1,1680,1050
19,2,3212,1779746260.82712,1,1680,1050
19,2,3213,1779746260.84379,1,1680,1050
19,2,3214,1779746260.86045,1,1680,1050
19,2,3215,1779746260.87712,1,1680,1050
19,2,3216,1779746260.89378,1,1680,1050
19,2,3217,1779746260.91045,1,1680,1050
19,2,3218,1779746260.92712,1,1680,1050
19,2,3219,1779746260.94378,1,1680,1050
19,2,3220,1779746260.96045,1,1680,1050
19,2,3221,1779746260.97712,1,1680,1050
19,2,3222,1779746260.99378,1,1680,1050
19,2,3223,1779746261.01045,1,1680,1050
19,2,3224,1779746261.02711,1,1680,1050
19,2,3225,1779746261.04378,1,1680,1050
19,2,3226,1779746261.06045,1,1680,1050
19,2,3227,1779746261.07711,1,1680,1050
19,2,3228,1779746261.09378,1,1680,1050
19,2,3229,1779746261.11044,1,1680,1050
19,2,3230,1779746261.12711,1,1680,1050
19,2,3231,1779746261.14377,1,1680,1050
19,2,3232,1779746261.16044,1,1680,1050
19,2,3233,1779746261.17711,1,1680,1050
19,2,3234,1779746261.19377,1,1680,1050
19,2,3235,1779746261.21044,1,1680,1050
19,2,3236,1779746261.2271,1,1680,1050
19,2,3237,1779746261.24377,1,1680,1050
19,2,3238,1779746261.26044,1,1680,1050
19,2,3239,1779746261.2771,1,1680,1050
19,2,3240,1779746261.29377,1,1680,1050
19,2,3241,1779746261.31044,1,1680,1050
19,2,3242,1779746261.3271,1,1680,1050
19,2,3243,1779746261.34377,1,1680,1050
19,2,3244,1779746261.36043,1,1680,1050
19,2,3245,1779746261.3771,1,1680,1050
19,2,3246,1779746261.39377,1,1680,1050
19,2,3247,1779746261.41043,1,1680,1050
19,2,3248,1779746261.4271,1,1680,1050
19,2,3249,1779746261.44376,1,1680,1050
19,2,3250,1779746261.46043,1,1680,1050
19,2,3251,1779746261.4771,1,1680,1050
19,2,3252,1779746261.49376,1,1680,1050
19,2,3253,1779746261.51043,1,1680,1050
19,2,3254,1779746261.5271,1,1680,1050
19,2,3255,1779746261.54376,1,1680,1050
19,2,3256,1779746261.56043,1,1680,1050
19,2,3257,1779746261.57709,1,1680,1050
19,2,3258,1779746261.59376,1,1680,1050
19,2,3259,1779746261.61043,1,1680,1050
19,2,3260,1779746261.62709,1,1680,1050
19,2,3261,1779746261.64376,1,1680,1050
19,2,3262,1779746261.66042,1,1680,1050
19,2,3263,1779746261.67709,1,1680,1050
19,2,3264,1779746261.69376,1,1680,1050
19,2,3265,1779746261.71042,1,1680,1050
19,2,3266,1779746261.72709,1,1680,1050
19,2,3267,1779746261.74375,1,1680,1050
19,2,3268,1779746261.76042,1,1680,1050
19,2,3269,1779746261.77709,1,1680,1050
19,2,3270,1779746261.79375,1,1680,1050
19,2,3271,1779746261.81042,1,1680,1050
19,2,3272,1779746261.82708,1,1680,1050
19,2,3273,1779746261.84375,1,1680,1050
19,2,3274,1779746261.86042,1,1680,1050
19,2,3275,1779746261.87708,1,1680,1050
19,2,3276,1779746261.89375,1,1680,1050
19,2,3277,1779746261.91042,1,1680,1050
19,2,3278,1779746261.92708,1,1680,1050
19,2,3279,1779746261.94375,1,1680,1050
19,2,3280,1779746261.96041,1,1680,1050
19,2,3281,1779746261.97708,1,1680,1050
19,2,3282,1779746261.99375,1,1680,1050
19,2,3283,1779746262.01041,1,1680,1050
19,2,3284,1779746262.02708,1,1680,1050
19,2,3285,1779746262.04374,1,1680,1050
19,2,3286,1779746262.06041,1,1680,1050
19,2,3287,1779746262.07708,1,1680,1050
19,2,3288,1779746262.09374,1,1680,1050
19,2,3289,1779746262.11041,1,1680,1050
19,2,3290,1779746262.12707,1,1680,1050
19,2,3291,1779746262.14374,1,1680,1050
19,2,3292,1779746262.16041,1,1680,1050
19,2,3293,1779746262.17707,1,1680,1050
19,2,3294,1779746262.19374,1,1680,1050
19,2,3295,1779746262.2104,1,1680,1050
19,2,3296,1779746262.22707,1,1680,1050
19,2,3297,1779746262.24374,1,1680,1050
19,2,3298,1779746262.2604,1,1680,1050
19,2,3299,1779746262.27707,1,1680,1050
19,2,3300,1779746262.29374,1,1680,1050
19,2,3301,1779746262.3104,1,1680,1050
19,2,3302,1779746262.32707,1,1680,1050
19,2,3303,1779746262.34373,1,1680,1050
19,2,3304,1779746262.3604,1,1680,1050
19,2,3305,1779746262.37706,1,1680,1050
19,2,3306,1779746262.39373,1,1680,1050
19,2,3307,1779746262.4104,1,1680,1050
19,2,3308,1779746262.42706,1,1680,1050
19,2,3309,1779746262.44373,1,1680,1050
19,2,3310,1779746262.4604,1,1680,1050
19,2,3311,1779746262.47706,1,1680,1050
19,2,3312,1779746262.49373,1,1680,1050
19,2,3313,1779746262.51039,1,1680,1050
19,2,3314,1779746262.52706,1,1680,1050
19,2,3315,1779746262.54373,1,1680,1050
19,2,3316,1779746262.56039,1,1680,1050
19,2,3317,1779746262.57706,1,1680,1050
19,2,3318,1779746262.59372,1,1680,1050
19,2,3319,1779746262.61039,1,1680,1050
19,2,3320,1779746262.62706,1,1680,1050
19,2,3321,1779746262.64372,1,1680,1050
19,2,3322,1779746262.66039,1,1680,1050
19,2,3323,1779746262.67706,1,1680,1050
19,2,3324,1779746262.69372,1,1680,1050
19,2,3325,1779746262.71039,1,1680,1050
19,2,3326,1779746262.72705,1,1680,1050
19,2,3327,1779746262.74372,1,1680,1050
19,2,3328,1779746262.76039,1,1680,1050
19,2,3329,1779746262.77705,1,1680,1050
19,2,3330,1779746262.79372,1,1680,1050
19,2,3331,1779746262.81038,1,1680,1050
19,2,3332,1779746262.82705,1,1680,1050
19,2,3333,1779746262.84372,1,1680,1050
19,2,3334,1779746262.86038,1,1680,1050
19,2,3335,1779746262.87705,1,1680,1050
19,2,3336,1779746262.89371,1,1680,1050
19,2,3337,1779746262.91038,1,1680,1050
19,2,3338,1779746262.92705,1,1680,1050
19,2,3339,1779746262.94371,1,1680,1050
19,2,3340,1779746262.96038,1,1680,1050
19,2,3341,1779746262.97704,1,1680,1050
19,2,3342,1779746262.99371,1,1680,1050
19,2,3343,1779746263.01038,1,1680,1050
19,2,3344,1779746263.02704,1,1680,1050
19,2,3345,1779746263.04371,1,1680,1050
19,2,3346,1779746263.06037,1,1680,1050
19,2,3347,1779746263.07704,1,1680,1050
19,2,3348,1779746263.09371,1,1680,1050
19,2,3349,1779746263.11037,1,1680,1050
19,2,3350,1779746263.12704,1,1680,1050
19,2,3351,1779746263.14371,1,1680,1050
19,2,3352,1779746263.16037,1,1680,1050
19,2,3353,1779746263.17704,1,1680,1050
19,2,3354,1779746263.1937,1,1680,1050
19,2,3355,1779746263.21037,1,1680,1050
19,2,3356,1779746263.22704,1,1680,1050
19,2,3357,1779746263.2437,1,1680,1050
19,2,3358,1779746263.26037,1,1680,1050
19,2,3359,1779746263.27703,1,1680,1050
19,2,3360,1779746263.2937,1,1680,1050
19,2,3361,1779746263.31037,1,1680,1050
19,2,3362,1779746263.32703,2,1680,1050
19,2,3363,1779746263.3437,2,1680,1050
19,2,3364,1779746263.36036,2,1680,1050
19,2,3365,1779746263.37703,2,1680,1050
19,2,3366,1779746263.3937,2,1680,1050
19,2,3367,1779746263.41036,2,1680,1050
19,2,3368,1779746263.42703,2,1680,1050
19,2,3369,1779746263.44369,2,1680,1050
19,2,3370,1779746263.46036,2,1680,1050
19,2,3371,1779746263.47703,2,1680,1050
19,2,3372,1779746263.49369,2,1680,1050
19,2,3373,1779746263.51036,2,1680,1050
19,2,3374,1779746263.52702,2,1680,1050
19,2,3375,1779746263.54369,2,1680,1050
19,2,3376,1779746263.56036,2,1680,1050
19,2,3377,1779746263.57702,2,1680,1050
19,2,3378,1779746263.59369,2,1680,1050
19,2,3379,1779746263.61036,2,1680,1050
19,2,3380,1779746263.62702,2,1680,1050
19,2,3381,1779746263.64369,2,1680,1050
19,2,3382,1779746263.66035,2,1680,1050
19,2,3383,1779746263.67702,2,1680,1050
19,2,3384,1779746263.69369,2,1680,1050
19,2,3385,1779746263.71035,2,1680,1050
19,2,3386,1779746263.72702,2,1680,1050
19,2,3387,1779746263.74368,2,1680,1050
19,2,3388,1779746263.76035,2,1680,1050
19,2,3389,1779746263.77702,2,1680,1050
19,2,3390,1779746263.79368,2,1680,1050
19,2,3391,1779746263.81035,2,1680,1050
19,2,3392,1779746263.82701,2,1680,1050
19,2,3393,1779746263.84368,2,1680,1050
19,2,3394,1779746263.86035,2,1680,1050
19,2,3395,1779746263.87701,2,1680,1050
19,2,3396,1779746263.89368,2,1680,1050
19,2,3397,1779746263.91034,2,1680,1050
19,2,3398,1779746263.92701,2,1680,1050
19,2,3399,1779746263.94368,2,1680,1050
19,2,3400,1779746263.96034,2,1680,1050
19,2,3401,1779746263.97701,2,1680,1050
19,2,3402,1779746263.99368,2,1680,1050
19,2,3403,1779746264.01034,2,1680,1050
19,2,3404,1779746264.02701,2,1680,1050
19,2,3405,1779746264.04367,2,1680,1050
19,2,3406,1779746264.06034,2,1680,1050
19,2,3407,1779746264.07701,2,1680,1050
19,2,3408,1779746264.09367,2,1680,1050
19,2,3409,1779746264.11034,2,1680,1050
19,2,3410,1779746264.127,2,1680,1050
19,2,3411,1779746264.14367,2,1680,1050
19,2,3412,1779746264.16034,2,1680,1050
19,2,3413,1779746264.177,2,1680,1050
19,2,3414,1779746264.19367,2,1680,1050
19,2,3415,1779746264.21033,2,1680,1050
19,2,3416,1779746264.227,2,1680,1050
19,2,3417,1779746264.24367,2,1680,1050
19,2,3418,1779746264.26033,2,1680,1050
19,2,3419,1779746264.277,2,1680,1050
19,2,3420,1779746264.29366,2,1680,1050
19,2,3421,1779746264.31033,2,1680,1050
19,2,3422,1779746264.327,2,1680,1050
19,2,3423,1779746264.34366,2,1680,1050
19,2,3424,1779746264.36033,2,1680,1050
19,2,3425,1779746264.377,2,1680,1050
19,2,3426,1779746264.39366,2,1680,1050
19,2,3427,1779746264.41033,2,1680,1050
19,2,3428,1779746264.42699,2,1680,1050
19,2,3429,1779746264.44366,2,1680,1050
19,2,3430,1779746264.46033,2,1680,1050
19,2,3431,1779746264.47699,2,1680,1050
19,2,3432,1779746264.49366,2,1680,1050
19,2,3433,1779746264.51032,2,1680,1050
19,2,3434,1779746264.52699,2,1680,1050
19,2,3435,1779746264.54366,2,1680,1050
19,2,3436,1779746264.56032,2,1680,1050
19,2,3437,1779746264.57699,2,1680,1050
19,2,3438,1779746264.59365,2,1680,1050
19,2,3439,1779746264.61032,2,1680,1050
19,2,3440,1779746264.62699,2,1680,1050
19,2,3441,1779746264.64365,2,1680,1050
19,2,3442,1779746264.66032,2,1680,1050
19,2,3443,1779746264.67699,2,1680,1050
19,2,3444,1779746264.69365,2,1680,1050
19,2,3445,1779746264.71032,2,1680,1050
19,2,3446,1779746264.72698,2,1680,1050
19,2,3447,1779746264.74365,2,1680,1050
19,2,3448,1779746264.76032,2,1680,1050
19,2,3449,1779746264.77698,2,1680,1050
19,2,3450,1779746264.79365,2,1680,1050
19,2,3451,1779746264.81031,2,1680,1050
19,2,3452,1779746264.82698,2,1680,1050
19,2,3453,1779746264.84365,2,1680,1050
19,2,3454,1779746264.86031,2,1680,1050
19,2,3455,1779746264.87698,2,1680,1050
19,2,3456,1779746264.89364,2,1680,1050
19,2,3457,1779746264.91031,2,1680,1050
19,2,3458,1779746264.92698,2,1680,1050
19,2,3459,1779746264.94364,2,1680,1050
19,2,3460,1779746264.96031,2,1680,1050
19,2,3461,1779746264.97697,2,1680,1050
19,2,3462,1779746264.99364,2,1680,1050
19,2,3463,1779746265.01031,2,1680,1050
19,2,3464,1779746265.02697,2,1680,1050
19,2,3465,1779746265.04364,2,1680,1050
19,2,3466,1779746265.0603,2,1680,1050
19,2,3467,1779746265.07697,2,1680,1050
19,2,3468,1779746265.09364,2,1680,1050
19,2,3469,1779746265.1103,2,1680,1050
19,2,3470,1779746265.12697,2,1680,1050
19,2,3471,1779746265.14364,2,1680,1050
19,2,3472,1779746265.1603,2,1680,1050
19,2,3473,1779746265.17697,2,1680,1050
19,2,3474,1779746265.19363,2,1680,1050
19,2,3475,1779746265.2103,2,1680,1050
19,2,3476,1779746265.22697,2,1680,1050
19,2,3477,1779746265.24363,2,1680,1050
19,2,3478,1779746265.2603,2,1680,1050
19,2,3479,1779746265.27696,2,1680,1050
19,2,3480,1779746265.29363,2,1680,1050
19,2,3481,1779746265.3103,2,1680,1050
19,2,3482,1779746265.32696,1,1680,1050
19,2,3483,1779746265.34363,1,1680,1050
19,2,3484,1779746265.36029,1,1680,1050
19,2,3485,1779746265.37696,1,1680,1050
19,2,3486,1779746265.39363,1,1680,1050
19,2,3487,1779746265.41029,1,1680,1050
19,2,3488,1779746265.42696,1,1680,1050
19,2,3489,1779746265.44363,1,1680,1050
19,2,3490,1779746265.46029,1,1680,1050
19,2,3491,1779746265.47696,1,1680,1050
19,2,3492,1779746265.49362,1,1680,1050
19,2,3493,1779746265.51029,1,1680,1050
19,2,3494,1779746265.52695,1,1680,1050
19,2,3495,1779746265.54362,1,1680,1050
19,2,3496,1779746265.56029,1,1680,1050
19,2,3497,1779746265.57695,1,1680,1050
19,2,3498,1779746265.59362,1,1680,1050
19,2,3499,1779746265.61029,1,1680,1050
19,2,3500,1779746265.62695,1,1680,1050
19,2,3501,1779746265.64362,1,1680,1050
19,2,3502,1779746265.66028,1,1680,1050
19,2,3503,1779746265.67695,1,1680,1050
19,2,3504,1779746265.69361,1,1680,1050
19,2,3505,1779746265.71028,1,1680,1050
19,2,3506,1779746265.72695,1,1680,1050
19,2,3507,1779746265.74361,1,1680,1050
19,2,3508,1779746265.76028,1,1680,1050
19,2,3509,1779746265.77695,1,1680,1050
19,2,3510,1779746265.79361,1,1680,1050
19,2,3511,1779746265.81028,1,1680,1050
19,2,3512,1779746265.82694,1,1680,1050
19,2,3513,1779746265.84361,1,1680,1050
19,2,3514,1779746265.86028,1,1680,1050
19,2,3515,1779746265.87694,1,1680,1050
19,2,3516,1779746265.89361,1,1680,1050
19,2,3517,1779746265.91027,1,1680,1050
19,2,3518,1779746265.92694,1,1680,1050
19,2,3519,1779746265.94361,1,1680,1050
19,2,3520,1779746265.96027,1,1680,1050
19,2,3521,1779746265.97694,1,1680,1050
19,2,3522,1779746265.99361,1,1680,1050
19,2,3523,1779746266.01027,1,1680,1050
19,2,3524,1779746266.02694,1,1680,1050
19,2,3525,1779746266.0436,1,1680,1050
19,2,3526,1779746266.06027,1,1680,1050
19,2,3527,1779746266.07694,1,1680,1050
19,2,3528,1779746266.0936,1,1680,1050
19,2,3529,1779746266.11027,1,1680,1050
19,2,3530,1779746266.12693,1,1680,1050
19,2,3531,1779746266.1436,1,1680,1050
19,2,3532,1779746266.16027,1,1680,1050
19,2,3533,1779746266.17693,1,1680,1050
19,2,3534,1779746266.1936,1,1680,1050
19,2,3535,1779746266.21026,1,1680,1050
19,2,3536,1779746266.22693,1,1680,1050
19,2,3537,1779746266.2436,1,1680,1050
19,2,3538,1779746266.26026,1,1680,1050
19,2,3539,1779746266.27693,1,1680,1050
19,2,3540,1779746266.29359,1,1680,1050
19,2,3541,1779746266.31026,1,1680,1050
19,2,3542,1779746266.32693,1,1680,1050
19,2,3543,1779746266.34359,1,1680,1050
19,2,3544,1779746266.36026,1,1680,1050
19,2,3545,1779746266.37693,1,1680,1050
19,2,3546,1779746266.39359,1,1680,1050
19,2,3547,1779746266.41026,1,1680,1050
19,2,3548,1779746266.42692,1,1680,1050
19,2,3549,1779746266.44359,1,1680,1050
19,2,3550,1779746266.46026,1,1680,1050
19,2,3551,1779746266.47692,1,1680,1050
19,2,3552,1779746266.49359,1,1680,1050
19,2,3553,1779746266.51025,1,1680,1050
19,2,3554,1779746266.52692,1,1680,1050
19,2,3555,1779746266.54359,1,1680,1050
19,2,3556,1779746266.56025,1,1680,1050
19,2,3557,1779746266.57692,1,1680,1050
19,2,3558,1779746266.59358,1,1680,1050
19,2,3559,1779746266.61025,1,1680,1050
19,2,3560,1779746266.62692,1,1680,1050
19,2,3561,1779746266.64358,1,1680,1050
19,2,3562,1779746266.66025,1,1680,1050
19,2,3563,1779746266.67691,1,1680,1050
19,2,3564,1779746266.69358,1,1680,1050
19,2,3565,1779746266.71025,1,1680,1050
19,2,3566,1779746266.72691,1,1680,1050
19,2,3567,1779746266.74358,1,1680,1050
19,2,3568,1779746266.76024,1,1680,1050
19,2,3569,1779746266.77691,1,1680,1050
19,2,3570,1779746266.79358,1,1680,1050
19,2,3571,1779746266.81024,1,1680,1050
19,2,3572,1779746266.82691,1,1680,1050
19,2,3573,1779746266.84358,1,1680,1050
19,2,3574,1779746266.86024,1,1680,1050
19,2,3575,1779746266.87691,1,1680,1050
19,2,3576,1779746266.89357,1,1680,1050
19,2,3577,1779746266.91024,1,1680,1050
19,2,3578,1779746266.92691,1,1680,1050
19,2,3579,1779746266.94357,1,1680,1050
19,2,3580,1779746266.96024,1,1680,1050
19,2,3581,1779746266.9769,1,1680,1050
19,2,3582,1779746266.99357,1,1680,1050
19,2,3583,1779746267.01024,1,1680,1050
19,2,3584,1779746267.0269,1,1680,1050
19,2,3585,1779746267.04357,1,1680,1050
19,2,3586,1779746267.06023,1,1680,1050
19,2,3587,1779746267.0769,1,1680,1050
19,2,3588,1779746267.09357,1,1680,1050
19,2,3589,1779746267.11023,1,1680,1050
19,2,3590,1779746267.1269,1,1680,1050
19,2,3591,1779746267.14356,1,1680,1050
19,2,3592,1779746267.16023,1,1680,1050
19,2,3593,1779746267.1769,1,1680,1050
19,2,3594,1779746267.19356,1,1680,1050
19,2,3595,1779746267.21023,1,1680,1050
19,2,3596,1779746267.2269,1,1680,1050
19,2,3597,1779746267.24356,1,1680,1050
19,2,3598,1779746267.26023,1,1680,1050
19,2,3599,1779746267.27689,1,1680,1050
19,2,3600,1779746267.29356,1,1680,1050
19,2,3601,1779746267.31023,1,1680,1050
19,2,3602,1779746267.32689,1,1680,1050
19,2,3603,1779746267.34356,1,1680,1050
19,2,3604,1779746267.36022,1,1680,1050
19,2,3605,1779746267.37689,1,1680,1050
19,2,3606,1779746267.39356,1,1680,1050
19,2,3607,1779746267.41022,1,1680,1050
19,2,3608,1779746267.42689,1,1680,1050
19,2,3609,1779746267.44355,1,1680,1050
19,2,3610,1779746267.46022,1,1680,1050
19,2,3611,1779746267.47689,1,1680,1050
19,2,3612,1779746267.49355,1,1680,1050
19,2,3613,1779746267.51022,1,1680,1050
19,2,3614,1779746267.52688,1,1680,1050
19,2,3615,1779746267.54355,1,1680,1050
19,2,3616,1779746267.56022,1,1680,1050
19,2,3617,1779746267.57688,1,1680,1050
19,2,3618,1779746267.59355,1,1680,1050
19,2,3619,1779746267.61021,1,1680,1050
19,2,3620,1779746267.62688,1,1680,1050
19,2,3621,1779746267.64355,1,1680,1050
19,2,3622,1779746267.66021,1,1680,1050
19,2,3623,1779746267.67688,1,1680,1050
19,2,3624,1779746267.69355,1,1680,1050
19,2,3625,1779746267.71021,1,1680,1050
19,2,3626,1779746267.72688,1,1680,1050
19,2,3627,1779746267.74354,1,1680,1050
19,2,3628,1779746267.76021,1,1680,1050
19,2,3629,1779746267.77688,1,1680,1050
19,2,3630,1779746267.79354,1,1680,1050
19,2,3631,1779746267.81021,1,1680,1050
19,2,3632,1779746267.82687,1,1680,1050
19,2,3633,1779746267.84354,1,1680,1050
19,2,3634,1779746267.86021,1,1680,1050
19,2,3635,1779746267.87687,1,1680,1050
19,2,3636,1779746267.89354,1,1680,1050
19,2,3637,1779746267.9102,1,1680,1050
19,2,3638,1779746267.92687,1,1680,1050
19,2,3639,1779746267.94354,1,1680,1050
19,2,3640,1779746267.9602,1,1680,1050
19,2,3641,1779746267.97687,1,1680,1050
19,2,3642,1779746267.99353,1,1680,1050
19,2,3643,1779746268.0102,1,1680,1050
19,2,3644,1779746268.02687,1,1680,1050
19,2,3645,1779746268.04353,1,1680,1050
19,2,3646,1779746268.0602,1,1680,1050
19,2,3647,1779746268.07686,1,1680,1050
19,2,3648,1779746268.09353,1,1680,1050
19,2,3649,1779746268.1102,1,1680,1050
19,2,3650,1779746268.12686,1,1680,1050
19,2,3651,1779746268.14353,1,1680,1050
19,2,3652,1779746268.1602,1,1680,1050
19,2,3653,1779746268.17686,1,1680,1050
19,2,3654,1779746268.19353,1,1680,1050
19,2,3655,1779746268.21019,1,1680,1050
19,2,3656,1779746268.22686,1,1680,1050
19,2,3657,1779746268.24353,1,1680,1050
19,2,3658,1779746268.26019,1,1680,1050
19,2,3659,1779746268.29352,1,1680,1050
19,2,3660,1779746268.31019,1,1680,1050
19,2,3661,1779746268.32686,1,1680,1050
19,2,3662,1779746268.34352,1,1680,1050
19,2,3663,1779746268.36019,1,1680,1050
19,2,3664,1779746268.37685,1,1680,1050
19,2,3665,1779746268.39352,1,1680,1050
19,2,3666,1779746268.41019,1,1680,1050
19,2,3667,1779746268.42685,1,1680,1050
19,2,3668,1779746268.44352,1,1680,1050
19,2,3669,1779746268.46019,1,1680,1050
19,2,3670,1779746268.47685,1,1680,1050
19,2,3671,1779746268.49352,1,1680,1050
19,2,3672,1779746268.51018,1,1680,1050
19,2,3673,1779746268.52685,1,1680,1050
19,2,3674,1779746268.54352,1,1680,1050
19,2,3675,1779746268.56018,1,1680,1050
19,2,3676,1779746268.57685,1,1680,1050
19,2,3677,1779746268.59351,1,1680,1050
19,2,3678,1779746268.61018,1,1680,1050
19,2,3679,1779746268.62685,1,1680,1050
19,2,3680,1779746268.64351,1,1680,1050
19,2,3681,1779746268.66018,1,1680,1050
19,2,3682,1779746268.67684,1,1680,1050
19,2,3683,1779746268.69351,1,1680,1050
19,2,3684,1779746268.7102,1,1680,1050
19,2,3685,1779746268.72684,1,1680,1050
19,2,3686,1779746268.74351,1,1680,1050
19,2,3687,1779746268.76017,1,1680,1050
19,2,3688,1779746268.77684,1,1680,1050
19,2,3689,1779746268.79351,1,1680,1050
19,2,3690,1779746268.81017,1,1680,1050
19,2,3691,1779746268.82684,1,1680,1050
19,2,3692,1779746268.84351,1,1680,1050
19,2,3693,1779746268.86017,1,1680,1050
19,2,3694,1779746268.87684,1,1680,1050
19,2,3695,1779746268.8935,1,1680,1050
19,2,3696,1779746268.91017,1,1680,1050
19,2,3697,1779746268.92684,1,1680,1050
19,2,3698,1779746268.9435,1,1680,1050
19,2,3699,1779746268.96017,1,1680,1050
19,2,3700,1779746268.97683,1,1680,1050
19,2,3701,1779746268.9935,1,1680,1050
19,2,3702,1779746269.01017,1,1680,1050
19,2,3703,1779746269.02683,1,1680,1050
19,2,3704,1779746269.0435,1,1680,1050
19,2,3705,1779746269.06016,1,1680,1050
19,2,3706,1779746269.07683,1,1680,1050
19,2,3707,1779746269.0935,1,1680,1050
19,2,3708,1779746269.11016,1,1680,1050
19,2,3709,1779746269.12683,1,1680,1050
19,2,3710,1779746269.14349,1,1680,1050
19,2,3711,1779746269.16016,1,1680,1050
19,2,3712,1779746269.17683,1,1680,1050
19,2,3713,1779746269.19349,1,1680,1050
19,2,3714,1779746269.21016,1,1680,1050
19,2,3715,1779746269.22682,1,1680,1050
19,2,3716,1779746269.24349,1,1680,1050
19,2,3717,1779746269.26016,1,1680,1050
19,2,3718,1779746269.27682,1,1680,1050
19,2,3719,1779746269.29349,1,1680,1050
19,2,3720,1779746269.31016,1,1680,1050
19,2,3721,1779746269.32682,1,1680,1050
19,2,3722,1779746269.34349,2,1680,1050
19,2,3723,1779746269.36015,2,1680,1050
19,2,3724,1779746269.37682,2,1680,1050
19,2,3725,1779746269.39349,2,1680,1050
19,2,3726,1779746269.41015,2,1680,1050
19,2,3727,1779746269.42682,2,1680,1050
19,2,3728,1779746269.44348,2,1680,1050
19,2,3729,1779746269.46015,2,1680,1050
19,2,3730,1779746269.47682,2,1680,1050
19,2,3731,1779746269.49348,2,1680,1050
19,2,3732,1779746269.51015,2,1680,1050
19,2,3733,1779746269.52681,2,1680,1050
19,2,3734,1779746269.54348,2,1680,1050
19,2,3735,1779746269.56015,2,1680,1050
19,2,3736,1779746269.57681,2,1680,1050
19,2,3737,1779746269.59348,2,1680,1050
19,2,3738,1779746269.61015,2,1680,1050
19,2,3739,1779746269.62681,2,1680,1050
19,2,3740,1779746269.64348,2,1680,1050
19,2,3741,1779746269.66014,2,1680,1050
19,2,3742,1779746269.67681,2,1680,1050
19,2,3743,1779746269.69348,2,1680,1050
19,2,3744,1779746269.71014,2,1680,1050
19,2,3745,1779746269.72681,2,1680,1050
19,2,3746,1779746269.74347,2,1680,1050
19,2,3747,1779746269.76016,2,1680,1050
19,2,3748,1779746269.77681,2,1680,1050
19,2,3749,1779746269.79347,2,1680,1050
19,2,3750,1779746269.81014,2,1680,1050
19,2,3751,1779746269.8268,2,1680,1050
19,2,3752,1779746269.84347,2,1680,1050
19,2,3753,1779746269.86014,2,1680,1050
19,2,3754,1779746269.8768,2,1680,1050
19,2,3755,1779746269.89347,2,1680,1050
19,2,3756,1779746269.91013,2,1680,1050
19,2,3757,1779746269.9268,2,1680,1050
19,2,3758,1779746269.94347,2,1680,1050
19,2,3759,1779746269.96013,2,1680,1050
19,2,3760,1779746269.9768,2,1680,1050
19,2,3761,1779746269.99346,2,1680,1050
19,2,3762,1779746270.01013,2,1680,1050
19,2,3763,1779746270.0268,2,1680,1050
19,2,3764,1779746270.04348,2,1680,1050
19,2,3765,1779746270.06013,2,1680,1050
19,2,3766,1779746270.07679,2,1680,1050
19,2,3767,1779746270.09346,2,1680,1050
19,2,3768,1779746270.11013,2,1680,1050
19,2,3769,1779746270.12679,2,1680,1050
19,2,3770,1779746270.14346,2,1680,1050
19,2,3771,1779746270.16012,2,1680,1050
19,2,3772,1779746270.17679,2,1680,1050
19,2,3773,1779746270.19348,2,1680,1050
19,2,3774,1779746270.21012,2,1680,1050
19,2,3775,1779746270.22679,2,1680,1050
19,2,3776,1779746270.24346,2,1680,1050
19,2,3777,1779746270.26012,2,1680,1050
19,2,3778,1779746270.27679,2,1680,1050
19,2,3779,1779746270.29345,2,1680,1050
19,2,3780,1779746270.31012,2,1680,1050
19,2,3781,1779746270.32679,2,1680,1050
19,2,3782,1779746270.34345,2,1680,1050
19,2,3783,1779746270.36012,2,1680,1050
19,2,3784,1779746270.37678,2,1680,1050
19,2,3785,1779746270.39345,2,1680,1050
19,2,3786,1779746270.41012,2,1680,1050
19,2,3787,1779746270.42678,2,1680,1050
19,2,3788,1779746270.44345,2,1680,1050
19,2,3789,1779746270.46011,2,1680,1050
19,2,3790,1779746270.47678,2,1680,1050
19,2,3791,1779746270.49345,2,1680,1050
19,2,3792,1779746270.51011,2,1680,1050
19,2,3793,1779746270.52678,2,1680,1050
19,2,3794,1779746270.54345,2,1680,1050
19,2,3795,1779746270.56011,2,1680,1050
19,2,3796,1779746270.57678,2,1680,1050
19,2,3797,1779746270.59344,2,1680,1050
19,2,3798,1779746270.61011,2,1680,1050
19,2,3799,1779746270.62678,2,1680,1050
19,2,3800,1779746270.64344,2,1680,1050
19,2,3801,1779746270.66011,2,1680,1050
19,2,3802,1779746270.67677,2,1680,1050
19,2,3803,1779746270.69344,2,1680,1050
19,2,3804,1779746270.71011,2,1680,1050
19,2,3805,1779746270.72677,2,1680,1050
19,2,3806,1779746270.74344,2,1680,1050
19,2,3807,1779746270.7601,2,1680,1050
19,2,3808,1779746270.77677,2,1680,1050
19,2,3809,1779746270.79344,2,1680,1050
19,2,3810,1779746270.8101,2,1680,1050
19,2,3811,1779746270.82677,2,1680,1050
19,2,3812,1779746270.84343,2,1680,1050
19,2,3813,1779746270.8601,2,1680,1050
19,2,3814,1779746270.87677,2,1680,1050
19,2,3815,1779746270.89343,2,1680,1050
19,2,3816,1779746270.9101,2,1680,1050
19,2,3817,1779746270.92676,2,1680,1050
19,2,3818,1779746270.94343,2,1680,1050
19,2,3819,1779746270.9601,2,1680,1050
19,2,3820,1779746270.97676,2,1680,1050
19,2,3821,1779746270.99343,2,1680,1050
19,2,3822,1779746271.0101,2,1680,1050
19,2,3823,1779746271.02676,2,1680,1050
19,2,3824,1779746271.04343,2,1680,1050
19,2,3825,1779746271.06009,2,1680,1050
19,2,3826,1779746271.07676,2,1680,1050
19,2,3827,1779746271.09343,2,1680,1050
19,2,3828,1779746271.11009,2,1680,1050
19,2,3829,1779746271.12676,2,1680,1050
19,2,3830,1779746271.14342,2,1680,1050
19,2,3831,1779746271.16009,2,1680,1050
19,2,3832,1779746271.17676,2,1680,1050
19,2,3833,1779746271.19342,2,1680,1050
19,2,3834,1779746271.21009,2,1680,1050
19,2,3835,1779746271.22675,2,1680,1050
19,2,3836,1779746271.24342,2,1680,1050
19,2,3837,1779746271.26009,2,1680,1050
19,2,3838,1779746271.27675,2,1680,1050
19,2,3839,1779746271.29342,2,1680,1050
19,2,3840,1779746271.31008,2,1680,1050
19,2,3841,1779746271.32675,2,1680,1050
19,2,3842,1779746271.34342,1,1680,1050
19,2,3843,1779746271.36008,1,1680,1050
19,2,3844,1779746271.37675,1,1680,1050
19,2,3845,1779746271.39342,1,1680,1050
19,2,3846,1779746271.41008,1,1680,1050
19,2,3847,1779746271.42675,1,1680,1050
19,2,3848,1779746271.44341,1,1680,1050
19,2,3849,1779746271.46008,1,1680,1050
19,2,3850,1779746271.47675,1,1680,1050
19,2,3851,1779746271.49341,1,1680,1050
19,2,3852,1779746271.51008,1,1680,1050
19,2,3853,1779746271.52674,1,1680,1050
19,2,3854,1779746271.54341,1,1680,1050
19,2,3855,1779746271.56008,1,1680,1050
19,2,3856,1779746271.57674,1,1680,1050
19,2,3857,1779746271.59341,1,1680,1050
19,2,3858,1779746271.61007,1,1680,1050
19,2,3859,1779746271.62674,1,1680,1050
19,2,3860,1779746271.64341,1,1680,1050
19,2,3861,1779746271.66007,1,1680,1050
19,2,3862,1779746271.67674,1,1680,1050
19,2,3863,1779746271.6934,1,1680,1050
19,2,3864,1779746271.71007,1,1680,1050
19,2,3865,1779746271.72674,1,1680,1050
19,2,3866,1779746271.7434,1,1680,1050
19,2,3867,1779746271.76007,1,1680,1050
19,2,3868,1779746271.77674,1,1680,1050
19,2,3869,1779746271.7934,1,1680,1050
19,2,3870,1779746271.81007,1,1680,1050
19,2,3871,1779746271.82673,1,1680,1050
19,2,3872,1779746271.8434,1,1680,1050
19,2,3873,1779746271.86007,1,1680,1050
19,2,3874,1779746271.87673,1,1680,1050
19,2,3875,1779746271.8934,1,1680,1050
19,2,3876,1779746271.91006,1,1680,1050
19,2,3877,1779746271.92673,1,1680,1050
19,2,3878,1779746271.9434,1,1680,1050
19,2,3879,1779746271.96006,1,1680,1050
19,2,3880,1779746271.97673,1,1680,1050
19,2,3881,1779746271.99339,1,1680,1050
19,2,3882,1779746272.01006,1,1680,1050
19,2,3883,1779746272.02673,1,1680,1050
19,2,3884,1779746272.04339,1,1680,1050
19,2,3885,1779746272.06006,1,1680,1050
19,2,3886,1779746272.07672,1,1680,1050
19,2,3887,1779746272.09339,1,1680,1050
19,2,3888,1779746272.11006,1,1680,1050
19,2,3889,1779746272.12672,1,1680,1050
19,2,3890,1779746272.14339,1,1680,1050
19,2,3891,1779746272.16005,1,1680,1050
19,2,3892,1779746272.17672,1,1680,1050
19,2,3893,1779746272.19339,1,1680,1050
19,2,3894,1779746272.21005,1,1680,1050
19,2,3895,1779746272.22672,1,1680,1050
19,2,3896,1779746272.24339,1,1680,1050
19,2,3897,1779746272.26005,1,1680,1050
19,2,3898,1779746272.27672,1,1680,1050
19,2,3899,1779746272.29338,1,1680,1050
19,2,3900,1779746272.31005,1,1680,1050
19,2,3901,1779746272.32672,1,1680,1050
19,2,3902,1779746272.34338,1,1680,1050
19,2,3903,1779746272.36005,1,1680,1050
19,2,3904,1779746272.37671,1,1680,1050
19,2,3905,1779746272.39338,1,1680,1050
19,2,3906,1779746272.41005,1,1680,1050
19,2,3907,1779746272.42671,1,1680,1050
19,2,3908,1779746272.44338,1,1680,1050
19,2,3909,1779746272.46004,1,1680,1050
19,2,3910,1779746272.47671,1,1680,1050
19,2,3911,1779746272.49338,1,1680,1050
19,2,3912,1779746272.51004,1,1680,1050
19,2,3913,1779746272.52671,1,1680,1050
19,2,3914,1779746272.54337,1,1680,1050
19,2,3915,1779746272.56004,1,1680,1050
19,2,3916,1779746272.57671,1,1680,1050
19,2,3917,1779746272.59337,1,1680,1050
19,2,3918,1779746272.61004,1,1680,1050
19,2,3919,1779746272.62671,1,1680,1050
19,2,3920,1779746272.64337,1,1680,1050
19,2,3921,1779746272.66004,1,1680,1050
19,2,3922,1779746272.6767,1,1680,1050
19,2,3923,1779746272.69337,1,1680,1050
19,2,3924,1779746272.71004,1,1680,1050
19,2,3925,1779746272.7267,1,1680,1050
19,2,3926,1779746272.74337,1,1680,1050
19,2,3927,1779746272.76003,1,1680,1050
19,2,3928,1779746272.7767,1,1680,1050
19,2,3929,1779746272.79337,1,1680,1050
19,2,3930,1779746272.81003,1,1680,1050
19,2,3931,1779746272.8267,1,1680,1050
19,2,3932,1779746272.84336,1,1680,1050
19,2,3933,1779746272.86003,1,1680,1050
19,2,3934,1779746272.8767,1,1680,1050
19,2,3935,1779746272.89336,1,1680,1050
19,2,3936,1779746272.91003,1,1680,1050
19,2,3937,1779746272.92669,1,1680,1050
19,2,3938,1779746272.94336,1,1680,1050
19,2,3939,1779746272.96003,1,1680,1050
19,2,3940,1779746272.97669,1,1680,1050
19,2,3941,1779746272.99336,1,1680,1050
19,2,3942,1779746273.01003,1,1680,1050
19,2,3943,1779746273.02669,1,1680,1050
19,2,3944,1779746273.04336,1,1680,1050
19,2,3945,1779746273.06002,1,1680,1050
19,2,3946,1779746273.07669,1,1680,1050
19,2,3947,1779746273.09336,1,1680,1050
19,2,3948,1779746273.11002,1,1680,1050
19,2,3949,1779746273.12669,1,1680,1050
19,2,3950,1779746273.14335,1,1680,1050
19,2,3951,1779746273.16002,1,1680,1050
19,2,3952,1779746273.17669,1,1680,1050
19,2,3953,1779746273.19335,1,1680,1050
19,2,3954,1779746273.21002,1,1680,1050
19,2,3955,1779746273.22668,1,1680,1050
19,2,3956,1779746273.24335,1,1680,1050
19,2,3957,1779746273.26002,1,1680,1050
19,2,3958,1779746273.27668,1,1680,1050
19,2,3959,1779746273.29335,1,1680,1050
19,2,3960,1779746273.31001,1,1680,1050
19,2,3961,1779746273.32668,1,1680,1050
19,2,3962,1779746273.34335,1,1680,1050
19,2,3963,1779746273.36001,1,1680,1050
19,2,3964,1779746273.37668,1,1680,1050
19,2,3965,1779746273.39334,1,1680,1050
19,2,3966,1779746273.41001,1,1680,1050
19,2,3967,1779746273.42668,1,1680,1050
19,2,3968,1779746273.44334,1,1680,1050
19,2,3969,1779746273.46001,1,1680,1050
19,2,3970,1779746273.47668,1,1680,1050
19,2,3971,1779746273.49334,1,1680,1050
19,2,3972,1779746273.51001,1,1680,1050
19,2,3973,1779746273.52667,1,1680,1050
19,2,3974,1779746273.54334,1,1680,1050
19,2,3975,1779746273.56001,1,1680,1050
19,2,3976,1779746273.57667,1,1680,1050
19,2,3977,1779746273.59334,1,1680,1050
19,2,3978,1779746273.61,1,1680,1050
19,2,3979,1779746273.62667,1,1680,1050
19,2,3980,1779746273.64334,1,1680,1050
19,2,3981,1779746273.66,1,1680,1050
19,2,3982,1779746273.67667,1,1680,1050
19,2,3983,1779746273.69333,1,1680,1050
19,2,3984,1779746273.71,1,1680,1050
19,2,3985,1779746273.72667,1,1680,1050
19,2,3986,1779746273.74333,1,1680,1050
19,2,3987,1779746273.76,1,1680,1050
19,2,3988,1779746273.77666,1,1680,1050
19,2,3989,1779746273.79333,1,1680,1050
19,2,3990,1779746273.81,1,1680,1050
19,2,3991,1779746273.82666,1,1680,1050
19,2,3992,1779746273.84333,1,1680,1050
19,2,3993,1779746273.86,1,1680,1050
19,2,3994,1779746273.87666,1,1680,1050
19,2,3995,1779746273.89333,1,1680,1050
19,2,3996,1779746273.90999,1,1680,1050
19,2,3997,1779746273.92666,1,1680,1050
19,2,3998,1779746273.94333,1,1680,1050
19,2,3999,1779746273.95999,1,1680,1050
19,2,4000,1779746273.97666,1,1680,1050
19,2,4001,1779746273.99332,1,1680,1050
19,2,4002,1779746274.00999,1,1680,1050
19,2,4003,1779746274.02666,1,1680,1050
19,2,4004,1779746274.04332,1,1680,1050
19,2,4005,1779746274.05999,1,1680,1050
19,2,4006,1779746274.07665,1,1680,1050
19,2,4007,1779746274.09332,1,1680,1050
19,2,4008,1779746274.10999,1,1680,1050
19,2,4009,1779746274.12665,1,1680,1050
19,2,4010,1779746274.14332,1,1680,1050
19,2,4011,1779746274.15999,1,1680,1050
19,2,4012,1779746274.17665,1,1680,1050
19,2,4013,1779746274.19332,1,1680,1050
19,2,4014,1779746274.20998,1,1680,1050
19,2,4015,1779746274.22665,1,1680,1050
19,2,4016,1779746274.24332,1,1680,1050
19,2,4017,1779746274.25998,1,1680,1050
19,2,4018,1779746274.27665,1,1680,1050
19,2,4019,1779746274.29331,1,1680,1050
19,2,4020,1779746274.30998,1,1680,1050
19,2,4021,1779746274.32665,1,1680,1050
19,2,4022,1779746274.34331,1,1680,1050
19,2,4023,1779746274.35998,1,1680,1050
19,2,4024,1779746274.37664,1,1680,1050
19,2,4025,1779746274.39331,1,1680,1050
19,2,4026,1779746274.40998,1,1680,1050
19,2,4027,1779746274.42664,1,1680,1050
19,2,4028,1779746274.44331,1,1680,1050
19,2,4029,1779746274.45997,1,1680,1050
19,2,4030,1779746274.47664,1,1680,1050
19,2,4031,1779746274.49331,1,1680,1050
19,2,4032,1779746274.50997,1,1680,1050
19,2,4033,1779746274.52664,1,1680,1050
19,2,4034,1779746274.5433,1,1680,1050
19,2,4035,1779746274.55997,1,1680,1050
19,2,4036,1779746274.57664,1,1680,1050
19,2,4037,1779746274.5933,1,1680,1050
19,2,4038,1779746274.60997,1,1680,1050
19,2,4039,1779746274.62663,1,1680,1050
19,2,4040,1779746274.6433,1,1680,1050
19,2,4041,1779746274.65997,1,1680,1050
19,2,4042,1779746274.67663,1,1680,1050
19,2,4043,1779746274.6933,1,1680,1050
19,2,4044,1779746274.70996,1,1680,1050
19,2,4045,1779746274.72663,1,1680,1050
19,2,4046,1779746274.7433,1,1680,1050
19,2,4047,1779746274.75996,1,1680,1050
19,2,4048,1779746274.77663,1,1680,1050
19,2,4049,1779746274.7933,1,1680,1050
19,2,4050,1779746274.80996,1,1680,1050
19,2,4051,1779746274.82663,1,1680,1050
19,2,4052,1779746274.84329,1,1680,1050
19,2,4053,1779746274.85996,1,1680,1050
19,2,4054,1779746274.87663,1,1680,1050
19,2,4055,1779746274.89329,1,1680,1050
19,2,4056,1779746274.90996,1,1680,1050
19,2,4057,1779746274.92662,1,1680,1050
19,2,4058,1779746274.94329,1,1680,1050
19,2,4059,1779746274.95996,1,1680,1050
19,2,4060,1779746274.97662,1,1680,1050
19,2,4061,1779746274.99329,1,1680,1050
19,2,4062,1779746275.00995,1,1680,1050
19,2,4063,1779746275.02662,1,1680,1050
19,2,4064,1779746275.04329,1,1680,1050
19,2,4065,1779746275.05995,1,1680,1050
19,2,4066,1779746275.07662,1,1680,1050
19,2,4067,1779746275.09329,1,1680,1050
19,2,4068,1779746275.10995,1,1680,1050
19,2,4069,1779746275.12662,1,1680,1050
19,2,4070,1779746275.14328,1,1680,1050
19,2,4071,1779746275.15995,1,1680,1050
19,2,4072,1779746275.17662,1,1680,1050
19,2,4073,1779746275.19328,1,1680,1050
19,2,4074,1779746275.20995,1,1680,1050
19,2,4075,1779746275.22661,1,1680,1050
19,2,4076,1779746275.24328,1,1680,1050
19,2,4077,1779746275.25995,1,1680,1050
19,2,4078,1779746275.27661,1,1680,1050
19,2,4079,1779746275.29328,1,1680,1050
19,2,4080,1779746275.30994,1,1680,1050
19,2,4081,1779746275.32661,1,1680,1050
19,2,4082,1779746275.34328,2,1680,1050
19,2,4083,1779746275.35994,2,1680,1050
19,2,4084,1779746275.37661,2,1680,1050
19,2,4085,1779746275.39327,2,1680,1050
19,2,4086,1779746275.40994,2,1680,1050
19,2,4087,1779746275.42661,2,1680,1050
19,2,4088,1779746275.44327,2,1680,1050
19,2,4089,1779746275.45994,2,1680,1050
19,2,4090,1779746275.4766,2,1680,1050
19,2,4091,1779746275.49327,2,1680,1050
19,2,4092,1779746275.50994,2,1680,1050
19,2,4093,1779746275.5266,2,1680,1050
19,2,4094,1779746275.54327,2,1680,1050
19,2,4095,1779746275.55993,2,1680,1050
19,2,4096,1779746275.5766,2,1680,1050
19,2,4097,1779746275.59327,2,1680,1050
19,2,4098,1779746275.60993,2,1680,1050
19,2,4099,1779746275.6266,2,1680,1050
19,2,4100,1779746275.64327,2,1680,1050
19,2,4101,1779746275.65993,2,1680,1050
19,2,4102,1779746275.6766,2,1680,1050
19,2,4103,1779746275.69326,2,1680,1050
19,2,4104,1779746275.70993,2,1680,1050
19,2,4105,1779746275.7266,2,1680,1050
19,2,4106,1779746275.74326,2,1680,1050
19,2,4107,1779746275.75993,2,1680,1050
19,2,4108,1779746275.77659,2,1680,1050
19,2,4109,1779746275.79326,2,1680,1050
19,2,4110,1779746275.80993,2,1680,1050
19,2,4111,1779746275.82659,2,1680,1050
19,2,4112,1779746275.84326,2,1680,1050
19,2,4113,1779746275.85993,2,1680,1050
19,2,4114,1779746275.87659,2,1680,1050
19,2,4115,1779746275.89326,2,1680,1050
19,2,4116,1779746275.90992,2,1680,1050
19,2,4117,1779746275.92659,2,1680,1050
19,2,4118,1779746275.94326,2,1680,1050
19,2,4119,1779746275.95992,2,1680,1050
19,2,4120,1779746275.97659,2,1680,1050
19,2,4121,1779746275.99325,2,1680,1050
19,2,4122,1779746276.00992,2,1680,1050
19,2,4123,1779746276.02659,2,1680,1050
19,2,4124,1779746276.04325,2,1680,1050
19,2,4125,1779746276.05992,2,1680,1050
19,2,4126,1779746276.07658,2,1680,1050
19,2,4127,1779746276.09325,2,1680,1050
19,2,4128,1779746276.10992,2,1680,1050
19,2,4129,1779746276.12658,2,1680,1050
19,2,4130,1779746276.14325,2,1680,1050
19,2,4131,1779746276.15991,2,1680,1050
19,2,4132,1779746276.17658,2,1680,1050
19,2,4133,1779746276.19325,2,1680,1050
19,2,4134,1779746276.20991,2,1680,1050
19,2,4135,1779746276.22658,2,1680,1050
19,2,4136,1779746276.24324,2,1680,1050
19,2,4137,1779746276.25991,2,1680,1050
19,2,4138,1779746276.27658,2,1680,1050
19,2,4139,1779746276.29324,2,1680,1050
19,2,4140,1779746276.30991,2,1680,1050
19,2,4141,1779746276.32657,2,1680,1050
19,2,4142,1779746276.34324,2,1680,1050
19,2,4143,1779746276.35991,2,1680,1050
19,2,4144,1779746276.37657,2,1680,1050
19,2,4145,1779746276.39324,2,1680,1050
19,2,4146,1779746276.40991,2,1680,1050
19,2,4147,1779746276.42657,2,1680,1050
19,2,4148,1779746276.44324,2,1680,1050
19,2,4149,1779746276.4599,2,1680,1050
19,2,4150,1779746276.47657,2,1680,1050
19,2,4151,1779746276.49324,2,1680,1050
19,2,4152,1779746276.5099,2,1680,1050
19,2,4153,1779746276.52657,2,1680,1050
19,2,4154,1779746276.54323,2,1680,1050
19,2,4155,1779746276.5599,2,1680,1050
19,2,4156,1779746276.57657,2,1680,1050
19,2,4157,1779746276.59323,2,1680,1050
19,2,4158,1779746276.6099,2,1680,1050
19,2,4159,1779746276.62656,2,1680,1050
19,2,4160,1779746276.64323,2,1680,1050
19,2,4161,1779746276.6599,2,1680,1050
19,2,4162,1779746276.67656,2,1680,1050
19,2,4163,1779746276.69323,2,1680,1050
19,2,4164,1779746276.7099,2,1680,1050
19,2,4165,1779746276.72656,2,1680,1050
19,2,4166,1779746276.74323,2,1680,1050
19,2,4167,1779746276.75989,2,1680,1050
19,2,4168,1779746276.77656,2,1680,1050
19,2,4169,1779746276.79323,2,1680,1050
19,2,4170,1779746276.80989,2,1680,1050
19,2,4171,1779746276.82656,2,1680,1050
19,2,4172,1779746276.84322,2,1680,1050
19,2,4173,1779746276.85989,2,1680,1050
19,2,4174,1779746276.87656,2,1680,1050
19,2,4175,1779746276.89322,2,1680,1050
19,2,4176,1779746276.90989,2,1680,1050
19,2,4177,1779746276.92655,2,1680,1050
19,2,4178,1779746276.94322,2,1680,1050
19,2,4179,1779746276.95989,2,1680,1050
19,2,4180,1779746276.97655,2,1680,1050
19,2,4181,1779746276.99322,2,1680,1050
19,2,4182,1779746277.02655,2,1680,1050
19,2,4183,1779746277.04322,2,1680,1050
19,2,4184,1779746277.05988,2,1680,1050
19,2,4185,1779746277.07655,2,1680,1050
19,2,4186,1779746277.09322,2,1680,1050
19,2,4187,1779746277.10988,2,1680,1050
19,2,4188,1779746277.12655,2,1680,1050
19,2,4189,1779746277.14321,2,1680,1050
19,2,4190,1779746277.15988,2,1680,1050
19,2,4191,1779746277.17655,2,1680,1050
19,2,4192,1779746277.19321,2,1680,1050
19,2,4193,1779746277.20988,2,1680,1050
19,2,4194,1779746277.22654,2,1680,1050
19,2,4195,1779746277.24321,2,1680,1050
19,2,4196,1779746277.25988,2,1680,1050
19,2,4197,1779746277.27654,2,1680,1050
19,2,4198,1779746277.29321,2,1680,1050
19,2,4199,1779746277.30987,2,1680,1050
19,2,4200,1779746277.32654,2,1680,1050
19,2,4201,1779746277.34321,2,1680,1050
19,2,4202,1779746277.35987,1,1680,1050
19,2,4203,1779746277.37654,1,1680,1050
19,2,4204,1779746277.3932,1,1680,1050
19,2,4205,1779746277.40987,1,1680,1050
19,2,4206,1779746277.42654,1,1680,1050
19,2,4207,1779746277.4432,1,1680,1050
19,2,4208,1779746277.45987,1,1680,1050
19,2,4209,1779746277.47653,1,1680,1050
19,2,4210,1779746277.4932,1,1680,1050
19,2,4211,1779746277.50987,1,1680,1050
19,2,4212,1779746277.52653,1,1680,1050
19,2,4213,1779746277.5432,1,1680,1050
19,2,4214,1779746277.55987,1,1680,1050
19,2,4215,1779746277.57653,1,1680,1050
19,2,4216,1779746277.5932,1,1680,1050
19,2,4217,1779746277.60986,1,1680,1050
19,2,4218,1779746277.62653,1,1680,1050
19,2,4219,1779746277.6432,1,1680,1050
19,2,4220,1779746277.65986,1,1680,1050
19,2,4221,1779746277.67653,1,1680,1050
19,2,4222,1779746277.69319,1,1680,1050
19,2,4223,1779746277.70986,1,1680,1050
19,2,4224,1779746277.72652,1,1680,1050
19,2,4225,1779746277.74319,1,1680,1050
19,2,4226,1779746277.75986,1,1680,1050
19,2,4227,1779746277.77652,1,1680,1050
19,2,4228,1779746277.79319,1,1680,1050
19,2,4229,1779746277.80986,1,1680,1050
19,2,4230,1779746277.82652,1,1680,1050
19,2,4231,1779746277.84319,1,1680,1050
19,2,4232,1779746277.85985,1,1680,1050
19,2,4233,1779746277.87652,1,1680,1050
19,2,4234,1779746277.89319,1,1680,1050
19,2,4235,1779746277.90985,1,1680,1050
19,2,4236,1779746277.92652,1,1680,1050
19,2,4237,1779746277.94319,1,1680,1050
19,2,4238,1779746277.95985,1,1680,1050
19,2,4239,1779746277.97652,1,1680,1050
19,2,4240,1779746277.99318,1,1680,1050
19,2,4241,1779746278.00985,1,1680,1050
19,2,4242,1779746278.02652,1,1680,1050
19,2,4243,1779746278.04318,1,1680,1050
19,2,4244,1779746278.05985,1,1680,1050
19,2,4245,1779746278.07651,1,1680,1050
19,2,4246,1779746278.09318,1,1680,1050
19,2,4247,1779746278.10985,1,1680,1050
19,2,4248,1779746278.12651,1,1680,1050
19,2,4249,1779746278.14318,1,1680,1050
19,2,4250,1779746278.15984,1,1680,1050
19,2,4251,1779746278.17651,1,1680,1050
19,2,4252,1779746278.19318,1,1680,1050
19,2,4253,1779746278.20984,1,1680,1050
19,2,4254,1779746278.22651,1,1680,1050
19,2,4255,1779746278.24317,1,1680,1050
19,2,4256,1779746278.25984,1,1680,1050
19,2,4257,1779746278.27651,1,1680,1050
19,2,4258,1779746278.29317,1,1680,1050
19,2,4259,1779746278.30984,1,1680,1050
19,2,4260,1779746278.3265,1,1680,1050
19,2,4261,1779746278.34317,1,1680,1050
19,2,4262,1779746278.35984,1,1680,1050
19,2,4263,1779746278.3765,1,1680,1050
19,2,4264,1779746278.39317,1,1680,1050
19,2,4265,1779746278.40984,1,1680,1050
19,2,4266,1779746278.4265,1,1680,1050
19,2,4267,1779746278.44317,1,1680,1050
19,2,4268,1779746278.45983,1,1680,1050
19,2,4269,1779746278.4765,1,1680,1050
19,2,4270,1779746278.49317,1,1680,1050
19,2,4271,1779746278.50983,1,1680,1050
19,2,4272,1779746278.5265,1,1680,1050
19,2,4273,1779746278.54316,1,1680,1050
19,2,4274,1779746278.55983,1,1680,1050
19,2,4275,1779746278.5765,1,1680,1050
19,2,4276,1779746278.59316,1,1680,1050
19,2,4277,1779746278.60983,1,1680,1050
19,2,4278,1779746278.62649,1,1680,1050
19,2,4279,1779746278.64316,1,1680,1050
19,2,4280,1779746278.65983,1,1680,1050
19,2,4281,1779746278.67649,1,1680,1050
19,2,4282,1779746278.69316,1,1680,1050
19,2,4283,1779746278.70983,1,1680,1050
19,2,4284,1779746278.72649,1,1680,1050
19,2,4285,1779746278.74316,1,1680,1050
19,2,4286,1779746278.75982,1,1680,1050
19,2,4287,1779746278.77649,1,1680,1050
19,2,4288,1779746278.79316,1,1680,1050
19,2,4289,1779746278.80983,1,1680,1050
19,2,4290,1779746278.82651,1,1680,1050
19,2,4291,1779746278.84315,1,1680,1050
19,2,4292,1779746278.85982,1,1680,1050
19,2,4293,1779746278.87649,1,1680,1050
19,2,4294,1779746278.89315,1,1680,1050
19,2,4295,1779746278.90982,1,1680,1050
19,2,4296,1779746278.92648,1,1680,1050
19,2,4297,1779746278.94315,1,1680,1050
19,2,4298,1779746278.95982,1,1680,1050
19,2,4299,1779746278.97648,1,1680,1050
19,2,4300,1779746278.99315,1,1680,1050
19,2,4301,1779746279.00981,1,1680,1050
19,2,4302,1779746279.02648,1,1680,1050
19,2,4303,1779746279.04315,1,1680,1050
19,2,4304,1779746279.05981,1,1680,1050
19,2,4305,1779746279.07648,1,1680,1050
19,2,4306,1779746279.09314,1,1680,1050
19,2,4307,1779746279.10981,1,1680,1050
19,2,4308,1779746279.12648,1,1680,1050
19,2,4309,1779746279.14314,1,1680,1050
19,2,4310,1779746279.15981,1,1680,1050
19,2,4311,1779746279.17647,1,1680,1050
19,2,4312,1779746279.19314,1,1680,1050
19,2,4313,1779746279.20981,1,1680,1050
19,2,4314,1779746279.22647,1,1680,1050
19,2,4315,1779746279.24314,1,1680,1050
19,2,4316,1779746279.2598,1,1680,1050
19,2,4317,1779746279.27647,1,1680,1050
19,2,4318,1779746279.29314,1,1680,1050
19,2,4319,1779746279.3098,1,1680,1050
19,2,4320,1779746279.32647,1,1680,1050
19,2,4321,1779746279.34314,1,1680,1050
19,2,4322,1779746279.3598,1,1680,1050
19,2,4323,1779746279.37647,1,1680,1050
19,2,4324,1779746279.39313,1,1680,1050
19,2,4325,1779746279.4098,1,1680,1050
19,2,4326,1779746279.42647,1,1680,1050
19,2,4327,1779746279.44313,1,1680,1050
19,2,4328,1779746279.4598,1,1680,1050
19,2,4329,1779746279.47646,1,1680,1050
19,2,4330,1779746279.49313,1,1680,1050
19,2,4331,1779746279.5098,1,1680,1050
19,2,4332,1779746279.52646,1,1680,1050
19,2,4333,1779746279.54313,1,1680,1050
19,2,4334,1779746279.5598,1,1680,1050
19,2,4335,1779746279.57646,1,1680,1050
19,2,4336,1779746279.59313,1,1680,1050
19,2,4337,1779746279.60979,1,1680,1050
19,2,4338,1779746279.62646,1,1680,1050
19,2,4339,1779746279.64313,1,1680,1050
19,2,4340,1779746279.65979,1,1680,1050
19,2,4341,1779746279.67646,1,1680,1050
19,2,4342,1779746279.69312,1,1680,1050
19,2,4343,1779746279.70979,1,1680,1050
19,2,4344,1779746279.72646,1,1680,1050
19,2,4345,1779746279.74312,1,1680,1050
19,2,4346,1779746279.75979,1,1680,1050
19,2,4347,1779746279.77645,1,1680,1050
19,2,4348,1779746279.79312,1,1680,1050
19,2,4349,1779746279.80979,1,1680,1050
19,2,4350,1779746279.82645,1,1680,1050
19,2,4351,1779746279.84312,1,1680,1050
19,2,4352,1779746279.85978,1,1680,1050
19,2,4353,1779746279.87645,1,1680,1050
19,2,4354,1779746279.89312,1,1680,1050
19,2,4355,1779746279.90978,1,1680,1050
19,2,4356,1779746279.92645,1,1680,1050
19,2,4357,1779746279.94311,1,1680,1050
19,2,4358,1779746279.95978,1,1680,1050
19,2,4359,1779746279.97645,1,1680,1050
19,2,4360,1779746279.99311,1,1680,1050
19,2,4361,1779746280.00978,1,1680,1050
19,2,4362,1779746280.02645,1,1680,1050
19,2,4363,1779746280.04311,1,1680,1050
19,2,4364,1779746280.05978,1,1680,1050
19,2,4365,1779746280.07644,1,1680,1050
19,2,4366,1779746280.09311,1,1680,1050
19,2,4367,1779746280.10978,1,1680,1050
19,2,4368,1779746280.12644,1,1680,1050
19,2,4369,1779746280.14311,1,1680,1050
19,2,4370,1779746280.15977,1,1680,1050
19,2,4371,1779746280.17644,1,1680,1050
19,2,4372,1779746280.19311,1,1680,1050
19,2,4373,1779746280.20977,1,1680,1050
19,2,4374,1779746280.22644,1,1680,1050
19,2,4375,1779746280.2431,1,1680,1050
19,2,4376,1779746280.25977,1,1680,1050
19,2,4377,1779746280.27644,1,1680,1050
19,2,4378,1779746280.2931,1,1680,1050
19,2,4379,1779746280.30977,1,1680,1050
19,2,4380,1779746280.32643,1,1680,1050
19,2,4381,1779746280.3431,1,1680,1050
19,2,4382,1779746280.35977,1,1680,1050
19,2,4383,1779746280.37643,1,1680,1050
19,2,4384,1779746280.3931,1,1680,1050
19,2,4385,1779746280.40977,1,1680,1050
19,2,4386,1779746280.42643,1,1680,1050
19,2,4387,1779746280.4431,1,1680,1050
19,2,4388,1779746280.45976,1,1680,1050
19,2,4389,1779746280.47643,1,1680,1050
19,2,4390,1779746280.4931,1,1680,1050
19,2,4391,1779746280.50976,1,1680,1050
19,2,4392,1779746280.52643,1,1680,1050
19,2,4393,1779746280.54309,1,1680,1050
19,2,4394,1779746280.55976,1,1680,1050
19,2,4395,1779746280.57643,1,1680,1050
19,2,4396,1779746280.59309,1,1680,1050
19,2,4397,1779746280.60976,1,1680,1050
19,2,4398,1779746280.62642,1,1680,1050
19,2,4399,1779746280.64309,1,1680,1050
19,2,4400,1779746280.65976,1,1680,1050
19,2,4401,1779746280.67642,1,1680,1050
19,2,4402,1779746280.69309,1,1680,1050
19,2,4403,1779746280.70975,1,1680,1050
19,2,4404,1779746280.72642,1,1680,1050
19,2,4405,1779746280.74309,1,1680,1050
19,2,4406,1779746280.75975,1,1680,1050
19,2,4407,1779746280.77642,1,1680,1050
19,2,4408,1779746280.79309,1,1680,1050
19,2,4409,1779746280.80975,1,1680,1050
19,2,4410,1779746280.82642,1,1680,1050
19,2,4411,1779746280.84308,1,1680,1050
19,2,4412,1779746280.85975,1,1680,1050
19,2,4413,1779746280.87642,1,1680,1050
19,2,4414,1779746280.89308,1,1680,1050
19,2,4415,1779746280.90975,1,1680,1050
19,2,4416,1779746280.92641,1,1680,1050
19,2,4417,1779746280.94308,1,1680,1050
19,2,4418,1779746280.95974,1,1680,1050
19,2,4419,1779746280.97641,1,1680,1050
19,2,4420,1779746280.99308,1,1680,1050
19,2,4421,1779746281.00974,1,1680,1050
19,2,4422,1779746281.02641,1,1680,1050
19,2,4423,1779746281.04308,1,1680,1050
19,2,4424,1779746281.05974,1,1680,1050
19,2,4425,1779746281.07641,1,1680,1050
19,2,4426,1779746281.09307,1,1680,1050
19,2,4427,1779746281.10974,1,1680,1050
19,2,4428,1779746281.12641,1,1680,1050
19,2,4429,1779746281.14307,1,1680,1050
19,2,4430,1779746281.15974,1,1680,1050
19,2,4431,1779746281.1764,1,1680,1050
19,2,4432,1779746281.19307,1,1680,1050
19,2,4433,1779746281.20974,1,1680,1050
19,2,4434,1779746281.2264,1,1680,1050
19,2,4435,1779746281.24307,1,1680,1050
19,2,4436,1779746281.25974,1,1680,1050
19,2,4437,1779746281.2764,1,1680,1050
19,2,4438,1779746281.29307,1,1680,1050
19,2,4439,1779746281.30973,1,1680,1050
19,2,4440,1779746281.3264,1,1680,1050
19,2,4441,1779746281.34307,1,1680,1050
19,2,4442,1779746281.35973,2,1680,1050
19,2,4443,1779746281.3764,2,1680,1050
19,2,4444,1779746281.39306,2,1680,1050
19,2,4445,1779746281.40973,2,1680,1050
19,2,4446,1779746281.4264,2,1680,1050
19,2,4447,1779746281.44306,2,1680,1050
19,2,4448,1779746281.45973,2,1680,1050
19,2,4449,1779746281.47639,2,1680,1050
19,2,4450,1779746281.49306,2,1680,1050
19,2,4451,1779746281.50973,2,1680,1050
19,2,4452,1779746281.52639,2,1680,1050
19,2,4453,1779746281.54306,2,1680,1050
19,2,4454,1779746281.55972,2,1680,1050
19,2,4455,1779746281.57639,2,1680,1050
19,2,4456,1779746281.59306,2,1680,1050
19,2,4457,1779746281.60972,2,1680,1050
19,2,4458,1779746281.62639,2,1680,1050
19,2,4459,1779746281.64305,2,1680,1050
19,2,4460,1779746281.65972,2,1680,1050
19,2,4461,1779746281.67639,2,1680,1050
19,2,4462,1779746281.69305,2,1680,1050
19,2,4463,1779746281.70972,2,1680,1050
19,2,4464,1779746281.72639,2,1680,1050
19,2,4465,1779746281.74305,2,1680,1050
19,2,4466,1779746281.75972,2,1680,1050
19,2,4467,1779746281.77639,2,1680,1050
19,2,4468,1779746281.79305,2,1680,1050
19,2,4469,1779746281.80972,2,1680,1050
19,2,4470,1779746281.82638,2,1680,1050
19,2,4471,1779746281.84305,2,1680,1050
19,2,4472,1779746281.85971,2,1680,1050
19,2,4473,1779746281.87638,2,1680,1050
19,2,4474,1779746281.89305,2,1680,1050
19,2,4475,1779746281.90971,2,1680,1050
19,2,4476,1779746281.92638,2,1680,1050
19,2,4477,1779746281.94304,2,1680,1050
19,2,4478,1779746281.95971,2,1680,1050
19,2,4479,1779746281.97638,2,1680,1050
19,2,4480,1779746281.99304,2,1680,1050
19,2,4481,1779746282.00971,2,1680,1050
19,2,4482,1779746282.02638,2,1680,1050
19,2,4483,1779746282.04304,2,1680,1050
19,2,4484,1779746282.05971,2,1680,1050
19,2,4485,1779746282.07637,2,1680,1050
19,2,4486,1779746282.09303,2,1680,1050
19,2,4487,1779746282.1097,2,1680,1050
19,2,4488,1779746282.12637,2,1680,1050
19,2,4489,1779746282.14304,2,1680,1050
19,2,4490,1779746282.1597,2,1680,1050
19,2,4491,1779746282.17637,2,1680,1050
19,2,4492,1779746282.19304,2,1680,1050
19,2,4493,1779746282.2097,2,1680,1050
19,2,4494,1779746282.22637,2,1680,1050
19,2,4495,1779746282.24303,2,1680,1050
19,2,4496,1779746282.2597,2,1680,1050
19,2,4497,1779746282.27637,2,1680,1050
19,2,4498,1779746282.29303,2,1680,1050
19,2,4499,1779746282.3097,2,1680,1050
19,2,4500,1779746282.32636,2,1680,1050
19,2,4501,1779746282.34303,2,1680,1050
19,2,4502,1779746282.3597,2,1680,1050
19,2,4503,1779746282.37636,2,1680,1050
19,2,4504,1779746282.39303,2,1680,1050
19,2,4505,1779746282.40969,2,1680,1050
19,2,4506,1779746282.42636,2,1680,1050
19,2,4507,1779746282.44303,2,1680,1050
19,2,4508,1779746282.45969,2,1680,1050
19,2,4509,1779746282.47636,2,1680,1050
19,2,4510,1779746282.49303,2,1680,1050
19,2,4511,1779746282.50969,2,1680,1050
19,2,4512,1779746282.52636,2,1680,1050
19,2,4513,1779746282.54302,2,1680,1050
19,2,4514,1779746282.55969,2,1680,1050
19,2,4515,1779746282.57636,2,1680,1050
19,2,4516,1779746282.59302,2,1680,1050
19,2,4517,1779746282.60969,2,1680,1050
19,2,4518,1779746282.62635,2,1680,1050
19,2,4519,1779746282.64302,2,1680,1050
19,2,4520,1779746282.65969,2,1680,1050
19,2,4521,1779746282.67635,2,1680,1050
19,2,4522,1779746282.69302,2,1680,1050
19,2,4523,1779746282.70968,2,1680,1050
19,2,4524,1779746282.72635,2,1680,1050
19,2,4525,1779746282.74302,2,1680,1050
19,2,4526,1779746282.75968,2,1680,1050
19,2,4527,1779746282.77635,2,1680,1050
19,2,4528,1779746282.79301,2,1680,1050
19,2,4529,1779746282.80968,2,1680,1050
19,2,4530,1779746282.82635,2,1680,1050
19,2,4531,1779746282.84301,2,1680,1050
19,2,4532,1779746282.85968,2,1680,1050
19,2,4533,1779746282.87635,2,1680,1050
19,2,4534,1779746282.89301,2,1680,1050
19,2,4535,1779746282.90968,2,1680,1050
19,2,4536,1779746282.92634,2,1680,1050
19,2,4537,1779746282.94301,2,1680,1050
19,2,4538,1779746282.95967,2,1680,1050
19,2,4539,1779746282.97634,2,1680,1050
19,2,4540,1779746282.99301,2,1680,1050
19,2,4541,1779746283.00967,2,1680,1050
19,2,4542,1779746283.02634,2,1680,1050
19,2,4543,1779746283.04301,2,1680,1050
19,2,4544,1779746283.05967,2,1680,1050
19,2,4545,1779746283.07634,2,1680,1050
19,2,4546,1779746283.093,2,1680,1050
19,2,4547,1779746283.10967,2,1680,1050
19,2,4548,1779746283.12634,2,1680,1050
19,2,4549,1779746283.143,2,1680,1050
19,2,4550,1779746283.15967,2,1680,1050
19,2,4551,1779746283.17633,2,1680,1050
19,2,4552,1779746283.193,2,1680,1050
19,2,4553,1779746283.20967,2,1680,1050
19,2,4554,1779746283.22633,2,1680,1050
19,2,4555,1779746283.243,2,1680,1050
19,2,4556,1779746283.25967,2,1680,1050
19,2,4557,1779746283.27633,2,1680,1050
19,2,4558,1779746283.293,2,1680,1050
19,2,4559,1779746283.30966,2,1680,1050
19,2,4560,1779746283.32633,2,1680,1050
19,2,4561,1779746283.343,2,1680,1050
19,2,4562,1779746283.35966,-1,1680,1050
19,2,4563,1779746283.37633,-1,1680,1050
19,2,4564,1779746283.39299,-1,1680,1050
19,2,4565,1779746283.40966,-1,1680,1050
19,2,4566,1779746283.42633,-1,1680,1050
19,2,4567,1779746283.44299,-1,1680,1050
19,2,4568,1779746283.45966,-1,1680,1050
19,2,4569,1779746283.47632,-1,1680,1050
19,2,4570,1779746283.49299,-1,1680,1050
19,2,4571,1779746283.50966,-1,1680,1050
19,2,4572,1779746283.52632,-1,1680,1050
19,2,4573,1779746283.54299,-1,1680,1050
19,2,4574,1779746283.55965,-1,1680,1050
19,2,4575,1779746283.57632,-1,1680,1050
19,2,4576,1779746283.59299,-1,1680,1050
19,2,4577,1779746283.60965,-1,1680,1050
19,2,4578,1779746283.62632,-1,1680,1050
19,2,4579,1779746283.64299,-1,1680,1050
19,2,4580,1779746283.65965,-1,1680,1050
19,2,4581,1779746283.67632,-1,1680,1050
19,2,4582,1779746283.69298,-1,1680,1050
19,2,4583,1779746283.70965,-1,1680,1050
19,2,4584,1779746283.72632,-1,1680,1050
19,2,4585,1779746283.74298,-1,1680,1050
19,2,4586,1779746283.75965,-1,1680,1050
19,2,4587,1779746283.77631,-1,1680,1050
19,2,4588,1779746283.79298,-1,1680,1050
19,2,4589,1779746283.80965,-1,1680,1050
19,2,4590,1779746283.82631,-1,1680,1050
19,2,4591,1779746283.84298,-1,1680,1050
19,2,4592,1779746283.85964,-1,1680,1050
19,2,4593,1779746283.87631,-1,1680,1050
19,2,4594,1779746283.89298,-1,1680,1050
19,2,4595,1779746283.90964,-1,1680,1050
19,2,4596,1779746283.92631,-1,1680,1050
19,2,4597,1779746283.94297,-1,1680,1050
19,2,4598,1779746283.95964,-1,1680,1050
19,2,4599,1779746283.97631,-1,1680,1050
19,2,4600,1779746283.99297,-1,1680,1050
19,2,4601,1779746284.00964,-1,1680,1050
19,2,4602,1779746284.0263,-1,1680,1050
19,2,4603,1779746284.04297,-1,1680,1050
19,2,4604,1779746284.05964,-1,1680,1050
19,2,4605,1779746284.0763,-1,1680,1050
19,2,4606,1779746284.09297,-1,1680,1050
19,2,4607,1779746284.10964,-1,1680,1050
19,2,4608,1779746284.1263,-1,1680,1050
19,2,4609,1779746284.14297,-1,1680,1050
19,2,4610,1779746284.15963,-1,1680,1050
19,2,4611,1779746284.1763,-1,1680,1050
19,2,4612,1779746284.19297,-1,1680,1050
19,2,4613,1779746284.20963,-1,1680,1050
19,2,4614,1779746284.2263,-1,1680,1050
19,2,4615,1779746284.24296,-1,1680,1050
19,2,4616,1779746284.25963,-1,1680,1050
19,2,4617,1779746284.2763,-1,1680,1050
19,2,4618,1779746284.29296,-1,1680,1050
19,2,4619,1779746284.30963,-1,1680,1050
19,2,4620,1779746284.32629,-1,1680,1050
19,2,4621,1779746284.34296,-1,1680,1050
19,2,4622,1779746284.35963,-1,1680,1050
19,2,4623,1779746284.37629,-1,1680,1050
19,2,4624,1779746284.39296,-1,1680,1050
19,2,4625,1779746284.40962,-1,1680,1050
19,2,4626,1779746284.42629,-1,1680,1050
19,2,4627,1779746284.44296,-1,1680,1050
19,2,4628,1779746284.45962,-1,1680,1050
19,2,4629,1779746284.47629,-1,1680,1050
19,2,4630,1779746284.49296,-1,1680,1050
19,2,4631,1779746284.50962,-1,1680,1050
19,2,4632,1779746284.52629,-1,1680,1050
19,2,4633,1779746284.54295,-1,1680,1050
19,2,4634,1779746284.55962,-1,1680,1050
19,2,4635,1779746284.57628,-1,1680,1050
19,2,4636,1779746284.59295,-1,1680,1050
19,2,4637,1779746284.60962,-1,1680,1050
19,2,4638,1779746284.62628,-1,1680,1050
19,2,4639,1779746284.64295,-1,1680,1050
19,2,4640,1779746284.65962,-1,1680,1050
19,2,4641,1779746284.67628,-1,1680,1050
19,2,4642,1779746284.69295,-1,1680,1050
19,2,4643,1779746284.70961,-1,1680,1050
19,2,4644,1779746284.72628,-1,1680,1050
19,2,4645,1779746284.74295,-1,1680,1050
19,2,4646,1779746284.75961,-1,1680,1050
19,2,4647,1779746284.77628,-1,1680,1050
19,2,4648,1779746284.79294,-1,1680,1050
19,2,4649,1779746284.80961,-1,1680,1050
19,2,4650,1779746284.82628,-1,1680,1050
19,2,4651,1779746284.84294,-1,1680,1050
19,2,4652,1779746284.85961,-1,1680,1050
19,2,4653,1779746284.87628,-1,1680,1050
19,2,4654,1779746284.89294,-1,1680,1050
19,2,4655,1779746284.90961,-1,1680,1050
19,2,4656,1779746284.92627,-1,1680,1050
19,2,4657,1779746284.94294,-1,1680,1050
19,2,4658,1779746284.9596,-1,1680,1050
19,2,4659,1779746284.97627,-1,1680,1050
19,2,4660,1779746284.99294,-1,1680,1050
19,2,4661,1779746285.0096,-1,1680,1050
19,2,4662,1779746285.02627,-1,1680,1050
19,2,4663,1779746285.04294,-1,1680,1050
19,2,4664,1779746285.0596,-1,1680,1050
19,2,4665,1779746285.07627,-1,1680,1050
19,2,4666,1779746285.09293,-1,1680,1050
19,2,4667,1779746285.1096,-1,1680,1050
19,2,4668,1779746285.12627,-1,1680,1050
19,2,4669,1779746285.14293,-1,1680,1050
19,2,4670,1779746285.1596,-1,1680,1050
19,2,4671,1779746285.17626,-1,1680,1050
19,2,4672,1779746285.19293,-1,1680,1050
19,2,4673,1779746285.2096,-1,1680,1050
19,2,4674,1779746285.22626,-1,1680,1050
19,2,4675,1779746285.24293,-1,1680,1050
19,2,4676,1779746285.2596,-1,1680,1050
19,2,4677,1779746285.27626,-1,1680,1050
19,2,4678,1779746285.29293,-1,1680,1050
19,2,4679,1779746285.30959,-1,1680,1050
19,2,4680,1779746285.32626,-1,1680,1050
19,2,4681,1779746285.35959,-1,1680,1050
19,2,4682,1779746285.37626,-1,1680,1050
19,2,4683,1779746285.39292,-1,1680,1050
19,2,4684,1779746285.40959,-1,1680,1050
19,2,4685,1779746285.42625,-1,1680,1050
19,2,4686,1779746285.44292,-1,1680,1050
19,2,4687,1779746285.45959,-1,1680,1050
19,2,4688,1779746285.47625,-1,1680,1050
19,2,4689,1779746285.49292,-1,1680,1050
19,2,4690,1779746285.50959,-1,1680,1050
19,2,4691,1779746285.52625,-1,1680,1050
19,2,4692,1779746285.54292,-1,1680,1050
19,2,4693,1779746285.55958,-1,1680,1050
19,2,4694,1779746285.57625,-1,1680,1050
19,2,4695,1779746285.59292,-1,1680,1050
19,2,4696,1779746285.60958,-1,1680,1050
19,2,4697,1779746285.62625,-1,1680,1050
19,2,4698,1779746285.64291,-1,1680,1050
19,2,4699,1779746285.65958,-1,1680,1050
19,2,4700,1779746285.67625,-1,1680,1050
19,2,4701,1779746285.69291,-1,1680,1050
19,2,4702,1779746285.70958,-1,1680,1050
19,2,4703,1779746285.72625,-1,1680,1050
19,2,4704,1779746285.74291,-1,1680,1050
19,2,4705,1779746285.75958,-1,1680,1050
19,2,4706,1779746285.77624,-1,1680,1050
19,2,4707,1779746285.79291,-1,1680,1050
19,2,4708,1779746285.80958,-1,1680,1050
19,2,4709,1779746285.82624,-1,1680,1050
19,2,4710,1779746285.84291,-1,1680,1050
19,2,4711,1779746285.85957,-1,1680,1050
19,2,4712,1779746285.87624,-1,1680,1050
19,2,4713,1779746285.89291,-1,1680,1050
19,2,4714,1779746285.90957,-1,1680,1050
19,2,4715,1779746285.92624,-1,1680,1050
19,2,4716,1779746285.9429,-1,1680,1050
19,2,4717,1779746285.95957,-1,1680,1050
19,2,4718,1779746285.97624,-1,1680,1050
19,2,4719,1779746285.9929,-1,1680,1050
19,2,4720,1779746286.00957,-1,1680,1050
19,2,4721,1779746286.02624,-1,1680,1050
19,2,4722,1779746286.0429,-1,1680,1050
19,2,4723,1779746286.05957,-1,1680,1050
19,2,4724,1779746286.07623,-1,1680,1050
19,2,4725,1779746286.0929,-1,1680,1050
19,2,4726,1779746286.10956,-1,1680,1050
19,2,4727,1779746286.12623,-1,1680,1050
19,2,4728,1779746286.1429,-1,1680,1050
19,2,4729,1779746286.15956,-1,1680,1050
19,2,4730,1779746286.17623,-1,1680,1050
19,2,4731,1779746286.1929,-1,1680,1050
19,2,4732,1779746286.20956,-1,1680,1050
19,2,4733,1779746286.22623,-1,1680,1050
19,2,4734,1779746286.24289,-1,1680,1050
19,2,4735,1779746286.25956,-1,1680,1050
19,2,4736,1779746286.27623,-1,1680,1050
19,2,4737,1779746286.29289,-1,1680,1050
19,2,4738,1779746286.30956,-1,1680,1050
19,2,4739,1779746286.32622,-1,1680,1050
19,2,4740,1779746286.34289,-1,1680,1050
19,2,4741,1779746286.35956,-1,1680,1050
19,2,4742,1779746286.37622,1,1680,1050
19,2,4743,1779746286.39289,1,1680,1050
19,2,4744,1779746286.40955,1,1680,1050
19,2,4745,1779746286.42622,1,1680,1050
19,2,4746,1779746286.44289,1,1680,1050
19,2,4747,1779746286.45955,1,1680,1050
19,2,4748,1779746286.47622,1,1680,1050
19,2,4749,1779746286.49288,1,1680,1050
19,2,4750,1779746286.50955,1,1680,1050
19,2,4751,1779746286.52622,1,1680,1050
19,2,4752,1779746286.54288,1,1680,1050
19,2,4753,1779746286.55955,1,1680,1050
19,2,4754,1779746286.57622,1,1680,1050
19,2,4755,1779746286.59288,1,1680,1050
19,2,4756,1779746286.60955,1,1680,1050
19,2,4757,1779746286.62621,1,1680,1050
19,2,4758,1779746286.64288,1,1680,1050
19,2,4759,1779746286.65955,1,1680,1050
19,2,4760,1779746286.67621,1,1680,1050
19,2,4761,1779746286.69288,1,1680,1050
19,2,4762,1779746286.70954,1,1680,1050
19,2,4763,1779746286.72621,1,1680,1050
19,2,4764,1779746286.74288,1,1680,1050
19,2,4765,1779746286.75954,1,1680,1050
19,2,4766,1779746286.77621,1,1680,1050
19,2,4767,1779746286.79287,1,1680,1050
19,2,4768,1779746286.80954,1,1680,1050
19,2,4769,1779746286.82621,1,1680,1050
19,2,4770,1779746286.84287,1,1680,1050
19,2,4771,1779746286.85954,1,1680,1050
19,2,4772,1779746286.8762,1,1680,1050
19,2,4773,1779746286.89287,1,1680,1050
19,2,4774,1779746286.90954,1,1680,1050
19,2,4775,1779746286.9262,1,1680,1050
19,2,4776,1779746286.94287,1,1680,1050
19,2,4777,1779746286.95954,1,1680,1050
19,2,4778,1779746286.9762,1,1680,1050
19,2,4779,1779746286.99287,1,1680,1050
19,2,4780,1779746287.00953,1,1680,1050
19,2,4781,1779746287.0262,1,1680,1050
19,2,4782,1779746287.04287,1,1680,1050
19,2,4783,1779746287.05953,1,1680,1050
19,2,4784,1779746287.0762,1,1680,1050
19,2,4785,1779746287.09286,1,1680,1050
19,2,4786,1779746287.10953,1,1680,1050
19,2,4787,1779746287.1262,1,1680,1050
19,2,4788,1779746287.14286,1,1680,1050
19,2,4789,1779746287.15953,1,1680,1050
19,2,4790,1779746287.17619,1,1680,1050
19,2,4791,1779746287.19286,1,1680,1050
19,2,4792,1779746287.20953,1,1680,1050
19,2,4793,1779746287.22619,1,1680,1050
19,2,4794,1779746287.24286,1,1680,1050
19,2,4795,1779746287.25952,1,1680,1050
19,2,4796,1779746287.27619,1,1680,1050
19,2,4797,1779746287.29286,1,1680,1050
19,2,4798,1779746287.30952,1,1680,1050
19,2,4799,1779746287.32619,1,1680,1050
19,2,4800,1779746287.34286,1,1680,1050
19,2,4801,1779746287.35952,1,1680,1050
19,2,4802,1779746287.37619,1,1680,1050
19,2,4803,1779746287.39285,1,1680,1050
19,2,4804,1779746287.40952,1,1680,1050
19,2,4805,1779746287.42619,1,1680,1050
19,2,4806,1779746287.44285,1,1680,1050
19,2,4807,1779746287.45952,1,1680,1050
19,2,4808,1779746287.47618,1,1680,1050
19,2,4809,1779746287.49285,1,1680,1050
19,2,4810,1779746287.50951,1,1680,1050
19,2,4811,1779746287.52618,1,1680,1050
19,2,4812,1779746287.54285,1,1680,1050
19,2,4813,1779746287.55951,1,1680,1050
19,2,4814,1779746287.57618,1,1680,1050
19,2,4815,1779746287.59285,1,1680,1050
19,2,4816,1779746287.60951,1,1680,1050
19,2,4817,1779746287.62618,1,1680,1050
19,2,4818,1779746287.64284,1,1680,1050
19,2,4819,1779746287.65951,1,1680,1050
19,2,4820,1779746287.67618,1,1680,1050
19,2,4821,1779746287.69284,1,1680,1050
19,2,4822,1779746287.70951,1,1680,1050
19,2,4823,1779746287.72618,1,1680,1050
19,2,4824,1779746287.74284,1,1680,1050
19,2,4825,1779746287.75951,1,1680,1050
19,2,4826,1779746287.77617,1,1680,1050
19,2,4827,1779746287.79284,1,1680,1050
19,2,4828,1779746287.8095,1,1680,1050
19,2,4829,1779746287.82617,1,1680,1050
19,2,4830,1779746287.84284,1,1680,1050
19,2,4831,1779746287.8595,1,1680,1050
19,2,4832,1779746287.87617,1,1680,1050
19,2,4833,1779746287.89284,1,1680,1050
19,2,4834,1779746287.9095,1,1680,1050
19,2,4835,1779746287.92617,1,1680,1050
19,2,4836,1779746287.94283,1,1680,1050
19,2,4837,1779746287.9595,1,1680,1050
19,2,4838,1779746287.97617,1,1680,1050
19,2,4839,1779746287.99283,1,1680,1050
19,2,4840,1779746288.0095,1,1680,1050
19,2,4841,1779746288.02616,1,1680,1050
19,2,4842,1779746288.04283,1,1680,1050
19,2,4843,1779746288.0595,1,1680,1050
19,2,4844,1779746288.07616,1,1680,1050
19,2,4845,1779746288.09283,1,1680,1050
19,2,4846,1779746288.10949,1,1680,1050
19,2,4847,1779746288.12616,1,1680,1050
19,2,4848,1779746288.14283,1,1680,1050
19,2,4849,1779746288.15949,1,1680,1050
19,2,4850,1779746288.17616,1,1680,1050
19,2,4851,1779746288.19282,1,1680,1050
19,2,4852,1779746288.20949,1,1680,1050
19,2,4853,1779746288.22616,1,1680,1050
19,2,4854,1779746288.24282,1,1680,1050
19,2,4855,1779746288.25949,1,1680,1050
19,2,4856,1779746288.27616,1,1680,1050
19,2,4857,1779746288.29282,1,1680,1050
19,2,4858,1779746288.30949,1,1680,1050
19,2,4859,1779746288.32615,1,1680,1050
19,2,4860,1779746288.34282,1,1680,1050
19,2,4861,1779746288.35949,1,1680,1050
19,2,4862,1779746288.37615,1,1680,1050
19,2,4863,1779746288.39282,1,1680,1050
19,2,4864,1779746288.40948,1,1680,1050
19,2,4865,1779746288.42615,1,1680,1050
19,2,4866,1779746288.44282,1,1680,1050
19,2,4867,1779746288.45948,1,1680,1050
19,2,4868,1779746288.47615,1,1680,1050
19,2,4869,1779746288.49281,1,1680,1050
19,2,4870,1779746288.50948,1,1680,1050
19,2,4871,1779746288.52615,1,1680,1050
19,2,4872,1779746288.54281,1,1680,1050
19,2,4873,1779746288.55948,1,1680,1050
19,2,4874,1779746288.57615,1,1680,1050
19,2,4875,1779746288.59281,1,1680,1050
19,2,4876,1779746288.60948,1,1680,1050
19,2,4877,1779746288.62614,1,1680,1050
19,2,4878,1779746288.64281,1,1680,1050
19,2,4879,1779746288.65948,1,1680,1050
19,2,4880,1779746288.67614,1,1680,1050
19,2,4881,1779746288.69281,1,1680,1050
19,2,4882,1779746288.70947,1,1680,1050
19,2,4883,1779746288.72614,1,1680,1050
19,2,4884,1779746288.74281,1,1680,1050
19,2,4885,1779746288.75947,1,1680,1050
19,2,4886,1779746288.77614,1,1680,1050
19,2,4887,1779746288.7928,1,1680,1050
19,2,4888,1779746288.80947,1,1680,1050
19,2,4889,1779746288.82614,1,1680,1050
19,2,4890,1779746288.8428,1,1680,1050
19,2,4891,1779746288.85947,1,1680,1050
19,2,4892,1779746288.87613,1,1680,1050
19,2,4893,1779746288.8928,1,1680,1050
19,2,4894,1779746288.90947,1,1680,1050
19,2,4895,1779746288.92613,1,1680,1050
19,2,4896,1779746288.9428,1,1680,1050
19,2,4897,1779746288.95946,1,1680,1050
19,2,4898,1779746288.97613,1,1680,1050
19,2,4899,1779746288.9928,1,1680,1050
19,2,4900,1779746289.00946,1,1680,1050
19,2,4901,1779746289.02613,1,1680,1050
19,2,4902,1779746289.04279,1,1680,1050
19,2,4903,1779746289.05946,1,1680,1050
19,2,4904,1779746289.07613,1,1680,1050
19,2,4905,1779746289.09279,1,1680,1050
19,2,4906,1779746289.10946,1,1680,1050
19,2,4907,1779746289.12613,1,1680,1050
19,2,4908,1779746289.14279,1,1680,1050
19,2,4909,1779746289.15946,1,1680,1050
19,2,4910,1779746289.17612,1,1680,1050
19,2,4911,1779746289.19279,1,1680,1050
19,2,4912,1779746289.20946,1,1680,1050
19,2,4913,1779746289.22612,1,1680,1050
19,2,4914,1779746289.24279,1,1680,1050
19,2,4915,1779746289.25945,1,1680,1050
19,2,4916,1779746289.27612,1,1680,1050
19,2,4917,1779746289.29279,1,1680,1050
19,2,4918,1779746289.30945,1,1680,1050
19,2,4919,1779746289.32612,1,1680,1050
19,2,4920,1779746289.34278,1,1680,1050
19,2,4921,1779746289.35945,1,1680,1050
19,2,4922,1779746289.37612,1,1680,1050
19,2,4923,1779746289.39278,1,1680,1050
19,2,4924,1779746289.40945,1,1680,1050
19,2,4925,1779746289.42612,1,1680,1050
19,2,4926,1779746289.44278,1,1680,1050
19,2,4927,1779746289.45945,1,1680,1050
19,2,4928,1779746289.47611,1,1680,1050
19,2,4929,1779746289.49278,1,1680,1050
19,2,4930,1779746289.50944,1,1680,1050
19,2,4931,1779746289.52611,1,1680,1050
19,2,4932,1779746289.54278,1,1680,1050
19,2,4933,1779746289.55944,1,1680,1050
19,2,4934,1779746289.57611,1,1680,1050
19,2,4935,1779746289.59278,1,1680,1050
19,2,4936,1779746289.60944,1,1680,1050
19,2,4937,1779746289.62611,1,1680,1050
19,2,4938,1779746289.64277,1,1680,1050
19,2,4939,1779746289.65944,1,1680,1050
19,2,4940,1779746289.67611,1,1680,1050
19,2,4941,1779746289.69277,1,1680,1050
19,2,4942,1779746289.70944,1,1680,1050
19,2,4943,1779746289.7261,1,1680,1050
19,2,4944,1779746289.74277,1,1680,1050
19,2,4945,1779746289.75944,1,1680,1050
19,2,4946,1779746289.7761,1,1680,1050
19,2,4947,1779746289.79277,1,1680,1050
19,2,4948,1779746289.80944,1,1680,1050
19,2,4949,1779746289.8261,1,1680,1050
19,2,4950,1779746289.84277,1,1680,1050
19,2,4951,1779746289.85943,1,1680,1050
19,2,4952,1779746289.8761,1,1680,1050
19,2,4953,1779746289.89277,1,1680,1050
19,2,4954,1779746289.90943,1,1680,1050
19,2,4955,1779746289.9261,1,1680,1050
19,2,4956,1779746289.94276,1,1680,1050
19,2,4957,1779746289.95943,1,1680,1050
19,2,4958,1779746289.9761,1,1680,1050
19,2,4959,1779746289.99276,1,1680,1050
19,2,4960,1779746290.00943,1,1680,1050
19,2,4961,1779746290.02609,1,1680,1050
19,2,4962,1779746290.04276,1,1680,1050
19,2,4963,1779746290.05943,1,1680,1050
19,2,4964,1779746290.07609,1,1680,1050
19,2,4965,1779746290.09276,1,1680,1050
19,2,4966,1779746290.10942,1,1680,1050
19,2,4967,1779746290.12609,1,1680,1050
19,2,4968,1779746290.14276,1,1680,1050
19,2,4969,1779746290.15942,1,1680,1050
19,2,4970,1779746290.17609,1,1680,1050
19,2,4971,1779746290.19275,1,1680,1050
19,2,4972,1779746290.20942,1,1680,1050
19,2,4973,1779746290.22609,1,1680,1050
19,2,4974,1779746290.24275,1,1680,1050
19,2,4975,1779746290.25942,1,1680,1050
19,2,4976,1779746290.27609,1,1680,1050
19,2,4977,1779746290.29275,1,1680,1050
19,2,4978,1779746290.30942,1,1680,1050
19,2,4979,1779746290.32608,1,1680,1050
19,2,4980,1779746290.34275,1,1680,1050
19,2,4981,1779746290.35942,1,1680,1050
19,2,4982,1779746290.37608,2,1680,1050
19,2,4983,1779746290.39275,2,1680,1050
19,2,4984,1779746290.40941,2,1680,1050
19,2,4985,1779746290.42608,2,1680,1050
19,2,4986,1779746290.44275,2,1680,1050
19,2,4987,1779746290.45941,2,1680,1050
19,2,4988,1779746290.47608,2,1680,1050
19,2,4989,1779746290.49274,2,1680,1050
19,2,4990,1779746290.50941,2,1680,1050
19,2,4991,1779746290.52608,2,1680,1050
19,2,4992,1779746290.54274,2,1680,1050
19,2,4993,1779746290.55941,2,1680,1050
19,2,4994,1779746290.57607,2,1680,1050
19,2,4995,1779746290.59274,2,1680,1050
19,2,4996,1779746290.60941,2,1680,1050
19,2,4997,1779746290.62607,2,1680,1050
19,2,4998,1779746290.64274,2,1680,1050
19,2,4999,1779746290.65941,2,1680,1050
19,2,5000,1779746290.67607,2,1680,1050
19,2,5001,1779746290.69274,2,1680,1050
19,2,5002,1779746290.7094,2,1680,1050
19,2,5003,1779746290.72607,2,1680,1050
19,2,5004,1779746290.74274,2,1680,1050
19,2,5005,1779746290.7594,2,1680,1050
19,2,5006,1779746290.77607,2,1680,1050
19,2,5007,1779746290.79273,2,1680,1050
19,2,5008,1779746290.8094,2,1680,1050
19,2,5009,1779746290.82607,2,1680,1050
19,2,5010,1779746290.84273,2,1680,1050
19,2,5011,1779746290.8594,2,1680,1050
19,2,5012,1779746290.87607,2,1680,1050
19,2,5013,1779746290.89273,2,1680,1050
19,2,5014,1779746290.9094,2,1680,1050
19,2,5015,1779746290.92606,2,1680,1050
19,2,5016,1779746290.94273,2,1680,1050
19,2,5017,1779746290.9594,2,1680,1050
19,2,5018,1779746290.97606,2,1680,1050
19,2,5019,1779746290.99273,2,1680,1050
19,2,5020,1779746291.00939,2,1680,1050
19,2,5021,1779746291.02606,2,1680,1050
19,2,5022,1779746291.04273,2,1680,1050
19,2,5023,1779746291.05939,2,1680,1050
19,2,5024,1779746291.07606,2,1680,1050
19,2,5025,1779746291.09272,2,1680,1050
19,2,5026,1779746291.10939,2,1680,1050
19,2,5027,1779746291.12606,2,1680,1050
19,2,5028,1779746291.14272,2,1680,1050
19,2,5029,1779746291.15939,2,1680,1050
19,2,5030,1779746291.17605,2,1680,1050
19,2,5031,1779746291.19272,2,1680,1050
19,2,5032,1779746291.20939,2,1680,1050
19,2,5033,1779746291.22605,2,1680,1050
19,2,5034,1779746291.24272,2,1680,1050
19,2,5035,1779746291.25938,2,1680,1050
19,2,5036,1779746291.27605,2,1680,1050
19,2,5037,1779746291.29272,2,1680,1050
19,2,5038,1779746291.30938,2,1680,1050
19,2,5039,1779746291.32605,2,1680,1050
19,2,5040,1779746291.34271,2,1680,1050
19,2,5041,1779746291.35938,2,1680,1050
19,2,5042,1779746291.37605,2,1680,1050
19,2,5043,1779746291.39271,2,1680,1050
19,2,5044,1779746291.40938,2,1680,1050
19,2,5045,1779746291.42605,2,1680,1050
19,2,5046,1779746291.44271,2,1680,1050
19,2,5047,1779746291.45938,2,1680,1050
19,2,5048,1779746291.47604,2,1680,1050
19,2,5049,1779746291.49271,2,1680,1050
19,2,5050,1779746291.50938,2,1680,1050
19,2,5051,1779746291.52604,2,1680,1050
19,2,5052,1779746291.54271,2,1680,1050
19,2,5053,1779746291.55937,2,1680,1050
19,2,5054,1779746291.57604,2,1680,1050
19,2,5055,1779746291.59271,2,1680,1050
19,2,5056,1779746291.60937,2,1680,1050
19,2,5057,1779746291.62604,2,1680,1050
19,2,5058,1779746291.6427,2,1680,1050
19,2,5059,1779746291.65937,2,1680,1050
19,2,5060,1779746291.67604,2,1680,1050
19,2,5061,1779746291.6927,2,1680,1050
19,2,5062,1779746291.70937,2,1680,1050
19,2,5063,1779746291.72603,2,1680,1050
19,2,5064,1779746291.7427,2,1680,1050
19,2,5065,1779746291.75937,2,1680,1050
19,2,5066,1779746291.77603,2,1680,1050
19,2,5067,1779746291.7927,2,1680,1050
19,2,5068,1779746291.80937,2,1680,1050
19,2,5069,1779746291.82603,2,1680,1050
19,2,5070,1779746291.8427,2,1680,1050
19,2,5071,1779746291.85936,2,1680,1050
19,2,5072,1779746291.87603,2,1680,1050
19,2,5073,1779746291.8927,2,1680,1050
19,2,5074,1779746291.90936,2,1680,1050
19,2,5075,1779746291.92603,2,1680,1050
19,2,5076,1779746291.94269,2,1680,1050
19,2,5077,1779746291.95936,2,1680,1050
19,2,5078,1779746291.97603,2,1680,1050
19,2,5079,1779746291.99269,2,1680,1050
19,2,5080,1779746292.00936,2,1680,1050
19,2,5081,1779746292.02602,2,1680,1050
19,2,5082,1779746292.04269,2,1680,1050
19,2,5083,1779746292.05936,2,1680,1050
19,2,5084,1779746292.07602,2,1680,1050
19,2,5085,1779746292.09269,2,1680,1050
19,2,5086,1779746292.10935,2,1680,1050
19,2,5087,1779746292.12602,2,1680,1050
19,2,5088,1779746292.14269,2,1680,1050
19,2,5089,1779746292.15935,2,1680,1050
19,2,5090,1779746292.17602,2,1680,1050
19,2,5091,1779746292.19268,2,1680,1050
19,2,5092,1779746292.20935,2,1680,1050
19,2,5093,1779746292.22602,2,1680,1050
19,2,5094,1779746292.24268,2,1680,1050
19,2,5095,1779746292.25935,2,1680,1050
19,2,5096,1779746292.27602,2,1680,1050
19,2,5097,1779746292.29268,2,1680,1050
19,2,5098,1779746292.30935,2,1680,1050
19,2,5099,1779746292.32601,2,1680,1050
19,2,5100,1779746292.34268,2,1680,1050
19,2,5101,1779746292.35935,2,1680,1050
19,2,5102,1779746292.37601,1,1680,1050
19,2,5103,1779746292.39268,1,1680,1050
19,2,5104,1779746292.40934,1,1680,1050
19,2,5105,1779746292.42601,1,1680,1050
19,2,5106,1779746292.44268,1,1680,1050
19,2,5107,1779746292.45934,1,1680,1050
19,2,5108,1779746292.47601,1,1680,1050
19,2,5109,1779746292.49267,1,1680,1050
19,2,5110,1779746292.50934,1,1680,1050
19,2,5111,1779746292.52601,1,1680,1050
19,2,5112,1779746292.54267,1,1680,1050
19,2,5113,1779746292.55934,1,1680,1050
19,2,5114,1779746292.576,1,1680,1050
19,2,5115,1779746292.59267,1,1680,1050
19,2,5116,1779746292.60934,1,1680,1050
19,2,5117,1779746292.626,1,1680,1050
19,2,5118,1779746292.64267,1,1680,1050
19,2,5119,1779746292.65934,1,1680,1050
19,2,5120,1779746292.676,1,1680,1050
19,2,5121,1779746292.69267,1,1680,1050
19,2,5122,1779746292.70933,1,1680,1050
19,2,5123,1779746292.726,1,1680,1050
19,2,5124,1779746292.74267,1,1680,1050
19,2,5125,1779746292.75933,1,1680,1050
19,2,5126,1779746292.776,1,1680,1050
19,2,5127,1779746292.79266,1,1680,1050
19,2,5128,1779746292.80933,1,1680,1050
19,2,5129,1779746292.826,1,1680,1050
19,2,5130,1779746292.84266,1,1680,1050
19,2,5131,1779746292.85933,1,1680,1050
19,2,5132,1779746292.87599,1,1680,1050
19,2,5133,1779746292.89266,1,1680,1050
19,2,5134,1779746292.90933,1,1680,1050
19,2,5135,1779746292.92599,1,1680,1050
19,2,5136,1779746292.94266,1,1680,1050
19,2,5137,1779746292.95933,1,1680,1050
19,2,5138,1779746292.97599,1,1680,1050
19,2,5139,1779746292.99266,1,1680,1050
19,2,5140,1779746293.00932,1,1680,1050
19,2,5141,1779746293.02599,1,1680,1050
19,2,5142,1779746293.04266,1,1680,1050
19,2,5143,1779746293.05932,1,1680,1050
19,2,5144,1779746293.07599,1,1680,1050
19,2,5145,1779746293.09265,1,1680,1050
19,2,5146,1779746293.10932,1,1680,1050
19,2,5147,1779746293.12599,1,1680,1050
19,2,5148,1779746293.14265,1,1680,1050
19,2,5149,1779746293.15932,1,1680,1050
19,2,5150,1779746293.17598,1,1680,1050
19,2,5151,1779746293.19265,1,1680,1050
19,2,5152,1779746293.20932,1,1680,1050
19,2,5153,1779746293.22598,1,1680,1050
19,2,5154,1779746293.24265,1,1680,1050
19,2,5155,1779746293.25931,1,1680,1050
19,2,5156,1779746293.27598,1,1680,1050
19,2,5157,1779746293.29265,1,1680,1050
19,2,5158,1779746293.30931,1,1680,1050
19,2,5159,1779746293.32598,1,1680,1050
19,2,5160,1779746293.34264,1,1680,1050
19,2,5161,1779746293.35931,1,1680,1050
19,2,5162,1779746293.37598,1,1680,1050
19,2,5163,1779746293.39264,1,1680,1050
19,2,5164,1779746293.40931,1,1680,1050
19,2,5165,1779746293.44264,1,1680,1050
19,2,5166,1779746293.45931,1,1680,1050
19,2,5167,1779746293.47597,1,1680,1050
19,2,5168,1779746293.49264,1,1680,1050
19,2,5169,1779746293.5093,1,1680,1050
19,2,5170,1779746293.52597,1,1680,1050
19,2,5171,1779746293.54264,1,1680,1050
19,2,5172,1779746293.5593,1,1680,1050
19,2,5173,1779746293.57597,1,1680,1050
19,2,5174,1779746293.59264,1,1680,1050
19,2,5175,1779746293.6093,1,1680,1050
19,2,5176,1779746293.62597,1,1680,1050
19,2,5177,1779746293.64263,1,1680,1050
19,2,5178,1779746293.6593,1,1680,1050
19,2,5179,1779746293.67597,1,1680,1050
19,2,5180,1779746293.69263,1,1680,1050
19,2,5181,1779746293.7093,1,1680,1050
19,2,5182,1779746293.72596,1,1680,1050
19,2,5183,1779746293.74263,1,1680,1050
19,2,5184,1779746293.7593,1,1680,1050
19,2,5185,1779746293.77596,1,1680,1050
19,2,5186,1779746293.79263,1,1680,1050
19,2,5187,1779746293.8093,1,1680,1050
19,2,5188,1779746293.82596,1,1680,1050
19,2,5189,1779746293.84263,1,1680,1050
19,2,5190,1779746293.85929,1,1680,1050
19,2,5191,1779746293.87596,1,1680,1050
19,2,5192,1779746293.89263,1,1680,1050
19,2,5193,1779746293.90929,1,1680,1050
19,2,5194,1779746293.92596,1,1680,1050
19,2,5195,1779746293.94262,1,1680,1050
19,2,5196,1779746293.95929,1,1680,1050
19,2,5197,1779746293.97596,1,1680,1050
19,2,5198,1779746293.99262,1,1680,1050
19,2,5199,1779746294.00929,1,1680,1050
19,2,5200,1779746294.02595,1,1680,1050
19,2,5201,1779746294.04262,1,1680,1050
19,2,5202,1779746294.05929,1,1680,1050
19,2,5203,1779746294.07595,1,1680,1050
19,2,5204,1779746294.09262,1,1680,1050
19,2,5205,1779746294.10928,1,1680,1050
19,2,5206,1779746294.12595,1,1680,1050
19,2,5207,1779746294.14262,1,1680,1050
19,2,5208,1779746294.15928,1,1680,1050
19,2,5209,1779746294.17595,1,1680,1050
19,2,5210,1779746294.19262,1,1680,1050
19,2,5211,1779746294.20928,1,1680,1050
19,2,5212,1779746294.22595,1,1680,1050
19,2,5213,1779746294.24261,1,1680,1050
19,2,5214,1779746294.25928,1,1680,1050
19,2,5215,1779746294.27595,1,1680,1050
19,2,5216,1779746294.29261,1,1680,1050
19,2,5217,1779746294.30928,1,1680,1050
19,2,5218,1779746294.32594,1,1680,1050
19,2,5219,1779746294.34261,1,1680,1050
19,2,5220,1779746294.35928,1,1680,1050
19,2,5221,1779746294.37594,1,1680,1050
19,2,5222,1779746294.39261,1,1680,1050
19,2,5223,1779746294.40927,1,1680,1050
19,2,5224,1779746294.42594,1,1680,1050
19,2,5225,1779746294.44261,1,1680,1050
19,2,5226,1779746294.45927,1,1680,1050
19,2,5227,1779746294.47594,1,1680,1050
19,2,5228,1779746294.4926,1,1680,1050
19,2,5229,1779746294.50927,1,1680,1050
19,2,5230,1779746294.52594,1,1680,1050
19,2,5231,1779746294.5426,1,1680,1050
19,2,5232,1779746294.55927,1,1680,1050
19,2,5233,1779746294.57593,1,1680,1050
19,2,5234,1779746294.5926,1,1680,1050
19,2,5235,1779746294.60927,1,1680,1050
19,2,5236,1779746294.62593,1,1680,1050
19,2,5237,1779746294.6426,1,1680,1050
19,2,5238,1779746294.65927,1,1680,1050
19,2,5239,1779746294.67593,1,1680,1050
19,2,5240,1779746294.6926,1,1680,1050
19,2,5241,1779746294.70926,1,1680,1050
19,2,5242,1779746294.72593,1,1680,1050
19,2,5243,1779746294.7426,1,1680,1050
19,2,5244,1779746294.75926,1,1680,1050
19,2,5245,1779746294.77593,1,1680,1050
19,2,5246,1779746294.79259,1,1680,1050
19,2,5247,1779746294.80926,1,1680,1050
19,2,5248,1779746294.82593,1,1680,1050
19,2,5249,1779746294.84259,1,1680,1050
19,2,5250,1779746294.85926,1,1680,1050
19,2,5251,1779746294.87592,1,1680,1050
19,2,5252,1779746294.89259,1,1680,1050
19,2,5253,1779746294.90926,1,1680,1050
19,2,5254,1779746294.92592,1,1680,1050
19,2,5255,1779746294.94259,1,1680,1050
19,2,5256,1779746294.95925,1,1680,1050
19,2,5257,1779746294.97592,1,1680,1050
19,2,5258,1779746294.99259,1,1680,1050
19,2,5259,1779746295.00925,1,1680,1050
19,2,5260,1779746295.02592,1,1680,1050
19,2,5261,1779746295.04258,1,1680,1050
19,2,5262,1779746295.05925,1,1680,1050
19,2,5263,1779746295.07592,1,1680,1050
19,2,5264,1779746295.09258,1,1680,1050
19,2,5265,1779746295.10925,1,1680,1050
19,2,5266,1779746295.12592,1,1680,1050
19,2,5267,1779746295.14258,1,1680,1050
19,2,5268,1779746295.15925,1,1680,1050
19,2,5269,1779746295.17591,1,1680,1050
19,2,5270,1779746295.19258,1,1680,1050
19,2,5271,1779746295.20925,1,1680,1050
19,2,5272,1779746295.22591,1,1680,1050
19,2,5273,1779746295.24258,1,1680,1050
19,2,5274,1779746295.25924,1,1680,1050
19,2,5275,1779746295.27591,1,1680,1050
19,2,5276,1779746295.29258,1,1680,1050
19,2,5277,1779746295.30924,1,1680,1050
19,2,5278,1779746295.32591,1,1680,1050
19,2,5279,1779746295.34257,1,1680,1050
19,2,5280,1779746295.35924,1,1680,1050
19,2,5281,1779746295.37591,1,1680,1050
19,2,5282,1779746295.39257,1,1680,1050
19,2,5283,1779746295.40924,1,1680,1050
19,2,5284,1779746295.4259,1,1680,1050
19,2,5285,1779746295.44257,1,1680,1050
19,2,5286,1779746295.45924,1,1680,1050
19,2,5287,1779746295.4759,1,1680,1050
19,2,5288,1779746295.49257,1,1680,1050
19,2,5289,1779746295.50924,1,1680,1050
19,2,5290,1779746295.5259,1,1680,1050
19,2,5291,1779746295.54257,1,1680,1050
19,2,5292,1779746295.55923,1,1680,1050
19,2,5293,1779746295.5759,1,1680,1050
19,2,5294,1779746295.59257,1,1680,1050
19,2,5295,1779746295.60923,1,1680,1050
19,2,5296,1779746295.6259,1,1680,1050
19,2,5297,1779746295.64256,1,1680,1050
19,2,5298,1779746295.65923,1,1680,1050
19,2,5299,1779746295.6759,1,1680,1050
19,2,5300,1779746295.69256,1,1680,1050
19,2,5301,1779746295.70923,1,1680,1050
19,2,5302,1779746295.72589,1,1680,1050
19,2,5303,1779746295.74256,1,1680,1050
19,2,5304,1779746295.75923,1,1680,1050
19,2,5305,1779746295.77589,1,1680,1050
19,2,5306,1779746295.79256,1,1680,1050
19,2,5307,1779746295.80922,1,1680,1050
19,2,5308,1779746295.82589,1,1680,1050
19,2,5309,1779746295.84256,1,1680,1050
19,2,5310,1779746295.85922,1,1680,1050
19,2,5311,1779746295.87589,1,1680,1050
19,2,5312,1779746295.89255,1,1680,1050
19,2,5313,1779746295.90922,1,1680,1050
19,2,5314,1779746295.92589,1,1680,1050
19,2,5315,1779746295.94255,1,1680,1050
19,2,5316,1779746295.95922,1,1680,1050
19,2,5317,1779746295.97588,1,1680,1050
19,2,5318,1779746295.99255,1,1680,1050
19,2,5319,1779746296.00922,1,1680,1050
19,2,5320,1779746296.02588,1,1680,1050
19,2,5321,1779746296.04255,1,1680,1050
19,2,5322,1779746296.05922,1,1680,1050
19,2,5323,1779746296.07588,1,1680,1050
19,2,5324,1779746296.09255,1,1680,1050
19,2,5325,1779746296.10922,1,1680,1050
19,2,5326,1779746296.12588,1,1680,1050
19,2,5327,1779746296.14255,1,1680,1050
19,2,5328,1779746296.15921,1,1680,1050
19,2,5329,1779746296.17588,1,1680,1050
19,2,5330,1779746296.19254,1,1680,1050
19,2,5331,1779746296.20921,1,1680,1050
19,2,5332,1779746296.22588,1,1680,1050
19,2,5333,1779746296.24254,1,1680,1050
19,2,5334,1779746296.25921,1,1680,1050
19,2,5335,1779746296.27587,1,1680,1050
19,2,5336,1779746296.29254,1,1680,1050
19,2,5337,1779746296.30921,1,1680,1050
19,2,5338,1779746296.32587,1,1680,1050
19,2,5339,1779746296.34254,1,1680,1050
19,2,5340,1779746296.35921,1,1680,1050
19,2,5341,1779746296.37587,1,1680,1050
19,2,5342,1779746296.39254,2,1680,1050
19,2,5343,1779746296.4092,2,1680,1050
19,2,5344,1779746296.42587,2,1680,1050
19,2,5345,1779746296.44254,2,1680,1050
19,2,5346,1779746296.4592,2,1680,1050
19,2,5347,1779746296.47587,2,1680,1050
19,2,5348,1779746296.49253,2,1680,1050
19,2,5349,1779746296.5092,2,1680,1050
19,2,5350,1779746296.52587,2,1680,1050
19,2,5351,1779746296.54253,2,1680,1050
19,2,5352,1779746296.5592,2,1680,1050
19,2,5353,1779746296.57586,2,1680,1050
19,2,5354,1779746296.59253,2,1680,1050
19,2,5355,1779746296.6092,2,1680,1050
19,2,5356,1779746296.62586,2,1680,1050
19,2,5357,1779746296.64253,2,1680,1050
19,2,5358,1779746296.65919,2,1680,1050
19,2,5359,1779746296.67586,2,1680,1050
19,2,5360,1779746296.69253,2,1680,1050
19,2,5361,1779746296.70919,2,1680,1050
19,2,5362,1779746296.72586,2,1680,1050
19,2,5363,1779746296.74253,2,1680,1050
19,2,5364,1779746296.75919,2,1680,1050
19,2,5365,1779746296.77586,2,1680,1050
19,2,5366,1779746296.79252,2,1680,1050
19,2,5367,1779746296.80919,2,1680,1050
19,2,5368,1779746296.82586,2,1680,1050
19,2,5369,1779746296.84252,2,1680,1050
19,2,5370,1779746296.85919,2,1680,1050
19,2,5371,1779746296.87585,2,1680,1050
19,2,5372,1779746296.89252,2,1680,1050
19,2,5373,1779746296.90919,2,1680,1050
19,2,5374,1779746296.92585,2,1680,1050
19,2,5375,1779746296.94252,2,1680,1050
19,2,5376,1779746296.95918,2,1680,1050
19,2,5377,1779746296.97585,2,1680,1050
19,2,5378,1779746296.99252,2,1680,1050
19,2,5379,1779746297.00918,2,1680,1050
19,2,5380,1779746297.02585,2,1680,1050
19,2,5381,1779746297.04252,2,1680,1050
19,2,5382,1779746297.05918,2,1680,1050
19,2,5383,1779746297.07585,2,1680,1050
19,2,5384,1779746297.09251,2,1680,1050
19,2,5385,1779746297.10918,2,1680,1050
19,2,5386,1779746297.12585,2,1680,1050
19,2,5387,1779746297.14251,2,1680,1050
19,2,5388,1779746297.15918,2,1680,1050
19,2,5389,1779746297.17584,2,1680,1050
19,2,5390,1779746297.19251,2,1680,1050
19,2,5391,1779746297.20918,2,1680,1050
19,2,5392,1779746297.22584,2,1680,1050
19,2,5393,1779746297.24251,2,1680,1050
19,2,5394,1779746297.25917,2,1680,1050
19,2,5395,1779746297.27584,2,1680,1050
19,2,5396,1779746297.29251,2,1680,1050
19,2,5397,1779746297.30917,2,1680,1050
19,2,5398,1779746297.32584,2,1680,1050
19,2,5399,1779746297.3425,2,1680,1050
19,2,5400,1779746297.35917,2,1680,1050
19,2,5401,1779746297.37584,2,1680,1050
19,2,5402,1779746297.3925,2,1680,1050
19,2,5403,1779746297.40917,2,1680,1050
19,2,5404,1779746297.42583,2,1680,1050
19,2,5405,1779746297.4425,2,1680,1050
19,2,5406,1779746297.45917,2,1680,1050
19,2,5407,1779746297.47583,2,1680,1050
19,2,5408,1779746297.4925,2,1680,1050
19,2,5409,1779746297.50917,2,1680,1050
19,2,5410,1779746297.52583,2,1680,1050
19,2,5411,1779746297.5425,2,1680,1050
19,2,5412,1779746297.55916,2,1680,1050
19,2,5413,1779746297.57583,2,1680,1050
19,2,5414,1779746297.5925,2,1680,1050
19,2,5415,1779746297.60916,2,1680,1050
19,2,5416,1779746297.62583,2,1680,1050
19,2,5417,1779746297.64249,2,1680,1050
19,2,5418,1779746297.65916,2,1680,1050
19,2,5419,1779746297.67583,2,1680,1050
19,2,5420,1779746297.69249,2,1680,1050
19,2,5421,1779746297.70916,2,1680,1050
19,2,5422,1779746297.72582,2,1680,1050
19,2,5423,1779746297.74249,2,1680,1050
19,2,5424,1779746297.75916,2,1680,1050
19,2,5425,1779746297.77582,2,1680,1050
19,2,5426,1779746297.79249,2,1680,1050
19,2,5427,1779746297.80915,2,1680,1050
19,2,5428,1779746297.82582,2,1680,1050
19,2,5429,1779746297.84249,2,1680,1050
19,2,5430,1779746297.85915,2,1680,1050
19,2,5431,1779746297.87582,2,1680,1050
19,2,5432,1779746297.89249,2,1680,1050
19,2,5433,1779746297.90915,2,1680,1050
19,2,5434,1779746297.92582,2,1680,1050
19,2,5435,1779746297.94248,2,1680,1050
19,2,5436,1779746297.95915,2,1680,1050
19,2,5437,1779746297.97582,2,1680,1050
19,2,5438,1779746297.99248,2,1680,1050
19,2,5439,1779746298.00915,2,1680,1050
19,2,5440,1779746298.02581,2,1680,1050
19,2,5441,1779746298.04248,2,1680,1050
19,2,5442,1779746298.05915,2,1680,1050
19,2,5443,1779746298.07581,2,1680,1050
19,2,5444,1779746298.09248,2,1680,1050
19,2,5445,1779746298.10914,2,1680,1050
19,2,5446,1779746298.12581,2,1680,1050
19,2,5447,1779746298.14248,2,1680,1050
19,2,5448,1779746298.15914,2,1680,1050
19,2,5449,1779746298.17581,2,1680,1050
19,2,5450,1779746298.19247,2,1680,1050
19,2,5451,1779746298.20914,2,1680,1050
19,2,5452,1779746298.22581,2,1680,1050
19,2,5453,1779746298.24247,2,1680,1050
19,2,5454,1779746298.25914,2,1680,1050
19,2,5455,1779746298.2758,2,1680,1050
19,2,5456,1779746298.29247,2,1680,1050
19,2,5457,1779746298.30914,2,1680,1050
19,2,5458,1779746298.3258,2,1680,1050
19,2,5459,1779746298.34247,2,1680,1050
19,2,5460,1779746298.35914,2,1680,1050
19,2,5461,1779746298.3758,2,1680,1050
19,2,5462,1779746298.39247,1,1680,1050
19,2,5463,1779746298.40913,1,1680,1050
19,2,5464,1779746298.4258,1,1680,1050
19,2,5465,1779746298.44247,1,1680,1050
19,2,5466,1779746298.45913,1,1680,1050
19,2,5467,1779746298.4758,1,1680,1050
19,2,5468,1779746298.49246,1,1680,1050
19,2,5469,1779746298.50913,1,1680,1050
19,2,5470,1779746298.5258,1,1680,1050
19,2,5471,1779746298.54246,1,1680,1050
19,2,5472,1779746298.55913,1,1680,1050
19,2,5473,1779746298.57579,1,1680,1050
19,2,5474,1779746298.59246,1,1680,1050
19,2,5475,1779746298.60913,1,1680,1050
19,2,5476,1779746298.62579,1,1680,1050
19,2,5477,1779746298.64246,1,1680,1050
19,2,5478,1779746298.65913,1,1680,1050
19,2,5479,1779746298.67579,1,1680,1050
19,2,5480,1779746298.69246,1,1680,1050
19,2,5481,1779746298.70912,1,1680,1050
19,2,5482,1779746298.72579,1,1680,1050
19,2,5483,1779746298.74246,1,1680,1050
19,2,5484,1779746298.75912,1,1680,1050
19,2,5485,1779746298.77579,1,1680,1050
19,2,5486,1779746298.79245,1,1680,1050
19,2,5487,1779746298.80912,1,1680,1050
19,2,5488,1779746298.82579,1,1680,1050
19,2,5489,1779746298.84245,1,1680,1050
19,2,5490,1779746298.85912,1,1680,1050
19,2,5491,1779746298.87578,1,1680,1050
19,2,5492,1779746298.89245,1,1680,1050
19,2,5493,1779746298.90912,1,1680,1050
19,2,5494,1779746298.92578,1,1680,1050
19,2,5495,1779746298.94245,1,1680,1050
19,2,5496,1779746298.95911,1,1680,1050
19,2,5497,1779746298.97578,1,1680,1050
19,2,5498,1779746298.99245,1,1680,1050
19,2,5499,1779746299.00911,1,1680,1050
19,2,5500,1779746299.02578,1,1680,1050
19,2,5501,1779746299.04244,1,1680,1050
19,2,5502,1779746299.05911,1,1680,1050
19,2,5503,1779746299.07578,1,1680,1050
19,2,5504,1779746299.09244,1,1680,1050
19,2,5505,1779746299.10911,1,1680,1050
19,2,5506,1779746299.12578,1,1680,1050
19,2,5507,1779746299.14244,1,1680,1050
19,2,5508,1779746299.15911,1,1680,1050
19,2,5509,1779746299.17577,1,1680,1050
19,2,5510,1779746299.19244,1,1680,1050
19,2,5511,1779746299.2091,1,1680,1050
19,2,5512,1779746299.22577,1,1680,1050
19,2,5513,1779746299.24244,1,1680,1050
19,2,5514,1779746299.2591,1,1680,1050
19,2,5515,1779746299.27577,1,1680,1050
19,2,5516,1779746299.29244,1,1680,1050
19,2,5517,1779746299.3091,1,1680,1050
19,2,5518,1779746299.32577,1,1680,1050
19,2,5519,1779746299.34243,1,1680,1050
19,2,5520,1779746299.3591,1,1680,1050
19,2,5521,1779746299.37577,1,1680,1050
19,2,5522,1779746299.39243,1,1680,1050
19,2,5523,1779746299.4091,1,1680,1050
19,2,5524,1779746299.42576,1,1680,1050
19,2,5525,1779746299.44243,1,1680,1050
19,2,5526,1779746299.4591,1,1680,1050
19,2,5527,1779746299.47576,1,1680,1050
19,2,5528,1779746299.49243,1,1680,1050
19,2,5529,1779746299.50909,1,1680,1050
19,2,5530,1779746299.52576,1,1680,1050
19,2,5531,1779746299.54243,1,1680,1050
19,2,5532,1779746299.55909,1,1680,1050
19,2,5533,1779746299.57576,1,1680,1050
19,2,5534,1779746299.59243,1,1680,1050
19,2,5535,1779746299.60909,1,1680,1050
19,2,5536,1779746299.62576,1,1680,1050
19,2,5537,1779746299.64242,1,1680,1050
19,2,5538,1779746299.65909,1,1680,1050
19,2,5539,1779746299.67576,1,1680,1050
19,2,5540,1779746299.69242,1,1680,1050
19,2,5541,1779746299.70909,1,1680,1050
19,2,5542,1779746299.72575,1,1680,1050
19,2,5543,1779746299.74242,1,1680,1050
19,2,5544,1779746299.75909,1,1680,1050
19,2,5545,1779746299.77575,1,1680,1050
19,2,5546,1779746299.79242,1,1680,1050
19,2,5547,1779746299.80908,1,1680,1050
19,2,5548,1779746299.82575,1,1680,1050
19,2,5549,1779746299.84242,1,1680,1050
19,2,5550,1779746299.85908,1,1680,1050
19,2,5551,1779746299.87575,1,1680,1050
19,2,5552,1779746299.89241,1,1680,1050
19,2,5553,1779746299.90908,1,1680,1050
19,2,5554,1779746299.92575,1,1680,1050
19,2,5555,1779746299.94241,1,1680,1050
19,2,5556,1779746299.95908,1,1680,1050
19,2,5557,1779746299.97575,1,1680,1050
19,2,5558,1779746299.99241,1,1680,1050
19,2,5559,1779746300.00908,1,1680,1050
19,2,5560,1779746300.02574,1,1680,1050
19,2,5561,1779746300.04241,1,1680,1050
19,2,5562,1779746300.05908,1,1680,1050
19,2,5563,1779746300.07574,1,1680,1050
19,2,5564,1779746300.09241,1,1680,1050
19,2,5565,1779746300.10907,1,1680,1050
19,2,5566,1779746300.12574,1,1680,1050
19,2,5567,1779746300.14241,1,1680,1050
19,2,5568,1779746300.15907,1,1680,1050
19,2,5569,1779746300.17574,1,1680,1050
19,2,5570,1779746300.1924,1,1680,1050
19,2,5571,1779746300.20907,1,1680,1050
19,2,5572,1779746300.22574,1,1680,1050
19,2,5573,1779746300.2424,1,1680,1050
19,2,5574,1779746300.25907,1,1680,1050
19,2,5575,1779746300.27574,1,1680,1050
19,2,5576,1779746300.2924,1,1680,1050
19,2,5577,1779746300.30907,1,1680,1050
19,2,5578,1779746300.32573,1,1680,1050
19,2,5579,1779746300.3424,1,1680,1050
19,2,5580,1779746300.35907,1,1680,1050
19,2,5581,1779746300.37573,1,1680,1050
19,2,5582,1779746300.3924,1,1680,1050
19,2,5583,1779746300.40906,1,1680,1050
19,2,5584,1779746300.42573,1,1680,1050
19,2,5585,1779746300.4424,1,1680,1050
19,2,5586,1779746300.45906,1,1680,1050
19,2,5587,1779746300.47573,1,1680,1050
19,2,5588,1779746300.49239,1,1680,1050
19,2,5589,1779746300.50906,1,1680,1050
19,2,5590,1779746300.52572,1,1680,1050
19,2,5591,1779746300.54241,1,1680,1050
19,2,5592,1779746300.55906,1,1680,1050
19,2,5593,1779746300.57572,1,1680,1050
19,2,5594,1779746300.59239,1,1680,1050
19,2,5595,1779746300.60906,1,1680,1050
19,2,5596,1779746300.62572,1,1680,1050
19,2,5597,1779746300.64239,1,1680,1050
19,2,5598,1779746300.65905,1,1680,1050
19,2,5599,1779746300.67572,1,1680,1050
19,2,5600,1779746300.69239,1,1680,1050
19,2,5601,1779746300.70905,1,1680,1050
19,2,5602,1779746300.72572,1,1680,1050
19,2,5603,1779746300.74239,1,1680,1050
19,2,5604,1779746300.75905,1,1680,1050
19,2,5605,1779746300.77572,1,1680,1050
19,2,5606,1779746300.79238,1,1680,1050
19,2,5607,1779746300.80905,1,1680,1050
19,2,5608,1779746300.82572,1,1680,1050
19,2,5609,1779746300.84238,1,1680,1050
19,2,5610,1779746300.85905,1,1680,1050
19,2,5611,1779746300.87571,1,1680,1050
19,2,5612,1779746300.89238,1,1680,1050
19,2,5613,1779746300.90904,1,1680,1050
19,2,5614,1779746300.92571,1,1680,1050
19,2,5615,1779746300.94238,1,1680,1050
19,2,5616,1779746300.95904,1,1680,1050
19,2,5617,1779746300.97571,1,1680,1050
19,2,5618,1779746300.99238,1,1680,1050
19,2,5619,1779746301.00904,1,1680,1050
19,2,5620,1779746301.02571,1,1680,1050
19,2,5621,1779746301.04237,1,1680,1050
19,2,5622,1779746301.05904,1,1680,1050
19,2,5623,1779746301.07571,1,1680,1050
19,2,5624,1779746301.09237,1,1680,1050
19,2,5625,1779746301.10904,1,1680,1050
19,2,5626,1779746301.12571,1,1680,1050
19,2,5627,1779746301.14237,1,1680,1050
19,2,5628,1779746301.15904,1,1680,1050
19,2,5629,1779746301.1757,1,1680,1050
19,2,5630,1779746301.19237,1,1680,1050
19,2,5631,1779746301.20904,1,1680,1050
19,2,5632,1779746301.2257,1,1680,1050
19,2,5633,1779746301.24237,1,1680,1050
19,2,5634,1779746301.25903,1,1680,1050
19,2,5635,1779746301.2757,1,1680,1050
19,2,5636,1779746301.29237,1,1680,1050
19,2,5637,1779746301.30903,1,1680,1050
19,2,5638,1779746301.32572,1,1680,1050
19,2,5639,1779746301.34236,1,1680,1050
19,2,5640,1779746301.35903,1,1680,1050
19,2,5641,1779746301.3757,1,1680,1050
19,2,5642,1779746301.39236,1,1680,1050
19,2,5643,1779746301.40903,1,1680,1050
19,2,5644,1779746301.42569,1,1680,1050
19,2,5645,1779746301.44236,1,1680,1050
19,2,5646,1779746301.45903,1,1680,1050
19,2,5647,1779746301.47569,1,1680,1050
19,2,5648,1779746301.49236,1,1680,1050
19,2,5649,1779746301.50902,1,1680,1050
19,2,5650,1779746301.52569,1,1680,1050
19,2,5651,1779746301.54236,1,1680,1050
19,2,5652,1779746301.55902,1,1680,1050
19,2,5653,1779746301.57569,1,1680,1050
19,2,5654,1779746301.59236,1,1680,1050
19,2,5655,1779746301.60902,1,1680,1050
19,2,5656,1779746301.62569,1,1680,1050
19,2,5657,1779746301.64235,1,1680,1050
19,2,5658,1779746301.65902,1,1680,1050
19,2,5659,1779746301.67568,1,1680,1050
19,2,5660,1779746301.69235,1,1680,1050
19,2,5661,1779746301.70902,1,1680,1050
19,2,5662,1779746301.72568,1,1680,1050
19,2,5663,1779746301.74235,1,1680,1050
19,2,5664,1779746301.75902,1,1680,1050
19,2,5665,1779746301.77568,1,1680,1050
19,2,5666,1779746301.79235,1,1680,1050
19,2,5667,1779746301.80901,1,1680,1050
19,2,5668,1779746301.82568,1,1680,1050
19,2,5669,1779746301.84235,1,1680,1050
19,2,5670,1779746301.85901,1,1680,1050
19,2,5671,1779746301.87568,1,1680,1050
19,2,5672,1779746301.89234,1,1680,1050
19,2,5673,1779746301.90901,1,1680,1050
19,2,5674,1779746301.92568,1,1680,1050
19,2,5675,1779746301.94234,1,1680,1050
19,2,5676,1779746301.95901,1,1680,1050
19,2,5677,1779746301.97568,1,1680,1050
19,2,5678,1779746302.00901,1,1680,1050
19,2,5679,1779746302.02567,1,1680,1050
19,2,5680,1779746302.04234,1,1680,1050
19,2,5681,1779746302.05901,1,1680,1050
19,2,5682,1779746302.07567,1,1680,1050
19,2,5683,1779746302.09234,1,1680,1050
19,2,5684,1779746302.109,1,1680,1050
19,2,5685,1779746302.12567,1,1680,1050
19,2,5686,1779746302.14234,1,1680,1050
19,2,5687,1779746302.159,1,1680,1050
19,2,5688,1779746302.17567,1,1680,1050
19,2,5689,1779746302.19233,1,1680,1050
19,2,5690,1779746302.209,1,1680,1050
19,2,5691,1779746302.22567,1,1680,1050
19,2,5692,1779746302.24233,1,1680,1050
19,2,5693,1779746302.259,1,1680,1050
19,2,5694,1779746302.27566,1,1680,1050
19,2,5695,1779746302.29233,1,1680,1050
19,2,5696,1779746302.309,1,1680,1050
19,2,5697,1779746302.32566,1,1680,1050
19,2,5698,1779746302.34233,1,1680,1050
19,2,5699,1779746302.35899,1,1680,1050
19,2,5700,1779746302.37566,1,1680,1050
19,2,5701,1779746302.39233,1,1680,1050
19,2,5702,1779746302.40899,2,1680,1050
19,2,5703,1779746302.42566,2,1680,1050
19,2,5704,1779746302.44233,2,1680,1050
19,2,5705,1779746302.45899,2,1680,1050
19,2,5706,1779746302.47566,2,1680,1050
19,2,5707,1779746302.49232,2,1680,1050
19,2,5708,1779746302.50899,2,1680,1050
19,2,5709,1779746302.52566,2,1680,1050
19,2,5710,1779746302.54232,2,1680,1050
19,2,5711,1779746302.55899,2,1680,1050
19,2,5712,1779746302.57565,2,1680,1050
19,2,5713,1779746302.59232,2,1680,1050
19,2,5714,1779746302.60899,2,1680,1050
19,2,5715,1779746302.62565,2,1680,1050
19,2,5716,1779746302.64232,2,1680,1050
19,2,5717,1779746302.65898,2,1680,1050
19,2,5718,1779746302.67565,2,1680,1050
19,2,5719,1779746302.69232,2,1680,1050
19,2,5720,1779746302.70898,2,1680,1050
19,2,5721,1779746302.72565,2,1680,1050
19,2,5722,1779746302.74232,2,1680,1050
19,2,5723,1779746302.759,2,1680,1050
19,2,5724,1779746302.77565,2,1680,1050
19,2,5725,1779746302.79231,2,1680,1050
19,2,5726,1779746302.80898,2,1680,1050
19,2,5727,1779746302.82565,2,1680,1050
19,2,5728,1779746302.84231,2,1680,1050
19,2,5729,1779746302.85898,2,1680,1050
19,2,5730,1779746302.87564,2,1680,1050
19,2,5731,1779746302.89231,2,1680,1050
19,2,5732,1779746302.90898,2,1680,1050
19,2,5733,1779746302.92564,2,1680,1050
19,2,5734,1779746302.94231,2,1680,1050
19,2,5735,1779746302.95897,2,1680,1050
19,2,5736,1779746302.97564,2,1680,1050
19,2,5737,1779746302.99231,2,1680,1050
19,2,5738,1779746303.00897,2,1680,1050
19,2,5739,1779746303.02564,2,1680,1050
19,2,5740,1779746303.0423,2,1680,1050
19,2,5741,1779746303.05897,2,1680,1050
19,2,5742,1779746303.07564,2,1680,1050
19,2,5743,1779746303.0923,2,1680,1050
19,2,5744,1779746303.10897,2,1680,1050
19,2,5745,1779746303.12564,2,1680,1050
19,2,5746,1779746303.1423,2,1680,1050
19,2,5747,1779746303.15897,2,1680,1050
19,2,5748,1779746303.17563,2,1680,1050
19,2,5749,1779746303.1923,2,1680,1050
19,2,5750,1779746303.20897,2,1680,1050
19,2,5751,1779746303.22563,2,1680,1050
19,2,5752,1779746303.2423,2,1680,1050
19,2,5753,1779746303.25896,2,1680,1050
19,2,5754,1779746303.27563,2,1680,1050
19,2,5755,1779746303.2923,2,1680,1050
19,2,5756,1779746303.30896,2,1680,1050
19,2,5757,1779746303.32563,2,1680,1050
19,2,5758,1779746303.34229,2,1680,1050
19,2,5759,1779746303.35896,2,1680,1050
19,2,5760,1779746303.37563,2,1680,1050
19,2,5761,1779746303.39229,2,1680,1050
19,2,5762,1779746303.40896,2,1680,1050
19,2,5763,1779746303.42562,2,1680,1050
19,2,5764,1779746303.44229,2,1680,1050
19,2,5765,1779746303.45896,2,1680,1050
19,2,5766,1779746303.47562,2,1680,1050
19,2,5767,1779746303.49229,2,1680,1050
19,2,5768,1779746303.50895,2,1680,1050
19,2,5769,1779746303.52562,2,1680,1050
19,2,5770,1779746303.54229,2,1680,1050
19,2,5771,1779746303.55895,2,1680,1050
19,2,5772,1779746303.57562,2,1680,1050
19,2,5773,1779746303.59229,2,1680,1050
19,2,5774,1779746303.60895,2,1680,1050
19,2,5775,1779746303.62562,2,1680,1050
19,2,5776,1779746303.64228,2,1680,1050
19,2,5777,1779746303.65895,2,1680,1050
19,2,5778,1779746303.67561,2,1680,1050
19,2,5779,1779746303.69228,2,1680,1050
19,2,5780,1779746303.70895,2,1680,1050
19,2,5781,1779746303.72561,2,1680,1050
19,2,5782,1779746303.74228,2,1680,1050
19,2,5783,1779746303.75895,2,1680,1050
19,2,5784,1779746303.77561,2,1680,1050
19,2,5785,1779746303.79228,2,1680,1050
19,2,5786,1779746303.80894,2,1680,1050
19,2,5787,1779746303.82561,2,1680,1050
19,2,5788,1779746303.84228,2,1680,1050
19,2,5789,1779746303.85894,2,1680,1050
19,2,5790,1779746303.87561,2,1680,1050
19,2,5791,1779746303.89227,2,1680,1050
19,2,5792,1779746303.90894,2,1680,1050
19,2,5793,1779746303.92561,2,1680,1050
19,2,5794,1779746303.94227,2,1680,1050
19,2,5795,1779746303.95894,2,1680,1050
19,2,5796,1779746303.9756,2,1680,1050
19,2,5797,1779746303.99227,2,1680,1050
19,2,5798,1779746304.00894,2,1680,1050
19,2,5799,1779746304.0256,2,1680,1050
19,2,5800,1779746304.04227,2,1680,1050
19,2,5801,1779746304.05894,2,1680,1050
19,2,5802,1779746304.0756,2,1680,1050
19,2,5803,1779746304.09227,2,1680,1050
19,2,5804,1779746304.10893,2,1680,1050
19,2,5805,1779746304.1256,2,1680,1050
19,2,5806,1779746304.14227,2,1680,1050
19,2,5807,1779746304.15893,2,1680,1050
19,2,5808,1779746304.1756,2,1680,1050
19,2,5809,1779746304.19226,2,1680,1050
19,2,5810,1779746304.20893,2,1680,1050
19,2,5811,1779746304.2256,2,1680,1050
19,2,5812,1779746304.24228,2,1680,1050
19,2,5813,1779746304.25893,2,1680,1050
19,2,5814,1779746304.27559,2,1680,1050
19,2,5815,1779746304.29226,2,1680,1050
19,2,5816,1779746304.30893,2,1680,1050
19,2,5817,1779746304.32559,2,1680,1050
19,2,5818,1779746304.34226,2,1680,1050
19,2,5819,1779746304.35893,2,1680,1050
19,2,5820,1779746304.37559,2,1680,1050
19,2,5821,1779746304.39226,2,1680,1050
19,2,5822,1779746304.40892,2,1680,1050
19,2,5823,1779746304.42559,2,1680,1050
19,2,5824,1779746304.44226,2,1680,1050
19,2,5825,1779746304.45892,2,1680,1050
19,2,5826,1779746304.47559,2,1680,1050
19,2,5827,1779746304.49226,2,1680,1050
19,2,5828,1779746304.50892,2,1680,1050
19,2,5829,1779746304.52559,2,1680,1050
19,2,5830,1779746304.54225,2,1680,1050
19,2,5831,1779746304.55892,2,1680,1050
19,2,5832,1779746304.57558,2,1680,1050
19,2,5833,1779746304.59225,2,1680,1050
19,2,5834,1779746304.60892,2,1680,1050
19,2,5835,1779746304.62558,2,1680,1050
19,2,5836,1779746304.64225,2,1680,1050
19,2,5837,1779746304.65891,2,1680,1050
19,2,5838,1779746304.67558,2,1680,1050
19,2,5839,1779746304.69225,2,1680,1050
19,2,5840,1779746304.70891,2,1680,1050
19,2,5841,1779746304.72558,2,1680,1050
19,2,5842,1779746304.74225,2,1680,1050
19,2,5843,1779746304.75891,2,1680,1050
19,2,5844,1779746304.77558,2,1680,1050
19,2,5845,1779746304.79224,2,1680,1050
19,2,5846,1779746304.80891,2,1680,1050
19,2,5847,1779746304.82557,2,1680,1050
19,2,5848,1779746304.84224,2,1680,1050
19,2,5849,1779746304.85891,2,1680,1050
19,2,5850,1779746304.87557,2,1680,1050
19,2,5851,1779746304.89224,2,1680,1050
19,2,5852,1779746304.90891,2,1680,1050
19,2,5853,1779746304.92557,2,1680,1050
19,2,5854,1779746304.94224,2,1680,1050
19,2,5855,1779746304.9589,2,1680,1050
19,2,5856,1779746304.97557,2,1680,1050
19,2,5857,1779746304.99224,2,1680,1050
19,2,5858,1779746305.0089,2,1680,1050
19,2,5859,1779746305.02557,2,1680,1050
19,2,5860,1779746305.04223,2,1680,1050
19,2,5861,1779746305.0589,2,1680,1050
19,2,5862,1779746305.07557,2,1680,1050
19,2,5863,1779746305.09223,2,1680,1050
19,2,5864,1779746305.1089,2,1680,1050
19,2,5865,1779746305.12556,2,1680,1050
19,2,5866,1779746305.14223,2,1680,1050
19,2,5867,1779746305.1589,2,1680,1050
19,2,5868,1779746305.17556,2,1680,1050
19,2,5869,1779746305.19223,2,1680,1050
19,2,5870,1779746305.20889,2,1680,1050
19,2,5871,1779746305.22556,2,1680,1050
19,2,5872,1779746305.24223,2,1680,1050
19,2,5873,1779746305.25889,2,1680,1050
19,2,5874,1779746305.27556,2,1680,1050
19,2,5875,1779746305.29223,2,1680,1050
19,2,5876,1779746305.30889,2,1680,1050
19,2,5877,1779746305.32556,2,1680,1050
19,2,5878,1779746305.34222,2,1680,1050
19,2,5879,1779746305.35889,2,1680,1050
19,2,5880,1779746305.37556,2,1680,1050
19,2,5881,1779746305.39222,2,1680,1050
19,2,5882,1779746305.40889,2,1680,1050
19,2,5883,1779746305.42555,2,1680,1050
19,2,5884,1779746305.44222,2,1680,1050
19,2,5885,1779746305.45889,2,1680,1050
19,2,5886,1779746305.47555,2,1680,1050
19,2,5887,1779746305.49222,2,1680,1050
19,2,5888,1779746305.50888,2,1680,1050
19,2,5889,1779746305.52555,2,1680,1050
19,2,5890,1779746305.54222,2,1680,1050
19,2,5891,1779746305.55888,2,1680,1050
19,2,5892,1779746305.57555,2,1680,1050
19,2,5893,1779746305.59222,2,1680,1050
19,2,5894,1779746305.60888,2,1680,1050
19,2,5895,1779746305.62555,2,1680,1050
19,2,5896,1779746305.64221,2,1680,1050
19,2,5897,1779746305.65888,2,1680,1050
19,2,5898,1779746305.67555,2,1680,1050
19,2,5899,1779746305.69221,2,1680,1050
19,2,5900,1779746305.70888,2,1680,1050
19,2,5901,1779746305.72554,2,1680,1050
19,2,5902,1779746305.74221,2,1680,1050
19,2,5903,1779746305.75888,2,1680,1050
19,2,5904,1779746305.77554,2,1680,1050
19,2,5905,1779746305.79221,2,1680,1050
19,2,5906,1779746305.80887,2,1680,1050
19,2,5907,1779746305.82554,2,1680,1050
19,2,5908,1779746305.84221,2,1680,1050
19,2,5909,1779746305.85887,2,1680,1050
19,2,5910,1779746305.87554,2,1680,1050
19,2,5911,1779746305.8922,2,1680,1050
19,2,5912,1779746305.90887,2,1680,1050
19,2,5913,1779746305.92554,2,1680,1050
19,2,5914,1779746305.9422,2,1680,1050
19,2,5915,1779746305.95887,2,1680,1050
19,2,5916,1779746305.97554,2,1680,1050
19,2,5917,1779746305.9922,2,1680,1050
19,2,5918,1779746306.00887,2,1680,1050
19,2,5919,1779746306.02553,2,1680,1050
19,2,5920,1779746306.0422,2,1680,1050
19,2,5921,1779746306.05886,2,1680,1050
19,2,5922,1779746306.07553,2,1680,1050
19,2,5923,1779746306.0922,2,1680,1050
19,2,5924,1779746306.10886,2,1680,1050
19,2,5925,1779746306.12553,2,1680,1050
19,2,5926,1779746306.1422,2,1680,1050
19,2,5927,1779746306.15886,2,1680,1050
19,2,5928,1779746306.17553,2,1680,1050
19,2,5929,1779746306.19219,2,1680,1050
19,2,5930,1779746306.20886,2,1680,1050
19,2,5931,1779746306.22553,2,1680,1050
19,2,5932,1779746306.24219,2,1680,1050
19,2,5933,1779746306.25886,2,1680,1050
19,2,5934,1779746306.27552,2,1680,1050
19,2,5935,1779746306.29219,2,1680,1050
19,2,5936,1779746306.30886,2,1680,1050
19,2,5937,1779746306.32552,2,1680,1050
19,2,5938,1779746306.34219,2,1680,1050
19,2,5939,1779746306.35885,2,1680,1050
19,2,5940,1779746306.37552,2,1680,1050
19,2,5941,1779746306.39219,2,1680,1050
19,2,5942,1779746306.40885,2,1680,1050
19,2,5943,1779746306.42552,2,1680,1050
19,2,5944,1779746306.44219,2,1680,1050
19,2,5945,1779746306.45885,2,1680,1050
19,2,5946,1779746306.47552,2,1680,1050
19,2,5947,1779746306.49218,2,1680,1050
19,2,5948,1779746306.50885,2,1680,1050
19,2,5949,1779746306.52552,2,1680,1050
19,2,5950,1779746306.54218,2,1680,1050
19,2,5951,1779746306.55885,2,1680,1050
19,2,5952,1779746306.57551,2,1680,1050
19,2,5953,1779746306.59218,2,1680,1050
19,2,5954,1779746306.60885,2,1680,1050
19,2,5955,1779746306.62551,2,1680,1050
19,2,5956,1779746306.64218,2,1680,1050
19,2,5957,1779746306.65884,2,1680,1050
19,2,5958,1779746306.67551,2,1680,1050
19,2,5959,1779746306.69218,2,1680,1050
19,2,5960,1779746306.70884,2,1680,1050
19,2,5961,1779746306.72551,2,1680,1050
19,2,5962,1779746306.74218,2,1680,1050
19,2,5963,1779746306.75884,2,1680,1050
19,2,5964,1779746306.77551,2,1680,1050
19,2,5965,1779746306.79217,2,1680,1050
19,2,5966,1779746306.80884,2,1680,1050
19,2,5967,1779746306.82551,2,1680,1050
19,2,5968,1779746306.84217,2,1680,1050
19,2,5969,1779746306.85884,2,1680,1050
19,2,5970,1779746306.8755,2,1680,1050
19,2,5971,1779746306.89217,2,1680,1050
19,2,5972,1779746306.90883,2,1680,1050
19,2,5973,1779746306.9255,2,1680,1050
19,2,5974,1779746306.94217,2,1680,1050
19,2,5975,1779746306.95883,2,1680,1050
19,2,5976,1779746306.9755,2,1680,1050
19,2,5977,1779746306.99217,2,1680,1050
19,2,5978,1779746307.00883,2,1680,1050
19,2,5979,1779746307.0255,2,1680,1050
19,2,5980,1779746307.04216,2,1680,1050
19,2,5981,1779746307.05883,2,1680,1050
19,2,5982,1779746307.0755,2,1680,1050
19,2,5983,1779746307.09216,2,1680,1050
19,2,5984,1779746307.10883,2,1680,1050
19,2,5985,1779746307.12549,2,1680,1050
19,2,5986,1779746307.14216,2,1680,1050
19,2,5987,1779746307.15883,2,1680,1050
19,2,5988,1779746307.17549,2,1680,1050
19,2,5989,1779746307.19216,2,1680,1050
19,2,5990,1779746307.20883,2,1680,1050
19,2,5991,1779746307.22549,2,1680,1050
19,2,5992,1779746307.24216,2,1680,1050
19,2,5993,1779746307.25882,2,1680,1050
19,2,5994,1779746307.27549,2,1680,1050
19,2,5995,1779746307.29216,2,1680,1050
19,2,5996,1779746307.30882,2,1680,1050
19,2,5997,1779746307.32549,2,1680,1050
19,2,5998,1779746307.34215,2,1680,1050
19,2,5999,1779746307.35882,2,1680,1050
19,2,6000,1779746307.37549,2,1680,1050
19,2,6001,1779746307.39215,2,1680,1050
19,2,6002,1779746307.40882,2,1680,1050
19,2,6003,1779746307.42548,2,1680,1050
19,2,6004,1779746307.44215,2,1680,1050
19,2,6005,1779746307.45882,2,1680,1050
19,2,6006,1779746307.47548,2,1680,1050
19,2,6007,1779746307.49215,2,1680,1050
19,2,6008,1779746307.50881,2,1680,1050
19,2,6009,1779746307.52548,2,1680,1050
19,2,6010,1779746307.54215,2,1680,1050
19,2,6011,1779746307.55881,2,1680,1050
19,2,6012,1779746307.57548,2,1680,1050
19,2,6013,1779746307.59214,2,1680,1050
19,2,6014,1779746307.60881,2,1680,1050
19,2,6015,1779746307.62548,2,1680,1050
19,2,6016,1779746307.64214,2,1680,1050
19,2,6017,1779746307.65881,2,1680,1050
19,2,6018,1779746307.67548,2,1680,1050
19,2,6019,1779746307.69214,2,1680,1050
19,2,6020,1779746307.70881,2,1680,1050
19,2,6021,1779746307.72547,2,1680,1050
19,2,6022,1779746307.74214,2,1680,1050
19,2,6023,1779746307.75881,2,1680,1050
19,2,6024,1779746307.77547,2,1680,1050
19,2,6025,1779746307.79214,2,1680,1050
19,2,6026,1779746307.8088,2,1680,1050
19,2,6027,1779746307.82547,2,1680,1050
19,2,6028,1779746307.84214,2,1680,1050
19,2,6029,1779746307.8588,2,1680,1050
19,2,6030,1779746307.87547,2,1680,1050
19,2,6031,1779746307.89213,2,1680,1050
19,2,6032,1779746307.9088,2,1680,1050
19,2,6033,1779746307.92547,2,1680,1050
19,2,6034,1779746307.94213,2,1680,1050
19,2,6035,1779746307.9588,2,1680,1050
19,2,6036,1779746307.97546,2,1680,1050
19,2,6037,1779746307.99213,2,1680,1050
19,2,6038,1779746308.0088,2,1680,1050
19,2,6039,1779746308.02546,2,1680,1050
19,2,6040,1779746308.04213,2,1680,1050
19,2,6041,1779746308.0588,2,1680,1050
19,2,6042,1779746308.07546,2,1680,1050
19,2,6043,1779746308.09213,2,1680,1050
19,2,6044,1779746308.10879,2,1680,1050
19,2,6045,1779746308.12546,2,1680,1050
19,2,6046,1779746308.14213,2,1680,1050
19,2,6047,1779746308.15879,2,1680,1050
19,2,6048,1779746308.17546,2,1680,1050
19,2,6049,1779746308.19212,2,1680,1050
19,2,6050,1779746308.20879,2,1680,1050
19,2,6051,1779746308.22546,2,1680,1050
19,2,6052,1779746308.24212,2,1680,1050
19,2,6053,1779746308.25879,2,1680,1050
19,2,6054,1779746308.27545,2,1680,1050
19,2,6055,1779746308.29212,2,1680,1050
19,2,6056,1779746308.30879,2,1680,1050
19,2,6057,1779746308.32545,2,1680,1050
19,2,6058,1779746308.34212,2,1680,1050
19,2,6059,1779746308.35879,2,1680,1050
19,2,6060,1779746308.37545,2,1680,1050
19,2,6061,1779746308.39212,2,1680,1050
19,2,6062,1779746308.40878,1,1680,1050
19,2,6063,1779746308.42545,1,1680,1050
19,2,6064,1779746308.44212,1,1680,1050
19,2,6065,1779746308.45878,1,1680,1050
19,2,6066,1779746308.47545,1,1680,1050
19,2,6067,1779746308.49211,1,1680,1050
19,2,6068,1779746308.50878,1,1680,1050
19,2,6069,1779746308.52544,1,1680,1050
19,2,6070,1779746308.54211,1,1680,1050
19,2,6071,1779746308.55878,1,1680,1050
19,2,6072,1779746308.57544,1,1680,1050
19,2,6073,1779746308.59211,1,1680,1050
19,2,6074,1779746308.60878,1,1680,1050
19,2,6075,1779746308.62544,1,1680,1050
19,2,6076,1779746308.64211,1,1680,1050
19,2,6077,1779746308.65877,1,1680,1050
19,2,6078,1779746308.67544,1,1680,1050
19,2,6079,1779746308.69211,1,1680,1050
19,2,6080,1779746308.70877,1,1680,1050
19,2,6081,1779746308.72544,1,1680,1050
19,2,6082,1779746308.7421,1,1680,1050
19,2,6083,1779746308.75877,1,1680,1050
19,2,6084,1779746308.77544,1,1680,1050
19,2,6085,1779746308.7921,1,1680,1050
19,2,6086,1779746308.80877,1,1680,1050
19,2,6087,1779746308.82543,1,1680,1050
19,2,6088,1779746308.8421,1,1680,1050
19,2,6089,1779746308.85877,1,1680,1050
19,2,6090,1779746308.87543,1,1680,1050
19,2,6091,1779746308.8921,1,1680,1050
19,2,6092,1779746308.90876,1,1680,1050
19,2,6093,1779746308.92543,1,1680,1050
19,2,6094,1779746308.9421,1,1680,1050
19,2,6095,1779746308.95876,1,1680,1050
19,2,6096,1779746308.97543,1,1680,1050
19,2,6097,1779746308.9921,1,1680,1050
19,2,6098,1779746309.00876,1,1680,1050
19,2,6099,1779746309.02543,1,1680,1050
19,2,6100,1779746309.04209,1,1680,1050
19,2,6101,1779746309.05876,1,1680,1050
19,2,6102,1779746309.07543,1,1680,1050
19,2,6103,1779746309.09209,1,1680,1050
19,2,6104,1779746309.10876,1,1680,1050
19,2,6105,1779746309.12542,1,1680,1050
19,2,6106,1779746309.14209,1,1680,1050
19,2,6107,1779746309.15876,1,1680,1050
19,2,6108,1779746309.17542,1,1680,1050
19,2,6109,1779746309.19209,1,1680,1050
19,2,6110,1779746309.20875,1,1680,1050
19,2,6111,1779746309.22542,1,1680,1050
19,2,6112,1779746309.24209,1,1680,1050
19,2,6113,1779746309.25875,1,1680,1050
19,2,6114,1779746309.27542,1,1680,1050
19,2,6115,1779746309.29208,1,1680,1050
19,2,6116,1779746309.30875,1,1680,1050
19,2,6117,1779746309.32542,1,1680,1050
19,2,6118,1779746309.34208,1,1680,1050
19,2,6119,1779746309.35875,1,1680,1050
19,2,6120,1779746309.37542,1,1680,1050
19,2,6121,1779746309.39208,1,1680,1050
19,2,6122,1779746309.40875,1,1680,1050
19,2,6123,1779746309.42541,1,1680,1050
19,2,6124,1779746309.44208,1,1680,1050
19,2,6125,1779746309.45875,1,1680,1050
19,2,6126,1779746309.47541,1,1680,1050
19,2,6127,1779746309.49208,1,1680,1050
19,2,6128,1779746309.50875,1,1680,1050
19,2,6129,1779746309.52541,1,1680,1050
19,2,6130,1779746309.54208,1,1680,1050
19,2,6131,1779746309.55874,1,1680,1050
19,2,6132,1779746309.57541,1,1680,1050
19,2,6133,1779746309.59208,1,1680,1050
19,2,6134,1779746309.60874,1,1680,1050
19,2,6135,1779746309.62541,1,1680,1050
19,2,6136,1779746309.64207,1,1680,1050
19,2,6137,1779746309.65874,1,1680,1050
19,2,6138,1779746309.6754,1,1680,1050
19,2,6139,1779746309.69207,1,1680,1050
19,2,6140,1779746309.70874,1,1680,1050
19,2,6141,1779746309.7254,1,1680,1050
19,2,6142,1779746309.74207,1,1680,1050
19,2,6143,1779746309.75873,1,1680,1050
19,2,6144,1779746309.7754,1,1680,1050
19,2,6145,1779746309.79207,1,1680,1050
19,2,6146,1779746309.80873,1,1680,1050
19,2,6147,1779746309.8254,1,1680,1050
19,2,6148,1779746309.84207,1,1680,1050
19,2,6149,1779746309.85873,1,1680,1050
19,2,6150,1779746309.8754,1,1680,1050
19,2,6151,1779746309.89206,1,1680,1050
19,2,6152,1779746309.90873,1,1680,1050
19,2,6153,1779746309.9254,1,1680,1050
19,2,6154,1779746309.94206,1,1680,1050
19,2,6155,1779746309.95873,1,1680,1050
19,2,6156,1779746309.97539,1,1680,1050
19,2,6157,1779746309.99206,1,1680,1050
19,2,6158,1779746310.00873,1,1680,1050
19,2,6159,1779746310.02539,1,1680,1050
19,2,6160,1779746310.04206,1,1680,1050
19,2,6161,1779746310.05872,1,1680,1050
19,2,6162,1779746310.07539,1,1680,1050
19,2,6163,1779746310.09206,1,1680,1050
19,2,6164,1779746310.10872,1,1680,1050
19,2,6165,1779746310.12539,1,1680,1050
19,2,6166,1779746310.14206,1,1680,1050
19,2,6167,1779746310.15872,1,1680,1050
19,2,6168,1779746310.17539,1,1680,1050
19,2,6169,1779746310.19205,1,1680,1050
19,2,6170,1779746310.20872,1,1680,1050
19,2,6171,1779746310.22539,1,1680,1050
19,2,6172,1779746310.24205,1,1680,1050
19,2,6173,1779746310.25872,1,1680,1050
19,2,6174,1779746310.27538,1,1680,1050
19,2,6175,1779746310.29205,1,1680,1050
19,2,6176,1779746310.30872,1,1680,1050
19,2,6177,1779746310.32538,1,1680,1050
19,2,6178,1779746310.34205,1,1680,1050
19,2,6179,1779746310.35871,1,1680,1050
19,2,6180,1779746310.37538,1,1680,1050
19,2,6181,1779746310.39205,1,1680,1050
19,2,6182,1779746310.40871,1,1680,1050
19,2,6183,1779746310.42538,1,1680,1050
19,2,6184,1779746310.44205,1,1680,1050
19,2,6185,1779746310.45871,1,1680,1050
19,2,6186,1779746310.47538,1,1680,1050
19,2,6187,1779746310.49204,1,1680,1050
19,2,6188,1779746310.50871,1,1680,1050
19,2,6189,1779746310.52538,1,1680,1050
19,2,6190,1779746310.55871,1,1680,1050
19,2,6191,1779746310.57537,1,1680,1050
19,2,6192,1779746310.59204,1,1680,1050
19,2,6193,1779746310.60871,1,1680,1050
19,2,6194,1779746310.62537,1,1680,1050
19,2,6195,1779746310.64204,1,1680,1050
19,2,6196,1779746310.6587,1,1680,1050
19,2,6197,1779746310.67537,1,1680,1050
19,2,6198,1779746310.69204,1,1680,1050
19,2,6199,1779746310.7087,1,1680,1050
19,2,6200,1779746310.72537,1,1680,1050
19,2,6201,1779746310.74203,1,1680,1050
19,2,6202,1779746310.7587,1,1680,1050
19,2,6203,1779746310.77537,1,1680,1050
19,2,6204,1779746310.79203,1,1680,1050
19,2,6205,1779746310.8087,1,1680,1050
19,2,6206,1779746310.82537,1,1680,1050
19,2,6207,1779746310.84203,1,1680,1050
19,2,6208,1779746310.8587,1,1680,1050
19,2,6209,1779746310.87536,1,1680,1050
19,2,6210,1779746310.89203,1,1680,1050
19,2,6211,1779746310.9087,1,1680,1050
19,2,6212,1779746310.92536,1,1680,1050
19,2,6213,1779746310.94203,1,1680,1050
19,2,6214,1779746310.95869,1,1680,1050
19,2,6215,1779746310.97536,1,1680,1050
19,2,6216,1779746310.99203,1,1680,1050
19,2,6217,1779746311.00869,1,1680,1050
19,2,6218,1779746311.02536,1,1680,1050
19,2,6219,1779746311.04202,1,1680,1050
19,2,6220,1779746311.05869,1,1680,1050
19,2,6221,1779746311.07536,1,1680,1050
19,2,6222,1779746311.09202,1,1680,1050
19,2,6223,1779746311.10869,1,1680,1050
19,2,6224,1779746311.12535,1,1680,1050
19,2,6225,1779746311.14202,1,1680,1050
19,2,6226,1779746311.15869,1,1680,1050
19,2,6227,1779746311.17535,1,1680,1050
19,2,6228,1779746311.19202,1,1680,1050
19,2,6229,1779746311.20869,1,1680,1050
19,2,6230,1779746311.22535,1,1680,1050
19,2,6231,1779746311.24202,1,1680,1050
19,2,6232,1779746311.25868,1,1680,1050
19,2,6233,1779746311.27535,1,1680,1050
19,2,6234,1779746311.29202,1,1680,1050
19,2,6235,1779746311.30868,1,1680,1050
19,2,6236,1779746311.32535,1,1680,1050
19,2,6237,1779746311.34201,1,1680,1050
19,2,6238,1779746311.35868,1,1680,1050
19,2,6239,1779746311.37535,1,1680,1050
19,2,6240,1779746311.39201,1,1680,1050
19,2,6241,1779746311.40868,1,1680,1050
19,2,6242,1779746311.42534,1,1680,1050
19,2,6243,1779746311.44201,1,1680,1050
19,2,6244,1779746311.45868,1,1680,1050
19,2,6245,1779746311.47534,1,1680,1050
19,2,6246,1779746311.49201,1,1680,1050
19,2,6247,1779746311.50867,1,1680,1050
19,2,6248,1779746311.52534,1,1680,1050
19,2,6249,1779746311.54201,1,1680,1050
19,2,6250,1779746311.55867,1,1680,1050
19,2,6251,1779746311.57534,1,1680,1050
19,2,6252,1779746311.592,1,1680,1050
19,2,6253,1779746311.60867,1,1680,1050
19,2,6254,1779746311.62534,1,1680,1050
19,2,6255,1779746311.642,1,1680,1050
19,2,6256,1779746311.65867,1,1680,1050
19,2,6257,1779746311.67534,1,1680,1050
19,2,6258,1779746311.692,1,1680,1050
19,2,6259,1779746311.70867,1,1680,1050
19,2,6260,1779746311.72533,1,1680,1050
19,2,6261,1779746311.742,1,1680,1050
19,2,6262,1779746311.75867,1,1680,1050
19,2,6263,1779746311.77533,1,1680,1050
19,2,6264,1779746311.792,1,1680,1050
19,2,6265,1779746311.80866,1,1680,1050
19,2,6266,1779746311.82533,1,1680,1050
19,2,6267,1779746311.842,1,1680,1050
19,2,6268,1779746311.85866,1,1680,1050
19,2,6269,1779746311.87533,1,1680,1050
19,2,6270,1779746311.89199,1,1680,1050
19,2,6271,1779746311.90866,1,1680,1050
19,2,6272,1779746311.92533,1,1680,1050
19,2,6273,1779746311.94199,1,1680,1050
19,2,6274,1779746311.95866,1,1680,1050
19,2,6275,1779746311.97532,1,1680,1050
19,2,6276,1779746311.99199,1,1680,1050
19,2,6277,1779746312.00866,1,1680,1050
19,2,6278,1779746312.02532,1,1680,1050
19,2,6279,1779746312.04199,1,1680,1050
19,2,6280,1779746312.05865,1,1680,1050
19,2,6281,1779746312.07532,1,1680,1050
19,2,6282,1779746312.09199,1,1680,1050
19,2,6283,1779746312.10865,1,1680,1050
19,2,6284,1779746312.12532,1,1680,1050
19,2,6285,1779746312.14198,1,1680,1050
19,2,6286,1779746312.15865,1,1680,1050
19,2,6287,1779746312.17532,1,1680,1050
19,2,6288,1779746312.19198,1,1680,1050
19,2,6289,1779746312.20865,1,1680,1050
19,2,6290,1779746312.22532,1,1680,1050
19,2,6291,1779746312.24198,1,1680,1050
19,2,6292,1779746312.25865,1,1680,1050
19,2,6293,1779746312.27532,1,1680,1050
19,2,6294,1779746312.29198,1,1680,1050
19,2,6295,1779746312.30865,1,1680,1050
19,2,6296,1779746312.32531,1,1680,1050
19,2,6297,1779746312.34198,1,1680,1050
19,2,6298,1779746312.35864,1,1680,1050
19,2,6299,1779746312.37531,1,1680,1050
19,2,6300,1779746312.39198,1,1680,1050
19,2,6301,1779746312.40864,1,1680,1050
19,2,6302,1779746312.42531,2,1680,1050
19,2,6303,1779746312.44198,2,1680,1050
19,2,6304,1779746312.45864,2,1680,1050
19,2,6305,1779746312.47531,2,1680,1050
19,2,6306,1779746312.49197,2,1680,1050
19,2,6307,1779746312.50864,2,1680,1050
19,2,6308,1779746312.52531,2,1680,1050
19,2,6309,1779746312.54197,2,1680,1050
19,2,6310,1779746312.55864,2,1680,1050
19,2,6311,1779746312.5753,2,1680,1050
19,2,6312,1779746312.59197,2,1680,1050
19,2,6313,1779746312.60864,2,1680,1050
19,2,6314,1779746312.6253,2,1680,1050
19,2,6315,1779746312.64197,2,1680,1050
19,2,6316,1779746312.65863,2,1680,1050
19,2,6317,1779746312.6753,2,1680,1050
19,2,6318,1779746312.69197,2,1680,1050
19,2,6319,1779746312.70863,2,1680,1050
19,2,6320,1779746312.7253,2,1680,1050
19,2,6321,1779746312.74196,2,1680,1050
19,2,6322,1779746312.75863,2,1680,1050
19,2,6323,1779746312.7753,2,1680,1050
19,2,6324,1779746312.79196,2,1680,1050
19,2,6325,1779746312.80863,2,1680,1050
19,2,6326,1779746312.8253,2,1680,1050
19,2,6327,1779746312.84196,2,1680,1050
19,2,6328,1779746312.85863,2,1680,1050
19,2,6329,1779746312.87529,2,1680,1050
19,2,6330,1779746312.89196,2,1680,1050
19,2,6331,1779746312.90863,2,1680,1050
19,2,6332,1779746312.92529,2,1680,1050
19,2,6333,1779746312.94196,2,1680,1050
19,2,6334,1779746312.95862,2,1680,1050
19,2,6335,1779746312.97529,2,1680,1050
19,2,6336,1779746312.99195,2,1680,1050
19,2,6337,1779746313.00862,2,1680,1050
19,2,6338,1779746313.02529,2,1680,1050
19,2,6339,1779746313.04195,2,1680,1050
19,2,6340,1779746313.05862,2,1680,1050
19,2,6341,1779746313.07529,2,1680,1050
19,2,6342,1779746313.09195,2,1680,1050
19,2,6343,1779746313.10862,2,1680,1050
19,2,6344,1779746313.12528,2,1680,1050
19,2,6345,1779746313.14195,2,1680,1050
19,2,6346,1779746313.15862,2,1680,1050
19,2,6347,1779746313.17528,2,1680,1050
19,2,6348,1779746313.19195,2,1680,1050
19,2,6349,1779746313.20861,2,1680,1050
19,2,6350,1779746313.22528,2,1680,1050
19,2,6351,1779746313.24195,2,1680,1050
19,2,6352,1779746313.25861,2,1680,1050
19,2,6353,1779746313.27528,2,1680,1050
19,2,6354,1779746313.29194,2,1680,1050
19,2,6355,1779746313.30861,2,1680,1050
19,2,6356,1779746313.32528,2,1680,1050
19,2,6357,1779746313.34194,2,1680,1050
19,2,6358,1779746313.35861,2,1680,1050
19,2,6359,1779746313.37528,2,1680,1050
19,2,6360,1779746313.39194,2,1680,1050
19,2,6361,1779746313.40861,2,1680,1050
19,2,6362,1779746313.42527,2,1680,1050
19,2,6363,1779746313.44194,2,1680,1050
19,2,6364,1779746313.45861,2,1680,1050
19,2,6365,1779746313.47527,2,1680,1050
19,2,6366,1779746313.49194,2,1680,1050
19,2,6367,1779746313.5086,2,1680,1050
19,2,6368,1779746313.52527,2,1680,1050
19,2,6369,1779746313.54194,2,1680,1050
19,2,6370,1779746313.5586,2,1680,1050
19,2,6371,1779746313.57527,2,1680,1050
19,2,6372,1779746313.59193,2,1680,1050
19,2,6373,1779746313.6086,2,1680,1050
19,2,6374,1779746313.62527,2,1680,1050
19,2,6375,1779746313.64193,2,1680,1050
19,2,6376,1779746313.6586,2,1680,1050
19,2,6377,1779746313.67527,2,1680,1050
19,2,6378,1779746313.69193,2,1680,1050
19,2,6379,1779746313.7086,2,1680,1050
19,2,6380,1779746313.72526,2,1680,1050
19,2,6381,1779746313.74193,2,1680,1050
19,2,6382,1779746313.7586,2,1680,1050
19,2,6383,1779746313.77526,2,1680,1050
19,2,6384,1779746313.79193,2,1680,1050
19,2,6385,1779746313.80859,2,1680,1050
19,2,6386,1779746313.82526,2,1680,1050
19,2,6387,1779746313.84193,2,1680,1050
19,2,6388,1779746313.85859,2,1680,1050
19,2,6389,1779746313.87526,2,1680,1050
19,2,6390,1779746313.89192,2,1680,1050
19,2,6391,1779746313.90859,2,1680,1050
19,2,6392,1779746313.92526,2,1680,1050
19,2,6393,1779746313.94192,2,1680,1050
19,2,6394,1779746313.95859,2,1680,1050
19,2,6395,1779746313.97526,2,1680,1050
19,2,6396,1779746313.99192,2,1680,1050
19,2,6397,1779746314.00859,2,1680,1050
19,2,6398,1779746314.02525,2,1680,1050
19,2,6399,1779746314.04192,2,1680,1050
19,2,6400,1779746314.05859,2,1680,1050
19,2,6401,1779746314.07525,2,1680,1050
19,2,6402,1779746314.09192,2,1680,1050
19,2,6403,1779746314.10858,2,1680,1050
19,2,6404,1779746314.12525,2,1680,1050
19,2,6405,1779746314.14192,2,1680,1050
19,2,6406,1779746314.15858,2,1680,1050
19,2,6407,1779746314.17525,2,1680,1050
19,2,6408,1779746314.19191,2,1680,1050
19,2,6409,1779746314.20858,2,1680,1050
19,2,6410,1779746314.22525,2,1680,1050
19,2,6411,1779746314.24191,2,1680,1050
19,2,6412,1779746314.25858,2,1680,1050
19,2,6413,1779746314.27524,2,1680,1050
19,2,6414,1779746314.29191,2,1680,1050
19,2,6415,1779746314.30858,2,1680,1050
19,2,6416,1779746314.32524,2,1680,1050
19,2,6417,1779746314.34191,2,1680,1050
19,2,6418,1779746314.35858,2,1680,1050
19,2,6419,1779746314.37524,2,1680,1050
19,2,6420,1779746314.39191,2,1680,1050
19,2,6421,1779746314.40857,2,1680,1050
19,2,6422,1779746314.42524,2,1680,1050
19,2,6423,1779746314.4419,2,1680,1050
19,2,6424,1779746314.45857,2,1680,1050
19,2,6425,1779746314.47524,2,1680,1050
19,2,6426,1779746314.4919,2,1680,1050
19,2,6427,1779746314.50857,2,1680,1050
19,2,6428,1779746314.52524,2,1680,1050
19,2,6429,1779746314.5419,2,1680,1050
19,2,6430,1779746314.55857,2,1680,1050
19,2,6431,1779746314.57523,2,1680,1050
19,2,6432,1779746314.5919,2,1680,1050
19,2,6433,1779746314.60856,2,1680,1050
19,2,6434,1779746314.62523,2,1680,1050
19,2,6435,1779746314.6419,2,1680,1050
19,2,6436,1779746314.65856,2,1680,1050
19,2,6437,1779746314.67523,2,1680,1050
19,2,6438,1779746314.6919,2,1680,1050
19,2,6439,1779746314.70856,2,1680,1050
19,2,6440,1779746314.72523,2,1680,1050
19,2,6441,1779746314.74189,2,1680,1050
19,2,6442,1779746314.75856,2,1680,1050
19,2,6443,1779746314.77523,2,1680,1050
19,2,6444,1779746314.79189,2,1680,1050
19,2,6445,1779746314.80856,2,1680,1050
19,2,6446,1779746314.82522,2,1680,1050
19,2,6447,1779746314.84189,2,1680,1050
19,2,6448,1779746314.85856,2,1680,1050
19,2,6449,1779746314.87522,2,1680,1050
19,2,6450,1779746314.89189,2,1680,1050
19,2,6451,1779746314.90856,2,1680,1050
19,2,6452,1779746314.92522,2,1680,1050
19,2,6453,1779746314.94189,2,1680,1050
19,2,6454,1779746314.95855,2,1680,1050
19,2,6455,1779746314.97522,2,1680,1050
19,2,6456,1779746314.99189,2,1680,1050
19,2,6457,1779746315.00855,2,1680,1050
19,2,6458,1779746315.02522,2,1680,1050
19,2,6459,1779746315.04188,2,1680,1050
19,2,6460,1779746315.05855,2,1680,1050
19,2,6461,1779746315.07522,2,1680,1050
19,2,6462,1779746315.09188,2,1680,1050
19,2,6463,1779746315.10855,2,1680,1050
19,2,6464,1779746315.12521,2,1680,1050
19,2,6465,1779746315.14188,2,1680,1050
19,2,6466,1779746315.15855,2,1680,1050
19,2,6467,1779746315.17521,2,1680,1050
19,2,6468,1779746315.19188,2,1680,1050
19,2,6469,1779746315.20854,2,1680,1050
19,2,6470,1779746315.22521,2,1680,1050
19,2,6471,1779746315.24188,2,1680,1050
19,2,6472,1779746315.25854,2,1680,1050
19,2,6473,1779746315.27521,2,1680,1050
19,2,6474,1779746315.29188,2,1680,1050
19,2,6475,1779746315.30854,2,1680,1050
19,2,6476,1779746315.32521,2,1680,1050
19,2,6477,1779746315.34187,2,1680,1050
19,2,6478,1779746315.35854,2,1680,1050
19,2,6479,1779746315.37521,2,1680,1050
19,2,6480,1779746315.39187,2,1680,1050
19,2,6481,1779746315.40854,2,1680,1050
19,2,6482,1779746315.4252,2,1680,1050
19,2,6483,1779746315.44187,2,1680,1050
19,2,6484,1779746315.45854,2,1680,1050
19,2,6485,1779746315.4752,2,1680,1050
19,2,6486,1779746315.49187,2,1680,1050
19,2,6487,1779746315.50853,2,1680,1050
19,2,6488,1779746315.5252,2,1680,1050
19,2,6489,1779746315.54187,2,1680,1050
19,2,6490,1779746315.55853,2,1680,1050
19,2,6491,1779746315.5752,2,1680,1050
19,2,6492,1779746315.59187,2,1680,1050
19,2,6493,1779746315.60853,2,1680,1050
19,2,6494,1779746315.6252,2,1680,1050
19,2,6495,1779746315.64186,2,1680,1050
19,2,6496,1779746315.65853,2,1680,1050
19,2,6497,1779746315.67519,2,1680,1050
19,2,6498,1779746315.69186,2,1680,1050
19,2,6499,1779746315.70853,2,1680,1050
19,2,6500,1779746315.72519,2,1680,1050
19,2,6501,1779746315.74186,2,1680,1050
19,2,6502,1779746315.75853,2,1680,1050
19,2,6503,1779746315.77519,2,1680,1050
19,2,6504,1779746315.79186,2,1680,1050
19,2,6505,1779746315.80852,2,1680,1050
19,2,6506,1779746315.82519,2,1680,1050
19,2,6507,1779746315.84186,2,1680,1050
19,2,6508,1779746315.85852,2,1680,1050
19,2,6509,1779746315.87519,2,1680,1050
19,2,6510,1779746315.89185,2,1680,1050
19,2,6511,1779746315.90852,2,1680,1050
19,2,6512,1779746315.92519,2,1680,1050
19,2,6513,1779746315.94185,2,1680,1050
19,2,6514,1779746315.95852,2,1680,1050
19,2,6515,1779746315.97518,2,1680,1050
19,2,6516,1779746315.99185,2,1680,1050
19,2,6517,1779746316.00852,2,1680,1050
19,2,6518,1779746316.02518,2,1680,1050
19,2,6519,1779746316.04185,2,1680,1050
19,2,6520,1779746316.05851,2,1680,1050
19,2,6521,1779746316.07518,2,1680,1050
19,2,6522,1779746316.09185,2,1680,1050
19,2,6523,1779746316.10851,2,1680,1050
19,2,6524,1779746316.12518,2,1680,1050
19,2,6525,1779746316.14184,2,1680,1050
19,2,6526,1779746316.15851,2,1680,1050
19,2,6527,1779746316.17518,2,1680,1050
19,2,6528,1779746316.19184,2,1680,1050
19,2,6529,1779746316.20851,2,1680,1050
19,2,6530,1779746316.22518,2,1680,1050
19,2,6531,1779746316.24184,2,1680,1050
19,2,6532,1779746316.25851,2,1680,1050
19,2,6533,1779746316.27517,2,1680,1050
19,2,6534,1779746316.29184,2,1680,1050
19,2,6535,1779746316.30851,2,1680,1050
19,2,6536,1779746316.32517,2,1680,1050
19,2,6537,1779746316.34184,2,1680,1050
19,2,6538,1779746316.3585,2,1680,1050
19,2,6539,1779746316.37517,2,1680,1050
19,2,6540,1779746316.39184,2,1680,1050
19,2,6541,1779746316.4085,2,1680,1050
19,2,6542,1779746316.42517,2,1680,1050
19,2,6543,1779746316.44184,2,1680,1050
19,2,6544,1779746316.4585,2,1680,1050
19,2,6545,1779746316.47517,2,1680,1050
19,2,6546,1779746316.49183,2,1680,1050
19,2,6547,1779746316.5085,2,1680,1050
19,2,6548,1779746316.52517,2,1680,1050
19,2,6549,1779746316.54183,2,1680,1050
19,2,6550,1779746316.5585,2,1680,1050
19,2,6551,1779746316.57516,2,1680,1050
19,2,6552,1779746316.59183,2,1680,1050
19,2,6553,1779746316.6085,2,1680,1050
19,2,6554,1779746316.62516,2,1680,1050
19,2,6555,1779746316.64183,2,1680,1050
19,2,6556,1779746316.65849,2,1680,1050
19,2,6557,1779746316.67516,2,1680,1050
19,2,6558,1779746316.69183,2,1680,1050
19,2,6559,1779746316.70849,2,1680,1050
19,2,6560,1779746316.72516,2,1680,1050
19,2,6561,1779746316.74182,2,1680,1050
19,2,6562,1779746316.75849,2,1680,1050
19,2,6563,1779746316.77516,2,1680,1050
19,2,6564,1779746316.79182,2,1680,1050
19,2,6565,1779746316.80849,2,1680,1050
19,2,6566,1779746316.82516,2,1680,1050
19,2,6567,1779746316.84182,2,1680,1050
19,2,6568,1779746316.85849,2,1680,1050
19,2,6569,1779746316.87515,2,1680,1050
19,2,6570,1779746316.89182,2,1680,1050
19,2,6571,1779746316.90849,2,1680,1050
19,2,6572,1779746316.92515,2,1680,1050
19,2,6573,1779746316.94182,2,1680,1050
19,2,6574,1779746316.95848,2,1680,1050
19,2,6575,1779746316.97515,2,1680,1050
19,2,6576,1779746316.99182,2,1680,1050
19,2,6577,1779746317.00848,2,1680,1050
19,2,6578,1779746317.02515,2,1680,1050
19,2,6579,1779746317.04181,2,1680,1050
19,2,6580,1779746317.05848,2,1680,1050
19,2,6581,1779746317.07515,2,1680,1050
19,2,6582,1779746317.09181,2,1680,1050
19,2,6583,1779746317.10848,2,1680,1050
19,2,6584,1779746317.12514,2,1680,1050
19,2,6585,1779746317.14181,2,1680,1050
19,2,6586,1779746317.15848,2,1680,1050
19,2,6587,1779746317.17514,2,1680,1050
19,2,6588,1779746317.19181,2,1680,1050
19,2,6589,1779746317.20847,2,1680,1050
19,2,6590,1779746317.22514,2,1680,1050
19,2,6591,1779746317.24181,2,1680,1050
19,2,6592,1779746317.25847,2,1680,1050
19,2,6593,1779746317.27514,2,1680,1050
19,2,6594,1779746317.29181,2,1680,1050
19,2,6595,1779746317.30847,2,1680,1050
19,2,6596,1779746317.32514,2,1680,1050
19,2,6597,1779746317.3418,2,1680,1050
19,2,6598,1779746317.35847,2,1680,1050
19,2,6599,1779746317.37514,2,1680,1050
19,2,6600,1779746317.3918,2,1680,1050
19,2,6601,1779746317.40847,2,1680,1050
19,2,6602,1779746317.42513,2,1680,1050
19,2,6603,1779746317.4418,2,1680,1050
19,2,6604,1779746317.45847,2,1680,1050
19,2,6605,1779746317.47513,2,1680,1050
19,2,6606,1779746317.4918,2,1680,1050
19,2,6607,1779746317.50846,2,1680,1050
19,2,6608,1779746317.52513,2,1680,1050
19,2,6609,1779746317.5418,2,1680,1050
19,2,6610,1779746317.55846,2,1680,1050
19,2,6611,1779746317.57513,2,1680,1050
19,2,6612,1779746317.59179,2,1680,1050
19,2,6613,1779746317.60846,2,1680,1050
19,2,6614,1779746317.62513,2,1680,1050
19,2,6615,1779746317.64179,2,1680,1050
19,2,6616,1779746317.65846,2,1680,1050
19,2,6617,1779746317.67513,2,1680,1050
19,2,6618,1779746317.69179,2,1680,1050
19,2,6619,1779746317.70846,2,1680,1050
19,2,6620,1779746317.72512,2,1680,1050
19,2,6621,1779746317.74179,2,1680,1050
19,2,6622,1779746317.75846,2,1680,1050
19,2,6623,1779746317.77512,2,1680,1050
19,2,6624,1779746317.79179,2,1680,1050
19,2,6625,1779746317.80845,2,1680,1050
19,2,6626,1779746317.82512,2,1680,1050
19,2,6627,1779746317.84179,2,1680,1050
19,2,6628,1779746317.85845,2,1680,1050
19,2,6629,1779746317.87512,2,1680,1050
19,2,6630,1779746317.89178,2,1680,1050
19,2,6631,1779746317.90845,2,1680,1050
19,2,6632,1779746317.92512,2,1680,1050
19,2,6633,1779746317.94178,2,1680,1050
19,2,6634,1779746317.95845,2,1680,1050
19,2,6635,1779746317.97511,2,1680,1050
19,2,6636,1779746317.99178,2,1680,1050
19,2,6637,1779746318.00845,2,1680,1050
19,2,6638,1779746318.02511,2,1680,1050
19,2,6639,1779746318.04178,2,1680,1050
19,2,6640,1779746318.05845,2,1680,1050
19,2,6641,1779746318.07511,2,1680,1050
19,2,6642,1779746318.09178,2,1680,1050
19,2,6643,1779746318.10844,2,1680,1050
19,2,6644,1779746318.12511,2,1680,1050
19,2,6645,1779746318.14178,2,1680,1050
19,2,6646,1779746318.15844,2,1680,1050
19,2,6647,1779746318.17511,2,1680,1050
19,2,6648,1779746318.19177,2,1680,1050
19,2,6649,1779746318.20844,2,1680,1050
19,2,6650,1779746318.22511,2,1680,1050
19,2,6651,1779746318.24177,2,1680,1050
19,2,6652,1779746318.25844,2,1680,1050
19,2,6653,1779746318.2751,2,1680,1050
19,2,6654,1779746318.29177,2,1680,1050
19,2,6655,1779746318.30844,2,1680,1050
19,2,6656,1779746318.3251,2,1680,1050
19,2,6657,1779746318.34177,2,1680,1050
19,2,6658,1779746318.35843,2,1680,1050
19,2,6659,1779746318.3751,2,1680,1050
19,2,6660,1779746318.39177,2,1680,1050
19,2,6661,1779746318.40843,2,1680,1050
19,2,6662,1779746318.4251,1,1680,1050
19,2,6663,1779746318.44177,1,1680,1050
19,2,6664,1779746318.45843,1,1680,1050
19,2,6665,1779746318.4751,1,1680,1050
19,2,6666,1779746318.49176,1,1680,1050
19,2,6667,1779746318.50843,1,1680,1050
19,2,6668,1779746318.5251,1,1680,1050
19,2,6669,1779746318.54176,1,1680,1050
19,2,6670,1779746318.55843,1,1680,1050
19,2,6671,1779746318.57509,1,1680,1050
19,2,6672,1779746318.59176,1,1680,1050
19,2,6673,1779746318.60843,1,1680,1050
19,2,6674,1779746318.62509,1,1680,1050
19,2,6675,1779746318.64176,1,1680,1050
19,2,6676,1779746318.65842,1,1680,1050
19,2,6677,1779746318.67509,1,1680,1050
19,2,6678,1779746318.69176,1,1680,1050
19,2,6679,1779746318.70842,1,1680,1050
19,2,6680,1779746318.72509,1,1680,1050
19,2,6681,1779746318.74175,1,1680,1050
19,2,6682,1779746318.75842,1,1680,1050
19,2,6683,1779746318.77509,1,1680,1050
19,2,6684,1779746318.79175,1,1680,1050
19,2,6685,1779746318.80842,1,1680,1050
19,2,6686,1779746318.82508,1,1680,1050
19,2,6687,1779746318.84175,1,1680,1050
19,2,6688,1779746318.85842,1,1680,1050
19,2,6689,1779746318.89175,1,1680,1050
19,2,6690,1779746318.90842,1,1680,1050
19,2,6691,1779746318.92508,1,1680,1050
19,2,6692,1779746318.94175,1,1680,1050
19,2,6693,1779746318.95841,1,1680,1050
19,2,6694,1779746318.97508,1,1680,1050
19,2,6695,1779746318.99175,1,1680,1050
19,2,6696,1779746319.00841,1,1680,1050
19,2,6697,1779746319.02508,1,1680,1050
19,2,6698,1779746319.04174,1,1680,1050
19,2,6699,1779746319.05841,1,1680,1050
19,2,6700,1779746319.07508,1,1680,1050
19,2,6701,1779746319.09174,1,1680,1050
19,2,6702,1779746319.10841,1,1680,1050
19,2,6703,1779746319.12507,1,1680,1050
19,2,6704,1779746319.14174,1,1680,1050
19,2,6705,1779746319.15841,1,1680,1050
19,2,6706,1779746319.17507,1,1680,1050
19,2,6707,1779746319.19174,1,1680,1050
19,2,6708,1779746319.2084,1,1680,1050
19,2,6709,1779746319.22507,1,1680,1050
19,2,6710,1779746319.24174,1,1680,1050
19,2,6711,1779746319.2584,1,1680,1050
19,2,6712,1779746319.27507,1,1680,1050
19,2,6713,1779746319.29174,1,1680,1050
19,2,6714,1779746319.3084,1,1680,1050
19,2,6715,1779746319.32507,1,1680,1050
19,2,6716,1779746319.34173,1,1680,1050
19,2,6717,1779746319.3584,1,1680,1050
19,2,6718,1779746319.37507,1,1680,1050
19,2,6719,1779746319.39173,1,1680,1050
19,2,6720,1779746319.4084,1,1680,1050
19,2,6721,1779746319.42506,1,1680,1050
19,2,6722,1779746319.44173,1,1680,1050
19,2,6723,1779746319.4584,1,1680,1050
19,2,6724,1779746319.47506,1,1680,1050
19,2,6725,1779746319.49173,1,1680,1050
19,2,6726,1779746319.50839,1,1680,1050
19,2,6727,1779746319.52506,1,1680,1050
19,2,6728,1779746319.54173,1,1680,1050
19,2,6729,1779746319.55839,1,1680,1050
19,2,6730,1779746319.57506,1,1680,1050
19,2,6731,1779746319.59172,1,1680,1050
19,2,6732,1779746319.60839,1,1680,1050
19,2,6733,1779746319.62506,1,1680,1050
19,2,6734,1779746319.64172,1,1680,1050
19,2,6735,1779746319.65839,1,1680,1050
19,2,6736,1779746319.67506,1,1680,1050
19,2,6737,1779746319.69172,1,1680,1050
19,2,6738,1779746319.70839,1,1680,1050
19,2,6739,1779746319.72505,1,1680,1050
19,2,6740,1779746319.74172,1,1680,1050
19,2,6741,1779746319.75838,1,1680,1050
19,2,6742,1779746319.77505,1,1680,1050
19,2,6743,1779746319.79172,1,1680,1050
19,2,6744,1779746319.80838,1,1680,1050
19,2,6745,1779746319.82505,1,1680,1050
19,2,6746,1779746319.84172,1,1680,1050
19,2,6747,1779746319.85838,1,1680,1050
19,2,6748,1779746319.87505,1,1680,1050
19,2,6749,1779746319.89171,1,1680,1050
19,2,6750,1779746319.90838,1,1680,1050
19,2,6751,1779746319.92505,1,1680,1050
19,2,6752,1779746319.94171,1,1680,1050
19,2,6753,1779746319.95838,1,1680,1050
19,2,6754,1779746319.97504,1,1680,1050
19,2,6755,1779746319.99171,1,1680,1050
19,2,6756,1779746320.00838,1,1680,1050
19,2,6757,1779746320.02504,1,1680,1050
19,2,6758,1779746320.04171,1,1680,1050
19,2,6759,1779746320.05838,1,1680,1050
19,2,6760,1779746320.07504,1,1680,1050
19,2,6761,1779746320.09171,1,1680,1050
19,2,6762,1779746320.10837,1,1680,1050
19,2,6763,1779746320.12504,1,1680,1050
19,2,6764,1779746320.14171,1,1680,1050
19,2,6765,1779746320.15837,1,1680,1050
19,2,6766,1779746320.17504,1,1680,1050
19,2,6767,1779746320.1917,1,1680,1050
19,2,6768,1779746320.20837,1,1680,1050
19,2,6769,1779746320.22504,1,1680,1050
19,2,6770,1779746320.2417,1,1680,1050
19,2,6771,1779746320.25837,1,1680,1050
19,2,6772,1779746320.27503,1,1680,1050
19,2,6773,1779746320.2917,1,1680,1050
19,2,6774,1779746320.30837,1,1680,1050
19,2,6775,1779746320.32503,1,1680,1050
19,2,6776,1779746320.3417,1,1680,1050
19,2,6777,1779746320.35836,1,1680,1050
19,2,6778,1779746320.37503,1,1680,1050
19,2,6779,1779746320.3917,1,1680,1050
19,2,6780,1779746320.40836,1,1680,1050
19,2,6781,1779746320.42503,1,1680,1050
19,2,6782,1779746320.4417,1,1680,1050
19,2,6783,1779746320.45836,1,1680,1050
19,2,6784,1779746320.47503,1,1680,1050
19,2,6785,1779746320.49169,1,1680,1050
19,2,6786,1779746320.50836,1,1680,1050
19,2,6787,1779746320.52503,1,1680,1050
19,2,6788,1779746320.54169,1,1680,1050
19,2,6789,1779746320.55836,1,1680,1050
19,2,6790,1779746320.57502,1,1680,1050
19,2,6791,1779746320.59169,1,1680,1050
19,2,6792,1779746320.60835,1,1680,1050
19,2,6793,1779746320.62502,1,1680,1050
19,2,6794,1779746320.64169,1,1680,1050
19,2,6795,1779746320.65835,1,1680,1050
19,2,6796,1779746320.67502,1,1680,1050
19,2,6797,1779746320.69169,1,1680,1050
19,2,6798,1779746320.70835,1,1680,1050
19,2,6799,1779746320.72502,1,1680,1050
19,2,6800,1779746320.74168,1,1680,1050
19,2,6801,1779746320.75835,1,1680,1050
19,2,6802,1779746320.77502,1,1680,1050
19,2,6803,1779746320.79168,1,1680,1050
19,2,6804,1779746320.80835,1,1680,1050
19,2,6805,1779746320.82502,1,1680,1050
19,2,6806,1779746320.84168,1,1680,1050
19,2,6807,1779746320.85835,1,1680,1050
19,2,6808,1779746320.87501,1,1680,1050
19,2,6809,1779746320.89168,1,1680,1050
19,2,6810,1779746320.90834,1,1680,1050
19,2,6811,1779746320.92501,1,1680,1050
19,2,6812,1779746320.94168,1,1680,1050
19,2,6813,1779746320.95834,1,1680,1050
19,2,6814,1779746320.97501,1,1680,1050
19,2,6815,1779746320.99168,1,1680,1050
19,2,6816,1779746321.00834,1,1680,1050
19,2,6817,1779746321.02501,1,1680,1050
19,2,6818,1779746321.04167,1,1680,1050
19,2,6819,1779746321.05834,1,1680,1050
19,2,6820,1779746321.07501,1,1680,1050
19,2,6821,1779746321.09167,1,1680,1050
19,2,6822,1779746321.10834,1,1680,1050
19,2,6823,1779746321.125,1,1680,1050
19,2,6824,1779746321.14167,1,1680,1050
19,2,6825,1779746321.15834,1,1680,1050
19,2,6826,1779746321.175,1,1680,1050
19,2,6827,1779746321.19167,1,1680,1050
19,2,6828,1779746321.20833,1,1680,1050
19,2,6829,1779746321.225,1,1680,1050
19,2,6830,1779746321.24167,1,1680,1050
19,2,6831,1779746321.25833,1,1680,1050
19,2,6832,1779746321.275,1,1680,1050
19,2,6833,1779746321.29167,1,1680,1050
19,2,6834,1779746321.30833,1,1680,1050
19,2,6835,1779746321.325,1,1680,1050
19,2,6836,1779746321.34166,1,1680,1050
19,2,6837,1779746321.35833,1,1680,1050
19,2,6838,1779746321.375,1,1680,1050
19,2,6839,1779746321.39166,1,1680,1050
19,2,6840,1779746321.40833,1,1680,1050
19,2,6841,1779746321.42499,1,1680,1050
19,2,6842,1779746321.44166,1,1680,1050
19,2,6843,1779746321.45833,1,1680,1050
19,2,6844,1779746321.47499,1,1680,1050
19,2,6845,1779746321.49166,1,1680,1050
19,2,6846,1779746321.50832,1,1680,1050
19,2,6847,1779746321.52499,1,1680,1050
19,2,6848,1779746321.54166,1,1680,1050
19,2,6849,1779746321.55832,1,1680,1050
19,2,6850,1779746321.57499,1,1680,1050
19,2,6851,1779746321.59166,1,1680,1050
19,2,6852,1779746321.60832,1,1680,1050
19,2,6853,1779746321.62499,1,1680,1050
19,2,6854,1779746321.64165,1,1680,1050
19,2,6855,1779746321.65832,1,1680,1050
19,2,6856,1779746321.67498,1,1680,1050
19,2,6857,1779746321.69165,1,1680,1050
19,2,6858,1779746321.70832,1,1680,1050
19,2,6859,1779746321.72498,1,1680,1050
19,2,6860,1779746321.74165,1,1680,1050
19,2,6861,1779746321.75832,1,1680,1050
19,2,6862,1779746321.77498,1,1680,1050
19,2,6863,1779746321.79165,1,1680,1050
19,2,6864,1779746321.80831,1,1680,1050
19,2,6865,1779746321.82498,1,1680,1050
19,2,6866,1779746321.84165,1,1680,1050
19,2,6867,1779746321.85831,1,1680,1050
19,2,6868,1779746321.87498,1,1680,1050
19,2,6869,1779746321.89164,1,1680,1050
19,2,6870,1779746321.90831,1,1680,1050
19,2,6871,1779746321.92498,1,1680,1050
19,2,6872,1779746321.94164,1,1680,1050
19,2,6873,1779746321.95831,1,1680,1050
19,2,6874,1779746321.97497,1,1680,1050
19,2,6875,1779746321.99164,1,1680,1050
19,2,6876,1779746322.00831,1,1680,1050
19,2,6877,1779746322.02497,1,1680,1050
19,2,6878,1779746322.04164,1,1680,1050
19,2,6879,1779746322.05831,1,1680,1050
19,2,6880,1779746322.07497,1,1680,1050
19,2,6881,1779746322.09164,1,1680,1050
19,2,6882,1779746322.1083,1,1680,1050
19,2,6883,1779746322.12497,1,1680,1050
19,2,6884,1779746322.14163,1,1680,1050
19,2,6885,1779746322.1583,1,1680,1050
19,2,6886,1779746322.17497,1,1680,1050
19,2,6887,1779746322.19163,1,1680,1050
19,2,6888,1779746322.2083,1,1680,1050
19,2,6889,1779746322.22497,1,1680,1050
19,2,6890,1779746322.24163,1,1680,1050
19,2,6891,1779746322.2583,1,1680,1050
19,2,6892,1779746322.27496,1,1680,1050
19,2,6893,1779746322.29163,1,1680,1050
19,2,6894,1779746322.3083,1,1680,1050
19,2,6895,1779746322.32496,1,1680,1050
19,2,6896,1779746322.34163,1,1680,1050
19,2,6897,1779746322.35829,1,1680,1050
19,2,6898,1779746322.37496,1,1680,1050
19,2,6899,1779746322.39163,1,1680,1050
19,2,6900,1779746322.40829,1,1680,1050
19,2,6901,1779746322.42496,1,1680,1050
19,2,6902,1779746322.44162,2,1680,1050
19,2,6903,1779746322.45829,2,1680,1050
19,2,6904,1779746322.47496,2,1680,1050
19,2,6905,1779746322.49162,2,1680,1050
19,2,6906,1779746322.50829,2,1680,1050
19,2,6907,1779746322.52496,2,1680,1050
19,2,6908,1779746322.54162,2,1680,1050
19,2,6909,1779746322.55829,2,1680,1050
19,2,6910,1779746322.57495,2,1680,1050
19,2,6911,1779746322.59162,2,1680,1050
19,2,6912,1779746322.60829,2,1680,1050
19,2,6913,1779746322.62495,2,1680,1050
19,2,6914,1779746322.64162,2,1680,1050
19,2,6915,1779746322.65828,2,1680,1050
19,2,6916,1779746322.67495,2,1680,1050
19,2,6917,1779746322.69162,2,1680,1050
19,2,6918,1779746322.70828,2,1680,1050
19,2,6919,1779746322.72495,2,1680,1050
19,2,6920,1779746322.74161,2,1680,1050
19,2,6921,1779746322.75828,2,1680,1050
19,2,6922,1779746322.77495,2,1680,1050
19,2,6923,1779746322.79161,2,1680,1050
19,2,6924,1779746322.80828,2,1680,1050
19,2,6925,1779746322.82495,2,1680,1050
19,2,6926,1779746322.84161,2,1680,1050
19,2,6927,1779746322.85828,2,1680,1050
19,2,6928,1779746322.87494,2,1680,1050
19,2,6929,1779746322.89161,2,1680,1050
19,2,6930,1779746322.90828,2,1680,1050
19,2,6931,1779746322.92494,2,1680,1050
19,2,6932,1779746322.94161,2,1680,1050
19,2,6933,1779746322.95827,2,1680,1050
19,2,6934,1779746322.97494,2,1680,1050
19,2,6935,1779746322.99161,2,1680,1050
19,2,6936,1779746323.00827,2,1680,1050
19,2,6937,1779746323.02494,2,1680,1050
19,2,6938,1779746323.0416,2,1680,1050
19,2,6939,1779746323.05827,2,1680,1050
19,2,6940,1779746323.07494,2,1680,1050
19,2,6941,1779746323.0916,2,1680,1050
19,2,6942,1779746323.10827,2,1680,1050
19,2,6943,1779746323.12493,2,1680,1050
19,2,6944,1779746323.1416,2,1680,1050
19,2,6945,1779746323.15827,2,1680,1050
19,2,6946,1779746323.17493,2,1680,1050
19,2,6947,1779746323.1916,2,1680,1050
19,2,6948,1779746323.20826,2,1680,1050
19,2,6949,1779746323.22493,2,1680,1050
19,2,6950,1779746323.2416,2,1680,1050
19,2,6951,1779746323.25826,2,1680,1050
19,2,6952,1779746323.27493,2,1680,1050
19,2,6953,1779746323.2916,2,1680,1050
19,2,6954,1779746323.30826,2,1680,1050
19,2,6955,1779746323.32493,2,1680,1050
19,2,6956,1779746323.34159,2,1680,1050
19,2,6957,1779746323.35826,2,1680,1050
19,2,6958,1779746323.37493,2,1680,1050
19,2,6959,1779746323.39159,2,1680,1050
19,2,6960,1779746323.40826,2,1680,1050
19,2,6961,1779746323.42492,2,1680,1050
19,2,6962,1779746323.44159,2,1680,1050
19,2,6963,1779746323.45826,2,1680,1050
19,2,6964,1779746323.47492,2,1680,1050
19,2,6965,1779746323.49159,2,1680,1050
19,2,6966,1779746323.50826,2,1680,1050
19,2,6967,1779746323.52492,2,1680,1050
19,2,6968,1779746323.54159,2,1680,1050
19,2,6969,1779746323.55825,2,1680,1050
19,2,6970,1779746323.57492,2,1680,1050
19,2,6971,1779746323.59158,2,1680,1050
19,2,6972,1779746323.60825,2,1680,1050
19,2,6973,1779746323.62492,2,1680,1050
19,2,6974,1779746323.64158,2,1680,1050
19,2,6975,1779746323.65825,2,1680,1050
19,2,6976,1779746323.67492,2,1680,1050
19,2,6977,1779746323.69158,2,1680,1050
19,2,6978,1779746323.70825,2,1680,1050
19,2,6979,1779746323.72491,2,1680,1050
19,2,6980,1779746323.74158,2,1680,1050
19,2,6981,1779746323.75825,2,1680,1050
19,2,6982,1779746323.77491,2,1680,1050
19,2,6983,1779746323.79158,2,1680,1050
19,2,6984,1779746323.80824,2,1680,1050
19,2,6985,1779746323.82491,2,1680,1050
19,2,6986,1779746323.84158,2,1680,1050
19,2,6987,1779746323.85824,2,1680,1050
19,2,6988,1779746323.87491,2,1680,1050
19,2,6989,1779746323.89157,2,1680,1050
19,2,6990,1779746323.90824,2,1680,1050
19,2,6991,1779746323.92491,2,1680,1050
19,2,6992,1779746323.94157,2,1680,1050
19,2,6993,1779746323.95824,2,1680,1050
19,2,6994,1779746323.9749,2,1680,1050
19,2,6995,1779746323.99157,2,1680,1050
19,2,6996,1779746324.00824,2,1680,1050
19,2,6997,1779746324.0249,2,1680,1050
19,2,6998,1779746324.04157,2,1680,1050
19,2,6999,1779746324.05824,2,1680,1050
19,2,7000,1779746324.0749,2,1680,1050
19,2,7001,1779746324.09157,2,1680,1050
19,2,7002,1779746324.10823,2,1680,1050
19,2,7003,1779746324.1249,2,1680,1050
19,2,7004,1779746324.14157,2,1680,1050
19,2,7005,1779746324.15823,2,1680,1050
19,2,7006,1779746324.1749,2,1680,1050
19,2,7007,1779746324.19156,2,1680,1050
19,2,7008,1779746324.20823,2,1680,1050
19,2,7009,1779746324.2249,2,1680,1050
19,2,7010,1779746324.24156,2,1680,1050
19,2,7011,1779746324.25823,2,1680,1050
19,2,7012,1779746324.27489,2,1680,1050
19,2,7013,1779746324.29156,2,1680,1050
19,2,7014,1779746324.30823,2,1680,1050
19,2,7015,1779746324.32489,2,1680,1050
19,2,7016,1779746324.34156,2,1680,1050
19,2,7017,1779746324.35822,2,1680,1050
19,2,7018,1779746324.37489,2,1680,1050
19,2,7019,1779746324.39156,2,1680,1050
19,2,7020,1779746324.40822,2,1680,1050
19,2,7021,1779746324.42489,2,1680,1050
19,2,7022,1779746324.44155,2,1680,1050
19,2,7023,1779746324.45822,2,1680,1050
19,2,7024,1779746324.47489,2,1680,1050
19,2,7025,1779746324.49155,2,1680,1050
19,2,7026,1779746324.50822,2,1680,1050
19,2,7027,1779746324.52489,2,1680,1050
19,2,7028,1779746324.54155,2,1680,1050
19,2,7029,1779746324.55822,2,1680,1050
19,2,7030,1779746324.57488,2,1680,1050
19,2,7031,1779746324.59155,2,1680,1050
19,2,7032,1779746324.60822,2,1680,1050
19,2,7033,1779746324.62488,2,1680,1050
19,2,7034,1779746324.64155,2,1680,1050
19,2,7035,1779746324.65821,2,1680,1050
19,2,7036,1779746324.67488,2,1680,1050
19,2,7037,1779746324.69155,2,1680,1050
19,2,7038,1779746324.70821,2,1680,1050
19,2,7039,1779746324.72488,2,1680,1050
19,2,7040,1779746324.74154,2,1680,1050
19,2,7041,1779746324.75821,2,1680,1050
19,2,7042,1779746324.77488,2,1680,1050
19,2,7043,1779746324.79154,2,1680,1050
19,2,7044,1779746324.80821,2,1680,1050
19,2,7045,1779746324.82488,2,1680,1050
19,2,7046,1779746324.84154,2,1680,1050
19,2,7047,1779746324.85821,2,1680,1050
19,2,7048,1779746324.87487,2,1680,1050
19,2,7049,1779746324.89154,2,1680,1050
19,2,7050,1779746324.90821,2,1680,1050
19,2,7051,1779746324.92487,2,1680,1050
19,2,7052,1779746324.94154,2,1680,1050
19,2,7053,1779746324.9582,2,1680,1050
19,2,7054,1779746324.97487,2,1680,1050
19,2,7055,1779746324.99154,2,1680,1050
19,2,7056,1779746325.0082,2,1680,1050
19,2,7057,1779746325.02487,2,1680,1050
19,2,7058,1779746325.04153,2,1680,1050
19,2,7059,1779746325.0582,2,1680,1050
19,2,7060,1779746325.07487,2,1680,1050
19,2,7061,1779746325.09153,2,1680,1050
19,2,7062,1779746325.1082,2,1680,1050
19,2,7063,1779746325.12486,2,1680,1050
19,2,7064,1779746325.14153,2,1680,1050
19,2,7065,1779746325.1582,2,1680,1050
19,2,7066,1779746325.17486,2,1680,1050
19,2,7067,1779746325.19153,2,1680,1050
19,2,7068,1779746325.20819,2,1680,1050
19,2,7069,1779746325.22486,2,1680,1050
19,2,7070,1779746325.24153,2,1680,1050
19,2,7071,1779746325.25819,2,1680,1050
19,2,7072,1779746325.27486,2,1680,1050
19,2,7073,1779746325.29153,2,1680,1050
19,2,7074,1779746325.30819,2,1680,1050
19,2,7075,1779746325.32486,2,1680,1050
19,2,7076,1779746325.34152,2,1680,1050
19,2,7077,1779746325.35819,2,1680,1050
19,2,7078,1779746325.37486,2,1680,1050
19,2,7079,1779746325.39152,2,1680,1050
19,2,7080,1779746325.40819,2,1680,1050
19,2,7081,1779746325.42485,2,1680,1050
19,2,7082,1779746325.44152,2,1680,1050
19,2,7083,1779746325.45819,2,1680,1050
19,2,7084,1779746325.47485,2,1680,1050
19,2,7085,1779746325.49152,2,1680,1050
19,2,7086,1779746325.50818,2,1680,1050
19,2,7087,1779746325.52485,2,1680,1050
19,2,7088,1779746325.54152,2,1680,1050
19,2,7089,1779746325.55818,2,1680,1050
19,2,7090,1779746325.57485,2,1680,1050
19,2,7091,1779746325.59151,2,1680,1050
19,2,7092,1779746325.60818,2,1680,1050
19,2,7093,1779746325.62485,2,1680,1050
19,2,7094,1779746325.64151,2,1680,1050
19,2,7095,1779746325.65818,2,1680,1050
19,2,7096,1779746325.67485,2,1680,1050
19,2,7097,1779746325.69151,2,1680,1050
19,2,7098,1779746325.70818,2,1680,1050
19,2,7099,1779746325.72484,2,1680,1050
19,2,7100,1779746325.74151,2,1680,1050
19,2,7101,1779746325.75818,2,1680,1050
19,2,7102,1779746325.77484,2,1680,1050
19,2,7103,1779746325.79151,2,1680,1050
19,2,7104,1779746325.80818,2,1680,1050
19,2,7105,1779746325.82484,2,1680,1050
19,2,7106,1779746325.84151,2,1680,1050
19,2,7107,1779746325.85817,2,1680,1050
19,2,7108,1779746325.87484,2,1680,1050
19,2,7109,1779746325.8915,2,1680,1050
19,2,7110,1779746325.90817,2,1680,1050
19,2,7111,1779746325.92484,2,1680,1050
19,2,7112,1779746325.9415,2,1680,1050
19,2,7113,1779746325.95817,2,1680,1050
19,2,7114,1779746325.97483,2,1680,1050
19,2,7115,1779746325.9915,2,1680,1050
19,2,7116,1779746326.00817,2,1680,1050
19,2,7117,1779746326.02483,2,1680,1050
19,2,7118,1779746326.0415,2,1680,1050
19,2,7119,1779746326.05817,2,1680,1050
19,2,7120,1779746326.07483,2,1680,1050
19,2,7121,1779746326.0915,2,1680,1050
19,2,7122,1779746326.10816,2,1680,1050
19,2,7123,1779746326.12483,2,1680,1050
19,2,7124,1779746326.14149,2,1680,1050
19,2,7125,1779746326.15816,2,1680,1050
19,2,7126,1779746326.17483,2,1680,1050
19,2,7127,1779746326.19149,2,1680,1050
19,2,7128,1779746326.20816,2,1680,1050
19,2,7129,1779746326.22482,2,1680,1050
19,2,7130,1779746326.24149,2,1680,1050
19,2,7131,1779746326.25816,2,1680,1050
19,2,7132,1779746326.27482,2,1680,1050
19,2,7133,1779746326.29149,2,1680,1050
19,2,7134,1779746326.30816,2,1680,1050
19,2,7135,1779746326.32482,2,1680,1050
19,2,7136,1779746326.34149,2,1680,1050
19,2,7137,1779746326.35815,2,1680,1050
19,2,7138,1779746326.37482,2,1680,1050
19,2,7139,1779746326.39149,2,1680,1050
19,2,7140,1779746326.40815,2,1680,1050
19,2,7141,1779746326.42482,2,1680,1050
19,2,7142,1779746326.44148,-1,1680,1050
19,2,7143,1779746326.45815,-1,1680,1050
19,2,7144,1779746326.47482,-1,1680,1050
19,2,7145,1779746326.49148,-1,1680,1050
19,2,7146,1779746326.50815,-1,1680,1050
19,2,7147,1779746326.52482,-1,1680,1050
19,2,7148,1779746326.54148,-1,1680,1050
19,2,7149,1779746326.55815,-1,1680,1050
19,2,7150,1779746326.57481,-1,1680,1050
19,2,7151,1779746326.59148,-1,1680,1050
19,2,7152,1779746326.60815,-1,1680,1050
19,2,7153,1779746326.62481,-1,1680,1050
19,2,7154,1779746326.64148,-1,1680,1050
19,2,7155,1779746326.65814,-1,1680,1050
19,2,7156,1779746326.67481,-1,1680,1050
19,2,7157,1779746326.69148,-1,1680,1050
19,2,7158,1779746326.70814,-1,1680,1050
19,2,7159,1779746326.72481,-1,1680,1050
19,2,7160,1779746326.74147,-1,1680,1050
19,2,7161,1779746326.75814,-1,1680,1050
19,2,7162,1779746326.77481,-1,1680,1050
19,2,7163,1779746326.79147,-1,1680,1050
19,2,7164,1779746326.80814,-1,1680,1050
19,2,7165,1779746326.8248,-1,1680,1050
19,2,7166,1779746326.84147,-1,1680,1050
19,2,7167,1779746326.85814,-1,1680,1050
19,2,7168,1779746326.8748,-1,1680,1050
19,2,7169,1779746326.89147,-1,1680,1050
19,2,7170,1779746326.90814,-1,1680,1050
19,2,7171,1779746326.9248,-1,1680,1050
19,2,7172,1779746326.94147,-1,1680,1050
19,2,7173,1779746326.95813,-1,1680,1050
19,2,7174,1779746326.9748,-1,1680,1050
19,2,7175,1779746326.99147,-1,1680,1050
19,2,7176,1779746327.00813,-1,1680,1050
19,2,7177,1779746327.0248,-1,1680,1050
19,2,7178,1779746327.04146,-1,1680,1050
19,2,7179,1779746327.05813,-1,1680,1050
19,2,7180,1779746327.0748,-1,1680,1050
19,2,7181,1779746327.09146,-1,1680,1050
19,2,7182,1779746327.10813,-1,1680,1050
19,2,7183,1779746327.12479,-1,1680,1050
19,2,7184,1779746327.14146,-1,1680,1050
19,2,7185,1779746327.15813,-1,1680,1050
19,2,7186,1779746327.17479,-1,1680,1050
19,2,7187,1779746327.19146,-1,1680,1050
19,2,7188,1779746327.20812,-1,1680,1050
19,2,7189,1779746327.22479,-1,1680,1050
19,2,7190,1779746327.24146,-1,1680,1050
19,2,7191,1779746327.25812,-1,1680,1050
19,2,7192,1779746327.27479,-1,1680,1050
19,2,7193,1779746327.29146,-1,1680,1050
19,2,7194,1779746327.32479,-1,1680,1050
19,2,7195,1779746327.34145,-1,1680,1050
19,2,7196,1779746327.35812,-1,1680,1050
19,2,7197,1779746327.37479,-1,1680,1050
19,2,7198,1779746327.39145,-1,1680,1050
19,2,7199,1779746327.40812,-1,1680,1050
19,2,7200,1779746327.42478,-1,1680,1050
19,2,7201,1779746327.44145,-1,1680,1050
19,2,7202,1779746327.45812,-1,1680,1050
19,2,7203,1779746327.47478,-1,1680,1050
19,2,7204,1779746327.49145,-1,1680,1050
19,2,7205,1779746327.50811,-1,1680,1050
19,2,7206,1779746327.52478,-1,1680,1050
19,2,7207,1779746327.54145,-1,1680,1050
19,2,7208,1779746327.55811,-1,1680,1050
19,2,7209,1779746327.57478,-1,1680,1050
19,2,7210,1779746327.59144,-1,1680,1050
19,2,7211,1779746327.60811,-1,1680,1050
19,2,7212,1779746327.62478,-1,1680,1050
19,2,7213,1779746327.64144,-1,1680,1050
19,2,7214,1779746327.65811,-1,1680,1050
19,2,7215,1779746327.67478,-1,1680,1050
19,2,7216,1779746327.69144,-1,1680,1050
19,2,7217,1779746327.70811,-1,1680,1050
19,2,7218,1779746327.72477,-1,1680,1050
19,2,7219,1779746327.74144,-1,1680,1050
19,2,7220,1779746327.75811,-1,1680,1050
19,2,7221,1779746327.77477,-1,1680,1050
19,2,7222,1779746327.79144,-1,1680,1050
19,2,7223,1779746327.8081,-1,1680,1050
19,2,7224,1779746327.82477,-1,1680,1050
19,2,7225,1779746327.84144,-1,1680,1050
19,2,7226,1779746327.8581,-1,1680,1050
19,2,7227,1779746327.87477,-1,1680,1050
19,2,7228,1779746327.89143,-1,1680,1050
19,2,7229,1779746327.9081,-1,1680,1050
19,2,7230,1779746327.92477,-1,1680,1050
19,2,7231,1779746327.94143,-1,1680,1050
19,2,7232,1779746327.9581,-1,1680,1050
19,2,7233,1779746327.97476,-1,1680,1050
19,2,7234,1779746327.99143,-1,1680,1050
19,2,7235,1779746328.0081,-1,1680,1050
19,2,7236,1779746328.02478,-1,1680,1050
19,2,7237,1779746328.04143,-1,1680,1050
19,2,7238,1779746328.0581,-1,1680,1050
19,2,7239,1779746328.07476,-1,1680,1050
19,2,7240,1779746328.09143,-1,1680,1050
19,2,7241,1779746328.10809,-1,1680,1050
19,2,7242,1779746328.12476,-1,1680,1050
19,2,7243,1779746328.14143,-1,1680,1050
19,2,7244,1779746328.15809,-1,1680,1050
19,2,7245,1779746328.17476,-1,1680,1050
19,2,7246,1779746328.19142,-1,1680,1050
19,2,7247,1779746328.20809,-1,1680,1050
19,2,7248,1779746328.22476,-1,1680,1050
19,2,7249,1779746328.24142,-1,1680,1050
19,2,7250,1779746328.25809,-1,1680,1050
19,2,7251,1779746328.27475,-1,1680,1050
19,2,7252,1779746328.29142,-1,1680,1050
19,2,7253,1779746328.30809,-1,1680,1050
19,2,7254,1779746328.32475,-1,1680,1050
19,2,7255,1779746328.34142,-1,1680,1050
19,2,7256,1779746328.35808,-1,1680,1050
19,2,7257,1779746328.37475,-1,1680,1050
19,2,7258,1779746328.39142,-1,1680,1050
19,2,7259,1779746328.40808,-1,1680,1050
19,2,7260,1779746328.42475,-1,1680,1050
19,2,7261,1779746328.44142,-1,1680,1050
19,2,7262,1779746328.45808,-1,1680,1050
19,2,7263,1779746328.47477,-1,1680,1050
19,2,7264,1779746328.49141,-1,1680,1050
19,2,7265,1779746328.50808,-1,1680,1050
19,2,7266,1779746328.52475,-1,1680,1050
19,2,7267,1779746328.54141,-1,1680,1050
19,2,7268,1779746328.55808,-1,1680,1050
19,2,7269,1779746328.57474,-1,1680,1050
19,2,7270,1779746328.59141,-1,1680,1050
19,2,7271,1779746328.60808,-1,1680,1050
19,2,7272,1779746328.62474,-1,1680,1050
19,2,7273,1779746328.64141,-1,1680,1050
19,2,7274,1779746328.65807,-1,1680,1050
19,2,7275,1779746328.67474,-1,1680,1050
19,2,7276,1779746328.69141,-1,1680,1050
19,2,7277,1779746328.70807,-1,1680,1050
19,2,7278,1779746328.72474,-1,1680,1050
19,2,7279,1779746328.7414,-1,1680,1050
19,2,7280,1779746328.75807,-1,1680,1050
19,2,7281,1779746328.77474,-1,1680,1050
19,2,7282,1779746328.7914,-1,1680,1050
19,2,7283,1779746328.80807,-1,1680,1050
19,2,7284,1779746328.82474,-1,1680,1050
19,2,7285,1779746328.8414,-1,1680,1050
19,2,7286,1779746328.85807,-1,1680,1050
19,2,7287,1779746328.87473,-1,1680,1050
19,2,7288,1779746328.8914,-1,1680,1050
19,2,7289,1779746328.90807,-1,1680,1050
19,2,7290,1779746328.92473,-1,1680,1050
19,2,7291,1779746328.9414,-1,1680,1050
19,2,7292,1779746328.95806,-1,1680,1050
19,2,7293,1779746328.97473,-1,1680,1050
19,2,7294,1779746328.9914,-1,1680,1050
19,2,7295,1779746329.00806,-1,1680,1050
19,2,7296,1779746329.02473,-1,1680,1050
19,2,7297,1779746329.04139,-1,1680,1050
19,2,7298,1779746329.05806,-1,1680,1050
19,2,7299,1779746329.07473,-1,1680,1050
19,2,7300,1779746329.09139,-1,1680,1050
19,2,7301,1779746329.10806,-1,1680,1050
19,2,7302,1779746329.12472,-1,1680,1050
19,2,7303,1779746329.14139,-1,1680,1050
19,2,7304,1779746329.15806,-1,1680,1050
19,2,7305,1779746329.17472,-1,1680,1050
19,2,7306,1779746329.19139,-1,1680,1050
19,2,7307,1779746329.20806,-1,1680,1050
19,2,7308,1779746329.22472,-1,1680,1050
19,2,7309,1779746329.24139,-1,1680,1050
19,2,7310,1779746329.25805,-1,1680,1050
19,2,7311,1779746329.27472,-1,1680,1050
19,2,7312,1779746329.29139,-1,1680,1050
19,2,7313,1779746329.30805,-1,1680,1050
19,2,7314,1779746329.32472,-1,1680,1050
19,2,7315,1779746329.34138,-1,1680,1050
19,2,7316,1779746329.35805,-1,1680,1050
19,2,7317,1779746329.37472,-1,1680,1050
19,2,7318,1779746329.39138,-1,1680,1050
19,2,7319,1779746329.40805,-1,1680,1050
19,2,7320,1779746329.42471,-1,1680,1050
19,2,7321,1779746329.44138,-1,1680,1050
19,2,7322,1779746329.45805,1,1680,1050
19,2,7323,1779746329.47471,1,1680,1050
19,2,7324,1779746329.49138,1,1680,1050
19,2,7325,1779746329.50804,1,1680,1050
19,2,7326,1779746329.52471,1,1680,1050
19,2,7327,1779746329.54138,1,1680,1050
19,2,7328,1779746329.55804,1,1680,1050
19,2,7329,1779746329.57471,1,1680,1050
19,2,7330,1779746329.59137,1,1680,1050
19,2,7331,1779746329.60804,1,1680,1050
19,2,7332,1779746329.62471,1,1680,1050
19,2,7333,1779746329.64137,1,1680,1050
19,2,7334,1779746329.65804,1,1680,1050
19,2,7335,1779746329.6747,1,1680,1050
19,2,7336,1779746329.69137,1,1680,1050
19,2,7337,1779746329.70804,1,1680,1050
19,2,7338,1779746329.7247,1,1680,1050
19,2,7339,1779746329.74137,1,1680,1050
19,2,7340,1779746329.75804,1,1680,1050
19,2,7341,1779746329.7747,1,1680,1050
19,2,7342,1779746329.79137,1,1680,1050
19,2,7343,1779746329.80803,1,1680,1050
19,2,7344,1779746329.8247,1,1680,1050
19,2,7345,1779746329.84137,1,1680,1050
19,2,7346,1779746329.85803,1,1680,1050
19,2,7347,1779746329.8747,1,1680,1050
19,2,7348,1779746329.89136,1,1680,1050
19,2,7349,1779746329.90803,1,1680,1050
19,2,7350,1779746329.9247,1,1680,1050
19,2,7351,1779746329.94136,1,1680,1050
19,2,7352,1779746329.95803,1,1680,1050
19,2,7353,1779746329.97469,1,1680,1050
19,2,7354,1779746329.99136,1,1680,1050
19,2,7355,1779746330.00803,1,1680,1050
19,2,7356,1779746330.02469,1,1680,1050
19,2,7357,1779746330.04136,1,1680,1050
19,2,7358,1779746330.05803,1,1680,1050
19,2,7359,1779746330.07469,1,1680,1050
19,2,7360,1779746330.09136,1,1680,1050
19,2,7361,1779746330.10802,1,1680,1050
19,2,7362,1779746330.12469,1,1680,1050
19,2,7363,1779746330.14136,1,1680,1050
19,2,7364,1779746330.15802,1,1680,1050
19,2,7365,1779746330.17469,1,1680,1050
19,2,7366,1779746330.19135,1,1680,1050
19,2,7367,1779746330.20802,1,1680,1050
19,2,7368,1779746330.22469,1,1680,1050
19,2,7369,1779746330.24135,1,1680,1050
19,2,7370,1779746330.25802,1,1680,1050
19,2,7371,1779746330.27468,1,1680,1050
19,2,7372,1779746330.29135,1,1680,1050
19,2,7373,1779746330.30802,1,1680,1050
19,2,7374,1779746330.32468,1,1680,1050
19,2,7375,1779746330.34135,1,1680,1050
19,2,7376,1779746330.35801,1,1680,1050
19,2,7377,1779746330.37468,1,1680,1050
19,2,7378,1779746330.39135,1,1680,1050
19,2,7379,1779746330.40801,1,1680,1050
19,2,7380,1779746330.42468,1,1680,1050
19,2,7381,1779746330.44134,1,1680,1050
19,2,7382,1779746330.45801,1,1680,1050
19,2,7383,1779746330.47468,1,1680,1050
19,2,7384,1779746330.49134,1,1680,1050
19,2,7385,1779746330.50801,1,1680,1050
19,2,7386,1779746330.52468,1,1680,1050
19,2,7387,1779746330.54134,1,1680,1050
19,2,7388,1779746330.55801,1,1680,1050
19,2,7389,1779746330.57467,1,1680,1050
19,2,7390,1779746330.59134,1,1680,1050
19,2,7391,1779746330.60801,1,1680,1050
19,2,7392,1779746330.62467,1,1680,1050
19,2,7393,1779746330.64134,1,1680,1050
19,2,7394,1779746330.658,1,1680,1050
19,2,7395,1779746330.67467,1,1680,1050
19,2,7396,1779746330.69134,1,1680,1050
19,2,7397,1779746330.708,1,1680,1050
19,2,7398,1779746330.72467,1,1680,1050
19,2,7399,1779746330.74133,1,1680,1050
19,2,7400,1779746330.758,1,1680,1050
19,2,7401,1779746330.77467,1,1680,1050
19,2,7402,1779746330.79133,1,1680,1050
19,2,7403,1779746330.808,1,1680,1050
19,2,7404,1779746330.82466,1,1680,1050
19,2,7405,1779746330.84133,1,1680,1050
19,2,7406,1779746330.858,1,1680,1050
19,2,7407,1779746330.87466,1,1680,1050
19,2,7408,1779746330.89133,1,1680,1050
19,2,7409,1779746330.908,1,1680,1050
19,2,7410,1779746330.92466,1,1680,1050
19,2,7411,1779746330.94133,1,1680,1050
19,2,7412,1779746330.95799,1,1680,1050
19,2,7413,1779746330.97466,1,1680,1050
19,2,7414,1779746330.99133,1,1680,1050
19,2,7415,1779746331.00799,1,1680,1050
19,2,7416,1779746331.02466,1,1680,1050
19,2,7417,1779746331.04132,1,1680,1050
19,2,7418,1779746331.05799,1,1680,1050
19,2,7419,1779746331.07466,1,1680,1050
19,2,7420,1779746331.09132,1,1680,1050
19,2,7421,1779746331.10799,1,1680,1050
19,2,7422,1779746331.12465,1,1680,1050
19,2,7423,1779746331.14132,1,1680,1050
19,2,7424,1779746331.15799,1,1680,1050
19,2,7425,1779746331.17465,1,1680,1050
19,2,7426,1779746331.19132,1,1680,1050
19,2,7427,1779746331.20798,1,1680,1050
19,2,7428,1779746331.22465,1,1680,1050
19,2,7429,1779746331.24132,1,1680,1050
19,2,7430,1779746331.25798,1,1680,1050
19,2,7431,1779746331.27465,1,1680,1050
19,2,7432,1779746331.29132,1,1680,1050
19,2,7433,1779746331.30798,1,1680,1050
19,2,7434,1779746331.32465,1,1680,1050
19,2,7435,1779746331.34131,1,1680,1050
19,2,7436,1779746331.35798,1,1680,1050
19,2,7437,1779746331.37464,1,1680,1050
19,2,7438,1779746331.39131,1,1680,1050
19,2,7439,1779746331.40798,1,1680,1050
19,2,7440,1779746331.42464,1,1680,1050
19,2,7441,1779746331.44131,1,1680,1050
19,2,7442,1779746331.45798,1,1680,1050
19,2,7443,1779746331.47464,1,1680,1050
19,2,7444,1779746331.49131,1,1680,1050
19,2,7445,1779746331.50798,1,1680,1050
19,2,7446,1779746331.52464,1,1680,1050
19,2,7447,1779746331.54131,1,1680,1050
19,2,7448,1779746331.55797,1,1680,1050
19,2,7449,1779746331.57464,1,1680,1050
19,2,7450,1779746331.59131,1,1680,1050
19,2,7451,1779746331.60797,1,1680,1050
19,2,7452,1779746331.62464,1,1680,1050
19,2,7453,1779746331.6413,1,1680,1050
19,2,7454,1779746331.65797,1,1680,1050
19,2,7455,1779746331.67464,1,1680,1050
19,2,7456,1779746331.6913,1,1680,1050
19,2,7457,1779746331.70797,1,1680,1050
19,2,7458,1779746331.72463,1,1680,1050
19,2,7459,1779746331.7413,1,1680,1050
19,2,7460,1779746331.75796,1,1680,1050
19,2,7461,1779746331.77463,1,1680,1050
19,2,7462,1779746331.7913,1,1680,1050
19,2,7463,1779746331.80796,1,1680,1050
19,2,7464,1779746331.82463,1,1680,1050
19,2,7465,1779746331.8413,1,1680,1050
19,2,7466,1779746331.85796,1,1680,1050
19,2,7467,1779746331.87463,1,1680,1050
19,2,7468,1779746331.89129,1,1680,1050
19,2,7469,1779746331.90796,1,1680,1050
19,2,7470,1779746331.92463,1,1680,1050
19,2,7471,1779746331.94129,1,1680,1050
19,2,7472,1779746331.95796,1,1680,1050
19,2,7473,1779746331.97462,1,1680,1050
19,2,7474,1779746331.99129,1,1680,1050
19,2,7475,1779746332.00796,1,1680,1050
19,2,7476,1779746332.02462,1,1680,1050
19,2,7477,1779746332.04129,1,1680,1050
19,2,7478,1779746332.05796,1,1680,1050
19,2,7479,1779746332.07462,1,1680,1050
19,2,7480,1779746332.09129,1,1680,1050
19,2,7481,1779746332.10795,1,1680,1050
19,2,7482,1779746332.12462,1,1680,1050
19,2,7483,1779746332.14128,1,1680,1050
19,2,7484,1779746332.15795,1,1680,1050
19,2,7485,1779746332.17462,1,1680,1050
19,2,7486,1779746332.19128,1,1680,1050
19,2,7487,1779746332.20795,1,1680,1050
19,2,7488,1779746332.22462,1,1680,1050
19,2,7489,1779746332.24128,1,1680,1050
19,2,7490,1779746332.25795,1,1680,1050
19,2,7491,1779746332.27461,1,1680,1050
19,2,7492,1779746332.29128,1,1680,1050
19,2,7493,1779746332.30795,1,1680,1050
19,2,7494,1779746332.32461,1,1680,1050
19,2,7495,1779746332.34128,1,1680,1050
19,2,7496,1779746332.35795,1,1680,1050
19,2,7497,1779746332.37461,1,1680,1050
19,2,7498,1779746332.39128,1,1680,1050
19,2,7499,1779746332.40794,1,1680,1050
19,2,7500,1779746332.42461,1,1680,1050
19,2,7501,1779746332.44128,1,1680,1050
19,2,7502,1779746332.45794,1,1680,1050
19,2,7503,1779746332.47461,1,1680,1050
19,2,7504,1779746332.49127,1,1680,1050
19,2,7505,1779746332.50794,1,1680,1050
19,2,7506,1779746332.52461,1,1680,1050
19,2,7507,1779746332.54127,1,1680,1050
19,2,7508,1779746332.55794,1,1680,1050
19,2,7509,1779746332.5746,1,1680,1050
19,2,7510,1779746332.59127,1,1680,1050
19,2,7511,1779746332.60794,1,1680,1050
19,2,7512,1779746332.6246,1,1680,1050
19,2,7513,1779746332.64127,1,1680,1050
19,2,7514,1779746332.65793,1,1680,1050
19,2,7515,1779746332.6746,1,1680,1050
19,2,7516,1779746332.69127,1,1680,1050
19,2,7517,1779746332.70793,1,1680,1050
19,2,7518,1779746332.7246,1,1680,1050
19,2,7519,1779746332.74126,1,1680,1050
19,2,7520,1779746332.75793,1,1680,1050
19,2,7521,1779746332.7746,1,1680,1050
19,2,7522,1779746332.79126,1,1680,1050
19,2,7523,1779746332.80793,1,1680,1050
19,2,7524,1779746332.82459,1,1680,1050
19,2,7525,1779746332.84126,1,1680,1050
19,2,7526,1779746332.85793,1,1680,1050
19,2,7527,1779746332.87459,1,1680,1050
19,2,7528,1779746332.89126,1,1680,1050
19,2,7529,1779746332.90792,1,1680,1050
19,2,7530,1779746332.92459,1,1680,1050
19,2,7531,1779746332.94126,1,1680,1050
19,2,7532,1779746332.95792,1,1680,1050
19,2,7533,1779746332.97459,1,1680,1050
19,2,7534,1779746332.99126,1,1680,1050
19,2,7535,1779746333.00792,1,1680,1050
19,2,7536,1779746333.02459,1,1680,1050
19,2,7537,1779746333.04125,1,1680,1050
19,2,7538,1779746333.05792,1,1680,1050
19,2,7539,1779746333.07459,1,1680,1050
19,2,7540,1779746333.09125,1,1680,1050
19,2,7541,1779746333.10792,1,1680,1050
19,2,7542,1779746333.12458,1,1680,1050
19,2,7543,1779746333.14125,1,1680,1050
19,2,7544,1779746333.15792,1,1680,1050
19,2,7545,1779746333.17458,1,1680,1050
19,2,7546,1779746333.19125,1,1680,1050
19,2,7547,1779746333.20792,1,1680,1050
19,2,7548,1779746333.22458,1,1680,1050
19,2,7549,1779746333.24125,1,1680,1050
19,2,7550,1779746333.25791,1,1680,1050
19,2,7551,1779746333.27458,1,1680,1050
19,2,7552,1779746333.29125,1,1680,1050
19,2,7553,1779746333.30791,1,1680,1050
19,2,7554,1779746333.32458,1,1680,1050
19,2,7555,1779746333.34124,1,1680,1050
19,2,7556,1779746333.35791,1,1680,1050
19,2,7557,1779746333.37458,1,1680,1050
19,2,7558,1779746333.39124,1,1680,1050
19,2,7559,1779746333.40791,1,1680,1050
19,2,7560,1779746333.42457,1,1680,1050
19,2,7561,1779746333.44124,1,1680,1050
19,2,7562,1779746333.45791,2,1680,1050
19,2,7563,1779746333.47457,2,1680,1050
19,2,7564,1779746333.49124,2,1680,1050
19,2,7565,1779746333.5079,2,1680,1050
19,2,7566,1779746333.52457,2,1680,1050
19,2,7567,1779746333.54124,2,1680,1050
19,2,7568,1779746333.5579,2,1680,1050
19,2,7569,1779746333.57457,2,1680,1050
19,2,7570,1779746333.59124,2,1680,1050
19,2,7571,1779746333.6079,2,1680,1050
19,2,7572,1779746333.62457,2,1680,1050
19,2,7573,1779746333.64123,2,1680,1050
19,2,7574,1779746333.6579,2,1680,1050
19,2,7575,1779746333.67457,2,1680,1050
19,2,7576,1779746333.69123,2,1680,1050
19,2,7577,1779746333.7079,2,1680,1050
19,2,7578,1779746333.72456,2,1680,1050
19,2,7579,1779746333.74123,2,1680,1050
19,2,7580,1779746333.75789,2,1680,1050
19,2,7581,1779746333.77456,2,1680,1050
19,2,7582,1779746333.79123,2,1680,1050
19,2,7583,1779746333.80789,2,1680,1050
19,2,7584,1779746333.82456,2,1680,1050
19,2,7585,1779746333.84123,2,1680,1050
19,2,7586,1779746333.85789,2,1680,1050
19,2,7587,1779746333.87456,2,1680,1050
19,2,7588,1779746333.89122,2,1680,1050
19,2,7589,1779746333.90789,2,1680,1050
19,2,7590,1779746333.92456,2,1680,1050
19,2,7591,1779746333.94122,2,1680,1050
19,2,7592,1779746333.95789,2,1680,1050
19,2,7593,1779746333.97455,2,1680,1050
19,2,7594,1779746333.99122,2,1680,1050
19,2,7595,1779746334.00789,2,1680,1050
19,2,7596,1779746334.02455,2,1680,1050
19,2,7597,1779746334.04122,2,1680,1050
19,2,7598,1779746334.05789,2,1680,1050
19,2,7599,1779746334.07455,2,1680,1050
19,2,7600,1779746334.09122,2,1680,1050
19,2,7601,1779746334.10788,2,1680,1050
19,2,7602,1779746334.12455,2,1680,1050
19,2,7603,1779746334.14122,2,1680,1050
19,2,7604,1779746334.15788,2,1680,1050
19,2,7605,1779746334.17455,2,1680,1050
19,2,7606,1779746334.19121,2,1680,1050
19,2,7607,1779746334.20788,2,1680,1050
19,2,7608,1779746334.22455,2,1680,1050
19,2,7609,1779746334.24121,2,1680,1050
19,2,7610,1779746334.25788,2,1680,1050
19,2,7611,1779746334.27454,2,1680,1050
19,2,7612,1779746334.29121,2,1680,1050
19,2,7613,1779746334.30788,2,1680,1050
19,2,7614,1779746334.32454,2,1680,1050
19,2,7615,1779746334.34121,2,1680,1050
19,2,7616,1779746334.35787,2,1680,1050
19,2,7617,1779746334.37454,2,1680,1050
19,2,7618,1779746334.39121,2,1680,1050
19,2,7619,1779746334.40787,2,1680,1050
19,2,7620,1779746334.42454,2,1680,1050
19,2,7621,1779746334.4412,2,1680,1050
19,2,7622,1779746334.45787,2,1680,1050
19,2,7623,1779746334.47454,2,1680,1050
19,2,7624,1779746334.4912,2,1680,1050
19,2,7625,1779746334.50787,2,1680,1050
19,2,7626,1779746334.52454,2,1680,1050
19,2,7627,1779746334.5412,2,1680,1050
19,2,7628,1779746334.55787,2,1680,1050
19,2,7629,1779746334.57453,2,1680,1050
19,2,7630,1779746334.5912,2,1680,1050
19,2,7631,1779746334.60787,2,1680,1050
19,2,7632,1779746334.62453,2,1680,1050
19,2,7633,1779746334.6412,2,1680,1050
19,2,7634,1779746334.65787,2,1680,1050
19,2,7635,1779746334.67453,2,1680,1050
19,2,7636,1779746334.6912,2,1680,1050
19,2,7637,1779746334.70786,2,1680,1050
19,2,7638,1779746334.72453,2,1680,1050
19,2,7639,1779746334.74119,2,1680,1050
19,2,7640,1779746334.75786,2,1680,1050
19,2,7641,1779746334.77453,2,1680,1050
19,2,7642,1779746334.79119,2,1680,1050
19,2,7643,1779746334.80786,2,1680,1050
19,2,7644,1779746334.82453,2,1680,1050
19,2,7645,1779746334.84119,2,1680,1050
19,2,7646,1779746334.85786,2,1680,1050
19,2,7647,1779746334.87452,2,1680,1050
19,2,7648,1779746334.89119,2,1680,1050
19,2,7649,1779746334.90786,2,1680,1050
19,2,7650,1779746334.92452,2,1680,1050
19,2,7651,1779746334.94119,2,1680,1050
19,2,7652,1779746334.95785,2,1680,1050
19,2,7653,1779746334.97452,2,1680,1050
19,2,7654,1779746334.99119,2,1680,1050
19,2,7655,1779746335.00785,2,1680,1050
19,2,7656,1779746335.02452,2,1680,1050
19,2,7657,1779746335.04118,2,1680,1050
19,2,7658,1779746335.05785,2,1680,1050
19,2,7659,1779746335.07452,2,1680,1050
19,2,7660,1779746335.09118,2,1680,1050
19,2,7661,1779746335.10785,2,1680,1050
19,2,7662,1779746335.12451,2,1680,1050
19,2,7663,1779746335.14118,2,1680,1050
19,2,7664,1779746335.15785,2,1680,1050
19,2,7665,1779746335.17451,2,1680,1050
19,2,7666,1779746335.19118,2,1680,1050
19,2,7667,1779746335.20784,2,1680,1050
19,2,7668,1779746335.22451,2,1680,1050
19,2,7669,1779746335.24118,2,1680,1050
19,2,7670,1779746335.25784,2,1680,1050
19,2,7671,1779746335.27451,2,1680,1050
19,2,7672,1779746335.29117,2,1680,1050
19,2,7673,1779746335.30784,2,1680,1050
19,2,7674,1779746335.32451,2,1680,1050
19,2,7675,1779746335.34117,2,1680,1050
19,2,7676,1779746335.35784,2,1680,1050
19,2,7677,1779746335.37451,2,1680,1050
19,2,7678,1779746335.39117,2,1680,1050
19,2,7679,1779746335.40784,2,1680,1050
19,2,7680,1779746335.4245,2,1680,1050
19,2,7681,1779746335.44117,2,1680,1050
19,2,7682,1779746335.45784,1,1680,1050
19,2,7683,1779746335.4745,1,1680,1050
19,2,7684,1779746335.49117,1,1680,1050
19,2,7685,1779746335.50783,1,1680,1050
19,2,7686,1779746335.5245,1,1680,1050
19,2,7687,1779746335.54117,1,1680,1050
19,2,7688,1779746335.55783,1,1680,1050
19,2,7689,1779746335.5745,1,1680,1050
19,2,7690,1779746335.59116,1,1680,1050
19,2,7691,1779746335.60783,1,1680,1050
19,2,7692,1779746335.6245,1,1680,1050
19,2,7693,1779746335.64116,1,1680,1050
19,2,7694,1779746335.6745,1,1680,1050
19,2,7695,1779746335.69116,1,1680,1050
19,2,7696,1779746335.70783,1,1680,1050
19,2,7697,1779746335.72449,1,1680,1050
19,2,7698,1779746335.74116,1,1680,1050
19,2,7699,1779746335.75783,1,1680,1050
19,2,7700,1779746335.77449,1,1680,1050
19,2,7701,1779746335.79116,1,1680,1050
19,2,7702,1779746335.80782,1,1680,1050
19,2,7703,1779746335.82449,1,1680,1050
19,2,7704,1779746335.84116,1,1680,1050
19,2,7705,1779746335.85782,1,1680,1050
19,2,7706,1779746335.87449,1,1680,1050
19,2,7707,1779746335.89115,1,1680,1050
19,2,7708,1779746335.90782,1,1680,1050
19,2,7709,1779746335.92449,1,1680,1050
19,2,7710,1779746335.94115,1,1680,1050
19,2,7711,1779746335.95782,1,1680,1050
19,2,7712,1779746335.97449,1,1680,1050
19,2,7713,1779746335.99115,1,1680,1050
19,2,7714,1779746336.00782,1,1680,1050
19,2,7715,1779746336.02448,1,1680,1050
19,2,7716,1779746336.04115,1,1680,1050
19,2,7717,1779746336.05782,1,1680,1050
19,2,7718,1779746336.07448,1,1680,1050
19,2,7719,1779746336.09115,1,1680,1050
19,2,7720,1779746336.10781,1,1680,1050
19,2,7721,1779746336.12448,1,1680,1050
19,2,7722,1779746336.14115,1,1680,1050
19,2,7723,1779746336.15781,1,1680,1050
19,2,7724,1779746336.17448,1,1680,1050
19,2,7725,1779746336.19114,1,1680,1050
19,2,7726,1779746336.20781,1,1680,1050
19,2,7727,1779746336.22448,1,1680,1050
19,2,7728,1779746336.24114,1,1680,1050
19,2,7729,1779746336.25781,1,1680,1050
19,2,7730,1779746336.27447,1,1680,1050
19,2,7731,1779746336.29114,1,1680,1050
19,2,7732,1779746336.30781,1,1680,1050
19,2,7733,1779746336.32447,1,1680,1050
19,2,7734,1779746336.34114,1,1680,1050
19,2,7735,1779746336.3578,1,1680,1050
19,2,7736,1779746336.37447,1,1680,1050
19,2,7737,1779746336.39114,1,1680,1050
19,2,7738,1779746336.4078,1,1680,1050
19,2,7739,1779746336.42447,1,1680,1050
19,2,7740,1779746336.44113,1,1680,1050
19,2,7741,1779746336.4578,1,1680,1050
19,2,7742,1779746336.47447,1,1680,1050
19,2,7743,1779746336.49113,1,1680,1050
19,2,7744,1779746336.5078,1,1680,1050
19,2,7745,1779746336.52447,1,1680,1050
19,2,7746,1779746336.54113,1,1680,1050
19,2,7747,1779746336.5578,1,1680,1050
19,2,7748,1779746336.57446,1,1680,1050
19,2,7749,1779746336.59113,1,1680,1050
19,2,7750,1779746336.6078,1,1680,1050
19,2,7751,1779746336.62446,1,1680,1050
19,2,7752,1779746336.64113,1,1680,1050
19,2,7753,1779746336.65779,1,1680,1050
19,2,7754,1779746336.67446,1,1680,1050
19,2,7755,1779746336.69113,1,1680,1050
19,2,7756,1779746336.70779,1,1680,1050
19,2,7757,1779746336.72446,1,1680,1050
19,2,7758,1779746336.74112,1,1680,1050
19,2,7759,1779746336.75779,1,1680,1050
19,2,7760,1779746336.77446,1,1680,1050
19,2,7761,1779746336.79112,1,1680,1050
19,2,7762,1779746336.80779,1,1680,1050
19,2,7763,1779746336.82446,1,1680,1050
19,2,7764,1779746336.84112,1,1680,1050
19,2,7765,1779746336.85779,1,1680,1050
19,2,7766,1779746336.87445,1,1680,1050
19,2,7767,1779746336.89112,1,1680,1050
19,2,7768,1779746336.90779,1,1680,1050
19,2,7769,1779746336.92445,1,1680,1050
19,2,7770,1779746336.94112,1,1680,1050
19,2,7771,1779746336.95778,1,1680,1050
19,2,7772,1779746336.97445,1,1680,1050
19,2,7773,1779746336.99112,1,1680,1050
19,2,7774,1779746337.00778,1,1680,1050
19,2,7775,1779746337.02445,1,1680,1050
19,2,7776,1779746337.04111,1,1680,1050
19,2,7777,1779746337.05778,1,1680,1050
19,2,7778,1779746337.07445,1,1680,1050
19,2,7779,1779746337.09111,1,1680,1050
19,2,7780,1779746337.10778,1,1680,1050
19,2,7781,1779746337.12444,1,1680,1050
19,2,7782,1779746337.14111,1,1680,1050
19,2,7783,1779746337.15778,1,1680,1050
19,2,7784,1779746337.17444,1,1680,1050
19,2,7785,1779746337.19111,1,1680,1050
19,2,7786,1779746337.20778,1,1680,1050
19,2,7787,1779746337.22444,1,1680,1050
19,2,7788,1779746337.24111,1,1680,1050
19,2,7789,1779746337.25777,1,1680,1050
19,2,7790,1779746337.27444,1,1680,1050
19,2,7791,1779746337.29111,1,1680,1050
19,2,7792,1779746337.30777,1,1680,1050
19,2,7793,1779746337.32444,1,1680,1050
19,2,7794,1779746337.3411,1,1680,1050
19,2,7795,1779746337.35777,1,1680,1050
19,2,7796,1779746337.37443,1,1680,1050
19,2,7797,1779746337.39112,1,1680,1050
19,2,7798,1779746337.40777,1,1680,1050
19,2,7799,1779746337.42443,1,1680,1050
19,2,7800,1779746337.4411,1,1680,1050
19,2,7801,1779746337.45777,1,1680,1050
19,2,7802,1779746337.47443,1,1680,1050
19,2,7803,1779746337.4911,1,1680,1050
19,2,7804,1779746337.50776,1,1680,1050
19,2,7805,1779746337.52443,1,1680,1050
19,2,7806,1779746337.5411,1,1680,1050
19,2,7807,1779746337.55776,1,1680,1050
19,2,7808,1779746337.57443,1,1680,1050
19,2,7809,1779746337.5911,1,1680,1050
19,2,7810,1779746337.60776,1,1680,1050
19,2,7811,1779746337.62443,1,1680,1050
19,2,7812,1779746337.64109,1,1680,1050
19,2,7813,1779746337.65776,1,1680,1050
19,2,7814,1779746337.67443,1,1680,1050
19,2,7815,1779746337.69109,1,1680,1050
19,2,7816,1779746337.70776,1,1680,1050
19,2,7817,1779746337.72442,1,1680,1050
19,2,7818,1779746337.74109,1,1680,1050
19,2,7819,1779746337.75776,1,1680,1050
19,2,7820,1779746337.77442,1,1680,1050
19,2,7821,1779746337.79109,1,1680,1050
19,2,7822,1779746337.80775,1,1680,1050
19,2,7823,1779746337.82442,1,1680,1050
19,2,7824,1779746337.84109,1,1680,1050
19,2,7825,1779746337.85775,1,1680,1050
19,2,7826,1779746337.87442,1,1680,1050
19,2,7827,1779746337.89108,1,1680,1050
19,2,7828,1779746337.90775,1,1680,1050
19,2,7829,1779746337.92442,1,1680,1050
19,2,7830,1779746337.94108,1,1680,1050
19,2,7831,1779746337.95775,1,1680,1050
19,2,7832,1779746337.97441,1,1680,1050
19,2,7833,1779746337.9911,1,1680,1050
19,2,7834,1779746338.00775,1,1680,1050
19,2,7835,1779746338.02441,1,1680,1050
19,2,7836,1779746338.04108,1,1680,1050
19,2,7837,1779746338.05775,1,1680,1050
19,2,7838,1779746338.07441,1,1680,1050
19,2,7839,1779746338.09108,1,1680,1050
19,2,7840,1779746338.10774,1,1680,1050
19,2,7841,1779746338.12441,1,1680,1050
19,2,7842,1779746338.14108,1,1680,1050
19,2,7843,1779746338.15774,1,1680,1050
19,2,7844,1779746338.17441,1,1680,1050
19,2,7845,1779746338.19107,1,1680,1050
19,2,7846,1779746338.20774,1,1680,1050
19,2,7847,1779746338.22441,1,1680,1050
19,2,7848,1779746338.24107,1,1680,1050
19,2,7849,1779746338.25774,1,1680,1050
19,2,7850,1779746338.2744,1,1680,1050
19,2,7851,1779746338.29107,1,1680,1050
19,2,7852,1779746338.30774,1,1680,1050
19,2,7853,1779746338.3244,1,1680,1050
19,2,7854,1779746338.34107,1,1680,1050
19,2,7855,1779746338.35773,1,1680,1050
19,2,7856,1779746338.3744,1,1680,1050
19,2,7857,1779746338.39107,1,1680,1050
19,2,7858,1779746338.40773,1,1680,1050
19,2,7859,1779746338.4244,1,1680,1050
19,2,7860,1779746338.44106,1,1680,1050
19,2,7861,1779746338.45773,1,1680,1050
19,2,7862,1779746338.4744,1,1680,1050
19,2,7863,1779746338.49106,1,1680,1050
19,2,7864,1779746338.50773,1,1680,1050
19,2,7865,1779746338.52439,1,1680,1050
19,2,7866,1779746338.54106,1,1680,1050
19,2,7867,1779746338.55773,1,1680,1050
19,2,7868,1779746338.57439,1,1680,1050
19,2,7869,1779746338.59106,1,1680,1050
19,2,7870,1779746338.60772,1,1680,1050
19,2,7871,1779746338.62439,1,1680,1050
19,2,7872,1779746338.64106,1,1680,1050
19,2,7873,1779746338.65772,1,1680,1050
19,2,7874,1779746338.67439,1,1680,1050
19,2,7875,1779746338.69106,1,1680,1050
19,2,7876,1779746338.70772,1,1680,1050
19,2,7877,1779746338.72439,1,1680,1050
19,2,7878,1779746338.74106,1,1680,1050
19,2,7879,1779746338.75772,1,1680,1050
19,2,7880,1779746338.77439,1,1680,1050
19,2,7881,1779746338.79105,1,1680,1050
19,2,7882,1779746338.80772,1,1680,1050
19,2,7883,1779746338.82438,1,1680,1050
19,2,7884,1779746338.84105,1,1680,1050
19,2,7885,1779746338.85772,1,1680,1050
19,2,7886,1779746338.87438,1,1680,1050
19,2,7887,1779746338.89105,1,1680,1050
19,2,7888,1779746338.90772,1,1680,1050
19,2,7889,1779746338.92438,1,1680,1050
19,2,7890,1779746338.94105,1,1680,1050
19,2,7891,1779746338.95771,1,1680,1050
19,2,7892,1779746338.97438,1,1680,1050
19,2,7893,1779746338.99105,1,1680,1050
19,2,7894,1779746339.00771,1,1680,1050
19,2,7895,1779746339.02438,1,1680,1050
19,2,7896,1779746339.04104,1,1680,1050
19,2,7897,1779746339.05771,1,1680,1050
19,2,7898,1779746339.07438,1,1680,1050
19,2,7899,1779746339.09104,1,1680,1050
19,2,7900,1779746339.10771,1,1680,1050
19,2,7901,1779746339.12437,1,1680,1050
19,2,7902,1779746339.14104,1,1680,1050
19,2,7903,1779746339.15771,1,1680,1050
19,2,7904,1779746339.17437,1,1680,1050
19,2,7905,1779746339.19104,1,1680,1050
19,2,7906,1779746339.2077,1,1680,1050
19,2,7907,1779746339.22437,1,1680,1050
19,2,7908,1779746339.24104,1,1680,1050
19,2,7909,1779746339.2577,1,1680,1050
19,2,7910,1779746339.27437,1,1680,1050
19,2,7911,1779746339.29104,1,1680,1050
19,2,7912,1779746339.3077,1,1680,1050
19,2,7913,1779746339.32437,1,1680,1050
19,2,7914,1779746339.34103,1,1680,1050
19,2,7915,1779746339.3577,1,1680,1050
19,2,7916,1779746339.37437,1,1680,1050
19,2,7917,1779746339.39103,1,1680,1050
19,2,7918,1779746339.4077,1,1680,1050
19,2,7919,1779746339.42436,1,1680,1050
19,2,7920,1779746339.44103,1,1680,1050
19,2,7921,1779746339.4577,1,1680,1050
19,2,7922,1779746339.47436,2,1680,1050
19,2,7923,1779746339.49103,2,1680,1050
19,2,7924,1779746339.50769,2,1680,1050
19,2,7925,1779746339.52436,2,1680,1050
19,2,7926,1779746339.54103,2,1680,1050
19,2,7927,1779746339.55769,2,1680,1050
19,2,7928,1779746339.57436,2,1680,1050
19,2,7929,1779746339.59102,2,1680,1050
19,2,7930,1779746339.60769,2,1680,1050
19,2,7931,1779746339.62436,2,1680,1050
19,2,7932,1779746339.64102,2,1680,1050
19,2,7933,1779746339.65769,2,1680,1050
19,2,7934,1779746339.67436,2,1680,1050
19,2,7935,1779746339.69102,2,1680,1050
19,2,7936,1779746339.70769,2,1680,1050
19,2,7937,1779746339.72435,2,1680,1050
19,2,7938,1779746339.74102,2,1680,1050
19,2,7939,1779746339.75768,2,1680,1050
19,2,7940,1779746339.77435,2,1680,1050
19,2,7941,1779746339.79102,2,1680,1050
19,2,7942,1779746339.80768,2,1680,1050
19,2,7943,1779746339.82435,2,1680,1050
19,2,7944,1779746339.84102,2,1680,1050
19,2,7945,1779746339.85768,2,1680,1050
19,2,7946,1779746339.87435,2,1680,1050
19,2,7947,1779746339.89101,2,1680,1050
19,2,7948,1779746339.90768,2,1680,1050
19,2,7949,1779746339.92435,2,1680,1050
19,2,7950,1779746339.94101,2,1680,1050
19,2,7951,1779746339.95768,2,1680,1050
19,2,7952,1779746339.97434,2,1680,1050
19,2,7953,1779746339.99101,2,1680,1050
19,2,7954,1779746340.00768,2,1680,1050
19,2,7955,1779746340.02434,2,1680,1050
19,2,7956,1779746340.04101,2,1680,1050
19,2,7957,1779746340.05767,2,1680,1050
19,2,7958,1779746340.07434,2,1680,1050
19,2,7959,1779746340.09101,2,1680,1050
19,2,7960,1779746340.10767,2,1680,1050
19,2,7961,1779746340.12434,2,1680,1050
19,2,7962,1779746340.141,2,1680,1050
19,2,7963,1779746340.15767,2,1680,1050
19,2,7964,1779746340.17434,2,1680,1050
19,2,7965,1779746340.191,2,1680,1050
19,2,7966,1779746340.20767,2,1680,1050
19,2,7967,1779746340.22434,2,1680,1050
19,2,7968,1779746340.241,2,1680,1050
19,2,7969,1779746340.25767,2,1680,1050
19,2,7970,1779746340.27433,2,1680,1050
19,2,7971,1779746340.291,2,1680,1050
19,2,7972,1779746340.30767,2,1680,1050
19,2,7973,1779746340.32433,2,1680,1050
19,2,7974,1779746340.341,2,1680,1050
19,2,7975,1779746340.35767,2,1680,1050
19,2,7976,1779746340.37433,2,1680,1050
19,2,7977,1779746340.391,2,1680,1050
19,2,7978,1779746340.40766,2,1680,1050
19,2,7979,1779746340.42433,2,1680,1050
19,2,7980,1779746340.441,2,1680,1050
19,2,7981,1779746340.45766,2,1680,1050
19,2,7982,1779746340.47433,2,1680,1050
19,2,7983,1779746340.49099,2,1680,1050
19,2,7984,1779746340.50766,2,1680,1050
19,2,7985,1779746340.52433,2,1680,1050
19,2,7986,1779746340.54099,2,1680,1050
19,2,7987,1779746340.55766,2,1680,1050
19,2,7988,1779746340.57432,2,1680,1050
19,2,7989,1779746340.59099,2,1680,1050
19,2,7990,1779746340.60766,2,1680,1050
19,2,7991,1779746340.62432,2,1680,1050
19,2,7992,1779746340.64099,2,1680,1050
19,2,7993,1779746340.65765,2,1680,1050
19,2,7994,1779746340.67432,2,1680,1050
19,2,7995,1779746340.69099,2,1680,1050
19,2,7996,1779746340.70765,2,1680,1050
19,2,7997,1779746340.72432,2,1680,1050
19,2,7998,1779746340.74099,2,1680,1050
19,2,7999,1779746340.75765,2,1680,1050
19,2,8000,1779746340.77432,2,1680,1050
19,2,8001,1779746340.79098,2,1680,1050
19,2,8002,1779746340.80765,2,1680,1050
19,2,8003,1779746340.82432,2,1680,1050
19,2,8004,1779746340.84098,2,1680,1050
19,2,8005,1779746340.85765,2,1680,1050
19,2,8006,1779746340.87431,2,1680,1050
19,2,8007,1779746340.89098,2,1680,1050
19,2,8008,1779746340.90765,2,1680,1050
19,2,8009,1779746340.92431,2,1680,1050
19,2,8010,1779746340.94098,2,1680,1050
19,2,8011,1779746340.95764,2,1680,1050
19,2,8012,1779746340.97431,2,1680,1050
19,2,8013,1779746340.99098,2,1680,1050
19,2,8014,1779746341.00764,2,1680,1050
19,2,8015,1779746341.02431,2,1680,1050
19,2,8016,1779746341.04097,2,1680,1050
19,2,8017,1779746341.05764,2,1680,1050
19,2,8018,1779746341.07431,2,1680,1050
19,2,8019,1779746341.09097,2,1680,1050
19,2,8020,1779746341.10764,2,1680,1050
19,2,8021,1779746341.12431,2,1680,1050
19,2,8022,1779746341.14097,2,1680,1050
19,2,8023,1779746341.15764,2,1680,1050
19,2,8024,1779746341.1743,2,1680,1050
19,2,8025,1779746341.19097,2,1680,1050
19,2,8026,1779746341.20763,2,1680,1050
19,2,8027,1779746341.2243,2,1680,1050
19,2,8028,1779746341.24097,2,1680,1050
19,2,8029,1779746341.25763,2,1680,1050
19,2,8030,1779746341.2743,2,1680,1050
19,2,8031,1779746341.29097,2,1680,1050
19,2,8032,1779746341.30763,2,1680,1050
19,2,8033,1779746341.3243,2,1680,1050
19,2,8034,1779746341.34096,2,1680,1050
19,2,8035,1779746341.35763,2,1680,1050
19,2,8036,1779746341.3743,2,1680,1050
19,2,8037,1779746341.39096,2,1680,1050
19,2,8038,1779746341.40763,2,1680,1050
19,2,8039,1779746341.42429,2,1680,1050
19,2,8040,1779746341.44096,2,1680,1050
19,2,8041,1779746341.45763,2,1680,1050
19,2,8042,1779746341.47429,1,1680,1050
19,2,8043,1779746341.49096,1,1680,1050
19,2,8044,1779746341.50763,1,1680,1050
19,2,8045,1779746341.52429,1,1680,1050
19,2,8046,1779746341.54096,1,1680,1050
19,2,8047,1779746341.55762,1,1680,1050
19,2,8048,1779746341.57429,1,1680,1050
19,2,8049,1779746341.59096,1,1680,1050
19,2,8050,1779746341.60762,1,1680,1050
19,2,8051,1779746341.62429,1,1680,1050
19,2,8052,1779746341.64095,1,1680,1050
19,2,8053,1779746341.65762,1,1680,1050
19,2,8054,1779746341.67429,1,1680,1050
19,2,8055,1779746341.69095,1,1680,1050
19,2,8056,1779746341.70762,1,1680,1050
19,2,8057,1779746341.72428,1,1680,1050
19,2,8058,1779746341.74095,1,1680,1050
19,2,8059,1779746341.75762,1,1680,1050
19,2,8060,1779746341.77428,1,1680,1050
19,2,8061,1779746341.79095,1,1680,1050
19,2,8062,1779746341.80761,1,1680,1050
19,2,8063,1779746341.82428,1,1680,1050
19,2,8064,1779746341.84095,1,1680,1050
19,2,8065,1779746341.85761,1,1680,1050
19,2,8066,1779746341.87428,1,1680,1050
19,2,8067,1779746341.89094,1,1680,1050
19,2,8068,1779746341.90761,1,1680,1050
19,2,8069,1779746341.92428,1,1680,1050
19,2,8070,1779746341.94094,1,1680,1050
19,2,8071,1779746341.95761,1,1680,1050
19,2,8072,1779746341.97428,1,1680,1050
19,2,8073,1779746341.99094,1,1680,1050
19,2,8074,1779746342.00761,1,1680,1050
19,2,8075,1779746342.02427,1,1680,1050
19,2,8076,1779746342.04094,1,1680,1050
19,2,8077,1779746342.05761,1,1680,1050
19,2,8078,1779746342.07427,1,1680,1050
19,2,8079,1779746342.09094,1,1680,1050
19,2,8080,1779746342.1076,1,1680,1050
19,2,8081,1779746342.12427,1,1680,1050
19,2,8082,1779746342.14094,1,1680,1050
19,2,8083,1779746342.1576,1,1680,1050
19,2,8084,1779746342.17427,1,1680,1050
19,2,8085,1779746342.19093,1,1680,1050
19,2,8086,1779746342.2076,1,1680,1050
19,2,8087,1779746342.22427,1,1680,1050
19,2,8088,1779746342.24093,1,1680,1050
19,2,8089,1779746342.2576,1,1680,1050
19,2,8090,1779746342.27426,1,1680,1050
19,2,8091,1779746342.29093,1,1680,1050
19,2,8092,1779746342.3076,1,1680,1050
19,2,8093,1779746342.32426,1,1680,1050
19,2,8094,1779746342.34093,1,1680,1050
19,2,8095,1779746342.3576,1,1680,1050
19,2,8096,1779746342.37426,1,1680,1050
19,2,8097,1779746342.39093,1,1680,1050
19,2,8098,1779746342.40759,1,1680,1050
19,2,8099,1779746342.42426,1,1680,1050
19,2,8100,1779746342.44093,1,1680,1050
19,2,8101,1779746342.45759,1,1680,1050
19,2,8102,1779746342.47426,1,1680,1050
19,2,8103,1779746342.49092,1,1680,1050
19,2,8104,1779746342.50759,1,1680,1050
19,2,8105,1779746342.52426,1,1680,1050
19,2,8106,1779746342.54092,1,1680,1050
19,2,8107,1779746342.55759,1,1680,1050
19,2,8108,1779746342.57425,1,1680,1050
19,2,8109,1779746342.59092,1,1680,1050
19,2,8110,1779746342.60759,1,1680,1050
19,2,8111,1779746342.62425,1,1680,1050
19,2,8112,1779746342.64092,1,1680,1050
19,2,8113,1779746342.65758,1,1680,1050
19,2,8114,1779746342.67425,1,1680,1050
19,2,8115,1779746342.69092,1,1680,1050
19,2,8116,1779746342.70758,1,1680,1050
19,2,8117,1779746342.72425,1,1680,1050
19,2,8118,1779746342.74092,1,1680,1050
19,2,8119,1779746342.75758,1,1680,1050
19,2,8120,1779746342.77425,1,1680,1050
19,2,8121,1779746342.79091,1,1680,1050
19,2,8122,1779746342.80758,1,1680,1050
19,2,8123,1779746342.82425,1,1680,1050
19,2,8124,1779746342.84091,1,1680,1050
19,2,8125,1779746342.85758,1,1680,1050
19,2,8126,1779746342.87424,1,1680,1050
19,2,8127,1779746342.89091,1,1680,1050
19,2,8128,1779746342.90757,1,1680,1050
19,2,8129,1779746342.92424,1,1680,1050
19,2,8130,1779746342.94091,1,1680,1050
19,2,8131,1779746342.95757,1,1680,1050
19,2,8132,1779746342.97424,1,1680,1050
19,2,8133,1779746342.99091,1,1680,1050
19,2,8134,1779746343.00757,1,1680,1050
19,2,8135,1779746343.02424,1,1680,1050
19,2,8136,1779746343.0409,1,1680,1050
19,2,8137,1779746343.05757,1,1680,1050
19,2,8138,1779746343.07424,1,1680,1050
19,2,8139,1779746343.0909,1,1680,1050
19,2,8140,1779746343.10757,1,1680,1050
19,2,8141,1779746343.12424,1,1680,1050
19,2,8142,1779746343.1409,1,1680,1050
19,2,8143,1779746343.15757,1,1680,1050
19,2,8144,1779746343.17423,1,1680,1050
19,2,8145,1779746343.1909,1,1680,1050
19,2,8146,1779746343.20757,1,1680,1050
19,2,8147,1779746343.22423,1,1680,1050
19,2,8148,1779746343.2409,1,1680,1050
19,2,8149,1779746343.25756,1,1680,1050
19,2,8150,1779746343.27423,1,1680,1050
19,2,8151,1779746343.2909,1,1680,1050
19,2,8152,1779746343.30756,1,1680,1050
19,2,8153,1779746343.32423,1,1680,1050
19,2,8154,1779746343.34089,1,1680,1050
19,2,8155,1779746343.35756,1,1680,1050
19,2,8156,1779746343.37423,1,1680,1050
19,2,8157,1779746343.39089,1,1680,1050
19,2,8158,1779746343.40756,1,1680,1050
19,2,8159,1779746343.42422,1,1680,1050
19,2,8160,1779746343.44089,1,1680,1050
19,2,8161,1779746343.45756,1,1680,1050
19,2,8162,1779746343.47422,1,1680,1050
19,2,8163,1779746343.49089,1,1680,1050
19,2,8164,1779746343.50756,1,1680,1050
19,2,8165,1779746343.52422,1,1680,1050
19,2,8166,1779746343.54089,1,1680,1050
19,2,8167,1779746343.55755,1,1680,1050
19,2,8168,1779746343.57422,1,1680,1050
19,2,8169,1779746343.59089,1,1680,1050
19,2,8170,1779746343.60755,1,1680,1050
19,2,8171,1779746343.62422,1,1680,1050
19,2,8172,1779746343.64088,1,1680,1050
19,2,8173,1779746343.65755,1,1680,1050
19,2,8174,1779746343.67422,1,1680,1050
19,2,8175,1779746343.69088,1,1680,1050
19,2,8176,1779746343.70755,1,1680,1050
19,2,8177,1779746343.72421,1,1680,1050
19,2,8178,1779746343.74088,1,1680,1050
19,2,8179,1779746343.75755,1,1680,1050
19,2,8180,1779746343.77421,1,1680,1050
19,2,8181,1779746343.79088,1,1680,1050
19,2,8182,1779746343.80754,1,1680,1050
19,2,8183,1779746343.82421,1,1680,1050
19,2,8184,1779746343.84088,1,1680,1050
19,2,8185,1779746343.85754,1,1680,1050
19,2,8186,1779746343.87421,1,1680,1050
19,2,8187,1779746343.89087,1,1680,1050
19,2,8188,1779746343.90754,1,1680,1050
19,2,8189,1779746343.92421,1,1680,1050
19,2,8190,1779746343.94087,1,1680,1050
19,2,8191,1779746343.95754,1,1680,1050
19,2,8192,1779746343.9742,1,1680,1050
19,2,8193,1779746343.99087,1,1680,1050
19,2,8194,1779746344.00754,1,1680,1050
19,2,8195,1779746344.0242,1,1680,1050
19,2,8196,1779746344.04087,1,1680,1050
19,2,8197,1779746344.05754,1,1680,1050
19,2,8198,1779746344.0742,1,1680,1050
19,2,8199,1779746344.09087,1,1680,1050
19,2,8200,1779746344.10753,1,1680,1050
19,2,8201,1779746344.14087,1,1680,1050
19,2,8202,1779746344.15753,1,1680,1050
19,2,8203,1779746344.1742,1,1680,1050
19,2,8204,1779746344.19086,1,1680,1050
19,2,8205,1779746344.20753,1,1680,1050
19,2,8206,1779746344.2242,1,1680,1050
19,2,8207,1779746344.24086,1,1680,1050
19,2,8208,1779746344.25753,1,1680,1050
19,2,8209,1779746344.27419,1,1680,1050
19,2,8210,1779746344.29086,1,1680,1050
19,2,8211,1779746344.30753,1,1680,1050
19,2,8212,1779746344.32419,1,1680,1050
19,2,8213,1779746344.34086,1,1680,1050
19,2,8214,1779746344.35753,1,1680,1050
19,2,8215,1779746344.37419,1,1680,1050
19,2,8216,1779746344.39086,1,1680,1050
19,2,8217,1779746344.40752,1,1680,1050
19,2,8218,1779746344.42419,1,1680,1050
19,2,8219,1779746344.44085,1,1680,1050
19,2,8220,1779746344.45752,1,1680,1050
19,2,8221,1779746344.47419,1,1680,1050
19,2,8222,1779746344.49085,1,1680,1050
19,2,8223,1779746344.50752,1,1680,1050
19,2,8224,1779746344.52419,1,1680,1050
19,2,8225,1779746344.54085,1,1680,1050
19,2,8226,1779746344.55752,1,1680,1050
19,2,8227,1779746344.57418,1,1680,1050
19,2,8228,1779746344.59085,1,1680,1050
19,2,8229,1779746344.60752,1,1680,1050
19,2,8230,1779746344.62418,1,1680,1050
19,2,8231,1779746344.64085,1,1680,1050
19,2,8232,1779746344.65751,1,1680,1050
19,2,8233,1779746344.67418,1,1680,1050
19,2,8234,1779746344.69085,1,1680,1050
19,2,8235,1779746344.70751,1,1680,1050
19,2,8236,1779746344.72418,1,1680,1050
19,2,8237,1779746344.74084,1,1680,1050
19,2,8238,1779746344.75751,1,1680,1050
19,2,8239,1779746344.77418,1,1680,1050
19,2,8240,1779746344.79084,1,1680,1050
19,2,8241,1779746344.80751,1,1680,1050
19,2,8242,1779746344.82418,1,1680,1050
19,2,8243,1779746344.84084,1,1680,1050
19,2,8244,1779746344.85751,1,1680,1050
19,2,8245,1779746344.87417,1,1680,1050
19,2,8246,1779746344.89084,1,1680,1050
19,2,8247,1779746344.90751,1,1680,1050
19,2,8248,1779746344.92417,1,1680,1050
19,2,8249,1779746344.94084,1,1680,1050
19,2,8250,1779746344.9575,1,1680,1050
19,2,8251,1779746344.97417,1,1680,1050
19,2,8252,1779746344.99084,1,1680,1050
19,2,8253,1779746345.0075,1,1680,1050
19,2,8254,1779746345.02417,1,1680,1050
19,2,8255,1779746345.04083,1,1680,1050
19,2,8256,1779746345.0575,1,1680,1050
19,2,8257,1779746345.07417,1,1680,1050
19,2,8258,1779746345.09083,1,1680,1050
19,2,8259,1779746345.1075,1,1680,1050
19,2,8260,1779746345.12417,1,1680,1050
19,2,8261,1779746345.14083,1,1680,1050
19,2,8262,1779746345.1575,1,1680,1050
19,2,8263,1779746345.17416,1,1680,1050
19,2,8264,1779746345.19083,1,1680,1050
19,2,8265,1779746345.20749,1,1680,1050
19,2,8266,1779746345.22416,1,1680,1050
19,2,8267,1779746345.24083,1,1680,1050
19,2,8268,1779746345.25749,1,1680,1050
19,2,8269,1779746345.27416,1,1680,1050
19,2,8270,1779746345.29083,1,1680,1050
19,2,8271,1779746345.30749,1,1680,1050
19,2,8272,1779746345.32416,1,1680,1050
19,2,8273,1779746345.34082,1,1680,1050
19,2,8274,1779746345.35749,1,1680,1050
19,2,8275,1779746345.37416,1,1680,1050
19,2,8276,1779746345.39082,1,1680,1050
19,2,8277,1779746345.40749,1,1680,1050
19,2,8278,1779746345.42415,1,1680,1050
19,2,8279,1779746345.44082,1,1680,1050
19,2,8280,1779746345.45749,1,1680,1050
19,2,8281,1779746345.47415,1,1680,1050
19,2,8282,1779746345.49082,2,1680,1050
19,2,8283,1779746345.50748,2,1680,1050
19,2,8284,1779746345.52415,2,1680,1050
19,2,8285,1779746345.54082,2,1680,1050
19,2,8286,1779746345.55748,2,1680,1050
19,2,8287,1779746345.57415,2,1680,1050
19,2,8288,1779746345.59081,2,1680,1050
19,2,8289,1779746345.60748,2,1680,1050
19,2,8290,1779746345.62415,2,1680,1050
19,2,8291,1779746345.64081,2,1680,1050
19,2,8292,1779746345.65748,2,1680,1050
19,2,8293,1779746345.67415,2,1680,1050
19,2,8294,1779746345.69081,2,1680,1050
19,2,8295,1779746345.70748,2,1680,1050
19,2,8296,1779746345.72414,2,1680,1050
19,2,8297,1779746345.74081,2,1680,1050
19,2,8298,1779746345.75748,2,1680,1050
19,2,8299,1779746345.77414,2,1680,1050
19,2,8300,1779746345.79081,2,1680,1050
19,2,8301,1779746345.80747,2,1680,1050
19,2,8302,1779746345.82414,2,1680,1050
19,2,8303,1779746345.84081,2,1680,1050
19,2,8304,1779746345.85747,2,1680,1050
19,2,8305,1779746345.87414,2,1680,1050
19,2,8306,1779746345.89081,2,1680,1050
19,2,8307,1779746345.90747,2,1680,1050
19,2,8308,1779746345.92414,2,1680,1050
19,2,8309,1779746345.9408,2,1680,1050
19,2,8310,1779746345.95747,2,1680,1050
19,2,8311,1779746345.97414,2,1680,1050
19,2,8312,1779746345.9908,2,1680,1050
19,2,8313,1779746346.00747,2,1680,1050
19,2,8314,1779746346.02413,2,1680,1050
19,2,8315,1779746346.0408,2,1680,1050
19,2,8316,1779746346.05747,2,1680,1050
19,2,8317,1779746346.07413,2,1680,1050
19,2,8318,1779746346.0908,2,1680,1050
19,2,8319,1779746346.10746,2,1680,1050
19,2,8320,1779746346.12413,2,1680,1050
19,2,8321,1779746346.1408,2,1680,1050
19,2,8322,1779746346.15746,2,1680,1050
19,2,8323,1779746346.17413,2,1680,1050
19,2,8324,1779746346.19079,2,1680,1050
19,2,8325,1779746346.20746,2,1680,1050
19,2,8326,1779746346.22413,2,1680,1050
19,2,8327,1779746346.24079,2,1680,1050
19,2,8328,1779746346.25746,2,1680,1050
19,2,8329,1779746346.27412,2,1680,1050
19,2,8330,1779746346.29079,2,1680,1050
19,2,8331,1779746346.30746,2,1680,1050
19,2,8332,1779746346.32412,2,1680,1050
19,2,8333,1779746346.34079,2,1680,1050
19,2,8334,1779746346.35746,2,1680,1050
19,2,8335,1779746346.37412,2,1680,1050
19,2,8336,1779746346.39079,2,1680,1050
19,2,8337,1779746346.40745,2,1680,1050
19,2,8338,1779746346.42412,2,1680,1050
19,2,8339,1779746346.44078,2,1680,1050
19,2,8340,1779746346.45745,2,1680,1050
19,2,8341,1779746346.47412,2,1680,1050
19,2,8342,1779746346.49078,2,1680,1050
19,2,8343,1779746346.50745,2,1680,1050
19,2,8344,1779746346.52412,2,1680,1050
19,2,8345,1779746346.54078,2,1680,1050
19,2,8346,1779746346.55745,2,1680,1050
19,2,8347,1779746346.57411,2,1680,1050
19,2,8348,1779746346.59078,2,1680,1050
19,2,8349,1779746346.60745,2,1680,1050
19,2,8350,1779746346.62411,2,1680,1050
19,2,8351,1779746346.64078,2,1680,1050
19,2,8352,1779746346.65745,2,1680,1050
19,2,8353,1779746346.67411,2,1680,1050
19,2,8354,1779746346.69078,2,1680,1050
19,2,8355,1779746346.70744,2,1680,1050
19,2,8356,1779746346.72411,2,1680,1050
19,2,8357,1779746346.74078,2,1680,1050
19,2,8358,1779746346.75744,2,1680,1050
19,2,8359,1779746346.77411,2,1680,1050
19,2,8360,1779746346.79077,2,1680,1050
19,2,8361,1779746346.80744,2,1680,1050
19,2,8362,1779746346.82411,2,1680,1050
19,2,8363,1779746346.84077,2,1680,1050
19,2,8364,1779746346.85744,2,1680,1050
19,2,8365,1779746346.8741,2,1680,1050
19,2,8366,1779746346.89077,2,1680,1050
19,2,8367,1779746346.90744,2,1680,1050
19,2,8368,1779746346.9241,2,1680,1050
19,2,8369,1779746346.94077,2,1680,1050
19,2,8370,1779746346.95743,2,1680,1050
19,2,8371,1779746346.9741,2,1680,1050
19,2,8372,1779746346.99077,2,1680,1050
19,2,8373,1779746347.00743,2,1680,1050
19,2,8374,1779746347.0241,2,1680,1050
19,2,8375,1779746347.04076,2,1680,1050
19,2,8376,1779746347.05743,2,1680,1050
19,2,8377,1779746347.0741,2,1680,1050
19,2,8378,1779746347.09076,2,1680,1050
19,2,8379,1779746347.10743,2,1680,1050
19,2,8380,1779746347.12409,2,1680,1050
19,2,8381,1779746347.14076,2,1680,1050
19,2,8382,1779746347.15743,2,1680,1050
19,2,8383,1779746347.17409,2,1680,1050
19,2,8384,1779746347.19076,2,1680,1050
19,2,8385,1779746347.20743,2,1680,1050
19,2,8386,1779746347.22409,2,1680,1050
19,2,8387,1779746347.24076,2,1680,1050
19,2,8388,1779746347.25742,2,1680,1050
19,2,8389,1779746347.27409,2,1680,1050
19,2,8390,1779746347.29076,2,1680,1050
19,2,8391,1779746347.30742,2,1680,1050
19,2,8392,1779746347.32409,2,1680,1050
19,2,8393,1779746347.34075,2,1680,1050
19,2,8394,1779746347.35742,2,1680,1050
19,2,8395,1779746347.37409,2,1680,1050
19,2,8396,1779746347.39075,2,1680,1050
19,2,8397,1779746347.40742,2,1680,1050
19,2,8398,1779746347.42408,2,1680,1050
19,2,8399,1779746347.44075,2,1680,1050
19,2,8400,1779746347.45742,2,1680,1050
19,2,8401,1779746347.47408,2,1680,1050
19,2,8402,1779746347.49075,1,1680,1050
19,2,8403,1779746347.50742,1,1680,1050
19,2,8404,1779746347.52408,1,1680,1050
19,2,8405,1779746347.54075,1,1680,1050
19,2,8406,1779746347.55741,1,1680,1050
19,2,8407,1779746347.57408,1,1680,1050
19,2,8408,1779746347.59075,1,1680,1050
19,2,8409,1779746347.60741,1,1680,1050
19,2,8410,1779746347.62408,1,1680,1050
19,2,8411,1779746347.64074,1,1680,1050
19,2,8412,1779746347.65741,1,1680,1050
19,2,8413,1779746347.67408,1,1680,1050
19,2,8414,1779746347.69074,1,1680,1050
19,2,8415,1779746347.70741,1,1680,1050
19,2,8416,1779746347.72407,1,1680,1050
19,2,8417,1779746347.74074,1,1680,1050
19,2,8418,1779746347.75741,1,1680,1050
19,2,8419,1779746347.77407,1,1680,1050
19,2,8420,1779746347.79074,1,1680,1050
19,2,8421,1779746347.8074,1,1680,1050
19,2,8422,1779746347.82407,1,1680,1050
19,2,8423,1779746347.84074,1,1680,1050
19,2,8424,1779746347.8574,1,1680,1050
19,2,8425,1779746347.87407,1,1680,1050
19,2,8426,1779746347.89074,1,1680,1050
19,2,8427,1779746347.9074,1,1680,1050
19,2,8428,1779746347.92407,1,1680,1050
19,2,8429,1779746347.94073,1,1680,1050
19,2,8430,1779746347.9574,1,1680,1050
19,2,8431,1779746347.97406,1,1680,1050
19,2,8432,1779746347.99073,1,1680,1050
19,2,8433,1779746348.0074,1,1680,1050
19,2,8434,1779746348.02406,1,1680,1050
19,2,8435,1779746348.04073,1,1680,1050
19,2,8436,1779746348.0574,1,1680,1050
19,2,8437,1779746348.07406,1,1680,1050
19,2,8438,1779746348.09073,1,1680,1050
19,2,8439,1779746348.10739,1,1680,1050
19,2,8440,1779746348.12406,1,1680,1050
19,2,8441,1779746348.14073,1,1680,1050
19,2,8442,1779746348.15739,1,1680,1050
19,2,8443,1779746348.17406,1,1680,1050
19,2,8444,1779746348.19073,1,1680,1050
19,2,8445,1779746348.20739,1,1680,1050
19,2,8446,1779746348.22406,1,1680,1050
19,2,8447,1779746348.24072,1,1680,1050
19,2,8448,1779746348.25739,1,1680,1050
19,2,8449,1779746348.27406,1,1680,1050
19,2,8450,1779746348.29072,1,1680,1050
19,2,8451,1779746348.30739,1,1680,1050
19,2,8452,1779746348.32405,1,1680,1050
19,2,8453,1779746348.34072,1,1680,1050
19,2,8454,1779746348.35739,1,1680,1050
19,2,8455,1779746348.37405,1,1680,1050
19,2,8456,1779746348.39072,1,1680,1050
19,2,8457,1779746348.40738,1,1680,1050
19,2,8458,1779746348.42405,1,1680,1050
19,2,8459,1779746348.44072,1,1680,1050
19,2,8460,1779746348.45738,1,1680,1050
19,2,8461,1779746348.47405,1,1680,1050
19,2,8462,1779746348.49071,1,1680,1050
19,2,8463,1779746348.50738,1,1680,1050
19,2,8464,1779746348.52405,1,1680,1050
19,2,8465,1779746348.54071,1,1680,1050
19,2,8466,1779746348.55738,1,1680,1050
19,2,8467,1779746348.57404,1,1680,1050
19,2,8468,1779746348.59071,1,1680,1050
19,2,8469,1779746348.60738,1,1680,1050
19,2,8470,1779746348.62404,1,1680,1050
19,2,8471,1779746348.64071,1,1680,1050
19,2,8472,1779746348.65738,1,1680,1050
19,2,8473,1779746348.67404,1,1680,1050
19,2,8474,1779746348.69071,1,1680,1050
19,2,8475,1779746348.70737,1,1680,1050
19,2,8476,1779746348.72404,1,1680,1050
19,2,8477,1779746348.74071,1,1680,1050
19,2,8478,1779746348.75737,1,1680,1050
19,2,8479,1779746348.77404,1,1680,1050
19,2,8480,1779746348.7907,1,1680,1050
19,2,8481,1779746348.80737,1,1680,1050
19,2,8482,1779746348.82403,1,1680,1050
19,2,8483,1779746348.8407,1,1680,1050
19,2,8484,1779746348.85737,1,1680,1050
19,2,8485,1779746348.87403,1,1680,1050
19,2,8486,1779746348.8907,1,1680,1050
19,2,8487,1779746348.90737,1,1680,1050
19,2,8488,1779746348.92403,1,1680,1050
19,2,8489,1779746348.9407,1,1680,1050
19,2,8490,1779746348.95736,1,1680,1050
19,2,8491,1779746348.97403,1,1680,1050
19,2,8492,1779746348.9907,1,1680,1050
19,2,8493,1779746349.00736,1,1680,1050
19,2,8494,1779746349.02403,1,1680,1050
19,2,8495,1779746349.0407,1,1680,1050
19,2,8496,1779746349.05736,1,1680,1050
19,2,8497,1779746349.07403,1,1680,1050
19,2,8498,1779746349.09069,1,1680,1050
19,2,8499,1779746349.10736,1,1680,1050
19,2,8500,1779746349.12403,1,1680,1050
19,2,8501,1779746349.14069,1,1680,1050
19,2,8502,1779746349.15736,1,1680,1050
19,2,8503,1779746349.17402,1,1680,1050
19,2,8504,1779746349.19069,1,1680,1050
19,2,8505,1779746349.20736,1,1680,1050
19,2,8506,1779746349.22402,1,1680,1050
19,2,8507,1779746349.24069,1,1680,1050
19,2,8508,1779746349.25735,1,1680,1050
19,2,8509,1779746349.27402,1,1680,1050
19,2,8510,1779746349.29069,1,1680,1050
19,2,8511,1779746349.30735,1,1680,1050
19,2,8512,1779746349.32402,1,1680,1050
19,2,8513,1779746349.34068,1,1680,1050
19,2,8514,1779746349.35735,1,1680,1050
19,2,8515,1779746349.37402,1,1680,1050
19,2,8516,1779746349.39068,1,1680,1050
19,2,8517,1779746349.40735,1,1680,1050
19,2,8518,1779746349.42401,1,1680,1050
19,2,8519,1779746349.44068,1,1680,1050
19,2,8520,1779746349.45735,1,1680,1050
19,2,8521,1779746349.47401,1,1680,1050
19,2,8522,1779746349.49068,1,1680,1050
19,2,8523,1779746349.50735,1,1680,1050
19,2,8524,1779746349.52401,1,1680,1050
19,2,8525,1779746349.54068,1,1680,1050
19,2,8526,1779746349.55734,1,1680,1050
19,2,8527,1779746349.57401,1,1680,1050
19,2,8528,1779746349.59068,1,1680,1050
19,2,8529,1779746349.60734,1,1680,1050
19,2,8530,1779746349.62401,1,1680,1050
19,2,8531,1779746349.64067,1,1680,1050
19,2,8532,1779746349.65734,1,1680,1050
19,2,8533,1779746349.67401,1,1680,1050
19,2,8534,1779746349.69067,1,1680,1050
19,2,8535,1779746349.70734,1,1680,1050
19,2,8536,1779746349.724,1,1680,1050
19,2,8537,1779746349.74067,1,1680,1050
19,2,8538,1779746349.75734,1,1680,1050
19,2,8539,1779746349.774,1,1680,1050
19,2,8540,1779746349.79067,1,1680,1050
19,2,8541,1779746349.80734,1,1680,1050
19,2,8542,1779746349.824,1,1680,1050
19,2,8543,1779746349.84067,1,1680,1050
19,2,8544,1779746349.85733,1,1680,1050
19,2,8545,1779746349.874,1,1680,1050
19,2,8546,1779746349.89066,1,1680,1050
19,2,8547,1779746349.90733,1,1680,1050
19,2,8548,1779746349.924,1,1680,1050
19,2,8549,1779746349.94066,1,1680,1050
19,2,8550,1779746349.95733,1,1680,1050
19,2,8551,1779746349.974,1,1680,1050
19,2,8552,1779746349.99066,1,1680,1050
19,2,8553,1779746350.00733,1,1680,1050
19,2,8554,1779746350.02399,1,1680,1050
19,2,8555,1779746350.04066,1,1680,1050
19,2,8556,1779746350.05733,1,1680,1050
19,2,8557,1779746350.07399,1,1680,1050
19,2,8558,1779746350.09066,1,1680,1050
19,2,8559,1779746350.10732,1,1680,1050
19,2,8560,1779746350.12399,1,1680,1050
19,2,8561,1779746350.14066,1,1680,1050
19,2,8562,1779746350.15732,1,1680,1050
19,2,8563,1779746350.17399,1,1680,1050
19,2,8564,1779746350.19065,1,1680,1050
19,2,8565,1779746350.20732,1,1680,1050
19,2,8566,1779746350.22399,1,1680,1050
19,2,8567,1779746350.24065,1,1680,1050
19,2,8568,1779746350.25732,1,1680,1050
19,2,8569,1779746350.27399,1,1680,1050
19,2,8570,1779746350.29065,1,1680,1050
19,2,8571,1779746350.30732,1,1680,1050
19,2,8572,1779746350.32398,1,1680,1050
19,2,8573,1779746350.34065,1,1680,1050
19,2,8574,1779746350.35732,1,1680,1050
19,2,8575,1779746350.37398,1,1680,1050
19,2,8576,1779746350.39065,1,1680,1050
19,2,8577,1779746350.40731,1,1680,1050
19,2,8578,1779746350.42398,1,1680,1050
19,2,8579,1779746350.44065,1,1680,1050
19,2,8580,1779746350.45731,1,1680,1050
19,2,8581,1779746350.47398,1,1680,1050
19,2,8582,1779746350.49064,1,1680,1050
19,2,8583,1779746350.50731,1,1680,1050
19,2,8584,1779746350.52398,1,1680,1050
19,2,8585,1779746350.54064,1,1680,1050
19,2,8586,1779746350.55731,1,1680,1050
19,2,8587,1779746350.57397,1,1680,1050
19,2,8588,1779746350.59064,1,1680,1050
19,2,8589,1779746350.60731,1,1680,1050
19,2,8590,1779746350.62397,1,1680,1050
19,2,8591,1779746350.64064,1,1680,1050
19,2,8592,1779746350.65731,1,1680,1050
19,2,8593,1779746350.67397,1,1680,1050
19,2,8594,1779746350.69064,1,1680,1050
19,2,8595,1779746350.7073,1,1680,1050
19,2,8596,1779746350.72397,1,1680,1050
19,2,8597,1779746350.74064,1,1680,1050
19,2,8598,1779746350.7573,1,1680,1050
19,2,8599,1779746350.77397,1,1680,1050
19,2,8600,1779746350.79063,1,1680,1050
19,2,8601,1779746350.8073,1,1680,1050
19,2,8602,1779746350.82397,1,1680,1050
19,2,8603,1779746350.84063,1,1680,1050
19,2,8604,1779746350.8573,1,1680,1050
19,2,8605,1779746350.87396,1,1680,1050
19,2,8606,1779746350.89063,1,1680,1050
19,2,8607,1779746350.9073,1,1680,1050
19,2,8608,1779746350.92396,1,1680,1050
19,2,8609,1779746350.94063,1,1680,1050
19,2,8610,1779746350.95729,1,1680,1050
19,2,8611,1779746350.97396,1,1680,1050
19,2,8612,1779746350.99063,1,1680,1050
19,2,8613,1779746351.00729,1,1680,1050
19,2,8614,1779746351.02396,1,1680,1050
19,2,8615,1779746351.04063,1,1680,1050
19,2,8616,1779746351.05729,1,1680,1050
19,2,8617,1779746351.07396,1,1680,1050
19,2,8618,1779746351.09062,1,1680,1050
19,2,8619,1779746351.10729,1,1680,1050
19,2,8620,1779746351.12396,1,1680,1050
19,2,8621,1779746351.14062,1,1680,1050
19,2,8622,1779746351.15729,1,1680,1050
19,2,8623,1779746351.17395,1,1680,1050
19,2,8624,1779746351.19062,1,1680,1050
19,2,8625,1779746351.20729,1,1680,1050
19,2,8626,1779746351.22395,1,1680,1050
19,2,8627,1779746351.24062,1,1680,1050
19,2,8628,1779746351.25728,1,1680,1050
19,2,8629,1779746351.27395,1,1680,1050
19,2,8630,1779746351.29062,1,1680,1050
19,2,8631,1779746351.30728,1,1680,1050
19,2,8632,1779746351.32395,1,1680,1050
19,2,8633,1779746351.34061,1,1680,1050
19,2,8634,1779746351.35728,1,1680,1050
19,2,8635,1779746351.37395,1,1680,1050
19,2,8636,1779746351.39061,1,1680,1050
19,2,8637,1779746351.40728,1,1680,1050
19,2,8638,1779746351.42395,1,1680,1050
19,2,8639,1779746351.44061,1,1680,1050
19,2,8640,1779746351.45728,1,1680,1050
19,2,8641,1779746351.47394,1,1680,1050
19,2,8642,1779746351.49061,2,1680,1050
19,2,8643,1779746351.50727,2,1680,1050
19,2,8644,1779746351.52394,2,1680,1050
19,2,8645,1779746351.54061,2,1680,1050
19,2,8646,1779746351.55727,2,1680,1050
19,2,8647,1779746351.57394,2,1680,1050
19,2,8648,1779746351.59061,2,1680,1050
19,2,8649,1779746351.60727,2,1680,1050
19,2,8650,1779746351.62394,2,1680,1050
19,2,8651,1779746351.6406,2,1680,1050
19,2,8652,1779746351.65727,2,1680,1050
19,2,8653,1779746351.67394,2,1680,1050
19,2,8654,1779746351.6906,2,1680,1050
19,2,8655,1779746351.70727,2,1680,1050
19,2,8656,1779746351.72393,2,1680,1050
19,2,8657,1779746351.7406,2,1680,1050
19,2,8658,1779746351.75727,2,1680,1050
19,2,8659,1779746351.77393,2,1680,1050
19,2,8660,1779746351.7906,2,1680,1050
19,2,8661,1779746351.80726,2,1680,1050
19,2,8662,1779746351.82393,2,1680,1050
19,2,8663,1779746351.8406,2,1680,1050
19,2,8664,1779746351.85726,2,1680,1050
19,2,8665,1779746351.87393,2,1680,1050
19,2,8666,1779746351.89059,2,1680,1050
19,2,8667,1779746351.90726,2,1680,1050
19,2,8668,1779746351.92393,2,1680,1050
19,2,8669,1779746351.94059,2,1680,1050
19,2,8670,1779746351.95726,2,1680,1050
19,2,8671,1779746351.97393,2,1680,1050
19,2,8672,1779746351.99059,2,1680,1050
19,2,8673,1779746352.00726,2,1680,1050
19,2,8674,1779746352.02392,2,1680,1050
19,2,8675,1779746352.04059,2,1680,1050
19,2,8676,1779746352.05726,2,1680,1050
19,2,8677,1779746352.07392,2,1680,1050
19,2,8678,1779746352.09059,2,1680,1050
19,2,8679,1779746352.10725,2,1680,1050
19,2,8680,1779746352.12392,2,1680,1050
19,2,8681,1779746352.14059,2,1680,1050
19,2,8682,1779746352.15725,2,1680,1050
19,2,8683,1779746352.17392,2,1680,1050
19,2,8684,1779746352.19059,2,1680,1050
19,2,8685,1779746352.20725,2,1680,1050
19,2,8686,1779746352.22392,2,1680,1050
19,2,8687,1779746352.24058,2,1680,1050
19,2,8688,1779746352.25725,2,1680,1050
19,2,8689,1779746352.27392,2,1680,1050
19,2,8690,1779746352.29058,2,1680,1050
19,2,8691,1779746352.30725,2,1680,1050
19,2,8692,1779746352.32391,2,1680,1050
19,2,8693,1779746352.34058,2,1680,1050
19,2,8694,1779746352.35725,2,1680,1050
19,2,8695,1779746352.37391,2,1680,1050
19,2,8696,1779746352.39058,2,1680,1050
19,2,8697,1779746352.40724,2,1680,1050
19,2,8698,1779746352.42391,2,1680,1050
19,2,8699,1779746352.44058,2,1680,1050
19,2,8700,1779746352.45724,2,1680,1050
19,2,8701,1779746352.47391,2,1680,1050
19,2,8702,1779746352.49057,2,1680,1050
19,2,8703,1779746352.50724,2,1680,1050
19,2,8704,1779746352.52391,2,1680,1050
19,2,8705,1779746352.54057,2,1680,1050
19,2,8706,1779746352.55724,2,1680,1050
19,2,8707,1779746352.5739,2,1680,1050
19,2,8708,1779746352.59057,2,1680,1050
19,2,8709,1779746352.60724,2,1680,1050
19,2,8710,1779746352.6239,2,1680,1050
19,2,8711,1779746352.64057,2,1680,1050
19,2,8712,1779746352.6739,2,1680,1050
19,2,8713,1779746352.69057,2,1680,1050
19,2,8714,1779746352.70726,2,1680,1050
19,2,8715,1779746352.7239,2,1680,1050
19,2,8716,1779746352.74057,2,1680,1050
19,2,8717,1779746352.75723,2,1680,1050
19,2,8718,1779746352.7739,2,1680,1050
19,2,8719,1779746352.79056,2,1680,1050
19,2,8720,1779746352.80723,2,1680,1050
19,2,8721,1779746352.8239,2,1680,1050
19,2,8722,1779746352.84056,2,1680,1050
19,2,8723,1779746352.85723,2,1680,1050
19,2,8724,1779746352.87389,2,1680,1050
19,2,8725,1779746352.89056,2,1680,1050
19,2,8726,1779746352.90723,2,1680,1050
19,2,8727,1779746352.92389,2,1680,1050
19,2,8728,1779746352.94056,2,1680,1050
19,2,8729,1779746352.95723,2,1680,1050
19,2,8730,1779746352.97389,2,1680,1050
19,2,8731,1779746352.99056,2,1680,1050
19,2,8732,1779746353.00722,2,1680,1050
19,2,8733,1779746353.02389,2,1680,1050
19,2,8734,1779746353.04056,2,1680,1050
19,2,8735,1779746353.05722,2,1680,1050
19,2,8736,1779746353.07389,2,1680,1050
19,2,8737,1779746353.09055,2,1680,1050
19,2,8738,1779746353.10722,2,1680,1050
19,2,8739,1779746353.12388,2,1680,1050
19,2,8740,1779746353.14055,2,1680,1050
19,2,8741,1779746353.15722,2,1680,1050
19,2,8742,1779746353.17388,2,1680,1050
19,2,8743,1779746353.19055,2,1680,1050
19,2,8744,1779746353.20722,2,1680,1050
19,2,8745,1779746353.22388,2,1680,1050
19,2,8746,1779746353.24055,2,1680,1050
19,2,8747,1779746353.25721,2,1680,1050
19,2,8748,1779746353.27388,2,1680,1050
19,2,8749,1779746353.29055,2,1680,1050
19,2,8750,1779746353.30721,2,1680,1050
19,2,8751,1779746353.32388,2,1680,1050
19,2,8752,1779746353.34055,2,1680,1050
19,2,8753,1779746353.35721,2,1680,1050
19,2,8754,1779746353.37388,2,1680,1050
19,2,8755,1779746353.39054,2,1680,1050
19,2,8756,1779746353.40721,2,1680,1050
19,2,8757,1779746353.42388,2,1680,1050
19,2,8758,1779746353.44054,2,1680,1050
19,2,8759,1779746353.45721,2,1680,1050
19,2,8760,1779746353.47387,2,1680,1050
19,2,8761,1779746353.49054,2,1680,1050
19,2,8762,1779746353.5072,1,1680,1050
19,2,8763,1779746353.52387,1,1680,1050
19,2,8764,1779746353.54054,1,1680,1050
19,2,8765,1779746353.5572,1,1680,1050
19,2,8766,1779746353.57387,1,1680,1050
19,2,8767,1779746353.59054,1,1680,1050
19,2,8768,1779746353.6072,1,1680,1050
19,2,8769,1779746353.62387,1,1680,1050
19,2,8770,1779746353.64053,1,1680,1050
19,2,8771,1779746353.6572,1,1680,1050
19,2,8772,1779746353.67387,1,1680,1050
19,2,8773,1779746353.69053,1,1680,1050
19,2,8774,1779746353.7072,1,1680,1050
19,2,8775,1779746353.72387,1,1680,1050
19,2,8776,1779746353.74053,1,1680,1050
19,2,8777,1779746353.7572,1,1680,1050
19,2,8778,1779746353.77386,1,1680,1050
19,2,8779,1779746353.79053,1,1680,1050
19,2,8780,1779746353.8072,1,1680,1050
19,2,8781,1779746353.82386,1,1680,1050
19,2,8782,1779746353.84053,1,1680,1050
19,2,8783,1779746353.85719,1,1680,1050
19,2,8784,1779746353.87386,1,1680,1050
19,2,8785,1779746353.89053,1,1680,1050
19,2,8786,1779746353.90719,1,1680,1050
19,2,8787,1779746353.92386,1,1680,1050
19,2,8788,1779746353.94052,1,1680,1050
19,2,8789,1779746353.95719,1,1680,1050
19,2,8790,1779746353.97386,1,1680,1050
19,2,8791,1779746353.99052,1,1680,1050
19,2,8792,1779746354.00719,1,1680,1050
19,2,8793,1779746354.02385,1,1680,1050
19,2,8794,1779746354.04054,1,1680,1050
19,2,8795,1779746354.05719,1,1680,1050
19,2,8796,1779746354.07385,1,1680,1050
19,2,8797,1779746354.09052,1,1680,1050
19,2,8798,1779746354.10718,1,1680,1050
19,2,8799,1779746354.12385,1,1680,1050
19,2,8800,1779746354.14052,1,1680,1050
19,2,8801,1779746354.15718,1,1680,1050
19,2,8802,1779746354.17385,1,1680,1050
19,2,8803,1779746354.19051,1,1680,1050
19,2,8804,1779746354.20718,1,1680,1050
19,2,8805,1779746354.22385,1,1680,1050
19,2,8806,1779746354.24051,1,1680,1050
19,2,8807,1779746354.25718,1,1680,1050
19,2,8808,1779746354.27385,1,1680,1050
19,2,8809,1779746354.29051,1,1680,1050
19,2,8810,1779746354.30718,1,1680,1050
19,2,8811,1779746354.32384,1,1680,1050
19,2,8812,1779746354.34051,1,1680,1050
19,2,8813,1779746354.35718,1,1680,1050
19,2,8814,1779746354.37384,1,1680,1050
19,2,8815,1779746354.39051,1,1680,1050
19,2,8816,1779746354.40717,1,1680,1050
19,2,8817,1779746354.42384,1,1680,1050
19,2,8818,1779746354.44051,1,1680,1050
19,2,8819,1779746354.45717,1,1680,1050
19,2,8820,1779746354.47384,1,1680,1050
19,2,8821,1779746354.49053,1,1680,1050
19,2,8822,1779746354.50717,1,1680,1050
19,2,8823,1779746354.52384,1,1680,1050
19,2,8824,1779746354.5405,1,1680,1050
19,2,8825,1779746354.55717,1,1680,1050
19,2,8826,1779746354.57384,1,1680,1050
19,2,8827,1779746354.5905,1,1680,1050
19,2,8828,1779746354.60717,1,1680,1050
19,2,8829,1779746354.62383,1,1680,1050
19,2,8830,1779746354.6405,1,1680,1050
19,2,8831,1779746354.65717,1,1680,1050
19,2,8832,1779746354.67383,1,1680,1050
19,2,8833,1779746354.6905,1,1680,1050
19,2,8834,1779746354.70716,1,1680,1050
19,2,8835,1779746354.72383,1,1680,1050
19,2,8836,1779746354.7405,1,1680,1050
19,2,8837,1779746354.75716,1,1680,1050
19,2,8838,1779746354.77383,1,1680,1050
19,2,8839,1779746354.79052,1,1680,1050
19,2,8840,1779746354.80716,1,1680,1050
19,2,8841,1779746354.82383,1,1680,1050
19,2,8842,1779746354.84049,1,1680,1050
19,2,8843,1779746354.85716,1,1680,1050
19,2,8844,1779746354.87383,1,1680,1050
19,2,8845,1779746354.89049,1,1680,1050
19,2,8846,1779746354.90716,1,1680,1050
19,2,8847,1779746354.92382,1,1680,1050
19,2,8848,1779746354.94049,1,1680,1050
19,2,8849,1779746354.95716,1,1680,1050
19,2,8850,1779746354.97382,1,1680,1050
19,2,8851,1779746354.99049,1,1680,1050
19,2,8852,1779746355.00715,1,1680,1050
19,2,8853,1779746355.02382,1,1680,1050
19,2,8854,1779746355.04048,1,1680,1050
19,2,8855,1779746355.05715,1,1680,1050
19,2,8856,1779746355.07382,1,1680,1050
19,2,8857,1779746355.09048,1,1680,1050
19,2,8858,1779746355.10715,1,1680,1050
19,2,8859,1779746355.12382,1,1680,1050
19,2,8860,1779746355.14048,1,1680,1050
19,2,8861,1779746355.15715,1,1680,1050
19,2,8862,1779746355.17381,1,1680,1050
19,2,8863,1779746355.19048,1,1680,1050
19,2,8864,1779746355.20715,1,1680,1050
19,2,8865,1779746355.22381,1,1680,1050
19,2,8866,1779746355.24048,1,1680,1050
19,2,8867,1779746355.25714,1,1680,1050
19,2,8868,1779746355.27381,1,1680,1050
19,2,8869,1779746355.29048,1,1680,1050
19,2,8870,1779746355.30714,1,1680,1050
19,2,8871,1779746355.32381,1,1680,1050
19,2,8872,1779746355.34048,1,1680,1050
19,2,8873,1779746355.35714,1,1680,1050
19,2,8874,1779746355.37381,1,1680,1050
19,2,8875,1779746355.39047,1,1680,1050
19,2,8876,1779746355.40714,1,1680,1050
19,2,8877,1779746355.4238,1,1680,1050
19,2,8878,1779746355.44047,1,1680,1050
19,2,8879,1779746355.45714,1,1680,1050
19,2,8880,1779746355.4738,1,1680,1050
19,2,8881,1779746355.49047,1,1680,1050
19,2,8882,1779746355.50714,1,1680,1050
19,2,8883,1779746355.5238,1,1680,1050
19,2,8884,1779746355.54047,1,1680,1050
19,2,8885,1779746355.55713,1,1680,1050
19,2,8886,1779746355.5738,1,1680,1050
19,2,8887,1779746355.59047,1,1680,1050
19,2,8888,1779746355.60713,1,1680,1050
19,2,8889,1779746355.6238,1,1680,1050
19,2,8890,1779746355.64046,1,1680,1050
19,2,8891,1779746355.65713,1,1680,1050
19,2,8892,1779746355.6738,1,1680,1050
19,2,8893,1779746355.69046,1,1680,1050
19,2,8894,1779746355.70713,1,1680,1050
19,2,8895,1779746355.72379,1,1680,1050
19,2,8896,1779746355.74046,1,1680,1050
19,2,8897,1779746355.75713,1,1680,1050
19,2,8898,1779746355.77379,1,1680,1050
19,2,8899,1779746355.79046,1,1680,1050
19,2,8900,1779746355.80713,1,1680,1050
19,2,8901,1779746355.82379,1,1680,1050
19,2,8902,1779746355.84046,1,1680,1050
19,2,8903,1779746355.85712,1,1680,1050
19,2,8904,1779746355.87379,1,1680,1050
19,2,8905,1779746355.89046,1,1680,1050
19,2,8906,1779746355.90712,1,1680,1050
19,2,8907,1779746355.92379,1,1680,1050
19,2,8908,1779746355.94045,1,1680,1050
19,2,8909,1779746355.95712,1,1680,1050
19,2,8910,1779746355.97379,1,1680,1050
19,2,8911,1779746355.99045,1,1680,1050
19,2,8912,1779746356.00712,1,1680,1050
19,2,8913,1779746356.02378,1,1680,1050
19,2,8914,1779746356.04045,1,1680,1050
19,2,8915,1779746356.05712,1,1680,1050
19,2,8916,1779746356.07378,1,1680,1050
19,2,8917,1779746356.09045,1,1680,1050
19,2,8918,1779746356.10712,1,1680,1050
19,2,8919,1779746356.12378,1,1680,1050
19,2,8920,1779746356.14045,1,1680,1050
19,2,8921,1779746356.15711,1,1680,1050
19,2,8922,1779746356.17378,1,1680,1050
19,2,8923,1779746356.19045,1,1680,1050
19,2,8924,1779746356.20711,1,1680,1050
19,2,8925,1779746356.22378,1,1680,1050
19,2,8926,1779746356.24044,1,1680,1050
19,2,8927,1779746356.25711,1,1680,1050
19,2,8928,1779746356.27378,1,1680,1050
19,2,8929,1779746356.29044,1,1680,1050
19,2,8930,1779746356.30711,1,1680,1050
19,2,8931,1779746356.32377,1,1680,1050
19,2,8932,1779746356.34044,1,1680,1050
19,2,8933,1779746356.35711,1,1680,1050
19,2,8934,1779746356.37377,1,1680,1050
19,2,8935,1779746356.39044,1,1680,1050
19,2,8936,1779746356.4071,1,1680,1050
19,2,8937,1779746356.42377,1,1680,1050
19,2,8938,1779746356.44044,1,1680,1050
19,2,8939,1779746356.4571,1,1680,1050
19,2,8940,1779746356.47377,1,1680,1050
19,2,8941,1779746356.49043,1,1680,1050
19,2,8942,1779746356.5071,1,1680,1050
19,2,8943,1779746356.52377,1,1680,1050
19,2,8944,1779746356.54043,1,1680,1050
19,2,8945,1779746356.5571,1,1680,1050
19,2,8946,1779746356.57377,1,1680,1050
19,2,8947,1779746356.59043,1,1680,1050
19,2,8948,1779746356.6071,1,1680,1050
19,2,8949,1779746356.62376,1,1680,1050
19,2,8950,1779746356.64043,1,1680,1050
19,2,8951,1779746356.6571,1,1680,1050
19,2,8952,1779746356.67376,1,1680,1050
19,2,8953,1779746356.69043,1,1680,1050
19,2,8954,1779746356.70709,1,1680,1050
19,2,8955,1779746356.72376,1,1680,1050
19,2,8956,1779746356.74043,1,1680,1050
19,2,8957,1779746356.75709,1,1680,1050
19,2,8958,1779746356.77376,1,1680,1050
19,2,8959,1779746356.79042,1,1680,1050
19,2,8960,1779746356.80709,1,1680,1050
19,2,8961,1779746356.82376,1,1680,1050
19,2,8962,1779746356.84042,1,1680,1050
19,2,8963,1779746356.85709,1,1680,1050
19,2,8964,1779746356.87376,1,1680,1050
19,2,8965,1779746356.89042,1,1680,1050
19,2,8966,1779746356.90709,1,1680,1050
19,2,8967,1779746356.92375,1,1680,1050
19,2,8968,1779746356.94042,1,1680,1050
19,2,8969,1779746356.95709,1,1680,1050
19,2,8970,1779746356.97375,1,1680,1050
19,2,8971,1779746356.99042,1,1680,1050
19,2,8972,1779746357.00708,1,1680,1050
19,2,8973,1779746357.02375,1,1680,1050
19,2,8974,1779746357.04042,1,1680,1050
19,2,8975,1779746357.05708,1,1680,1050
19,2,8976,1779746357.07375,1,1680,1050
19,2,8977,1779746357.09041,1,1680,1050
19,2,8978,1779746357.10708,1,1680,1050
19,2,8979,1779746357.12375,1,1680,1050
19,2,8980,1779746357.14041,1,1680,1050
19,2,8981,1779746357.15708,1,1680,1050
19,2,8982,1779746357.17374,1,1680,1050
19,2,8983,1779746357.19041,1,1680,1050
19,2,8984,1779746357.20708,1,1680,1050
19,2,8985,1779746357.22374,1,1680,1050
19,2,8986,1779746357.24041,1,1680,1050
19,2,8987,1779746357.25707,1,1680,1050
19,2,8988,1779746357.27374,1,1680,1050
19,2,8989,1779746357.29041,1,1680,1050
19,2,8990,1779746357.30707,1,1680,1050
19,2,8991,1779746357.32374,1,1680,1050
19,2,8992,1779746357.3404,1,1680,1050
19,2,8993,1779746357.35707,1,1680,1050
19,2,8994,1779746357.37374,1,1680,1050
19,2,8995,1779746357.3904,1,1680,1050
19,2,8996,1779746357.40707,1,1680,1050
19,2,8997,1779746357.42374,1,1680,1050
19,2,8998,1779746357.4404,1,1680,1050
19,2,8999,1779746357.45707,1,1680,1050
19,2,9000,1779746357.47373,1,1680,1050
19,2,9001,1779746357.4904,1,1680,1050
19,2,9002,1779746357.50707,2,1680,1050
19,2,9003,1779746357.52373,2,1680,1050
19,2,9004,1779746357.5404,2,1680,1050
19,2,9005,1779746357.55706,2,1680,1050
19,2,9006,1779746357.57373,2,1680,1050
19,2,9007,1779746357.5904,2,1680,1050
19,2,9008,1779746357.60706,2,1680,1050
19,2,9009,1779746357.62373,2,1680,1050
19,2,9010,1779746357.64039,2,1680,1050
19,2,9011,1779746357.65706,2,1680,1050
19,2,9012,1779746357.67373,2,1680,1050
19,2,9013,1779746357.69039,2,1680,1050
19,2,9014,1779746357.70706,2,1680,1050
19,2,9015,1779746357.72373,2,1680,1050
19,2,9016,1779746357.74039,2,1680,1050
19,2,9017,1779746357.75706,2,1680,1050
19,2,9018,1779746357.77372,2,1680,1050
19,2,9019,1779746357.79039,2,1680,1050
19,2,9020,1779746357.80706,2,1680,1050
19,2,9021,1779746357.82372,2,1680,1050
19,2,9022,1779746357.84039,2,1680,1050
19,2,9023,1779746357.85705,2,1680,1050
19,2,9024,1779746357.87372,2,1680,1050
19,2,9025,1779746357.89039,2,1680,1050
19,2,9026,1779746357.90705,2,1680,1050
19,2,9027,1779746357.92372,2,1680,1050
19,2,9028,1779746357.94038,2,1680,1050
19,2,9029,1779746357.95705,2,1680,1050
19,2,9030,1779746357.97372,2,1680,1050
19,2,9031,1779746357.99038,2,1680,1050
19,2,9032,1779746358.00705,2,1680,1050
19,2,9033,1779746358.02371,2,1680,1050
19,2,9034,1779746358.04038,2,1680,1050
19,2,9035,1779746358.05705,2,1680,1050
19,2,9036,1779746358.07371,2,1680,1050
19,2,9037,1779746358.09038,2,1680,1050
19,2,9038,1779746358.10704,2,1680,1050
19,2,9039,1779746358.12371,2,1680,1050
19,2,9040,1779746358.14038,2,1680,1050
19,2,9041,1779746358.15704,2,1680,1050
19,2,9042,1779746358.17371,2,1680,1050
19,2,9043,1779746358.19038,2,1680,1050
19,2,9044,1779746358.20704,2,1680,1050
19,2,9045,1779746358.22371,2,1680,1050
19,2,9046,1779746358.24037,2,1680,1050
19,2,9047,1779746358.25704,2,1680,1050
19,2,9048,1779746358.27371,2,1680,1050
19,2,9049,1779746358.29037,2,1680,1050
19,2,9050,1779746358.30704,2,1680,1050
19,2,9051,1779746358.3237,2,1680,1050
19,2,9052,1779746358.34037,2,1680,1050
19,2,9053,1779746358.35704,2,1680,1050
19,2,9054,1779746358.3737,2,1680,1050
19,2,9055,1779746358.39037,2,1680,1050
19,2,9056,1779746358.40703,2,1680,1050
19,2,9057,1779746358.4237,2,1680,1050
19,2,9058,1779746358.44037,2,1680,1050
19,2,9059,1779746358.45703,2,1680,1050
19,2,9060,1779746358.4737,2,1680,1050
19,2,9061,1779746358.49037,2,1680,1050
19,2,9062,1779746358.50703,2,1680,1050
19,2,9063,1779746358.5237,2,1680,1050
19,2,9064,1779746358.54036,2,1680,1050
19,2,9065,1779746358.55703,2,1680,1050
19,2,9066,1779746358.5737,2,1680,1050
19,2,9067,1779746358.59036,2,1680,1050
19,2,9068,1779746358.60703,2,1680,1050
19,2,9069,1779746358.62369,2,1680,1050
19,2,9070,1779746358.64036,2,1680,1050
19,2,9071,1779746358.65702,2,1680,1050
19,2,9072,1779746358.67369,2,1680,1050
19,2,9073,1779746358.69036,2,1680,1050
19,2,9074,1779746358.70702,2,1680,1050
19,2,9075,1779746358.72369,2,1680,1050
19,2,9076,1779746358.74036,2,1680,1050
19,2,9077,1779746358.75702,2,1680,1050
19,2,9078,1779746358.77369,2,1680,1050
19,2,9079,1779746358.79035,2,1680,1050
19,2,9080,1779746358.80702,2,1680,1050
19,2,9081,1779746358.82369,2,1680,1050
19,2,9082,1779746358.84035,2,1680,1050
19,2,9083,1779746358.85702,2,1680,1050
19,2,9084,1779746358.87368,2,1680,1050
19,2,9085,1779746358.89035,2,1680,1050
19,2,9086,1779746358.90702,2,1680,1050
19,2,9087,1779746358.92368,2,1680,1050
19,2,9088,1779746358.94035,2,1680,1050
19,2,9089,1779746358.95702,2,1680,1050
19,2,9090,1779746358.97368,2,1680,1050
19,2,9091,1779746358.99035,2,1680,1050
19,2,9092,1779746359.00701,2,1680,1050
19,2,9093,1779746359.02368,2,1680,1050
19,2,9094,1779746359.04035,2,1680,1050
19,2,9095,1779746359.05701,2,1680,1050
19,2,9096,1779746359.07368,2,1680,1050
19,2,9097,1779746359.09034,2,1680,1050
19,2,9098,1779746359.10701,2,1680,1050
19,2,9099,1779746359.12368,2,1680,1050
19,2,9100,1779746359.14034,2,1680,1050
19,2,9101,1779746359.15701,2,1680,1050
19,2,9102,1779746359.17367,2,1680,1050
19,2,9103,1779746359.19034,2,1680,1050
19,2,9104,1779746359.20701,2,1680,1050
19,2,9105,1779746359.22367,2,1680,1050
19,2,9106,1779746359.24034,2,1680,1050
19,2,9107,1779746359.257,2,1680,1050
19,2,9108,1779746359.27367,2,1680,1050
19,2,9109,1779746359.29034,2,1680,1050
19,2,9110,1779746359.307,2,1680,1050
19,2,9111,1779746359.32367,2,1680,1050
19,2,9112,1779746359.34034,2,1680,1050
19,2,9113,1779746359.357,2,1680,1050
19,2,9114,1779746359.37367,2,1680,1050
19,2,9115,1779746359.39033,2,1680,1050
19,2,9116,1779746359.407,2,1680,1050
19,2,9117,1779746359.42366,2,1680,1050
19,2,9118,1779746359.44033,2,1680,1050
19,2,9119,1779746359.457,2,1680,1050
19,2,9120,1779746359.47366,2,1680,1050
19,2,9121,1779746359.49033,2,1680,1050
19,2,9122,1779746359.507,-1,1680,1050
19,2,9123,1779746359.52366,-1,1680,1050
19,2,9124,1779746359.54033,-1,1680,1050
19,2,9125,1779746359.55699,-1,1680,1050
19,2,9126,1779746359.57366,-1,1680,1050
19,2,9127,1779746359.59033,-1,1680,1050
19,2,9128,1779746359.60699,-1,1680,1050
19,2,9129,1779746359.62366,-1,1680,1050
19,2,9130,1779746359.64033,-1,1680,1050
19,2,9131,1779746359.65699,-1,1680,1050
19,2,9132,1779746359.67366,-1,1680,1050
19,2,9133,1779746359.69032,-1,1680,1050
19,2,9134,1779746359.70699,-1,1680,1050
19,2,9135,1779746359.72365,-1,1680,1050
19,2,9136,1779746359.74032,-1,1680,1050
19,2,9137,1779746359.75699,-1,1680,1050
19,2,9138,1779746359.77365,-1,1680,1050
19,2,9139,1779746359.79032,-1,1680,1050
19,2,9140,1779746359.80699,-1,1680,1050
19,2,9141,1779746359.82365,-1,1680,1050
19,2,9142,1779746359.84032,-1,1680,1050
19,2,9143,1779746359.85698,-1,1680,1050
19,2,9144,1779746359.87365,-1,1680,1050
19,2,9145,1779746359.89032,-1,1680,1050
19,2,9146,1779746359.90698,-1,1680,1050
19,2,9147,1779746359.92365,-1,1680,1050
19,2,9148,1779746359.94031,-1,1680,1050
19,2,9149,1779746359.95698,-1,1680,1050
19,2,9150,1779746359.97365,-1,1680,1050
19,2,9151,1779746359.99031,-1,1680,1050
19,2,9152,1779746360.00698,-1,1680,1050
19,2,9153,1779746360.02364,-1,1680,1050
19,2,9154,1779746360.04031,-1,1680,1050
19,2,9155,1779746360.05698,-1,1680,1050
19,2,9156,1779746360.07364,-1,1680,1050
19,2,9157,1779746360.09031,-1,1680,1050
19,2,9158,1779746360.10697,-1,1680,1050
19,2,9159,1779746360.12364,-1,1680,1050
19,2,9160,1779746360.14031,-1,1680,1050
19,2,9161,1779746360.15697,-1,1680,1050
19,2,9162,1779746360.17364,-1,1680,1050
19,2,9163,1779746360.19031,-1,1680,1050
19,2,9164,1779746360.20697,-1,1680,1050
19,2,9165,1779746360.22364,-1,1680,1050
19,2,9166,1779746360.2403,-1,1680,1050
19,2,9167,1779746360.25697,-1,1680,1050
19,2,9168,1779746360.27364,-1,1680,1050
19,2,9169,1779746360.2903,-1,1680,1050
19,2,9170,1779746360.30697,-1,1680,1050
19,2,9171,1779746360.32363,-1,1680,1050
19,2,9172,1779746360.3403,-1,1680,1050
19,2,9173,1779746360.35697,-1,1680,1050
19,2,9174,1779746360.37363,-1,1680,1050
19,2,9175,1779746360.3903,-1,1680,1050
19,2,9176,1779746360.40696,-1,1680,1050
19,2,9177,1779746360.42363,-1,1680,1050
19,2,9178,1779746360.4403,-1,1680,1050
19,2,9179,1779746360.45696,-1,1680,1050
19,2,9180,1779746360.47363,-1,1680,1050
19,2,9181,1779746360.4903,-1,1680,1050
19,2,9182,1779746360.50696,-1,1680,1050
19,2,9183,1779746360.52363,-1,1680,1050
19,2,9184,1779746360.54029,-1,1680,1050
19,2,9185,1779746360.55696,-1,1680,1050
19,2,9186,1779746360.57363,-1,1680,1050
19,2,9187,1779746360.59029,-1,1680,1050
19,2,9188,1779746360.60696,-1,1680,1050
19,2,9189,1779746360.62362,-1,1680,1050
19,2,9190,1779746360.64029,-1,1680,1050
19,2,9191,1779746360.65696,-1,1680,1050
19,2,9192,1779746360.67362,-1,1680,1050
19,2,9193,1779746360.69029,-1,1680,1050
19,2,9194,1779746360.70695,-1,1680,1050
19,2,9195,1779746360.72362,-1,1680,1050
19,2,9196,1779746360.74029,-1,1680,1050
19,2,9197,1779746360.75695,-1,1680,1050
19,2,9198,1779746360.79028,-1,1680,1050
19,2,9199,1779746360.80695,-1,1680,1050
19,2,9200,1779746360.82362,-1,1680,1050
19,2,9201,1779746360.84028,-1,1680,1050
19,2,9202,1779746360.85695,-1,1680,1050
19,2,9203,1779746360.87362,-1,1680,1050
19,2,9204,1779746360.89028,-1,1680,1050
19,2,9205,1779746360.90695,-1,1680,1050
19,2,9206,1779746360.92361,-1,1680,1050
19,2,9207,1779746360.94028,-1,1680,1050
19,2,9208,1779746360.95695,-1,1680,1050
19,2,9209,1779746360.97361,-1,1680,1050
19,2,9210,1779746360.99028,-1,1680,1050
19,2,9211,1779746361.00694,-1,1680,1050
19,2,9212,1779746361.02361,-1,1680,1050
19,2,9213,1779746361.04028,-1,1680,1050
19,2,9214,1779746361.05694,-1,1680,1050
19,2,9215,1779746361.07361,-1,1680,1050
19,2,9216,1779746361.09027,-1,1680,1050
19,2,9217,1779746361.10694,-1,1680,1050
19,2,9218,1779746361.12361,-1,1680,1050
19,2,9219,1779746361.14027,-1,1680,1050
19,2,9220,1779746361.15694,-1,1680,1050
19,2,9221,1779746361.1736,-1,1680,1050
19,2,9222,1779746361.19027,-1,1680,1050
19,2,9223,1779746361.20694,-1,1680,1050
19,2,9224,1779746361.2236,-1,1680,1050
19,2,9225,1779746361.24027,-1,1680,1050
19,2,9226,1779746361.25694,-1,1680,1050
19,2,9227,1779746361.2736,-1,1680,1050
19,2,9228,1779746361.29027,-1,1680,1050
19,2,9229,1779746361.30693,-1,1680,1050
19,2,9230,1779746361.3236,-1,1680,1050
19,2,9231,1779746361.34027,-1,1680,1050
19,2,9232,1779746361.35693,-1,1680,1050
19,2,9233,1779746361.3736,-1,1680,1050
19,2,9234,1779746361.39026,-1,1680,1050
19,2,9235,1779746361.40693,-1,1680,1050
19,2,9236,1779746361.4236,-1,1680,1050
19,2,9237,1779746361.44026,-1,1680,1050
19,2,9238,1779746361.45693,-1,1680,1050
19,2,9239,1779746361.47359,-1,1680,1050
19,2,9240,1779746361.49026,-1,1680,1050
19,2,9241,1779746361.50693,-1,1680,1050
19,2,9242,1779746361.52359,-1,1680,1050
19,2,9243,1779746361.54026,-1,1680,1050
19,2,9244,1779746361.55692,-1,1680,1050
19,2,9245,1779746361.57359,-1,1680,1050
19,2,9246,1779746361.59026,-1,1680,1050
19,2,9247,1779746361.60692,-1,1680,1050
19,2,9248,1779746361.62359,-1,1680,1050
19,2,9249,1779746361.64026,-1,1680,1050
19,2,9250,1779746361.65692,-1,1680,1050
19,2,9251,1779746361.67359,-1,1680,1050
19,2,9252,1779746361.69025,-1,1680,1050
19,2,9253,1779746361.70692,-1,1680,1050
19,2,9254,1779746361.72359,-1,1680,1050
19,2,9255,1779746361.74025,-1,1680,1050
19,2,9256,1779746361.75692,-1,1680,1050
19,2,9257,1779746361.77358,-1,1680,1050
19,2,9258,1779746361.79025,-1,1680,1050
19,2,9259,1779746361.80692,-1,1680,1050
19,2,9260,1779746361.82358,-1,1680,1050
19,2,9261,1779746361.84025,-1,1680,1050
19,2,9262,1779746361.85691,-1,1680,1050
19,2,9263,1779746361.87358,-1,1680,1050
19,2,9264,1779746361.89025,-1,1680,1050
19,2,9265,1779746361.90691,-1,1680,1050
19,2,9266,1779746361.92358,-1,1680,1050
19,2,9267,1779746361.94024,-1,1680,1050
19,2,9268,1779746361.95691,-1,1680,1050
19,2,9269,1779746361.97358,-1,1680,1050
19,2,9270,1779746361.99024,-1,1680,1050
19,2,9271,1779746362.00691,-1,1680,1050
19,2,9272,1779746362.02357,-1,1680,1050
19,2,9273,1779746362.04024,-1,1680,1050
19,2,9274,1779746362.05691,-1,1680,1050
19,2,9275,1779746362.07357,-1,1680,1050
19,2,9276,1779746362.09024,-1,1680,1050
19,2,9277,1779746362.10691,-1,1680,1050
19,2,9278,1779746362.12357,-1,1680,1050
19,2,9279,1779746362.14024,-1,1680,1050
19,2,9280,1779746362.1569,-1,1680,1050
19,2,9281,1779746362.17357,-1,1680,1050
19,2,9282,1779746362.19024,-1,1680,1050
19,2,9283,1779746362.2069,-1,1680,1050
19,2,9284,1779746362.22357,-1,1680,1050
19,2,9285,1779746362.24023,-1,1680,1050
19,2,9286,1779746362.2569,-1,1680,1050
19,2,9287,1779746362.27357,-1,1680,1050
19,2,9288,1779746362.29023,-1,1680,1050
19,2,9289,1779746362.3069,-1,1680,1050
19,2,9290,1779746362.32356,-1,1680,1050
19,2,9291,1779746362.34023,-1,1680,1050
19,2,9292,1779746362.3569,-1,1680,1050
19,2,9293,1779746362.37358,-1,1680,1050
19,2,9294,1779746362.39023,-1,1680,1050
19,2,9295,1779746362.40689,-1,1680,1050
19,2,9296,1779746362.42356,-1,1680,1050
19,2,9297,1779746362.44023,-1,1680,1050
19,2,9298,1779746362.45689,-1,1680,1050
19,2,9299,1779746362.47356,-1,1680,1050
19,2,9300,1779746362.49022,-1,1680,1050
19,2,9301,1779746362.50689,-1,1680,1050
19,2,9302,1779746362.52358,1,1680,1050
19,2,9303,1779746362.54022,1,1680,1050
19,2,9304,1779746362.55689,1,1680,1050
19,2,9305,1779746362.57356,1,1680,1050
19,2,9306,1779746362.59022,1,1680,1050
19,2,9307,1779746362.60689,1,1680,1050
19,2,9308,1779746362.62355,1,1680,1050
19,2,9309,1779746362.64022,1,1680,1050
19,2,9310,1779746362.65689,1,1680,1050
19,2,9311,1779746362.67355,1,1680,1050
19,2,9312,1779746362.69022,1,1680,1050
19,2,9313,1779746362.70688,1,1680,1050
19,2,9314,1779746362.72355,1,1680,1050
19,2,9315,1779746362.74022,1,1680,1050
19,2,9316,1779746362.75688,1,1680,1050
19,2,9317,1779746362.77355,1,1680,1050
19,2,9318,1779746362.79022,1,1680,1050
19,2,9319,1779746362.80688,1,1680,1050
19,2,9320,1779746362.82355,1,1680,1050
19,2,9321,1779746362.84021,1,1680,1050
19,2,9322,1779746362.85688,1,1680,1050
19,2,9323,1779746362.87355,1,1680,1050
19,2,9324,1779746362.89021,1,1680,1050
19,2,9325,1779746362.90688,1,1680,1050
19,2,9326,1779746362.92354,1,1680,1050
19,2,9327,1779746362.94021,1,1680,1050
19,2,9328,1779746362.95688,1,1680,1050
19,2,9329,1779746362.97354,1,1680,1050
19,2,9330,1779746362.99021,1,1680,1050
19,2,9331,1779746363.00688,1,1680,1050
19,2,9332,1779746363.02354,1,1680,1050
19,2,9333,1779746363.04021,1,1680,1050
19,2,9334,1779746363.05687,1,1680,1050
19,2,9335,1779746363.07354,1,1680,1050
19,2,9336,1779746363.0902,1,1680,1050
19,2,9337,1779746363.10689,1,1680,1050
19,2,9338,1779746363.12354,1,1680,1050
19,2,9339,1779746363.1402,1,1680,1050
19,2,9340,1779746363.15687,1,1680,1050
19,2,9341,1779746363.17354,1,1680,1050
19,2,9342,1779746363.1902,1,1680,1050
19,2,9343,1779746363.20687,1,1680,1050
19,2,9344,1779746363.22353,1,1680,1050
19,2,9345,1779746363.2402,1,1680,1050
19,2,9346,1779746363.25687,1,1680,1050
19,2,9347,1779746363.27353,1,1680,1050
19,2,9348,1779746363.2902,1,1680,1050
19,2,9349,1779746363.30686,1,1680,1050
19,2,9350,1779746363.32353,1,1680,1050
19,2,9351,1779746363.3402,1,1680,1050
19,2,9352,1779746363.35686,1,1680,1050
19,2,9353,1779746363.37353,1,1680,1050
19,2,9354,1779746363.39019,1,1680,1050
19,2,9355,1779746363.40686,1,1680,1050
19,2,9356,1779746363.42353,1,1680,1050
19,2,9357,1779746363.44019,1,1680,1050
19,2,9358,1779746363.45686,1,1680,1050
19,2,9359,1779746363.47352,1,1680,1050
19,2,9360,1779746363.49019,1,1680,1050
19,2,9361,1779746363.50686,1,1680,1050
19,2,9362,1779746363.52352,1,1680,1050
19,2,9363,1779746363.54019,1,1680,1050
19,2,9364,1779746363.55685,1,1680,1050
19,2,9365,1779746363.57352,1,1680,1050
19,2,9366,1779746363.59019,1,1680,1050
19,2,9367,1779746363.60685,1,1680,1050
19,2,9368,1779746363.62352,1,1680,1050
19,2,9369,1779746363.64019,1,1680,1050
19,2,9370,1779746363.65685,1,1680,1050
19,2,9371,1779746363.67352,1,1680,1050
19,2,9372,1779746363.69018,1,1680,1050
19,2,9373,1779746363.70685,1,1680,1050
19,2,9374,1779746363.72352,1,1680,1050
19,2,9375,1779746363.74018,1,1680,1050
19,2,9376,1779746363.75685,1,1680,1050
19,2,9377,1779746363.77351,1,1680,1050
19,2,9378,1779746363.79018,1,1680,1050
19,2,9379,1779746363.80685,1,1680,1050
19,2,9380,1779746363.82351,1,1680,1050
19,2,9381,1779746363.84018,1,1680,1050
19,2,9382,1779746363.85684,1,1680,1050
19,2,9383,1779746363.87351,1,1680,1050
19,2,9384,1779746363.89018,1,1680,1050
19,2,9385,1779746363.90684,1,1680,1050
19,2,9386,1779746363.92351,1,1680,1050
19,2,9387,1779746363.94017,1,1680,1050
19,2,9388,1779746363.95684,1,1680,1050
19,2,9389,1779746363.97351,1,1680,1050
19,2,9390,1779746363.99017,1,1680,1050
19,2,9391,1779746364.00684,1,1680,1050
19,2,9392,1779746364.02351,1,1680,1050
19,2,9393,1779746364.04017,1,1680,1050
19,2,9394,1779746364.05684,1,1680,1050
19,2,9395,1779746364.0735,1,1680,1050
19,2,9396,1779746364.09017,1,1680,1050
19,2,9397,1779746364.10684,1,1680,1050
19,2,9398,1779746364.1235,1,1680,1050
19,2,9399,1779746364.14017,1,1680,1050
19,2,9400,1779746364.15683,1,1680,1050
19,2,9401,1779746364.1735,1,1680,1050
19,2,9402,1779746364.19017,1,1680,1050
19,2,9403,1779746364.20683,1,1680,1050
19,2,9404,1779746364.2235,1,1680,1050
19,2,9405,1779746364.24016,1,1680,1050
19,2,9406,1779746364.25683,1,1680,1050
19,2,9407,1779746364.2735,1,1680,1050
19,2,9408,1779746364.29016,1,1680,1050
19,2,9409,1779746364.30683,1,1680,1050
19,2,9410,1779746364.3235,1,1680,1050
19,2,9411,1779746364.34016,1,1680,1050
19,2,9412,1779746364.35683,1,1680,1050
19,2,9413,1779746364.37349,1,1680,1050
19,2,9414,1779746364.39016,1,1680,1050
19,2,9415,1779746364.40683,1,1680,1050
19,2,9416,1779746364.42349,1,1680,1050
19,2,9417,1779746364.44016,1,1680,1050
19,2,9418,1779746364.45682,1,1680,1050
19,2,9419,1779746364.47349,1,1680,1050
19,2,9420,1779746364.49016,1,1680,1050
19,2,9421,1779746364.50682,1,1680,1050
19,2,9422,1779746364.52349,1,1680,1050
19,2,9423,1779746364.54015,1,1680,1050
19,2,9424,1779746364.55682,1,1680,1050
19,2,9425,1779746364.57349,1,1680,1050
19,2,9426,1779746364.59015,1,1680,1050
19,2,9427,1779746364.60682,1,1680,1050
19,2,9428,1779746364.62348,1,1680,1050
19,2,9429,1779746364.64015,1,1680,1050
19,2,9430,1779746364.65682,1,1680,1050
19,2,9431,1779746364.67348,1,1680,1050
19,2,9432,1779746364.69015,1,1680,1050
19,2,9433,1779746364.70681,1,1680,1050
19,2,9434,1779746364.72348,1,1680,1050
19,2,9435,1779746364.74015,1,1680,1050
19,2,9436,1779746364.75681,1,1680,1050
19,2,9437,1779746364.77348,1,1680,1050
19,2,9438,1779746364.79015,1,1680,1050
19,2,9439,1779746364.80681,1,1680,1050
19,2,9440,1779746364.82348,1,1680,1050
19,2,9441,1779746364.84014,1,1680,1050
19,2,9442,1779746364.85681,1,1680,1050
19,2,9443,1779746364.87348,1,1680,1050
19,2,9444,1779746364.89014,1,1680,1050
19,2,9445,1779746364.90681,1,1680,1050
19,2,9446,1779746364.92347,1,1680,1050
19,2,9447,1779746364.94014,1,1680,1050
19,2,9448,1779746364.95681,1,1680,1050
19,2,9449,1779746364.97347,1,1680,1050
19,2,9450,1779746364.99014,1,1680,1050
19,2,9451,1779746365.0068,1,1680,1050
19,2,9452,1779746365.02347,1,1680,1050
19,2,9453,1779746365.04014,1,1680,1050
19,2,9454,1779746365.0568,1,1680,1050
19,2,9455,1779746365.07347,1,1680,1050
19,2,9456,1779746365.09013,1,1680,1050
19,2,9457,1779746365.1068,1,1680,1050
19,2,9458,1779746365.12347,1,1680,1050
19,2,9459,1779746365.14013,1,1680,1050
19,2,9460,1779746365.1568,1,1680,1050
19,2,9461,1779746365.17347,1,1680,1050
19,2,9462,1779746365.19013,1,1680,1050
19,2,9463,1779746365.2068,1,1680,1050
19,2,9464,1779746365.22346,1,1680,1050
19,2,9465,1779746365.24013,1,1680,1050
19,2,9466,1779746365.2568,1,1680,1050
19,2,9467,1779746365.27346,1,1680,1050
19,2,9468,1779746365.29013,1,1680,1050
19,2,9469,1779746365.30679,1,1680,1050
19,2,9470,1779746365.32346,1,1680,1050
19,2,9471,1779746365.34012,1,1680,1050
19,2,9472,1779746365.35679,1,1680,1050
19,2,9473,1779746365.37346,1,1680,1050
19,2,9474,1779746365.39012,1,1680,1050
19,2,9475,1779746365.40679,1,1680,1050
19,2,9476,1779746365.42346,1,1680,1050
19,2,9477,1779746365.44012,1,1680,1050
19,2,9478,1779746365.45679,1,1680,1050
19,2,9479,1779746365.47345,1,1680,1050
19,2,9480,1779746365.49012,1,1680,1050
19,2,9481,1779746365.50679,1,1680,1050
19,2,9482,1779746365.52345,1,1680,1050
19,2,9483,1779746365.54012,1,1680,1050
19,2,9484,1779746365.55679,1,1680,1050
19,2,9485,1779746365.57345,1,1680,1050
19,2,9486,1779746365.59012,1,1680,1050
19,2,9487,1779746365.60678,1,1680,1050
19,2,9488,1779746365.62345,1,1680,1050
19,2,9489,1779746365.64012,1,1680,1050
19,2,9490,1779746365.65678,1,1680,1050
19,2,9491,1779746365.67345,1,1680,1050
19,2,9492,1779746365.69011,1,1680,1050
19,2,9493,1779746365.70678,1,1680,1050
19,2,9494,1779746365.72345,1,1680,1050
19,2,9495,1779746365.74011,1,1680,1050
19,2,9496,1779746365.75678,1,1680,1050
19,2,9497,1779746365.77344,1,1680,1050
19,2,9498,1779746365.79011,1,1680,1050
19,2,9499,1779746365.80678,1,1680,1050
19,2,9500,1779746365.82344,1,1680,1050
19,2,9501,1779746365.84011,1,1680,1050
19,2,9502,1779746365.85677,1,1680,1050
19,2,9503,1779746365.87344,1,1680,1050
19,2,9504,1779746365.89011,1,1680,1050
19,2,9505,1779746365.90677,1,1680,1050
19,2,9506,1779746365.92344,1,1680,1050
19,2,9507,1779746365.9401,1,1680,1050
19,2,9508,1779746365.95677,1,1680,1050
19,2,9509,1779746365.97344,1,1680,1050
19,2,9510,1779746365.9901,1,1680,1050
19,2,9511,1779746366.00677,1,1680,1050
19,2,9512,1779746366.02344,1,1680,1050
19,2,9513,1779746366.0401,1,1680,1050
19,2,9514,1779746366.05677,1,1680,1050
19,2,9515,1779746366.07343,1,1680,1050
19,2,9516,1779746366.0901,1,1680,1050
19,2,9517,1779746366.10677,1,1680,1050
19,2,9518,1779746366.12343,1,1680,1050
19,2,9519,1779746366.1401,1,1680,1050
19,2,9520,1779746366.15676,1,1680,1050
19,2,9521,1779746366.17343,1,1680,1050
19,2,9522,1779746366.1901,1,1680,1050
19,2,9523,1779746366.20676,1,1680,1050
19,2,9524,1779746366.22343,1,1680,1050
19,2,9525,1779746366.24009,1,1680,1050
19,2,9526,1779746366.25676,1,1680,1050
19,2,9527,1779746366.27343,1,1680,1050
19,2,9528,1779746366.29009,1,1680,1050
19,2,9529,1779746366.30676,1,1680,1050
19,2,9530,1779746366.32343,1,1680,1050
19,2,9531,1779746366.34009,1,1680,1050
19,2,9532,1779746366.35676,1,1680,1050
19,2,9533,1779746366.37342,1,1680,1050
19,2,9534,1779746366.39009,1,1680,1050
19,2,9535,1779746366.40675,1,1680,1050
19,2,9536,1779746366.42342,1,1680,1050
19,2,9537,1779746366.44009,1,1680,1050
19,2,9538,1779746366.45675,1,1680,1050
19,2,9539,1779746366.47342,1,1680,1050
19,2,9540,1779746366.49008,1,1680,1050
19,2,9541,1779746366.50675,1,1680,1050
19,2,9542,1779746366.52342,2,1680,1050
19,2,9543,1779746366.54008,2,1680,1050
19,2,9544,1779746366.55675,2,1680,1050
19,2,9545,1779746366.57342,2,1680,1050
19,2,9546,1779746366.59008,2,1680,1050
19,2,9547,1779746366.60675,2,1680,1050
19,2,9548,1779746366.62341,2,1680,1050
19,2,9549,1779746366.64008,2,1680,1050
19,2,9550,1779746366.65675,2,1680,1050
19,2,9551,1779746366.67341,2,1680,1050
19,2,9552,1779746366.69008,2,1680,1050
19,2,9553,1779746366.70674,2,1680,1050
19,2,9554,1779746366.72341,2,1680,1050
19,2,9555,1779746366.74008,2,1680,1050
19,2,9556,1779746366.75674,2,1680,1050
19,2,9557,1779746366.77341,2,1680,1050
19,2,9558,1779746366.79008,2,1680,1050
19,2,9559,1779746366.80674,2,1680,1050
19,2,9560,1779746366.82341,2,1680,1050
19,2,9561,1779746366.84007,2,1680,1050
19,2,9562,1779746366.85674,2,1680,1050
19,2,9563,1779746366.87341,2,1680,1050
19,2,9564,1779746366.89007,2,1680,1050
19,2,9565,1779746366.90674,2,1680,1050
19,2,9566,1779746366.9234,2,1680,1050
19,2,9567,1779746366.94007,2,1680,1050
19,2,9568,1779746366.95674,2,1680,1050
19,2,9569,1779746366.9734,2,1680,1050
19,2,9570,1779746366.99007,2,1680,1050
19,2,9571,1779746367.00673,2,1680,1050
19,2,9572,1779746367.0234,2,1680,1050
19,2,9573,1779746367.04007,2,1680,1050
19,2,9574,1779746367.05673,2,1680,1050
19,2,9575,1779746367.0734,2,1680,1050
19,2,9576,1779746367.09006,2,1680,1050
19,2,9577,1779746367.10673,2,1680,1050
19,2,9578,1779746367.1234,2,1680,1050
19,2,9579,1779746367.14006,2,1680,1050
19,2,9580,1779746367.15673,2,1680,1050
19,2,9581,1779746367.1734,2,1680,1050
19,2,9582,1779746367.19006,2,1680,1050
19,2,9583,1779746367.20673,2,1680,1050
19,2,9584,1779746367.22339,2,1680,1050
19,2,9585,1779746367.24006,2,1680,1050
19,2,9586,1779746367.25673,2,1680,1050
19,2,9587,1779746367.27339,2,1680,1050
19,2,9588,1779746367.29006,2,1680,1050
19,2,9589,1779746367.30672,2,1680,1050
19,2,9590,1779746367.32339,2,1680,1050
19,2,9591,1779746367.34006,2,1680,1050
19,2,9592,1779746367.35672,2,1680,1050
19,2,9593,1779746367.37339,2,1680,1050
19,2,9594,1779746367.39005,2,1680,1050
19,2,9595,1779746367.40672,2,1680,1050
19,2,9596,1779746367.42339,2,1680,1050
19,2,9597,1779746367.44005,2,1680,1050
19,2,9598,1779746367.45672,2,1680,1050
19,2,9599,1779746367.47339,2,1680,1050
19,2,9600,1779746367.49005,2,1680,1050
19,2,9601,1779746367.50672,2,1680,1050
19,2,9602,1779746367.52338,2,1680,1050
19,2,9603,1779746367.54005,2,1680,1050
19,2,9604,1779746367.55672,2,1680,1050
19,2,9605,1779746367.57338,2,1680,1050
19,2,9606,1779746367.59005,2,1680,1050
19,2,9607,1779746367.60671,2,1680,1050
19,2,9608,1779746367.62338,2,1680,1050
19,2,9609,1779746367.64005,2,1680,1050
19,2,9610,1779746367.65671,2,1680,1050
19,2,9611,1779746367.67338,2,1680,1050
19,2,9612,1779746367.69004,2,1680,1050
19,2,9613,1779746367.70671,2,1680,1050
19,2,9614,1779746367.72338,2,1680,1050
19,2,9615,1779746367.74004,2,1680,1050
19,2,9616,1779746367.75671,2,1680,1050
19,2,9617,1779746367.77337,2,1680,1050
19,2,9618,1779746367.79004,2,1680,1050
19,2,9619,1779746367.80671,2,1680,1050
19,2,9620,1779746367.82337,2,1680,1050
19,2,9621,1779746367.84004,2,1680,1050
19,2,9622,1779746367.8567,2,1680,1050
19,2,9623,1779746367.87337,2,1680,1050
19,2,9624,1779746367.89004,2,1680,1050
19,2,9625,1779746367.9067,2,1680,1050
19,2,9626,1779746367.92337,2,1680,1050
19,2,9627,1779746367.94004,2,1680,1050
19,2,9628,1779746367.9567,2,1680,1050
19,2,9629,1779746367.97337,2,1680,1050
19,2,9630,1779746367.99003,2,1680,1050
19,2,9631,1779746368.0067,2,1680,1050
19,2,9632,1779746368.02337,2,1680,1050
19,2,9633,1779746368.04003,2,1680,1050
19,2,9634,1779746368.0567,2,1680,1050
19,2,9635,1779746368.07336,2,1680,1050
19,2,9636,1779746368.09003,2,1680,1050
19,2,9637,1779746368.1067,2,1680,1050
19,2,9638,1779746368.12336,2,1680,1050
19,2,9639,1779746368.14003,2,1680,1050
19,2,9640,1779746368.15669,2,1680,1050
19,2,9641,1779746368.17336,2,1680,1050
19,2,9642,1779746368.19003,2,1680,1050
19,2,9643,1779746368.20669,2,1680,1050
19,2,9644,1779746368.22336,2,1680,1050
19,2,9645,1779746368.24003,2,1680,1050
19,2,9646,1779746368.25669,2,1680,1050
19,2,9647,1779746368.27336,2,1680,1050
19,2,9648,1779746368.29002,2,1680,1050
19,2,9649,1779746368.30669,2,1680,1050
19,2,9650,1779746368.32336,2,1680,1050
19,2,9651,1779746368.34002,2,1680,1050
19,2,9652,1779746368.35669,2,1680,1050
19,2,9653,1779746368.37335,2,1680,1050
19,2,9654,1779746368.39002,2,1680,1050
19,2,9655,1779746368.40669,2,1680,1050
19,2,9656,1779746368.42335,2,1680,1050
19,2,9657,1779746368.44002,2,1680,1050
19,2,9658,1779746368.45668,2,1680,1050
19,2,9659,1779746368.47335,2,1680,1050
19,2,9660,1779746368.49002,2,1680,1050
19,2,9661,1779746368.50668,2,1680,1050
19,2,9662,1779746368.52335,1,1680,1050
19,2,9663,1779746368.54001,1,1680,1050
19,2,9664,1779746368.55668,1,1680,1050
19,2,9665,1779746368.57335,1,1680,1050
19,2,9666,1779746368.59001,1,1680,1050
19,2,9667,1779746368.60668,1,1680,1050
19,2,9668,1779746368.62334,1,1680,1050
19,2,9669,1779746368.64002,1,1680,1050
19,2,9670,1779746368.65668,1,1680,1050
19,2,9671,1779746368.67334,1,1680,1050
19,2,9672,1779746368.69001,1,1680,1050
19,2,9673,1779746368.70668,1,1680,1050
19,2,9674,1779746368.72334,1,1680,1050
19,2,9675,1779746368.74001,1,1680,1050
19,2,9676,1779746368.75667,1,1680,1050
19,2,9677,1779746368.77334,1,1680,1050
19,2,9678,1779746368.79001,1,1680,1050
19,2,9679,1779746368.80667,1,1680,1050
19,2,9680,1779746368.82334,1,1680,1050
19,2,9681,1779746368.84,1,1680,1050
19,2,9682,1779746368.85667,1,1680,1050
19,2,9683,1779746368.87334,1,1680,1050
19,2,9684,1779746368.89,1,1680,1050
19,2,9685,1779746368.90667,1,1680,1050
19,2,9686,1779746368.92333,1,1680,1050
19,2,9687,1779746368.94,1,1680,1050
19,2,9688,1779746368.95667,1,1680,1050
19,2,9689,1779746368.97333,1,1680,1050
19,2,9690,1779746368.99,1,1680,1050
19,2,9691,1779746369.00666,1,1680,1050
19,2,9692,1779746369.02333,1,1680,1050
19,2,9693,1779746369.04,1,1680,1050
19,2,9694,1779746369.05666,1,1680,1050
19,2,9695,1779746369.07333,1,1680,1050
19,2,9696,1779746369.09,1,1680,1050
19,2,9697,1779746369.10666,1,1680,1050
19,2,9698,1779746369.12333,1,1680,1050
19,2,9699,1779746369.13999,1,1680,1050
19,2,9700,1779746369.15666,1,1680,1050
19,2,9701,1779746369.17332,1,1680,1050
19,2,9702,1779746369.18999,1,1680,1050
19,2,9703,1779746369.20666,1,1680,1050
19,2,9704,1779746369.23999,1,1680,1050
19,2,9705,1779746369.25666,1,1680,1050
19,2,9706,1779746369.27332,1,1680,1050
19,2,9707,1779746369.28999,1,1680,1050
19,2,9708,1779746369.30665,1,1680,1050
19,2,9709,1779746369.32332,1,1680,1050
19,2,9710,1779746369.33999,1,1680,1050
19,2,9711,1779746369.35665,1,1680,1050
19,2,9712,1779746369.37332,1,1680,1050
19,2,9713,1779746369.38998,1,1680,1050
19,2,9714,1779746369.40665,1,1680,1050
19,2,9715,1779746369.42332,1,1680,1050
19,2,9716,1779746369.43998,1,1680,1050
19,2,9717,1779746369.45665,1,1680,1050
19,2,9718,1779746369.47332,1,1680,1050
19,2,9719,1779746369.48998,1,1680,1050
19,2,9720,1779746369.50665,1,1680,1050
19,2,9721,1779746369.52331,1,1680,1050
19,2,9722,1779746369.53998,1,1680,1050
19,2,9723,1779746369.55664,1,1680,1050
19,2,9724,1779746369.57331,1,1680,1050
19,2,9725,1779746369.58998,1,1680,1050
19,2,9726,1779746369.60664,1,1680,1050
19,2,9727,1779746369.62331,1,1680,1050
19,2,9728,1779746369.63998,1,1680,1050
19,2,9729,1779746369.65664,1,1680,1050
19,2,9730,1779746369.67331,1,1680,1050
19,2,9731,1779746369.68997,1,1680,1050
19,2,9732,1779746369.70664,1,1680,1050
19,2,9733,1779746369.72331,1,1680,1050
19,2,9734,1779746369.73997,1,1680,1050
19,2,9735,1779746369.75664,1,1680,1050
19,2,9736,1779746369.7733,1,1680,1050
19,2,9737,1779746369.78997,1,1680,1050
19,2,9738,1779746369.80664,1,1680,1050
19,2,9739,1779746369.8233,1,1680,1050
19,2,9740,1779746369.83997,1,1680,1050
19,2,9741,1779746369.85663,1,1680,1050
19,2,9742,1779746369.8733,1,1680,1050
19,2,9743,1779746369.88997,1,1680,1050
19,2,9744,1779746369.90663,1,1680,1050
19,2,9745,1779746369.9233,1,1680,1050
19,2,9746,1779746369.93997,1,1680,1050
19,2,9747,1779746369.95663,1,1680,1050
19,2,9748,1779746369.9733,1,1680,1050
19,2,9749,1779746369.98996,1,1680,1050
19,2,9750,1779746370.00663,1,1680,1050
19,2,9751,1779746370.0233,1,1680,1050
19,2,9752,1779746370.03996,1,1680,1050
19,2,9753,1779746370.05663,1,1680,1050
19,2,9754,1779746370.07329,1,1680,1050
19,2,9755,1779746370.08996,1,1680,1050
19,2,9756,1779746370.10663,1,1680,1050
19,2,9757,1779746370.12329,1,1680,1050
19,2,9758,1779746370.13996,1,1680,1050
19,2,9759,1779746370.15662,1,1680,1050
19,2,9760,1779746370.17329,1,1680,1050
19,2,9761,1779746370.18996,1,1680,1050
19,2,9762,1779746370.20662,1,1680,1050
19,2,9763,1779746370.22329,1,1680,1050
19,2,9764,1779746370.23996,1,1680,1050
19,2,9765,1779746370.25662,1,1680,1050
19,2,9766,1779746370.27329,1,1680,1050
19,2,9767,1779746370.28995,1,1680,1050
19,2,9768,1779746370.30662,1,1680,1050
19,2,9769,1779746370.32329,1,1680,1050
19,2,9770,1779746370.33995,1,1680,1050
19,2,9771,1779746370.35662,1,1680,1050
19,2,9772,1779746370.37328,1,1680,1050
19,2,9773,1779746370.38995,1,1680,1050
19,2,9774,1779746370.40662,1,1680,1050
19,2,9775,1779746370.42328,1,1680,1050
19,2,9776,1779746370.43995,1,1680,1050
19,2,9777,1779746370.45661,1,1680,1050
19,2,9778,1779746370.47328,1,1680,1050
19,2,9779,1779746370.48995,1,1680,1050
19,2,9780,1779746370.50661,1,1680,1050
19,2,9781,1779746370.52328,1,1680,1050
19,2,9782,1779746370.53994,1,1680,1050
19,2,9783,1779746370.55661,1,1680,1050
19,2,9784,1779746370.57328,1,1680,1050
19,2,9785,1779746370.58994,1,1680,1050
19,2,9786,1779746370.60661,1,1680,1050
19,2,9787,1779746370.62328,1,1680,1050
19,2,9788,1779746370.63994,1,1680,1050
19,2,9789,1779746370.65661,1,1680,1050
19,2,9790,1779746370.67327,1,1680,1050
19,2,9791,1779746370.68994,1,1680,1050
19,2,9792,1779746370.7066,1,1680,1050
19,2,9793,1779746370.72327,1,1680,1050
19,2,9794,1779746370.73994,1,1680,1050
19,2,9795,1779746370.7566,1,1680,1050
19,2,9796,1779746370.77327,1,1680,1050
19,2,9797,1779746370.78994,1,1680,1050
19,2,9798,1779746370.8066,1,1680,1050
19,2,9799,1779746370.82327,1,1680,1050
19,2,9800,1779746370.83993,1,1680,1050
19,2,9801,1779746370.8566,1,1680,1050
19,2,9802,1779746370.87327,1,1680,1050
19,2,9803,1779746370.88993,1,1680,1050
19,2,9804,1779746370.9066,1,1680,1050
19,2,9805,1779746370.92326,1,1680,1050
19,2,9806,1779746370.93993,1,1680,1050
19,2,9807,1779746370.9566,1,1680,1050
19,2,9808,1779746370.97326,1,1680,1050
19,2,9809,1779746370.98993,1,1680,1050
19,2,9810,1779746371.0066,1,1680,1050
19,2,9811,1779746371.02326,1,1680,1050
19,2,9812,1779746371.03993,1,1680,1050
19,2,9813,1779746371.05659,1,1680,1050
19,2,9814,1779746371.07326,1,1680,1050
19,2,9815,1779746371.08992,1,1680,1050
19,2,9816,1779746371.10659,1,1680,1050
19,2,9817,1779746371.12326,1,1680,1050
19,2,9818,1779746371.13992,1,1680,1050
19,2,9819,1779746371.15659,1,1680,1050
19,2,9820,1779746371.17326,1,1680,1050
19,2,9821,1779746371.18992,1,1680,1050
19,2,9822,1779746371.20659,1,1680,1050
19,2,9823,1779746371.22325,1,1680,1050
19,2,9824,1779746371.23992,1,1680,1050
19,2,9825,1779746371.25659,1,1680,1050
19,2,9826,1779746371.27325,1,1680,1050
19,2,9827,1779746371.28992,1,1680,1050
19,2,9828,1779746371.30658,1,1680,1050
19,2,9829,1779746371.32325,1,1680,1050
19,2,9830,1779746371.33992,1,1680,1050
19,2,9831,1779746371.35658,1,1680,1050
19,2,9832,1779746371.37325,1,1680,1050
19,2,9833,1779746371.38991,1,1680,1050
19,2,9834,1779746371.40658,1,1680,1050
19,2,9835,1779746371.42325,1,1680,1050
19,2,9836,1779746371.43991,1,1680,1050
19,2,9837,1779746371.45658,1,1680,1050
19,2,9838,1779746371.47325,1,1680,1050
19,2,9839,1779746371.48991,1,1680,1050
19,2,9840,1779746371.50658,1,1680,1050
19,2,9841,1779746371.52324,1,1680,1050
19,2,9842,1779746371.53991,1,1680,1050
19,2,9843,1779746371.55658,1,1680,1050
19,2,9844,1779746371.57324,1,1680,1050
19,2,9845,1779746371.58991,1,1680,1050
19,2,9846,1779746371.60657,1,1680,1050
19,2,9847,1779746371.62324,1,1680,1050
19,2,9848,1779746371.63991,1,1680,1050
19,2,9849,1779746371.65657,1,1680,1050
19,2,9850,1779746371.67324,1,1680,1050
19,2,9851,1779746371.6899,1,1680,1050
19,2,9852,1779746371.70657,1,1680,1050
19,2,9853,1779746371.72325,1,1680,1050
19,2,9854,1779746371.7399,1,1680,1050
19,2,9855,1779746371.75657,1,1680,1050
19,2,9856,1779746371.77324,1,1680,1050
19,2,9857,1779746371.7899,1,1680,1050
19,2,9858,1779746371.80657,1,1680,1050
19,2,9859,1779746371.82323,1,1680,1050
19,2,9860,1779746371.8399,1,1680,1050
19,2,9861,1779746371.85657,1,1680,1050
19,2,9862,1779746371.87323,1,1680,1050
19,2,9863,1779746371.8899,1,1680,1050
19,2,9864,1779746371.90656,1,1680,1050
19,2,9865,1779746371.92323,1,1680,1050
19,2,9866,1779746371.9399,1,1680,1050
19,2,9867,1779746371.95656,1,1680,1050
19,2,9868,1779746371.97323,1,1680,1050
19,2,9869,1779746371.98989,1,1680,1050
19,2,9870,1779746372.00656,1,1680,1050
19,2,9871,1779746372.02323,1,1680,1050
19,2,9872,1779746372.03989,1,1680,1050
19,2,9873,1779746372.05656,1,1680,1050
19,2,9874,1779746372.07322,1,1680,1050
19,2,9875,1779746372.08989,1,1680,1050
19,2,9876,1779746372.10656,1,1680,1050
19,2,9877,1779746372.12322,1,1680,1050
19,2,9878,1779746372.13989,1,1680,1050
19,2,9879,1779746372.15655,1,1680,1050
19,2,9880,1779746372.17322,1,1680,1050
19,2,9881,1779746372.18989,1,1680,1050
19,2,9882,1779746372.20655,1,1680,1050
19,2,9883,1779746372.22322,1,1680,1050
19,2,9884,1779746372.23989,1,1680,1050
19,2,9885,1779746372.25655,1,1680,1050
19,2,9886,1779746372.27322,1,1680,1050
19,2,9887,1779746372.28988,1,1680,1050
19,2,9888,1779746372.30655,1,1680,1050
19,2,9889,1779746372.32322,1,1680,1050
19,2,9890,1779746372.33988,1,1680,1050
19,2,9891,1779746372.35655,1,1680,1050
19,2,9892,1779746372.37321,1,1680,1050
19,2,9893,1779746372.38988,1,1680,1050
19,2,9894,1779746372.40655,1,1680,1050
19,2,9895,1779746372.42321,1,1680,1050
19,2,9896,1779746372.43988,1,1680,1050
19,2,9897,1779746372.45654,1,1680,1050
19,2,9898,1779746372.47321,1,1680,1050
19,2,9899,1779746372.48988,1,1680,1050
19,2,9900,1779746372.50654,1,1680,1050
19,2,9901,1779746372.52321,1,1680,1050
19,2,9902,1779746372.53987,2,1680,1050
19,2,9903,1779746372.55654,2,1680,1050
19,2,9904,1779746372.57321,2,1680,1050
19,2,9905,1779746372.58987,2,1680,1050
19,2,9906,1779746372.60654,2,1680,1050
19,2,9907,1779746372.62321,2,1680,1050
19,2,9908,1779746372.63987,2,1680,1050
19,2,9909,1779746372.65654,2,1680,1050
19,2,9910,1779746372.6732,2,1680,1050
19,2,9911,1779746372.68987,2,1680,1050
19,2,9912,1779746372.70654,2,1680,1050
19,2,9913,1779746372.7232,2,1680,1050
19,2,9914,1779746372.73987,2,1680,1050
19,2,9915,1779746372.75653,2,1680,1050
19,2,9916,1779746372.7732,2,1680,1050
19,2,9917,1779746372.78987,2,1680,1050
19,2,9918,1779746372.80653,2,1680,1050
19,2,9919,1779746372.8232,2,1680,1050
19,2,9920,1779746372.83986,2,1680,1050
19,2,9921,1779746372.85653,2,1680,1050
19,2,9922,1779746372.8732,2,1680,1050
19,2,9923,1779746372.88986,2,1680,1050
19,2,9924,1779746372.90653,2,1680,1050
19,2,9925,1779746372.9232,2,1680,1050
19,2,9926,1779746372.93986,2,1680,1050
19,2,9927,1779746372.95653,2,1680,1050
19,2,9928,1779746372.97319,2,1680,1050
19,2,9929,1779746372.98986,2,1680,1050
19,2,9930,1779746373.00653,2,1680,1050
19,2,9931,1779746373.02319,2,1680,1050
19,2,9932,1779746373.03986,2,1680,1050
19,2,9933,1779746373.05652,2,1680,1050
19,2,9934,1779746373.07319,2,1680,1050
19,2,9935,1779746373.08986,2,1680,1050
19,2,9936,1779746373.10652,2,1680,1050
19,2,9937,1779746373.12319,2,1680,1050
19,2,9938,1779746373.13985,2,1680,1050
19,2,9939,1779746373.15652,2,1680,1050
19,2,9940,1779746373.17319,2,1680,1050
19,2,9941,1779746373.18985,2,1680,1050
19,2,9942,1779746373.20652,2,1680,1050
19,2,9943,1779746373.22318,2,1680,1050
19,2,9944,1779746373.23985,2,1680,1050
19,2,9945,1779746373.25652,2,1680,1050
19,2,9946,1779746373.27318,2,1680,1050
19,2,9947,1779746373.28985,2,1680,1050
19,2,9948,1779746373.30651,2,1680,1050
19,2,9949,1779746373.32318,2,1680,1050
19,2,9950,1779746373.33985,2,1680,1050
19,2,9951,1779746373.35651,2,1680,1050
19,2,9952,1779746373.37318,2,1680,1050
19,2,9953,1779746373.38984,2,1680,1050
19,2,9954,1779746373.40651,2,1680,1050
19,2,9955,1779746373.42318,2,1680,1050
19,2,9956,1779746373.43984,2,1680,1050
19,2,9957,1779746373.45651,2,1680,1050
19,2,9958,1779746373.47318,2,1680,1050
19,2,9959,1779746373.48984,2,1680,1050
19,2,9960,1779746373.50651,2,1680,1050
19,2,9961,1779746373.52317,2,1680,1050
19,2,9962,1779746373.53984,2,1680,1050
19,2,9963,1779746373.55651,2,1680,1050
19,2,9964,1779746373.57317,2,1680,1050
19,2,9965,1779746373.58984,2,1680,1050
19,2,9966,1779746373.6065,2,1680,1050
19,2,9967,1779746373.62317,2,1680,1050
19,2,9968,1779746373.63984,2,1680,1050
19,2,9969,1779746373.6565,2,1680,1050
19,2,9970,1779746373.67317,2,1680,1050
19,2,9971,1779746373.68983,2,1680,1050
19,2,9972,1779746373.7065,2,1680,1050
19,2,9973,1779746373.72317,2,1680,1050
19,2,9974,1779746373.73983,2,1680,1050
19,2,9975,1779746373.7565,2,1680,1050
19,2,9976,1779746373.77316,2,1680,1050
19,2,9977,1779746373.78983,2,1680,1050
19,2,9978,1779746373.8065,2,1680,1050
19,2,9979,1779746373.82316,2,1680,1050
19,2,9980,1779746373.83983,2,1680,1050
19,2,9981,1779746373.8565,2,1680,1050
19,2,9982,1779746373.87316,2,1680,1050
19,2,9983,1779746373.88983,2,1680,1050
19,2,9984,1779746373.90649,2,1680,1050
19,2,9985,1779746373.92316,2,1680,1050
19,2,9986,1779746373.93983,2,1680,1050
19,2,9987,1779746373.95649,2,1680,1050
19,2,9988,1779746373.97316,2,1680,1050
19,2,9989,1779746373.98982,2,1680,1050
19,2,9990,1779746374.00649,2,1680,1050
19,2,9991,1779746374.02316,2,1680,1050
19,2,9992,1779746374.03982,2,1680,1050
19,2,9993,1779746374.05649,2,1680,1050
19,2,9994,1779746374.07315,2,1680,1050
19,2,9995,1779746374.08982,2,1680,1050
19,2,9996,1779746374.10649,2,1680,1050
19,2,9997,1779746374.12315,2,1680,1050
19,2,9998,1779746374.13982,2,1680,1050
19,2,9999,1779746374.15649,2,1680,1050
19,2,10000,1779746374.17315,2,1680,1050
19,2,10001,1779746374.18982,2,1680,1050
19,2,10002,1779746374.20648,2,1680,1050
19,2,10003,1779746374.22315,2,1680,1050
19,2,10004,1779746374.23982,2,1680,1050
19,2,10005,1779746374.25648,2,1680,1050
19,2,10006,1779746374.27315,2,1680,1050
19,2,10007,1779746374.28981,2,1680,1050
19,2,10008,1779746374.30648,2,1680,1050
19,2,10009,1779746374.32315,2,1680,1050
19,2,10010,1779746374.33981,2,1680,1050
19,2,10011,1779746374.35648,2,1680,1050
19,2,10012,1779746374.37314,2,1680,1050
19,2,10013,1779746374.38981,2,1680,1050
19,2,10014,1779746374.40648,2,1680,1050
19,2,10015,1779746374.42314,2,1680,1050
19,2,10016,1779746374.43981,2,1680,1050
19,2,10017,1779746374.45647,2,1680,1050
19,2,10018,1779746374.47314,2,1680,1050
19,2,10019,1779746374.48981,2,1680,1050
19,2,10020,1779746374.50647,2,1680,1050
19,2,10021,1779746374.52314,2,1680,1050
19,2,10022,1779746374.53981,2,1680,1050
19,2,10023,1779746374.55647,2,1680,1050
19,2,10024,1779746374.57314,2,1680,1050
19,2,10025,1779746374.5898,2,1680,1050
19,2,10026,1779746374.60647,2,1680,1050
19,2,10027,1779746374.62314,2,1680,1050
19,2,10028,1779746374.6398,2,1680,1050
19,2,10029,1779746374.65647,2,1680,1050
19,2,10030,1779746374.67313,2,1680,1050
19,2,10031,1779746374.6898,2,1680,1050
19,2,10032,1779746374.70647,2,1680,1050
19,2,10033,1779746374.72313,2,1680,1050
19,2,10034,1779746374.7398,2,1680,1050
19,2,10035,1779746374.75646,2,1680,1050
19,2,10036,1779746374.77313,2,1680,1050
19,2,10037,1779746374.7898,2,1680,1050
19,2,10038,1779746374.80646,2,1680,1050
19,2,10039,1779746374.82313,2,1680,1050
19,2,10040,1779746374.83979,2,1680,1050
19,2,10041,1779746374.85646,2,1680,1050
19,2,10042,1779746374.87313,2,1680,1050
19,2,10043,1779746374.88979,2,1680,1050
19,2,10044,1779746374.90646,2,1680,1050
19,2,10045,1779746374.92313,2,1680,1050
19,2,10046,1779746374.93979,2,1680,1050
19,2,10047,1779746374.95646,2,1680,1050
19,2,10048,1779746374.97312,2,1680,1050
19,2,10049,1779746374.98979,2,1680,1050
19,2,10050,1779746375.00646,2,1680,1050
19,2,10051,1779746375.02312,2,1680,1050
19,2,10052,1779746375.03979,2,1680,1050
19,2,10053,1779746375.05645,2,1680,1050
19,2,10054,1779746375.07312,2,1680,1050
19,2,10055,1779746375.08979,2,1680,1050
19,2,10056,1779746375.10645,2,1680,1050
19,2,10057,1779746375.12312,2,1680,1050
19,2,10058,1779746375.13978,2,1680,1050
19,2,10059,1779746375.15645,2,1680,1050
19,2,10060,1779746375.17312,2,1680,1050
19,2,10061,1779746375.18978,2,1680,1050
19,2,10062,1779746375.20645,2,1680,1050
19,2,10063,1779746375.22311,2,1680,1050
19,2,10064,1779746375.23978,2,1680,1050
19,2,10065,1779746375.25645,2,1680,1050
19,2,10066,1779746375.27311,2,1680,1050
19,2,10067,1779746375.28978,2,1680,1050
19,2,10068,1779746375.30644,2,1680,1050
19,2,10069,1779746375.32311,2,1680,1050
19,2,10070,1779746375.33978,2,1680,1050
19,2,10071,1779746375.35644,2,1680,1050
19,2,10072,1779746375.37311,2,1680,1050
19,2,10073,1779746375.38978,2,1680,1050
19,2,10074,1779746375.40644,2,1680,1050
19,2,10075,1779746375.42311,2,1680,1050
19,2,10076,1779746375.43977,2,1680,1050
19,2,10077,1779746375.45644,2,1680,1050
19,2,10078,1779746375.4731,2,1680,1050
19,2,10079,1779746375.48977,2,1680,1050
19,2,10080,1779746375.50644,2,1680,1050
19,2,10081,1779746375.5231,2,1680,1050
19,2,10082,1779746375.53977,2,1680,1050
19,2,10083,1779746375.55644,2,1680,1050
19,2,10084,1779746375.5731,2,1680,1050
19,2,10085,1779746375.58977,2,1680,1050
19,2,10086,1779746375.60643,2,1680,1050
19,2,10087,1779746375.6231,2,1680,1050
19,2,10088,1779746375.63977,2,1680,1050
19,2,10089,1779746375.65643,2,1680,1050
19,2,10090,1779746375.6731,2,1680,1050
19,2,10091,1779746375.68976,2,1680,1050
19,2,10092,1779746375.70643,2,1680,1050
19,2,10093,1779746375.7231,2,1680,1050
19,2,10094,1779746375.73976,2,1680,1050
19,2,10095,1779746375.75643,2,1680,1050
19,2,10096,1779746375.7731,2,1680,1050
19,2,10097,1779746375.78976,2,1680,1050
19,2,10098,1779746375.80643,2,1680,1050
19,2,10099,1779746375.82309,2,1680,1050
19,2,10100,1779746375.83976,2,1680,1050
19,2,10101,1779746375.85643,2,1680,1050
19,2,10102,1779746375.87309,2,1680,1050
19,2,10103,1779746375.88976,2,1680,1050
19,2,10104,1779746375.90642,2,1680,1050
19,2,10105,1779746375.92309,2,1680,1050
19,2,10106,1779746375.93976,2,1680,1050
19,2,10107,1779746375.95642,2,1680,1050
19,2,10108,1779746375.97309,2,1680,1050
19,2,10109,1779746375.98975,2,1680,1050
19,2,10110,1779746376.00642,2,1680,1050
19,2,10111,1779746376.02309,2,1680,1050
19,2,10112,1779746376.03975,2,1680,1050
19,2,10113,1779746376.05642,2,1680,1050
19,2,10114,1779746376.07309,2,1680,1050
19,2,10115,1779746376.08975,2,1680,1050
19,2,10116,1779746376.10642,2,1680,1050
19,2,10117,1779746376.12308,2,1680,1050
19,2,10118,1779746376.13975,2,1680,1050
19,2,10119,1779746376.15641,2,1680,1050
19,2,10120,1779746376.17308,2,1680,1050
19,2,10121,1779746376.18975,2,1680,1050
19,2,10122,1779746376.20641,2,1680,1050
19,2,10123,1779746376.22308,2,1680,1050
19,2,10124,1779746376.23975,2,1680,1050
19,2,10125,1779746376.25641,2,1680,1050
19,2,10126,1779746376.27308,2,1680,1050
19,2,10127,1779746376.28974,2,1680,1050
19,2,10128,1779746376.30641,2,1680,1050
19,2,10129,1779746376.32308,2,1680,1050
19,2,10130,1779746376.33974,2,1680,1050
19,2,10131,1779746376.35641,2,1680,1050
19,2,10132,1779746376.37307,2,1680,1050
19,2,10133,1779746376.38974,2,1680,1050
19,2,10134,1779746376.40641,2,1680,1050
19,2,10135,1779746376.42307,2,1680,1050
19,2,10136,1779746376.43974,2,1680,1050
19,2,10137,1779746376.4564,2,1680,1050
19,2,10138,1779746376.47307,2,1680,1050
19,2,10139,1779746376.48974,2,1680,1050
19,2,10140,1779746376.5064,2,1680,1050
19,2,10141,1779746376.52307,2,1680,1050
19,2,10142,1779746376.53974,2,1680,1050
19,2,10143,1779746376.5564,2,1680,1050
19,2,10144,1779746376.57307,2,1680,1050
19,2,10145,1779746376.58973,2,1680,1050
19,2,10146,1779746376.6064,2,1680,1050
19,2,10147,1779746376.62307,2,1680,1050
19,2,10148,1779746376.63973,2,1680,1050
19,2,10149,1779746376.6564,2,1680,1050
19,2,10150,1779746376.67306,2,1680,1050
19,2,10151,1779746376.68973,2,1680,1050
19,2,10152,1779746376.7064,2,1680,1050
19,2,10153,1779746376.72306,2,1680,1050
19,2,10154,1779746376.73973,2,1680,1050
19,2,10155,1779746376.75639,2,1680,1050
19,2,10156,1779746376.77306,2,1680,1050
19,2,10157,1779746376.78973,2,1680,1050
19,2,10158,1779746376.80639,2,1680,1050
19,2,10159,1779746376.82306,2,1680,1050
19,2,10160,1779746376.83972,2,1680,1050
19,2,10161,1779746376.85639,2,1680,1050
19,2,10162,1779746376.87306,2,1680,1050
19,2,10163,1779746376.88972,2,1680,1050
19,2,10164,1779746376.90639,2,1680,1050
19,2,10165,1779746376.92305,2,1680,1050
19,2,10166,1779746376.93972,2,1680,1050
19,2,10167,1779746376.95639,2,1680,1050
19,2,10168,1779746376.97305,2,1680,1050
19,2,10169,1779746376.98972,2,1680,1050
19,2,10170,1779746377.00639,2,1680,1050
19,2,10171,1779746377.02305,2,1680,1050
19,2,10172,1779746377.03972,2,1680,1050
19,2,10173,1779746377.05638,2,1680,1050
19,2,10174,1779746377.07305,2,1680,1050
19,2,10175,1779746377.08972,2,1680,1050
19,2,10176,1779746377.10638,2,1680,1050
19,2,10177,1779746377.12305,2,1680,1050
19,2,10178,1779746377.13971,2,1680,1050
19,2,10179,1779746377.15638,2,1680,1050
19,2,10180,1779746377.17305,2,1680,1050
19,2,10181,1779746377.18971,2,1680,1050
19,2,10182,1779746377.20638,2,1680,1050
19,2,10183,1779746377.22305,2,1680,1050
19,2,10184,1779746377.23971,2,1680,1050
19,2,10185,1779746377.25638,2,1680,1050
19,2,10186,1779746377.27304,2,1680,1050
19,2,10187,1779746377.28971,2,1680,1050
19,2,10188,1779746377.30638,2,1680,1050
19,2,10189,1779746377.32304,2,1680,1050
19,2,10190,1779746377.33971,2,1680,1050
19,2,10191,1779746377.35637,2,1680,1050
19,2,10192,1779746377.37304,2,1680,1050
19,2,10193,1779746377.38971,2,1680,1050
19,2,10194,1779746377.40637,2,1680,1050
19,2,10195,1779746377.42304,2,1680,1050
19,2,10196,1779746377.4397,2,1680,1050
19,2,10197,1779746377.45637,2,1680,1050
19,2,10198,1779746377.47304,2,1680,1050
19,2,10199,1779746377.4897,2,1680,1050
19,2,10200,1779746377.50637,2,1680,1050
19,2,10201,1779746377.52303,2,1680,1050
19,2,10202,1779746377.5397,2,1680,1050
19,2,10203,1779746377.55637,2,1680,1050
19,2,10204,1779746377.57303,2,1680,1050
19,2,10205,1779746377.5897,2,1680,1050
19,2,10206,1779746377.60636,2,1680,1050
19,2,10207,1779746377.62303,2,1680,1050
19,2,10208,1779746377.6397,2,1680,1050
19,2,10209,1779746377.65636,2,1680,1050
19,2,10210,1779746377.67303,2,1680,1050
19,2,10211,1779746377.6897,2,1680,1050
19,2,10212,1779746377.70636,2,1680,1050
19,2,10213,1779746377.72303,2,1680,1050
19,2,10214,1779746377.73969,2,1680,1050
19,2,10215,1779746377.75636,2,1680,1050
19,2,10216,1779746377.77303,2,1680,1050
19,2,10217,1779746377.78969,2,1680,1050
19,2,10218,1779746377.80636,2,1680,1050
19,2,10219,1779746377.82302,2,1680,1050
19,2,10220,1779746377.83969,2,1680,1050
19,2,10221,1779746377.85635,2,1680,1050
19,2,10222,1779746377.87302,2,1680,1050
19,2,10223,1779746377.88969,2,1680,1050
19,2,10224,1779746377.90635,2,1680,1050
19,2,10225,1779746377.92302,2,1680,1050
19,2,10226,1779746377.93969,2,1680,1050
19,2,10227,1779746377.95635,2,1680,1050
19,2,10228,1779746377.98968,2,1680,1050
19,2,10229,1779746378.00635,2,1680,1050
19,2,10230,1779746378.02302,2,1680,1050
19,2,10231,1779746378.03968,2,1680,1050
19,2,10232,1779746378.05635,2,1680,1050
19,2,10233,1779746378.07301,2,1680,1050
19,2,10234,1779746378.08968,2,1680,1050
19,2,10235,1779746378.10635,2,1680,1050
19,2,10236,1779746378.12301,2,1680,1050
19,2,10237,1779746378.13968,2,1680,1050
19,2,10238,1779746378.15635,2,1680,1050
19,2,10239,1779746378.17301,2,1680,1050
19,2,10240,1779746378.18968,2,1680,1050
19,2,10241,1779746378.20634,2,1680,1050
19,2,10242,1779746378.22301,2,1680,1050
19,2,10243,1779746378.23968,2,1680,1050
19,2,10244,1779746378.25634,2,1680,1050
19,2,10245,1779746378.27301,2,1680,1050
19,2,10246,1779746378.28967,2,1680,1050
19,2,10247,1779746378.30634,2,1680,1050
19,2,10248,1779746378.32301,2,1680,1050
19,2,10249,1779746378.33967,2,1680,1050
19,2,10250,1779746378.35634,2,1680,1050
19,2,10251,1779746378.373,2,1680,1050
19,2,10252,1779746378.38967,2,1680,1050
19,2,10253,1779746378.40634,2,1680,1050
19,2,10254,1779746378.423,2,1680,1050
19,2,10255,1779746378.43967,2,1680,1050
19,2,10256,1779746378.45633,2,1680,1050
19,2,10257,1779746378.473,2,1680,1050
19,2,10258,1779746378.48967,2,1680,1050
19,2,10259,1779746378.50633,2,1680,1050
19,2,10260,1779746378.523,2,1680,1050
19,2,10261,1779746378.53967,2,1680,1050
19,2,10262,1779746378.55633,1,1680,1050
19,2,10263,1779746378.573,1,1680,1050
19,2,10264,1779746378.58966,1,1680,1050
19,2,10265,1779746378.60633,1,1680,1050
19,2,10266,1779746378.623,1,1680,1050
19,2,10267,1779746378.63966,1,1680,1050
19,2,10268,1779746378.65633,1,1680,1050
19,2,10269,1779746378.67299,1,1680,1050
19,2,10270,1779746378.68966,1,1680,1050
19,2,10271,1779746378.70633,1,1680,1050
19,2,10272,1779746378.72299,1,1680,1050
19,2,10273,1779746378.73966,1,1680,1050
19,2,10274,1779746378.75632,1,1680,1050
19,2,10275,1779746378.77299,1,1680,1050
19,2,10276,1779746378.78966,1,1680,1050
19,2,10277,1779746378.80632,1,1680,1050
19,2,10278,1779746378.82299,1,1680,1050
19,2,10279,1779746378.83966,1,1680,1050
19,2,10280,1779746378.85632,1,1680,1050
19,2,10281,1779746378.87299,1,1680,1050
19,2,10282,1779746378.88965,1,1680,1050
19,2,10283,1779746378.90632,1,1680,1050
19,2,10284,1779746378.92299,1,1680,1050
19,2,10285,1779746378.93965,1,1680,1050
19,2,10286,1779746378.95632,1,1680,1050
19,2,10287,1779746378.97298,1,1680,1050
19,2,10288,1779746378.98965,1,1680,1050
19,2,10289,1779746379.00632,1,1680,1050
19,2,10290,1779746379.02298,1,1680,1050
19,2,10291,1779746379.03965,1,1680,1050
19,2,10292,1779746379.05631,1,1680,1050
19,2,10293,1779746379.07298,1,1680,1050
19,2,10294,1779746379.08965,1,1680,1050
19,2,10295,1779746379.10631,1,1680,1050
19,2,10296,1779746379.12298,1,1680,1050
19,2,10297,1779746379.13964,1,1680,1050
19,2,10298,1779746379.15631,1,1680,1050
19,2,10299,1779746379.17298,1,1680,1050
19,2,10300,1779746379.18964,1,1680,1050
19,2,10301,1779746379.20631,1,1680,1050
19,2,10302,1779746379.22297,1,1680,1050
19,2,10303,1779746379.23964,1,1680,1050
19,2,10304,1779746379.25631,1,1680,1050
19,2,10305,1779746379.27297,1,1680,1050
19,2,10306,1779746379.28964,1,1680,1050
19,2,10307,1779746379.3063,1,1680,1050
19,2,10308,1779746379.32297,1,1680,1050
19,2,10309,1779746379.33964,1,1680,1050
19,2,10310,1779746379.3563,1,1680,1050
19,2,10311,1779746379.37297,1,1680,1050
19,2,10312,1779746379.38964,1,1680,1050
19,2,10313,1779746379.4063,1,1680,1050
19,2,10314,1779746379.42297,1,1680,1050
19,2,10315,1779746379.43963,1,1680,1050
19,2,10316,1779746379.4563,1,1680,1050
19,2,10317,1779746379.47297,1,1680,1050
19,2,10318,1779746379.48963,1,1680,1050
19,2,10319,1779746379.5063,1,1680,1050
19,2,10320,1779746379.52296,1,1680,1050
19,2,10321,1779746379.53963,1,1680,1050
19,2,10322,1779746379.5563,1,1680,1050
19,2,10323,1779746379.57296,1,1680,1050
19,2,10324,1779746379.58963,1,1680,1050
19,2,10325,1779746379.6063,1,1680,1050
19,2,10326,1779746379.62296,1,1680,1050
19,2,10327,1779746379.63963,1,1680,1050
19,2,10328,1779746379.65629,1,1680,1050
19,2,10329,1779746379.67296,1,1680,1050
19,2,10330,1779746379.68963,1,1680,1050
19,2,10331,1779746379.70629,1,1680,1050
19,2,10332,1779746379.72296,1,1680,1050
19,2,10333,1779746379.73962,1,1680,1050
19,2,10334,1779746379.75629,1,1680,1050
19,2,10335,1779746379.77296,1,1680,1050
19,2,10336,1779746379.78962,1,1680,1050
19,2,10337,1779746379.80629,1,1680,1050
19,2,10338,1779746379.82295,1,1680,1050
19,2,10339,1779746379.83962,1,1680,1050
19,2,10340,1779746379.85629,1,1680,1050
19,2,10341,1779746379.87295,1,1680,1050
19,2,10342,1779746379.88962,1,1680,1050
19,2,10343,1779746379.90628,1,1680,1050
19,2,10344,1779746379.92295,1,1680,1050
19,2,10345,1779746379.93962,1,1680,1050
19,2,10346,1779746379.95628,1,1680,1050
19,2,10347,1779746379.97295,1,1680,1050
19,2,10348,1779746379.98962,1,1680,1050
19,2,10349,1779746380.00628,1,1680,1050
19,2,10350,1779746380.02295,1,1680,1050
19,2,10351,1779746380.03961,1,1680,1050
19,2,10352,1779746380.05628,1,1680,1050
19,2,10353,1779746380.07295,1,1680,1050
19,2,10354,1779746380.08961,1,1680,1050
19,2,10355,1779746380.10628,1,1680,1050
19,2,10356,1779746380.12294,1,1680,1050
19,2,10357,1779746380.13961,1,1680,1050
19,2,10358,1779746380.15628,1,1680,1050
19,2,10359,1779746380.17294,1,1680,1050
19,2,10360,1779746380.18961,1,1680,1050
19,2,10361,1779746380.20627,1,1680,1050
19,2,10362,1779746380.22294,1,1680,1050
19,2,10363,1779746380.23961,1,1680,1050
19,2,10364,1779746380.25627,1,1680,1050
19,2,10365,1779746380.27294,1,1680,1050
19,2,10366,1779746380.2896,1,1680,1050
19,2,10367,1779746380.30627,1,1680,1050
19,2,10368,1779746380.32294,1,1680,1050
19,2,10369,1779746380.3396,1,1680,1050
19,2,10370,1779746380.35627,1,1680,1050
19,2,10371,1779746380.37294,1,1680,1050
19,2,10372,1779746380.3896,1,1680,1050
19,2,10373,1779746380.40627,1,1680,1050
19,2,10374,1779746380.42293,1,1680,1050
19,2,10375,1779746380.4396,1,1680,1050
19,2,10376,1779746380.45626,1,1680,1050
19,2,10377,1779746380.47293,1,1680,1050
19,2,10378,1779746380.4896,1,1680,1050
19,2,10379,1779746380.50626,1,1680,1050
19,2,10380,1779746380.52293,1,1680,1050
19,2,10381,1779746380.5396,1,1680,1050
19,2,10382,1779746380.55626,1,1680,1050
19,2,10383,1779746380.57293,1,1680,1050
19,2,10384,1779746380.58959,1,1680,1050
19,2,10385,1779746380.60626,1,1680,1050
19,2,10386,1779746380.62293,1,1680,1050
19,2,10387,1779746380.63959,1,1680,1050
19,2,10388,1779746380.65626,1,1680,1050
19,2,10389,1779746380.67292,1,1680,1050
19,2,10390,1779746380.68959,1,1680,1050
19,2,10391,1779746380.70626,1,1680,1050
19,2,10392,1779746380.72292,1,1680,1050
19,2,10393,1779746380.73959,1,1680,1050
19,2,10394,1779746380.75626,1,1680,1050
19,2,10395,1779746380.77292,1,1680,1050
19,2,10396,1779746380.78959,1,1680,1050
19,2,10397,1779746380.80625,1,1680,1050
19,2,10398,1779746380.82292,1,1680,1050
19,2,10399,1779746380.83958,1,1680,1050
19,2,10400,1779746380.85625,1,1680,1050
19,2,10401,1779746380.87292,1,1680,1050
19,2,10402,1779746380.88958,1,1680,1050
19,2,10403,1779746380.90625,1,1680,1050
19,2,10404,1779746380.92292,1,1680,1050
19,2,10405,1779746380.93958,1,1680,1050
19,2,10406,1779746380.95625,1,1680,1050
19,2,10407,1779746380.97291,1,1680,1050
19,2,10408,1779746380.98958,1,1680,1050
19,2,10409,1779746381.00625,1,1680,1050
19,2,10410,1779746381.02291,1,1680,1050
19,2,10411,1779746381.03958,1,1680,1050
19,2,10412,1779746381.05624,1,1680,1050
19,2,10413,1779746381.07291,1,1680,1050
19,2,10414,1779746381.08958,1,1680,1050
19,2,10415,1779746381.10624,1,1680,1050
19,2,10416,1779746381.12291,1,1680,1050
19,2,10417,1779746381.13958,1,1680,1050
19,2,10418,1779746381.15624,1,1680,1050
19,2,10419,1779746381.17291,1,1680,1050
19,2,10420,1779746381.18957,1,1680,1050
19,2,10421,1779746381.20624,1,1680,1050
19,2,10422,1779746381.2229,1,1680,1050
19,2,10423,1779746381.23957,1,1680,1050
19,2,10424,1779746381.25624,1,1680,1050
19,2,10425,1779746381.2729,1,1680,1050
19,2,10426,1779746381.28957,1,1680,1050
19,2,10427,1779746381.30624,1,1680,1050
19,2,10428,1779746381.3229,1,1680,1050
19,2,10429,1779746381.33957,1,1680,1050
19,2,10430,1779746381.35623,1,1680,1050
19,2,10431,1779746381.3729,1,1680,1050
19,2,10432,1779746381.38957,1,1680,1050
19,2,10433,1779746381.40623,1,1680,1050
19,2,10434,1779746381.4229,1,1680,1050
19,2,10435,1779746381.43956,1,1680,1050
19,2,10436,1779746381.45623,1,1680,1050
19,2,10437,1779746381.4729,1,1680,1050
19,2,10438,1779746381.48956,1,1680,1050
19,2,10439,1779746381.50623,1,1680,1050
19,2,10440,1779746381.5229,1,1680,1050
19,2,10441,1779746381.53956,1,1680,1050
19,2,10442,1779746381.55623,1,1680,1050
19,2,10443,1779746381.57289,1,1680,1050
19,2,10444,1779746381.58956,1,1680,1050
19,2,10445,1779746381.60622,1,1680,1050
19,2,10446,1779746381.62289,1,1680,1050
19,2,10447,1779746381.63956,1,1680,1050
19,2,10448,1779746381.65622,1,1680,1050
19,2,10449,1779746381.67289,1,1680,1050
19,2,10450,1779746381.68956,1,1680,1050
19,2,10451,1779746381.70622,1,1680,1050
19,2,10452,1779746381.72289,1,1680,1050
19,2,10453,1779746381.73955,1,1680,1050
19,2,10454,1779746381.75622,1,1680,1050
19,2,10455,1779746381.77289,1,1680,1050
19,2,10456,1779746381.78955,1,1680,1050
19,2,10457,1779746381.80622,1,1680,1050
19,2,10458,1779746381.82288,1,1680,1050
19,2,10459,1779746381.83955,1,1680,1050
19,2,10460,1779746381.85622,1,1680,1050
19,2,10461,1779746381.87288,1,1680,1050
19,2,10462,1779746381.88955,1,1680,1050
19,2,10463,1779746381.90621,1,1680,1050
19,2,10464,1779746381.92288,1,1680,1050
19,2,10465,1779746381.93955,1,1680,1050
19,2,10466,1779746381.95621,1,1680,1050
19,2,10467,1779746381.97288,1,1680,1050
19,2,10468,1779746381.98955,1,1680,1050
19,2,10469,1779746382.00621,1,1680,1050
19,2,10470,1779746382.02288,1,1680,1050
19,2,10471,1779746382.03954,1,1680,1050
19,2,10472,1779746382.05621,1,1680,1050
19,2,10473,1779746382.07287,1,1680,1050
19,2,10474,1779746382.08954,1,1680,1050
19,2,10475,1779746382.10621,1,1680,1050
19,2,10476,1779746382.12287,1,1680,1050
19,2,10477,1779746382.13954,1,1680,1050
19,2,10478,1779746382.15621,1,1680,1050
19,2,10479,1779746382.17287,1,1680,1050
19,2,10480,1779746382.18954,1,1680,1050
19,2,10481,1779746382.2062,1,1680,1050
19,2,10482,1779746382.22287,1,1680,1050
19,2,10483,1779746382.23954,1,1680,1050
19,2,10484,1779746382.2562,1,1680,1050
19,2,10485,1779746382.27287,1,1680,1050
19,2,10486,1779746382.28954,1,1680,1050
19,2,10487,1779746382.3062,1,1680,1050
19,2,10488,1779746382.32287,1,1680,1050
19,2,10489,1779746382.33953,1,1680,1050
19,2,10490,1779746382.3562,1,1680,1050
19,2,10491,1779746382.37287,1,1680,1050
19,2,10492,1779746382.38953,1,1680,1050
19,2,10493,1779746382.4062,1,1680,1050
19,2,10494,1779746382.42286,1,1680,1050
19,2,10495,1779746382.43953,1,1680,1050
19,2,10496,1779746382.4562,1,1680,1050
19,2,10497,1779746382.47286,1,1680,1050
19,2,10498,1779746382.48953,1,1680,1050
19,2,10499,1779746382.50619,1,1680,1050
19,2,10500,1779746382.52286,1,1680,1050
19,2,10501,1779746382.53953,1,1680,1050
19,2,10502,1779746382.55619,2,1680,1050
19,2,10503,1779746382.57286,2,1680,1050
19,2,10504,1779746382.58952,2,1680,1050
19,2,10505,1779746382.60619,2,1680,1050
19,2,10506,1779746382.62286,2,1680,1050
19,2,10507,1779746382.63952,2,1680,1050
19,2,10508,1779746382.65619,2,1680,1050
19,2,10509,1779746382.67286,2,1680,1050
19,2,10510,1779746382.68952,2,1680,1050
19,2,10511,1779746382.70619,2,1680,1050
19,2,10512,1779746382.72285,2,1680,1050
19,2,10513,1779746382.73952,2,1680,1050
19,2,10514,1779746382.75619,2,1680,1050
19,2,10515,1779746382.77285,2,1680,1050
19,2,10516,1779746382.78952,2,1680,1050
19,2,10517,1779746382.80618,2,1680,1050
19,2,10518,1779746382.82285,2,1680,1050
19,2,10519,1779746382.83952,2,1680,1050
19,2,10520,1779746382.85618,2,1680,1050
19,2,10521,1779746382.87285,2,1680,1050
19,2,10522,1779746382.88951,2,1680,1050
19,2,10523,1779746382.90618,2,1680,1050
19,2,10524,1779746382.92285,2,1680,1050
19,2,10525,1779746382.93951,2,1680,1050
19,2,10526,1779746382.95618,2,1680,1050
19,2,10527,1779746382.97284,2,1680,1050
19,2,10528,1779746382.98951,2,1680,1050
19,2,10529,1779746383.00618,2,1680,1050
19,2,10530,1779746383.02284,2,1680,1050
19,2,10531,1779746383.03951,2,1680,1050
19,2,10532,1779746383.05617,2,1680,1050
19,2,10533,1779746383.07284,2,1680,1050
19,2,10534,1779746383.08951,2,1680,1050
19,2,10535,1779746383.10617,2,1680,1050
19,2,10536,1779746383.12284,2,1680,1050
19,2,10537,1779746383.13951,2,1680,1050
19,2,10538,1779746383.15617,2,1680,1050
19,2,10539,1779746383.17284,2,1680,1050
19,2,10540,1779746383.1895,2,1680,1050
19,2,10541,1779746383.20617,2,1680,1050
19,2,10542,1779746383.22284,2,1680,1050
19,2,10543,1779746383.2395,2,1680,1050
19,2,10544,1779746383.25617,2,1680,1050
19,2,10545,1779746383.27283,2,1680,1050
19,2,10546,1779746383.2895,2,1680,1050
19,2,10547,1779746383.30617,2,1680,1050
19,2,10548,1779746383.32283,2,1680,1050
19,2,10549,1779746383.3395,2,1680,1050
19,2,10550,1779746383.35616,2,1680,1050
19,2,10551,1779746383.37283,2,1680,1050
19,2,10552,1779746383.3895,2,1680,1050
19,2,10553,1779746383.40616,2,1680,1050
19,2,10554,1779746383.42283,2,1680,1050
19,2,10555,1779746383.43949,2,1680,1050
19,2,10556,1779746383.45616,2,1680,1050
19,2,10557,1779746383.47283,2,1680,1050
19,2,10558,1779746383.48949,2,1680,1050
19,2,10559,1779746383.50616,2,1680,1050
19,2,10560,1779746383.52283,2,1680,1050
19,2,10561,1779746383.53949,2,1680,1050
19,2,10562,1779746383.55616,2,1680,1050
19,2,10563,1779746383.57282,2,1680,1050
19,2,10564,1779746383.58949,2,1680,1050
19,2,10565,1779746383.60616,2,1680,1050
19,2,10566,1779746383.62282,2,1680,1050
19,2,10567,1779746383.63949,2,1680,1050
19,2,10568,1779746383.65615,2,1680,1050
19,2,10569,1779746383.67282,2,1680,1050
19,2,10570,1779746383.68949,2,1680,1050
19,2,10571,1779746383.70615,2,1680,1050
19,2,10572,1779746383.72282,2,1680,1050
19,2,10573,1779746383.73948,2,1680,1050
19,2,10574,1779746383.75615,2,1680,1050
19,2,10575,1779746383.77282,2,1680,1050
19,2,10576,1779746383.78948,2,1680,1050
19,2,10577,1779746383.80615,2,1680,1050
19,2,10578,1779746383.82281,2,1680,1050
19,2,10579,1779746383.83948,2,1680,1050
19,2,10580,1779746383.85615,2,1680,1050
19,2,10581,1779746383.87281,2,1680,1050
19,2,10582,1779746383.88948,2,1680,1050
19,2,10583,1779746383.90615,2,1680,1050
19,2,10584,1779746383.92281,2,1680,1050
19,2,10585,1779746383.93948,2,1680,1050
19,2,10586,1779746383.95614,2,1680,1050
19,2,10587,1779746383.97281,2,1680,1050
19,2,10588,1779746383.98947,2,1680,1050
19,2,10589,1779746384.00614,2,1680,1050
19,2,10590,1779746384.02281,2,1680,1050
19,2,10591,1779746384.03947,2,1680,1050
19,2,10592,1779746384.05614,2,1680,1050
19,2,10593,1779746384.07281,2,1680,1050
19,2,10594,1779746384.08947,2,1680,1050
19,2,10595,1779746384.10614,2,1680,1050
19,2,10596,1779746384.1228,2,1680,1050
19,2,10597,1779746384.13947,2,1680,1050
19,2,10598,1779746384.15614,2,1680,1050
19,2,10599,1779746384.1728,2,1680,1050
19,2,10600,1779746384.18947,2,1680,1050
19,2,10601,1779746384.20613,2,1680,1050
19,2,10602,1779746384.2228,2,1680,1050
19,2,10603,1779746384.23947,2,1680,1050
19,2,10604,1779746384.25613,2,1680,1050
19,2,10605,1779746384.2728,2,1680,1050
19,2,10606,1779746384.28947,2,1680,1050
19,2,10607,1779746384.30613,2,1680,1050
19,2,10608,1779746384.3228,2,1680,1050
19,2,10609,1779746384.33946,2,1680,1050
19,2,10610,1779746384.35613,2,1680,1050
19,2,10611,1779746384.3728,2,1680,1050
19,2,10612,1779746384.38946,2,1680,1050
19,2,10613,1779746384.40613,2,1680,1050
19,2,10614,1779746384.42279,2,1680,1050
19,2,10615,1779746384.43946,2,1680,1050
19,2,10616,1779746384.45613,2,1680,1050
19,2,10617,1779746384.47279,2,1680,1050
19,2,10618,1779746384.48946,2,1680,1050
19,2,10619,1779746384.50612,2,1680,1050
19,2,10620,1779746384.52279,2,1680,1050
19,2,10621,1779746384.53946,2,1680,1050
19,2,10622,1779746384.55612,2,1680,1050
19,2,10623,1779746384.57279,2,1680,1050
19,2,10624,1779746384.58945,2,1680,1050
19,2,10625,1779746384.60612,2,1680,1050
19,2,10626,1779746384.62279,2,1680,1050
19,2,10627,1779746384.63945,2,1680,1050
19,2,10628,1779746384.65612,2,1680,1050
19,2,10629,1779746384.67279,2,1680,1050
19,2,10630,1779746384.68945,2,1680,1050
19,2,10631,1779746384.70612,2,1680,1050
19,2,10632,1779746384.72278,2,1680,1050
19,2,10633,1779746384.73945,2,1680,1050
19,2,10634,1779746384.75612,2,1680,1050
19,2,10635,1779746384.77278,2,1680,1050
19,2,10636,1779746384.78945,2,1680,1050
19,2,10637,1779746384.80611,2,1680,1050
19,2,10638,1779746384.82278,2,1680,1050
19,2,10639,1779746384.83945,2,1680,1050
19,2,10640,1779746384.85611,2,1680,1050
19,2,10641,1779746384.87278,2,1680,1050
19,2,10642,1779746384.88944,2,1680,1050
19,2,10643,1779746384.90611,2,1680,1050
19,2,10644,1779746384.92278,2,1680,1050
19,2,10645,1779746384.93944,2,1680,1050
19,2,10646,1779746384.95611,2,1680,1050
19,2,10647,1779746384.97277,2,1680,1050
19,2,10648,1779746384.98944,2,1680,1050
19,2,10649,1779746385.00611,2,1680,1050
19,2,10650,1779746385.02277,2,1680,1050
19,2,10651,1779746385.03944,2,1680,1050
19,2,10652,1779746385.05611,2,1680,1050
19,2,10653,1779746385.07277,2,1680,1050
19,2,10654,1779746385.08944,2,1680,1050
19,2,10655,1779746385.1061,2,1680,1050
19,2,10656,1779746385.12277,2,1680,1050
19,2,10657,1779746385.13943,2,1680,1050
19,2,10658,1779746385.1561,2,1680,1050
19,2,10659,1779746385.17277,2,1680,1050
19,2,10660,1779746385.18943,2,1680,1050
19,2,10661,1779746385.2061,2,1680,1050
19,2,10662,1779746385.22277,2,1680,1050
19,2,10663,1779746385.23943,2,1680,1050
19,2,10664,1779746385.2561,2,1680,1050
19,2,10665,1779746385.27276,2,1680,1050
19,2,10666,1779746385.28943,2,1680,1050
19,2,10667,1779746385.3061,2,1680,1050
19,2,10668,1779746385.32276,2,1680,1050
19,2,10669,1779746385.33943,2,1680,1050
19,2,10670,1779746385.35609,2,1680,1050
19,2,10671,1779746385.37276,2,1680,1050
19,2,10672,1779746385.38943,2,1680,1050
19,2,10673,1779746385.40609,2,1680,1050
19,2,10674,1779746385.42276,2,1680,1050
19,2,10675,1779746385.43943,2,1680,1050
19,2,10676,1779746385.45609,2,1680,1050
19,2,10677,1779746385.47276,2,1680,1050
19,2,10678,1779746385.48942,2,1680,1050
19,2,10679,1779746385.50609,2,1680,1050
19,2,10680,1779746385.52276,2,1680,1050
19,2,10681,1779746385.53942,2,1680,1050
19,2,10682,1779746385.55609,2,1680,1050
19,2,10683,1779746385.57275,2,1680,1050
19,2,10684,1779746385.58942,2,1680,1050
19,2,10685,1779746385.60609,2,1680,1050
19,2,10686,1779746385.62275,2,1680,1050
19,2,10687,1779746385.63942,2,1680,1050
19,2,10688,1779746385.65608,2,1680,1050
19,2,10689,1779746385.67275,2,1680,1050
19,2,10690,1779746385.68942,2,1680,1050
19,2,10691,1779746385.70608,2,1680,1050
19,2,10692,1779746385.72275,2,1680,1050
19,2,10693,1779746385.73941,2,1680,1050
19,2,10694,1779746385.75608,2,1680,1050
19,2,10695,1779746385.77275,2,1680,1050
19,2,10696,1779746385.78941,2,1680,1050
19,2,10697,1779746385.80608,2,1680,1050
19,2,10698,1779746385.82275,2,1680,1050
19,2,10699,1779746385.83941,2,1680,1050
19,2,10700,1779746385.85608,2,1680,1050
19,2,10701,1779746385.87274,2,1680,1050
19,2,10702,1779746385.88941,2,1680,1050
19,2,10703,1779746385.90607,2,1680,1050
19,2,10704,1779746385.92274,2,1680,1050
19,2,10705,1779746385.93941,2,1680,1050
19,2,10706,1779746385.95607,2,1680,1050
19,2,10707,1779746385.97274,2,1680,1050
19,2,10708,1779746385.98941,2,1680,1050
19,2,10709,1779746386.00607,2,1680,1050
19,2,10710,1779746386.0394,2,1680,1050
19,2,10711,1779746386.05607,2,1680,1050
19,2,10712,1779746386.07274,2,1680,1050
19,2,10713,1779746386.0894,2,1680,1050
19,2,10714,1779746386.10607,2,1680,1050
19,2,10715,1779746386.12273,2,1680,1050
19,2,10716,1779746386.1394,2,1680,1050
19,2,10717,1779746386.15607,2,1680,1050
19,2,10718,1779746386.17273,2,1680,1050
19,2,10719,1779746386.1894,2,1680,1050
19,2,10720,1779746386.20607,2,1680,1050
19,2,10721,1779746386.22273,2,1680,1050
19,2,10722,1779746386.2394,2,1680,1050
19,2,10723,1779746386.25606,2,1680,1050
19,2,10724,1779746386.27273,2,1680,1050
19,2,10725,1779746386.2894,2,1680,1050
19,2,10726,1779746386.30606,2,1680,1050
19,2,10727,1779746386.32273,2,1680,1050
19,2,10728,1779746386.33939,2,1680,1050
19,2,10729,1779746386.35606,2,1680,1050
19,2,10730,1779746386.37273,2,1680,1050
19,2,10731,1779746386.38939,2,1680,1050
19,2,10732,1779746386.40606,2,1680,1050
19,2,10733,1779746386.42272,2,1680,1050
19,2,10734,1779746386.43939,2,1680,1050
19,2,10735,1779746386.45606,2,1680,1050
19,2,10736,1779746386.47272,2,1680,1050
19,2,10737,1779746386.48939,2,1680,1050
19,2,10738,1779746386.50605,2,1680,1050
19,2,10739,1779746386.52272,2,1680,1050
19,2,10740,1779746386.53939,2,1680,1050
19,2,10741,1779746386.55605,2,1680,1050
19,2,10742,1779746386.57272,2,1680,1050
19,2,10743,1779746386.58939,2,1680,1050
19,2,10744,1779746386.60605,2,1680,1050
19,2,10745,1779746386.62272,2,1680,1050
19,2,10746,1779746386.63938,2,1680,1050
19,2,10747,1779746386.65605,2,1680,1050
19,2,10748,1779746386.67271,2,1680,1050
19,2,10749,1779746386.68938,2,1680,1050
19,2,10750,1779746386.70605,2,1680,1050
19,2,10751,1779746386.72271,2,1680,1050
19,2,10752,1779746386.73938,2,1680,1050
19,2,10753,1779746386.75605,2,1680,1050
19,2,10754,1779746386.77271,2,1680,1050
19,2,10755,1779746386.78938,2,1680,1050
19,2,10756,1779746386.80604,2,1680,1050
19,2,10757,1779746386.82271,2,1680,1050
19,2,10758,1779746386.83938,2,1680,1050
19,2,10759,1779746386.85604,2,1680,1050
19,2,10760,1779746386.87271,2,1680,1050
19,2,10761,1779746386.88937,2,1680,1050
19,2,10762,1779746386.90604,2,1680,1050
19,2,10763,1779746386.92271,2,1680,1050
19,2,10764,1779746386.93937,2,1680,1050
19,2,10765,1779746386.95604,2,1680,1050
19,2,10766,1779746386.97271,2,1680,1050
19,2,10767,1779746386.98937,2,1680,1050
19,2,10768,1779746387.00604,2,1680,1050
19,2,10769,1779746387.0227,2,1680,1050
19,2,10770,1779746387.03937,2,1680,1050
19,2,10771,1779746387.05603,2,1680,1050
19,2,10772,1779746387.0727,2,1680,1050
19,2,10773,1779746387.08937,2,1680,1050
19,2,10774,1779746387.10603,2,1680,1050
19,2,10775,1779746387.1227,2,1680,1050
19,2,10776,1779746387.13937,2,1680,1050
19,2,10777,1779746387.15603,2,1680,1050
19,2,10778,1779746387.1727,2,1680,1050
19,2,10779,1779746387.18936,2,1680,1050
19,2,10780,1779746387.20603,2,1680,1050
19,2,10781,1779746387.2227,2,1680,1050
19,2,10782,1779746387.23936,2,1680,1050
19,2,10783,1779746387.25603,2,1680,1050
19,2,10784,1779746387.27269,2,1680,1050
19,2,10785,1779746387.28936,2,1680,1050
19,2,10786,1779746387.30603,2,1680,1050
19,2,10787,1779746387.32269,2,1680,1050
19,2,10788,1779746387.33936,2,1680,1050
19,2,10789,1779746387.35603,2,1680,1050
19,2,10790,1779746387.37269,2,1680,1050
19,2,10791,1779746387.38936,2,1680,1050
19,2,10792,1779746387.40602,2,1680,1050
19,2,10793,1779746387.42269,2,1680,1050
19,2,10794,1779746387.43935,2,1680,1050
19,2,10795,1779746387.45602,2,1680,1050
19,2,10796,1779746387.47269,2,1680,1050
19,2,10797,1779746387.48935,2,1680,1050
19,2,10798,1779746387.50602,2,1680,1050
19,2,10799,1779746387.52269,2,1680,1050
19,2,10800,1779746387.53935,2,1680,1050
19,2,10801,1779746387.55602,2,1680,1050
19,2,10802,1779746387.57268,2,1680,1050
19,2,10803,1779746387.58935,2,1680,1050
19,2,10804,1779746387.60602,2,1680,1050
19,2,10805,1779746387.62268,2,1680,1050
19,2,10806,1779746387.63935,2,1680,1050
19,2,10807,1779746387.65601,2,1680,1050
19,2,10808,1779746387.67268,2,1680,1050
19,2,10809,1779746387.68935,2,1680,1050
19,2,10810,1779746387.70601,2,1680,1050
19,2,10811,1779746387.72268,2,1680,1050
19,2,10812,1779746387.73935,2,1680,1050
19,2,10813,1779746387.75601,2,1680,1050
19,2,10814,1779746387.77268,2,1680,1050
19,2,10815,1779746387.78934,2,1680,1050
19,2,10816,1779746387.80601,2,1680,1050
19,2,10817,1779746387.82268,2,1680,1050
19,2,10818,1779746387.83934,2,1680,1050
19,2,10819,1779746387.85601,2,1680,1050
19,2,10820,1779746387.87267,2,1680,1050
19,2,10821,1779746387.88934,2,1680,1050
19,2,10822,1779746387.90601,2,1680,1050
19,2,10823,1779746387.92267,2,1680,1050
19,2,10824,1779746387.93934,2,1680,1050
19,2,10825,1779746387.956,2,1680,1050
19,2,10826,1779746387.97267,2,1680,1050
19,2,10827,1779746387.98934,2,1680,1050
19,2,10828,1779746388.006,2,1680,1050
19,2,10829,1779746388.02267,2,1680,1050
19,2,10830,1779746388.03934,2,1680,1050
19,2,10831,1779746388.056,2,1680,1050
19,2,10832,1779746388.07267,2,1680,1050
19,2,10833,1779746388.08933,2,1680,1050
19,2,10834,1779746388.106,2,1680,1050
19,2,10835,1779746388.12266,2,1680,1050
19,2,10836,1779746388.13933,2,1680,1050
19,2,10837,1779746388.156,2,1680,1050
19,2,10838,1779746388.17266,2,1680,1050
19,2,10839,1779746388.18933,2,1680,1050
19,2,10840,1779746388.206,2,1680,1050
19,2,10841,1779746388.22266,2,1680,1050
19,2,10842,1779746388.23933,2,1680,1050
19,2,10843,1779746388.25599,2,1680,1050
19,2,10844,1779746388.27266,2,1680,1050
19,2,10845,1779746388.28933,2,1680,1050
19,2,10846,1779746388.30599,2,1680,1050
19,2,10847,1779746388.32266,2,1680,1050
19,2,10848,1779746388.33932,2,1680,1050
19,2,10849,1779746388.35599,2,1680,1050
19,2,10850,1779746388.37266,2,1680,1050
19,2,10851,1779746388.38932,2,1680,1050
19,2,10852,1779746388.40599,2,1680,1050
19,2,10853,1779746388.42265,2,1680,1050
19,2,10854,1779746388.43932,2,1680,1050
19,2,10855,1779746388.45599,2,1680,1050
19,2,10856,1779746388.47265,2,1680,1050
19,2,10857,1779746388.48932,2,1680,1050
19,2,10858,1779746388.50598,2,1680,1050
19,2,10859,1779746388.52265,2,1680,1050
19,2,10860,1779746388.53932,2,1680,1050
19,2,10861,1779746388.55598,2,1680,1050
19,2,10862,1779746388.57265,1,1680,1050
19,2,10863,1779746388.58932,1,1680,1050
19,2,10864,1779746388.60598,1,1680,1050
19,2,10865,1779746388.62265,1,1680,1050
19,2,10866,1779746388.63931,1,1680,1050
19,2,10867,1779746388.65598,1,1680,1050
19,2,10868,1779746388.67265,1,1680,1050
19,2,10869,1779746388.68931,1,1680,1050
19,2,10870,1779746388.70598,1,1680,1050
19,2,10871,1779746388.72264,1,1680,1050
19,2,10872,1779746388.73931,1,1680,1050
19,2,10873,1779746388.75598,1,1680,1050
19,2,10874,1779746388.77264,1,1680,1050
19,2,10875,1779746388.78931,1,1680,1050
19,2,10876,1779746388.80597,1,1680,1050
19,2,10877,1779746388.82264,1,1680,1050
19,2,10878,1779746388.83931,1,1680,1050
19,2,10879,1779746388.85597,1,1680,1050
19,2,10880,1779746388.87264,1,1680,1050
19,2,10881,1779746388.8893,1,1680,1050
19,2,10882,1779746388.90597,1,1680,1050
19,2,10883,1779746388.92264,1,1680,1050
19,2,10884,1779746388.9393,1,1680,1050
19,2,10885,1779746388.95597,1,1680,1050
19,2,10886,1779746388.97264,1,1680,1050
19,2,10887,1779746388.9893,1,1680,1050
19,2,10888,1779746389.00597,1,1680,1050
19,2,10889,1779746389.02263,1,1680,1050
19,2,10890,1779746389.0393,1,1680,1050
19,2,10891,1779746389.05597,1,1680,1050
19,2,10892,1779746389.07263,1,1680,1050
19,2,10893,1779746389.0893,1,1680,1050
19,2,10894,1779746389.10596,1,1680,1050
19,2,10895,1779746389.12263,1,1680,1050
19,2,10896,1779746389.1393,1,1680,1050
19,2,10897,1779746389.15596,1,1680,1050
19,2,10898,1779746389.17263,1,1680,1050
19,2,10899,1779746389.18929,1,1680,1050
19,2,10900,1779746389.20596,1,1680,1050
19,2,10901,1779746389.22263,1,1680,1050
19,2,10902,1779746389.23929,1,1680,1050
19,2,10903,1779746389.25596,1,1680,1050
19,2,10904,1779746389.27263,1,1680,1050
19,2,10905,1779746389.28929,1,1680,1050
19,2,10906,1779746389.30596,1,1680,1050
19,2,10907,1779746389.32262,1,1680,1050
19,2,10908,1779746389.33929,1,1680,1050
19,2,10909,1779746389.35596,1,1680,1050
19,2,10910,1779746389.37262,1,1680,1050
19,2,10911,1779746389.38929,1,1680,1050
19,2,10912,1779746389.40595,1,1680,1050
19,2,10913,1779746389.42262,1,1680,1050
19,2,10914,1779746389.43929,1,1680,1050
19,2,10915,1779746389.45595,1,1680,1050
19,2,10916,1779746389.47262,1,1680,1050
19,2,10917,1779746389.48928,1,1680,1050
19,2,10918,1779746389.50595,1,1680,1050
19,2,10919,1779746389.52262,1,1680,1050
19,2,10920,1779746389.53928,1,1680,1050
19,2,10921,1779746389.55595,1,1680,1050
19,2,10922,1779746389.57261,1,1680,1050
19,2,10923,1779746389.58928,1,1680,1050
19,2,10924,1779746389.60595,1,1680,1050
19,2,10925,1779746389.62261,1,1680,1050
19,2,10926,1779746389.63928,1,1680,1050
19,2,10927,1779746389.65594,1,1680,1050
19,2,10928,1779746389.67261,1,1680,1050
19,2,10929,1779746389.68928,1,1680,1050
19,2,10930,1779746389.70594,1,1680,1050
19,2,10931,1779746389.72261,1,1680,1050
19,2,10932,1779746389.73928,1,1680,1050
19,2,10933,1779746389.75594,1,1680,1050
19,2,10934,1779746389.77261,1,1680,1050
19,2,10935,1779746389.78927,1,1680,1050
19,2,10936,1779746389.80594,1,1680,1050
19,2,10937,1779746389.82261,1,1680,1050
19,2,10938,1779746389.83927,1,1680,1050
19,2,10939,1779746389.85594,1,1680,1050
19,2,10940,1779746389.8726,1,1680,1050
19,2,10941,1779746389.88927,1,1680,1050
19,2,10942,1779746389.90594,1,1680,1050
19,2,10943,1779746389.9226,1,1680,1050
19,2,10944,1779746389.93927,1,1680,1050
19,2,10945,1779746389.95593,1,1680,1050
19,2,10946,1779746389.9726,1,1680,1050
19,2,10947,1779746389.98927,1,1680,1050
19,2,10948,1779746390.00593,1,1680,1050
19,2,10949,1779746390.0226,1,1680,1050
19,2,10950,1779746390.03926,1,1680,1050
19,2,10951,1779746390.05593,1,1680,1050
19,2,10952,1779746390.0726,1,1680,1050
19,2,10953,1779746390.08926,1,1680,1050
19,2,10954,1779746390.10593,1,1680,1050
19,2,10955,1779746390.1226,1,1680,1050
19,2,10956,1779746390.13926,1,1680,1050
19,2,10957,1779746390.15593,1,1680,1050
19,2,10958,1779746390.17259,1,1680,1050
19,2,10959,1779746390.18926,1,1680,1050
19,2,10960,1779746390.20593,1,1680,1050
19,2,10961,1779746390.22259,1,1680,1050
19,2,10962,1779746390.23926,1,1680,1050
19,2,10963,1779746390.25592,1,1680,1050
19,2,10964,1779746390.27259,1,1680,1050
19,2,10965,1779746390.28926,1,1680,1050
19,2,10966,1779746390.30592,1,1680,1050
19,2,10967,1779746390.32259,1,1680,1050
19,2,10968,1779746390.33925,1,1680,1050
19,2,10969,1779746390.35592,1,1680,1050
19,2,10970,1779746390.37259,1,1680,1050
19,2,10971,1779746390.38925,1,1680,1050
19,2,10972,1779746390.40592,1,1680,1050
19,2,10973,1779746390.42258,1,1680,1050
19,2,10974,1779746390.43925,1,1680,1050
19,2,10975,1779746390.45592,1,1680,1050
19,2,10976,1779746390.47258,1,1680,1050
19,2,10977,1779746390.48925,1,1680,1050
19,2,10978,1779746390.50591,1,1680,1050
19,2,10979,1779746390.52258,1,1680,1050
19,2,10980,1779746390.53925,1,1680,1050
19,2,10981,1779746390.55591,1,1680,1050
19,2,10982,1779746390.57258,1,1680,1050
19,2,10983,1779746390.58925,1,1680,1050
19,2,10984,1779746390.60591,1,1680,1050
19,2,10985,1779746390.62258,1,1680,1050
19,2,10986,1779746390.63924,1,1680,1050
19,2,10987,1779746390.65591,1,1680,1050
19,2,10988,1779746390.67258,1,1680,1050
19,2,10989,1779746390.68924,1,1680,1050
19,2,10990,1779746390.70591,1,1680,1050
19,2,10991,1779746390.72257,1,1680,1050
19,2,10992,1779746390.73924,1,1680,1050
19,2,10993,1779746390.75591,1,1680,1050
19,2,10994,1779746390.77257,1,1680,1050
19,2,10995,1779746390.78924,1,1680,1050
19,2,10996,1779746390.8059,1,1680,1050
19,2,10997,1779746390.82257,1,1680,1050
19,2,10998,1779746390.83924,1,1680,1050
19,2,10999,1779746390.8559,1,1680,1050
19,2,11000,1779746390.87257,1,1680,1050
19,2,11001,1779746390.88924,1,1680,1050
19,2,11002,1779746390.9059,1,1680,1050
19,2,11003,1779746390.92257,1,1680,1050
19,2,11004,1779746390.93923,1,1680,1050
19,2,11005,1779746390.9559,1,1680,1050
19,2,11006,1779746390.97256,1,1680,1050
19,2,11007,1779746390.98923,1,1680,1050
19,2,11008,1779746391.0059,1,1680,1050
19,2,11009,1779746391.02256,1,1680,1050
19,2,11010,1779746391.03923,1,1680,1050
19,2,11011,1779746391.0559,1,1680,1050
19,2,11012,1779746391.07256,1,1680,1050
19,2,11013,1779746391.08923,1,1680,1050
19,2,11014,1779746391.10589,1,1680,1050
19,2,11015,1779746391.12256,1,1680,1050
19,2,11016,1779746391.13923,1,1680,1050
19,2,11017,1779746391.15589,1,1680,1050
19,2,11018,1779746391.17256,1,1680,1050
19,2,11019,1779746391.18922,1,1680,1050
19,2,11020,1779746391.20589,1,1680,1050
19,2,11021,1779746391.22256,1,1680,1050
19,2,11022,1779746391.23922,1,1680,1050
19,2,11023,1779746391.25589,1,1680,1050
19,2,11024,1779746391.27256,1,1680,1050
19,2,11025,1779746391.28922,1,1680,1050
19,2,11026,1779746391.30589,1,1680,1050
19,2,11027,1779746391.32255,1,1680,1050
19,2,11028,1779746391.33922,1,1680,1050
19,2,11029,1779746391.35589,1,1680,1050
19,2,11030,1779746391.37255,1,1680,1050
19,2,11031,1779746391.38922,1,1680,1050
19,2,11032,1779746391.40588,1,1680,1050
19,2,11033,1779746391.42255,1,1680,1050
19,2,11034,1779746391.43922,1,1680,1050
19,2,11035,1779746391.45588,1,1680,1050
19,2,11036,1779746391.47255,1,1680,1050
19,2,11037,1779746391.48921,1,1680,1050
19,2,11038,1779746391.50588,1,1680,1050
19,2,11039,1779746391.52255,1,1680,1050
19,2,11040,1779746391.53921,1,1680,1050
19,2,11041,1779746391.55588,1,1680,1050
19,2,11042,1779746391.57255,1,1680,1050
19,2,11043,1779746391.58921,1,1680,1050
19,2,11044,1779746391.60588,1,1680,1050
19,2,11045,1779746391.62254,1,1680,1050
19,2,11046,1779746391.63921,1,1680,1050
19,2,11047,1779746391.65587,1,1680,1050
19,2,11048,1779746391.67254,1,1680,1050
19,2,11049,1779746391.68921,1,1680,1050
19,2,11050,1779746391.70587,1,1680,1050
19,2,11051,1779746391.72254,1,1680,1050
19,2,11052,1779746391.73921,1,1680,1050
19,2,11053,1779746391.75587,1,1680,1050
19,2,11054,1779746391.77254,1,1680,1050
19,2,11055,1779746391.7892,1,1680,1050
19,2,11056,1779746391.80587,1,1680,1050
19,2,11057,1779746391.82254,1,1680,1050
19,2,11058,1779746391.8392,1,1680,1050
19,2,11059,1779746391.85587,1,1680,1050
19,2,11060,1779746391.87253,1,1680,1050
19,2,11061,1779746391.8892,1,1680,1050
19,2,11062,1779746391.90587,1,1680,1050
19,2,11063,1779746391.92253,1,1680,1050
19,2,11064,1779746391.9392,1,1680,1050
19,2,11065,1779746391.95587,1,1680,1050
19,2,11066,1779746391.97253,1,1680,1050
19,2,11067,1779746391.9892,1,1680,1050
19,2,11068,1779746392.00586,1,1680,1050
19,2,11069,1779746392.02253,1,1680,1050
19,2,11070,1779746392.0392,1,1680,1050
19,2,11071,1779746392.05586,1,1680,1050
19,2,11072,1779746392.07253,1,1680,1050
19,2,11073,1779746392.08919,1,1680,1050
19,2,11074,1779746392.10586,1,1680,1050
19,2,11075,1779746392.12253,1,1680,1050
19,2,11076,1779746392.13919,1,1680,1050
19,2,11077,1779746392.15586,1,1680,1050
19,2,11078,1779746392.17252,1,1680,1050
19,2,11079,1779746392.18919,1,1680,1050
19,2,11080,1779746392.20586,1,1680,1050
19,2,11081,1779746392.22252,1,1680,1050
19,2,11082,1779746392.23919,1,1680,1050
19,2,11083,1779746392.25585,1,1680,1050
19,2,11084,1779746392.27252,1,1680,1050
19,2,11085,1779746392.28919,1,1680,1050
19,2,11086,1779746392.30585,1,1680,1050
19,2,11087,1779746392.32252,1,1680,1050
19,2,11088,1779746392.33918,1,1680,1050
19,2,11089,1779746392.35585,1,1680,1050
19,2,11090,1779746392.37252,1,1680,1050
19,2,11091,1779746392.38918,1,1680,1050
19,2,11092,1779746392.40585,1,1680,1050
19,2,11093,1779746392.42252,1,1680,1050
19,2,11094,1779746392.43918,1,1680,1050
19,2,11095,1779746392.45585,1,1680,1050
19,2,11096,1779746392.47251,1,1680,1050
19,2,11097,1779746392.48918,1,1680,1050
19,2,11098,1779746392.50585,1,1680,1050
19,2,11099,1779746392.52251,1,1680,1050
19,2,11100,1779746392.53918,1,1680,1050
19,2,11101,1779746392.55584,1,1680,1050
19,2,11102,1779746392.57251,2,1680,1050
19,2,11103,1779746392.58918,2,1680,1050
19,2,11104,1779746392.60584,2,1680,1050
19,2,11105,1779746392.62251,2,1680,1050
19,2,11106,1779746392.63917,2,1680,1050
19,2,11107,1779746392.65584,2,1680,1050
19,2,11108,1779746392.67251,2,1680,1050
19,2,11109,1779746392.68917,2,1680,1050
19,2,11110,1779746392.70584,2,1680,1050
19,2,11111,1779746392.7225,2,1680,1050
19,2,11112,1779746392.73917,2,1680,1050
19,2,11113,1779746392.75584,2,1680,1050
19,2,11114,1779746392.7725,2,1680,1050
19,2,11115,1779746392.78917,2,1680,1050
19,2,11116,1779746392.80584,2,1680,1050
19,2,11117,1779746392.8225,2,1680,1050
19,2,11118,1779746392.83917,2,1680,1050
19,2,11119,1779746392.85583,2,1680,1050
19,2,11120,1779746392.8725,2,1680,1050
19,2,11121,1779746392.88917,2,1680,1050
19,2,11122,1779746392.90583,2,1680,1050
19,2,11123,1779746392.9225,2,1680,1050
19,2,11124,1779746392.93916,2,1680,1050
19,2,11125,1779746392.95583,2,1680,1050
19,2,11126,1779746392.9725,2,1680,1050
19,2,11127,1779746392.98916,2,1680,1050
19,2,11128,1779746393.00583,2,1680,1050
19,2,11129,1779746393.0225,2,1680,1050
19,2,11130,1779746393.03916,2,1680,1050
19,2,11131,1779746393.05583,2,1680,1050
19,2,11132,1779746393.07249,2,1680,1050
19,2,11133,1779746393.08916,2,1680,1050
19,2,11134,1779746393.10582,2,1680,1050
19,2,11135,1779746393.12249,2,1680,1050
19,2,11136,1779746393.13916,2,1680,1050
19,2,11137,1779746393.15582,2,1680,1050
19,2,11138,1779746393.17249,2,1680,1050
19,2,11139,1779746393.18916,2,1680,1050
19,2,11140,1779746393.20582,2,1680,1050
19,2,11141,1779746393.22249,2,1680,1050
19,2,11142,1779746393.23915,2,1680,1050
19,2,11143,1779746393.25582,2,1680,1050
19,2,11144,1779746393.27249,2,1680,1050
19,2,11145,1779746393.28915,2,1680,1050
19,2,11146,1779746393.30582,2,1680,1050
19,2,11147,1779746393.32248,2,1680,1050
19,2,11148,1779746393.33915,2,1680,1050
19,2,11149,1779746393.35582,2,1680,1050
19,2,11150,1779746393.37248,2,1680,1050
19,2,11151,1779746393.38915,2,1680,1050
19,2,11152,1779746393.40581,2,1680,1050
19,2,11153,1779746393.42248,2,1680,1050
19,2,11154,1779746393.43915,2,1680,1050
19,2,11155,1779746393.45581,2,1680,1050
19,2,11156,1779746393.47248,2,1680,1050
19,2,11157,1779746393.48914,2,1680,1050
19,2,11158,1779746393.50581,2,1680,1050
19,2,11159,1779746393.52248,2,1680,1050
19,2,11160,1779746393.53914,2,1680,1050
19,2,11161,1779746393.55581,2,1680,1050
19,2,11162,1779746393.57247,2,1680,1050
19,2,11163,1779746393.58914,2,1680,1050
19,2,11164,1779746393.60581,2,1680,1050
19,2,11165,1779746393.62247,2,1680,1050
19,2,11166,1779746393.63914,2,1680,1050
19,2,11167,1779746393.65581,2,1680,1050
19,2,11168,1779746393.67247,2,1680,1050
19,2,11169,1779746393.68914,2,1680,1050
19,2,11170,1779746393.7058,2,1680,1050
19,2,11171,1779746393.72247,2,1680,1050
19,2,11172,1779746393.73914,2,1680,1050
19,2,11173,1779746393.7558,2,1680,1050
19,2,11174,1779746393.77247,2,1680,1050
19,2,11175,1779746393.78913,2,1680,1050
19,2,11176,1779746393.8058,2,1680,1050
19,2,11177,1779746393.82247,2,1680,1050
19,2,11178,1779746393.83913,2,1680,1050
19,2,11179,1779746393.8558,2,1680,1050
19,2,11180,1779746393.87246,2,1680,1050
19,2,11181,1779746393.88913,2,1680,1050
19,2,11182,1779746393.9058,2,1680,1050
19,2,11183,1779746393.92246,2,1680,1050
19,2,11184,1779746393.93913,2,1680,1050
19,2,11185,1779746393.9558,2,1680,1050
19,2,11186,1779746393.97246,2,1680,1050
19,2,11187,1779746393.98913,2,1680,1050
19,2,11188,1779746394.00579,2,1680,1050
19,2,11189,1779746394.02246,2,1680,1050
19,2,11190,1779746394.03912,2,1680,1050
19,2,11191,1779746394.05579,2,1680,1050
19,2,11192,1779746394.07246,2,1680,1050
19,2,11193,1779746394.08912,2,1680,1050
19,2,11194,1779746394.10579,2,1680,1050
19,2,11195,1779746394.12246,2,1680,1050
19,2,11196,1779746394.13912,2,1680,1050
19,2,11197,1779746394.15579,2,1680,1050
19,2,11198,1779746394.17245,2,1680,1050
19,2,11199,1779746394.18912,2,1680,1050
19,2,11200,1779746394.20579,2,1680,1050
19,2,11201,1779746394.22245,2,1680,1050
19,2,11202,1779746394.23912,2,1680,1050
19,2,11203,1779746394.25578,2,1680,1050
19,2,11204,1779746394.27245,2,1680,1050
19,2,11205,1779746394.28912,2,1680,1050
19,2,11206,1779746394.30578,2,1680,1050
19,2,11207,1779746394.32245,2,1680,1050
19,2,11208,1779746394.33912,2,1680,1050
19,2,11209,1779746394.35578,2,1680,1050
19,2,11210,1779746394.37245,2,1680,1050
19,2,11211,1779746394.38911,2,1680,1050
19,2,11212,1779746394.40578,2,1680,1050
19,2,11213,1779746394.42245,2,1680,1050
19,2,11214,1779746394.43911,2,1680,1050
19,2,11215,1779746394.45578,2,1680,1050
19,2,11216,1779746394.47244,2,1680,1050
19,2,11217,1779746394.48911,2,1680,1050
19,2,11218,1779746394.50578,2,1680,1050
19,2,11219,1779746394.52244,2,1680,1050
19,2,11220,1779746394.53911,2,1680,1050
19,2,11221,1779746394.55577,2,1680,1050
19,2,11222,1779746394.57244,2,1680,1050
19,2,11223,1779746394.58911,2,1680,1050
19,2,11224,1779746394.60577,2,1680,1050
19,2,11225,1779746394.62244,2,1680,1050
19,2,11226,1779746394.6391,2,1680,1050
19,2,11227,1779746394.65577,2,1680,1050
19,2,11228,1779746394.67244,2,1680,1050
19,2,11229,1779746394.6891,2,1680,1050
19,2,11230,1779746394.70577,2,1680,1050
19,2,11231,1779746394.7391,2,1680,1050
19,2,11232,1779746394.75577,2,1680,1050
19,2,11233,1779746394.77243,2,1680,1050
19,2,11234,1779746394.7891,2,1680,1050
19,2,11235,1779746394.80577,2,1680,1050
19,2,11236,1779746394.82243,2,1680,1050
19,2,11237,1779746394.8391,2,1680,1050
19,2,11238,1779746394.85576,2,1680,1050
19,2,11239,1779746394.87243,2,1680,1050
19,2,11240,1779746394.8891,2,1680,1050
19,2,11241,1779746394.90576,2,1680,1050
19,2,11242,1779746394.92245,2,1680,1050
19,2,11243,1779746394.93909,2,1680,1050
19,2,11244,1779746394.95576,2,1680,1050
19,2,11245,1779746394.97243,2,1680,1050
19,2,11246,1779746394.98909,2,1680,1050
19,2,11247,1779746395.00576,2,1680,1050
19,2,11248,1779746395.02242,2,1680,1050
19,2,11249,1779746395.03909,2,1680,1050
19,2,11250,1779746395.05576,2,1680,1050
19,2,11251,1779746395.07242,2,1680,1050
19,2,11252,1779746395.08909,2,1680,1050
19,2,11253,1779746395.10576,2,1680,1050
19,2,11254,1779746395.12242,2,1680,1050
19,2,11255,1779746395.13909,2,1680,1050
19,2,11256,1779746395.15575,2,1680,1050
19,2,11257,1779746395.17242,2,1680,1050
19,2,11258,1779746395.18909,2,1680,1050
19,2,11259,1779746395.20575,2,1680,1050
19,2,11260,1779746395.22242,2,1680,1050
19,2,11261,1779746395.23908,2,1680,1050
19,2,11262,1779746395.25575,2,1680,1050
19,2,11263,1779746395.27241,2,1680,1050
19,2,11264,1779746395.28908,2,1680,1050
19,2,11265,1779746395.30575,2,1680,1050
19,2,11266,1779746395.32241,2,1680,1050
19,2,11267,1779746395.33908,2,1680,1050
19,2,11268,1779746395.35575,2,1680,1050
19,2,11269,1779746395.37241,2,1680,1050
19,2,11270,1779746395.38908,2,1680,1050
19,2,11271,1779746395.40575,2,1680,1050
19,2,11272,1779746395.42241,2,1680,1050
19,2,11273,1779746395.43908,2,1680,1050
19,2,11274,1779746395.45574,2,1680,1050
19,2,11275,1779746395.47241,2,1680,1050
19,2,11276,1779746395.48908,2,1680,1050
19,2,11277,1779746395.50574,2,1680,1050
19,2,11278,1779746395.52241,2,1680,1050
19,2,11279,1779746395.53907,2,1680,1050
19,2,11280,1779746395.55574,2,1680,1050
19,2,11281,1779746395.57241,2,1680,1050
19,2,11282,1779746395.58907,2,1680,1050
19,2,11283,1779746395.60574,2,1680,1050
19,2,11284,1779746395.6224,2,1680,1050
19,2,11285,1779746395.63907,2,1680,1050
19,2,11286,1779746395.65574,2,1680,1050
19,2,11287,1779746395.6724,2,1680,1050
19,2,11288,1779746395.68907,2,1680,1050
19,2,11289,1779746395.70573,2,1680,1050
19,2,11290,1779746395.7224,2,1680,1050
19,2,11291,1779746395.73907,2,1680,1050
19,2,11292,1779746395.75573,2,1680,1050
19,2,11293,1779746395.7724,2,1680,1050
19,2,11294,1779746395.78906,2,1680,1050
19,2,11295,1779746395.80573,2,1680,1050
19,2,11296,1779746395.8224,2,1680,1050
19,2,11297,1779746395.83906,2,1680,1050
19,2,11298,1779746395.85573,2,1680,1050
19,2,11299,1779746395.8724,2,1680,1050
19,2,11300,1779746395.88906,2,1680,1050
19,2,11301,1779746395.90573,2,1680,1050
19,2,11302,1779746395.92239,2,1680,1050
19,2,11303,1779746395.93906,2,1680,1050
19,2,11304,1779746395.95573,2,1680,1050
19,2,11305,1779746395.97239,2,1680,1050
19,2,11306,1779746395.98906,2,1680,1050
19,2,11307,1779746396.00572,2,1680,1050
19,2,11308,1779746396.02239,2,1680,1050
19,2,11309,1779746396.03906,2,1680,1050
19,2,11310,1779746396.05572,2,1680,1050
19,2,11311,1779746396.07239,2,1680,1050
19,2,11312,1779746396.08905,2,1680,1050
19,2,11313,1779746396.10572,2,1680,1050
19,2,11314,1779746396.12239,2,1680,1050
19,2,11315,1779746396.13905,2,1680,1050
19,2,11316,1779746396.15572,2,1680,1050
19,2,11317,1779746396.17238,2,1680,1050
19,2,11318,1779746396.18905,2,1680,1050
19,2,11319,1779746396.20572,2,1680,1050
19,2,11320,1779746396.22238,2,1680,1050
19,2,11321,1779746396.23905,2,1680,1050
19,2,11322,1779746396.25571,2,1680,1050
19,2,11323,1779746396.27238,2,1680,1050
19,2,11324,1779746396.28905,2,1680,1050
19,2,11325,1779746396.30571,2,1680,1050
19,2,11326,1779746396.32238,2,1680,1050
19,2,11327,1779746396.33905,2,1680,1050
19,2,11328,1779746396.35571,2,1680,1050
19,2,11329,1779746396.37238,2,1680,1050
19,2,11330,1779746396.38904,2,1680,1050
19,2,11331,1779746396.40571,2,1680,1050
19,2,11332,1779746396.42238,2,1680,1050
19,2,11333,1779746396.43904,2,1680,1050
19,2,11334,1779746396.45571,2,1680,1050
19,2,11335,1779746396.47237,2,1680,1050
19,2,11336,1779746396.48904,2,1680,1050
19,2,11337,1779746396.50571,2,1680,1050
19,2,11338,1779746396.52237,2,1680,1050
19,2,11339,1779746396.53904,2,1680,1050
19,2,11340,1779746396.55571,2,1680,1050
19,2,11341,1779746396.57237,2,1680,1050
19,2,11342,1779746396.58904,1,1680,1050
19,2,11343,1779746396.6057,1,1680,1050
19,2,11344,1779746396.62237,1,1680,1050
19,2,11345,1779746396.63904,1,1680,1050
19,2,11346,1779746396.6557,1,1680,1050
19,2,11347,1779746396.67237,1,1680,1050
19,2,11348,1779746396.68903,1,1680,1050
19,2,11349,1779746396.7057,1,1680,1050
19,2,11350,1779746396.72237,1,1680,1050
19,2,11351,1779746396.73903,1,1680,1050
19,2,11352,1779746396.7557,1,1680,1050
19,2,11353,1779746396.77236,1,1680,1050
19,2,11354,1779746396.78903,1,1680,1050
19,2,11355,1779746396.8057,1,1680,1050
19,2,11356,1779746396.82236,1,1680,1050
19,2,11357,1779746396.83903,1,1680,1050
19,2,11358,1779746396.85572,1,1680,1050
19,2,11359,1779746396.87236,1,1680,1050
19,2,11360,1779746396.88903,1,1680,1050
19,2,11361,1779746396.90569,1,1680,1050
19,2,11362,1779746396.92236,1,1680,1050
19,2,11363,1779746396.93902,1,1680,1050
19,2,11364,1779746396.95569,1,1680,1050
19,2,11365,1779746396.97236,1,1680,1050
19,2,11366,1779746396.98902,1,1680,1050
19,2,11367,1779746397.00569,1,1680,1050
19,2,11368,1779746397.02236,1,1680,1050
19,2,11369,1779746397.03902,1,1680,1050
19,2,11370,1779746397.05569,1,1680,1050
19,2,11371,1779746397.07235,1,1680,1050
19,2,11372,1779746397.08902,1,1680,1050
19,2,11373,1779746397.10569,1,1680,1050
19,2,11374,1779746397.12235,1,1680,1050
19,2,11375,1779746397.13902,1,1680,1050
19,2,11376,1779746397.15568,1,1680,1050
19,2,11377,1779746397.17235,1,1680,1050
19,2,11378,1779746397.18902,1,1680,1050
19,2,11379,1779746397.20568,1,1680,1050
19,2,11380,1779746397.22235,1,1680,1050
19,2,11381,1779746397.23901,1,1680,1050
19,2,11382,1779746397.25568,1,1680,1050
19,2,11383,1779746397.27235,1,1680,1050
19,2,11384,1779746397.28901,1,1680,1050
19,2,11385,1779746397.30568,1,1680,1050
19,2,11386,1779746397.32234,1,1680,1050
19,2,11387,1779746397.33901,1,1680,1050
19,2,11388,1779746397.35568,1,1680,1050
19,2,11389,1779746397.37234,1,1680,1050
19,2,11390,1779746397.38901,1,1680,1050
19,2,11391,1779746397.40567,1,1680,1050
19,2,11392,1779746397.42234,1,1680,1050
19,2,11393,1779746397.43901,1,1680,1050
19,2,11394,1779746397.45567,1,1680,1050
19,2,11395,1779746397.47234,1,1680,1050
19,2,11396,1779746397.48901,1,1680,1050
19,2,11397,1779746397.50567,1,1680,1050
19,2,11398,1779746397.52234,1,1680,1050
19,2,11399,1779746397.539,1,1680,1050
19,2,11400,1779746397.55567,1,1680,1050
19,2,11401,1779746397.57234,1,1680,1050
19,2,11402,1779746397.589,1,1680,1050
19,2,11403,1779746397.60567,1,1680,1050
19,2,11404,1779746397.62233,1,1680,1050
19,2,11405,1779746397.639,1,1680,1050
19,2,11406,1779746397.65567,1,1680,1050
19,2,11407,1779746397.67233,1,1680,1050
19,2,11408,1779746397.689,1,1680,1050
19,2,11409,1779746397.70566,1,1680,1050
19,2,11410,1779746397.72233,1,1680,1050
19,2,11411,1779746397.739,1,1680,1050
19,2,11412,1779746397.75566,1,1680,1050
19,2,11413,1779746397.77233,1,1680,1050
19,2,11414,1779746397.789,1,1680,1050
19,2,11415,1779746397.80566,1,1680,1050
19,2,11416,1779746397.82233,1,1680,1050
19,2,11417,1779746397.83899,1,1680,1050
19,2,11418,1779746397.85566,1,1680,1050
19,2,11419,1779746397.87233,1,1680,1050
19,2,11420,1779746397.88899,1,1680,1050
19,2,11421,1779746397.90566,1,1680,1050
19,2,11422,1779746397.92232,1,1680,1050
19,2,11423,1779746397.93899,1,1680,1050
19,2,11424,1779746397.95566,1,1680,1050
19,2,11425,1779746397.97232,1,1680,1050
19,2,11426,1779746397.98899,1,1680,1050
19,2,11427,1779746398.00565,1,1680,1050
19,2,11428,1779746398.02232,1,1680,1050
19,2,11429,1779746398.03899,1,1680,1050
19,2,11430,1779746398.05565,1,1680,1050
19,2,11431,1779746398.07232,1,1680,1050
19,2,11432,1779746398.08898,1,1680,1050
19,2,11433,1779746398.10565,1,1680,1050
19,2,11434,1779746398.12232,1,1680,1050
19,2,11435,1779746398.13898,1,1680,1050
19,2,11436,1779746398.15565,1,1680,1050
19,2,11437,1779746398.17232,1,1680,1050
19,2,11438,1779746398.18898,1,1680,1050
19,2,11439,1779746398.20565,1,1680,1050
19,2,11440,1779746398.22231,1,1680,1050
19,2,11441,1779746398.23898,1,1680,1050
19,2,11442,1779746398.25565,1,1680,1050
19,2,11443,1779746398.27231,1,1680,1050
19,2,11444,1779746398.28898,1,1680,1050
19,2,11445,1779746398.30564,1,1680,1050
19,2,11446,1779746398.32231,1,1680,1050
19,2,11447,1779746398.33898,1,1680,1050
19,2,11448,1779746398.35564,1,1680,1050
19,2,11449,1779746398.37231,1,1680,1050
19,2,11450,1779746398.38897,1,1680,1050
19,2,11451,1779746398.40564,1,1680,1050
19,2,11452,1779746398.42231,1,1680,1050
19,2,11453,1779746398.43897,1,1680,1050
19,2,11454,1779746398.45564,1,1680,1050
19,2,11455,1779746398.4723,1,1680,1050
19,2,11456,1779746398.48897,1,1680,1050
19,2,11457,1779746398.50564,1,1680,1050
19,2,11458,1779746398.5223,1,1680,1050
19,2,11459,1779746398.53897,1,1680,1050
19,2,11460,1779746398.55563,1,1680,1050
19,2,11461,1779746398.5723,1,1680,1050
19,2,11462,1779746398.58897,1,1680,1050
19,2,11463,1779746398.60563,1,1680,1050
19,2,11464,1779746398.6223,1,1680,1050
19,2,11465,1779746398.63897,1,1680,1050
19,2,11466,1779746398.65563,1,1680,1050
19,2,11467,1779746398.6723,1,1680,1050
19,2,11468,1779746398.68896,1,1680,1050
19,2,11469,1779746398.70563,1,1680,1050
19,2,11470,1779746398.7223,1,1680,1050
19,2,11471,1779746398.73896,1,1680,1050
19,2,11472,1779746398.75563,1,1680,1050
19,2,11473,1779746398.77229,1,1680,1050
19,2,11474,1779746398.78896,1,1680,1050
19,2,11475,1779746398.80563,1,1680,1050
19,2,11476,1779746398.82229,1,1680,1050
19,2,11477,1779746398.83896,1,1680,1050
19,2,11478,1779746398.85562,1,1680,1050
19,2,11479,1779746398.87229,1,1680,1050
19,2,11480,1779746398.88896,1,1680,1050
19,2,11481,1779746398.90562,1,1680,1050
19,2,11482,1779746398.92229,1,1680,1050
19,2,11483,1779746398.93896,1,1680,1050
19,2,11484,1779746398.95562,1,1680,1050
19,2,11485,1779746398.97229,1,1680,1050
19,2,11486,1779746398.98895,1,1680,1050
19,2,11487,1779746399.00562,1,1680,1050
19,2,11488,1779746399.02229,1,1680,1050
19,2,11489,1779746399.03895,1,1680,1050
19,2,11490,1779746399.05562,1,1680,1050
19,2,11491,1779746399.07228,1,1680,1050
19,2,11492,1779746399.08895,1,1680,1050
19,2,11493,1779746399.10562,1,1680,1050
19,2,11494,1779746399.12228,1,1680,1050
19,2,11495,1779746399.13895,1,1680,1050
19,2,11496,1779746399.15561,1,1680,1050
19,2,11497,1779746399.17228,1,1680,1050
19,2,11498,1779746399.18895,1,1680,1050
19,2,11499,1779746399.20561,1,1680,1050
19,2,11500,1779746399.22228,1,1680,1050
19,2,11501,1779746399.23894,1,1680,1050
19,2,11502,1779746399.25561,1,1680,1050
19,2,11503,1779746399.27228,1,1680,1050
19,2,11504,1779746399.28894,1,1680,1050
19,2,11505,1779746399.30561,1,1680,1050
19,2,11506,1779746399.32228,1,1680,1050
19,2,11507,1779746399.33894,1,1680,1050
19,2,11508,1779746399.35561,1,1680,1050
19,2,11509,1779746399.37227,1,1680,1050
19,2,11510,1779746399.38894,1,1680,1050
19,2,11511,1779746399.40561,1,1680,1050
19,2,11512,1779746399.42227,1,1680,1050
19,2,11513,1779746399.43894,1,1680,1050
19,2,11514,1779746399.4556,1,1680,1050
19,2,11515,1779746399.47227,1,1680,1050
19,2,11516,1779746399.48894,1,1680,1050
19,2,11517,1779746399.5056,1,1680,1050
19,2,11518,1779746399.52227,1,1680,1050
19,2,11519,1779746399.53893,1,1680,1050
19,2,11520,1779746399.5556,1,1680,1050
19,2,11521,1779746399.57227,1,1680,1050
19,2,11522,1779746399.58893,1,1680,1050
19,2,11523,1779746399.6056,1,1680,1050
19,2,11524,1779746399.62226,1,1680,1050
19,2,11525,1779746399.63893,1,1680,1050
19,2,11526,1779746399.6556,1,1680,1050
19,2,11527,1779746399.67226,1,1680,1050
19,2,11528,1779746399.68893,1,1680,1050
19,2,11529,1779746399.7056,1,1680,1050
19,2,11530,1779746399.72226,1,1680,1050
19,2,11531,1779746399.73893,1,1680,1050
19,2,11532,1779746399.75559,1,1680,1050
19,2,11533,1779746399.77226,1,1680,1050
19,2,11534,1779746399.78893,1,1680,1050
19,2,11535,1779746399.80559,1,1680,1050
19,2,11536,1779746399.82226,1,1680,1050
19,2,11537,1779746399.83892,1,1680,1050
19,2,11538,1779746399.85559,1,1680,1050
19,2,11539,1779746399.87226,1,1680,1050
19,2,11540,1779746399.88892,1,1680,1050
19,2,11541,1779746399.90559,1,1680,1050
19,2,11542,1779746399.92225,1,1680,1050
19,2,11543,1779746399.93892,1,1680,1050
19,2,11544,1779746399.95559,1,1680,1050
19,2,11545,1779746399.97225,1,1680,1050
19,2,11546,1779746399.98892,1,1680,1050
19,2,11547,1779746400.00558,1,1680,1050
19,2,11548,1779746400.02225,1,1680,1050
19,2,11549,1779746400.03892,1,1680,1050
19,2,11550,1779746400.05558,1,1680,1050
19,2,11551,1779746400.07225,1,1680,1050
19,2,11552,1779746400.08892,1,1680,1050
19,2,11553,1779746400.10558,1,1680,1050
19,2,11554,1779746400.12225,1,1680,1050
19,2,11555,1779746400.13891,1,1680,1050
19,2,11556,1779746400.15558,1,1680,1050
19,2,11557,1779746400.17225,1,1680,1050
19,2,11558,1779746400.18891,1,1680,1050
19,2,11559,1779746400.20558,1,1680,1050
19,2,11560,1779746400.22224,1,1680,1050
19,2,11561,1779746400.23891,1,1680,1050
19,2,11562,1779746400.25557,1,1680,1050
19,2,11563,1779746400.27224,1,1680,1050
19,2,11564,1779746400.28891,1,1680,1050
19,2,11565,1779746400.30557,1,1680,1050
19,2,11566,1779746400.32224,1,1680,1050
19,2,11567,1779746400.33891,1,1680,1050
19,2,11568,1779746400.35557,1,1680,1050
19,2,11569,1779746400.37224,1,1680,1050
19,2,11570,1779746400.3889,1,1680,1050
19,2,11571,1779746400.40557,1,1680,1050
19,2,11572,1779746400.42224,1,1680,1050
19,2,11573,1779746400.4389,1,1680,1050
19,2,11574,1779746400.45557,1,1680,1050
19,2,11575,1779746400.47224,1,1680,1050
19,2,11576,1779746400.4889,1,1680,1050
19,2,11577,1779746400.50557,1,1680,1050
19,2,11578,1779746400.52223,1,1680,1050
19,2,11579,1779746400.5389,1,1680,1050
19,2,11580,1779746400.55556,1,1680,1050
19,2,11581,1779746400.57223,1,1680,1050
19,2,11582,1779746400.5889,2,1680,1050
19,2,11583,1779746400.60556,2,1680,1050
19,2,11584,1779746400.62223,2,1680,1050
19,2,11585,1779746400.6389,2,1680,1050
19,2,11586,1779746400.65556,2,1680,1050
19,2,11587,1779746400.67223,2,1680,1050
19,2,11588,1779746400.68889,2,1680,1050
19,2,11589,1779746400.70556,2,1680,1050
19,2,11590,1779746400.72223,2,1680,1050
19,2,11591,1779746400.73889,2,1680,1050
19,2,11592,1779746400.75556,2,1680,1050
19,2,11593,1779746400.77222,2,1680,1050
19,2,11594,1779746400.78889,2,1680,1050
19,2,11595,1779746400.80556,2,1680,1050
19,2,11596,1779746400.82222,2,1680,1050
19,2,11597,1779746400.83889,2,1680,1050
19,2,11598,1779746400.85555,2,1680,1050
19,2,11599,1779746400.87222,2,1680,1050
19,2,11600,1779746400.88889,2,1680,1050
19,2,11601,1779746400.90555,2,1680,1050
19,2,11602,1779746400.92222,2,1680,1050
19,2,11603,1779746400.93889,2,1680,1050
19,2,11604,1779746400.95555,2,1680,1050
19,2,11605,1779746400.97222,2,1680,1050
19,2,11606,1779746400.98888,2,1680,1050
19,2,11607,1779746401.00555,2,1680,1050
19,2,11608,1779746401.02222,2,1680,1050
19,2,11609,1779746401.03888,2,1680,1050
19,2,11610,1779746401.05555,2,1680,1050
19,2,11611,1779746401.07221,2,1680,1050
19,2,11612,1779746401.08888,2,1680,1050
19,2,11613,1779746401.10555,2,1680,1050
19,2,11614,1779746401.12221,2,1680,1050
19,2,11615,1779746401.13888,2,1680,1050
19,2,11616,1779746401.15554,2,1680,1050
19,2,11617,1779746401.17221,2,1680,1050
19,2,11618,1779746401.18888,2,1680,1050
19,2,11619,1779746401.20554,2,1680,1050
19,2,11620,1779746401.22221,2,1680,1050
19,2,11621,1779746401.23888,2,1680,1050
19,2,11622,1779746401.25554,2,1680,1050
19,2,11623,1779746401.27221,2,1680,1050
19,2,11624,1779746401.28887,2,1680,1050
19,2,11625,1779746401.30554,2,1680,1050
19,2,11626,1779746401.32221,2,1680,1050
19,2,11627,1779746401.33887,2,1680,1050
19,2,11628,1779746401.35554,2,1680,1050
19,2,11629,1779746401.3722,2,1680,1050
19,2,11630,1779746401.38887,2,1680,1050
19,2,11631,1779746401.40553,2,1680,1050
19,2,11632,1779746401.4222,2,1680,1050
19,2,11633,1779746401.43887,2,1680,1050
19,2,11634,1779746401.45553,2,1680,1050
19,2,11635,1779746401.4722,2,1680,1050
19,2,11636,1779746401.48887,2,1680,1050
19,2,11637,1779746401.50553,2,1680,1050
19,2,11638,1779746401.5222,2,1680,1050
19,2,11639,1779746401.53886,2,1680,1050
19,2,11640,1779746401.55553,2,1680,1050
19,2,11641,1779746401.5722,2,1680,1050
19,2,11642,1779746401.58886,2,1680,1050
19,2,11643,1779746401.60553,2,1680,1050
19,2,11644,1779746401.6222,2,1680,1050
19,2,11645,1779746401.63886,2,1680,1050
19,2,11646,1779746401.65553,2,1680,1050
19,2,11647,1779746401.67219,2,1680,1050
19,2,11648,1779746401.68886,2,1680,1050
19,2,11649,1779746401.70553,2,1680,1050
19,2,11650,1779746401.72219,2,1680,1050
19,2,11651,1779746401.73886,2,1680,1050
19,2,11652,1779746401.75552,2,1680,1050
19,2,11653,1779746401.77219,2,1680,1050
19,2,11654,1779746401.78886,2,1680,1050
19,2,11655,1779746401.80552,2,1680,1050
19,2,11656,1779746401.82219,2,1680,1050
19,2,11657,1779746401.83885,2,1680,1050
19,2,11658,1779746401.85552,2,1680,1050
19,2,11659,1779746401.87219,2,1680,1050
19,2,11660,1779746401.88885,2,1680,1050
19,2,11661,1779746401.90552,2,1680,1050
19,2,11662,1779746401.92218,2,1680,1050
19,2,11663,1779746401.93885,2,1680,1050
19,2,11664,1779746401.95552,2,1680,1050
19,2,11665,1779746401.97218,2,1680,1050
19,2,11666,1779746401.98885,2,1680,1050
19,2,11667,1779746402.00551,2,1680,1050
19,2,11668,1779746402.02218,2,1680,1050
19,2,11669,1779746402.03885,2,1680,1050
19,2,11670,1779746402.05551,2,1680,1050
19,2,11671,1779746402.07218,2,1680,1050
19,2,11672,1779746402.08885,2,1680,1050
19,2,11673,1779746402.10551,2,1680,1050
19,2,11674,1779746402.12218,2,1680,1050
19,2,11675,1779746402.13884,2,1680,1050
19,2,11676,1779746402.15551,2,1680,1050
19,2,11677,1779746402.17217,2,1680,1050
19,2,11678,1779746402.18884,2,1680,1050
19,2,11679,1779746402.20551,2,1680,1050
19,2,11680,1779746402.22217,2,1680,1050
19,2,11681,1779746402.23884,2,1680,1050
19,2,11682,1779746402.25551,2,1680,1050
19,2,11683,1779746402.27217,2,1680,1050
19,2,11684,1779746402.28884,2,1680,1050
19,2,11685,1779746402.3055,2,1680,1050
19,2,11686,1779746402.32217,2,1680,1050
19,2,11687,1779746402.33884,2,1680,1050
19,2,11688,1779746402.3555,2,1680,1050
19,2,11689,1779746402.37217,2,1680,1050
19,2,11690,1779746402.38883,2,1680,1050
19,2,11691,1779746402.4055,2,1680,1050
19,2,11692,1779746402.42217,2,1680,1050
19,2,11693,1779746402.43883,2,1680,1050
19,2,11694,1779746402.4555,2,1680,1050
19,2,11695,1779746402.47217,2,1680,1050
19,2,11696,1779746402.48883,2,1680,1050
19,2,11697,1779746402.5055,2,1680,1050
19,2,11698,1779746402.52216,2,1680,1050
19,2,11699,1779746402.53883,2,1680,1050
19,2,11700,1779746402.5555,2,1680,1050
19,2,11701,1779746402.57216,2,1680,1050
19,2,11702,1779746402.58883,-1,1680,1050
19,2,11703,1779746402.60549,-1,1680,1050
19,2,11704,1779746402.62216,-1,1680,1050
19,2,11705,1779746402.63883,-1,1680,1050
19,2,11706,1779746402.65549,-1,1680,1050
19,2,11707,1779746402.67216,-1,1680,1050
19,2,11708,1779746402.68882,-1,1680,1050
19,2,11709,1779746402.70549,-1,1680,1050
19,2,11710,1779746402.72216,-1,1680,1050
19,2,11711,1779746402.73882,-1,1680,1050
19,2,11712,1779746402.75549,-1,1680,1050
19,2,11713,1779746402.77216,-1,1680,1050
19,2,11714,1779746402.78882,-1,1680,1050
19,2,11715,1779746402.80549,-1,1680,1050
19,2,11716,1779746402.83882,-1,1680,1050
19,2,11717,1779746402.85549,-1,1680,1050
19,2,11718,1779746402.87215,-1,1680,1050
19,2,11719,1779746402.88882,-1,1680,1050
19,2,11720,1779746402.90548,-1,1680,1050
19,2,11721,1779746402.92215,-1,1680,1050
19,2,11722,1779746402.93882,-1,1680,1050
19,2,11723,1779746402.95548,-1,1680,1050
19,2,11724,1779746402.97215,-1,1680,1050
19,2,11725,1779746402.98881,-1,1680,1050
19,2,11726,1779746403.00548,-1,1680,1050
19,2,11727,1779746403.02215,-1,1680,1050
19,2,11728,1779746403.03881,-1,1680,1050
19,2,11729,1779746403.05548,-1,1680,1050
19,2,11730,1779746403.07214,-1,1680,1050
19,2,11731,1779746403.08881,-1,1680,1050
19,2,11732,1779746403.10548,-1,1680,1050
19,2,11733,1779746403.12214,-1,1680,1050
19,2,11734,1779746403.13881,-1,1680,1050
19,2,11735,1779746403.15548,-1,1680,1050
19,2,11736,1779746403.17214,-1,1680,1050
19,2,11737,1779746403.18881,-1,1680,1050
19,2,11738,1779746403.20547,-1,1680,1050
19,2,11739,1779746403.22214,-1,1680,1050
19,2,11740,1779746403.2388,-1,1680,1050
19,2,11741,1779746403.25547,-1,1680,1050
19,2,11742,1779746403.27214,-1,1680,1050
19,2,11743,1779746403.2888,-1,1680,1050
19,2,11744,1779746403.30547,-1,1680,1050
19,2,11745,1779746403.32213,-1,1680,1050
19,2,11746,1779746403.3388,-1,1680,1050
19,2,11747,1779746403.35547,-1,1680,1050
19,2,11748,1779746403.37213,-1,1680,1050
19,2,11749,1779746403.3888,-1,1680,1050
19,2,11750,1779746403.40547,-1,1680,1050
19,2,11751,1779746403.42213,-1,1680,1050
19,2,11752,1779746403.4388,-1,1680,1050
19,2,11753,1779746403.45547,-1,1680,1050
19,2,11754,1779746403.47213,-1,1680,1050
19,2,11755,1779746403.4888,-1,1680,1050
19,2,11756,1779746403.50546,-1,1680,1050
19,2,11757,1779746403.52213,-1,1680,1050
19,2,11758,1779746403.53879,-1,1680,1050
19,2,11759,1779746403.55546,-1,1680,1050
19,2,11760,1779746403.57213,-1,1680,1050
19,2,11761,1779746403.58879,-1,1680,1050
19,2,11762,1779746403.60546,-1,1680,1050
19,2,11763,1779746403.62213,-1,1680,1050
19,2,11764,1779746403.63879,-1,1680,1050
19,2,11765,1779746403.65546,-1,1680,1050
19,2,11766,1779746403.67212,-1,1680,1050
19,2,11767,1779746403.68879,-1,1680,1050
19,2,11768,1779746403.70546,-1,1680,1050
19,2,11769,1779746403.72212,-1,1680,1050
19,2,11770,1779746403.73879,-1,1680,1050
19,2,11771,1779746403.75545,-1,1680,1050
19,2,11772,1779746403.77212,-1,1680,1050
19,2,11773,1779746403.78879,-1,1680,1050
19,2,11774,1779746403.80545,-1,1680,1050
19,2,11775,1779746403.82212,-1,1680,1050
19,2,11776,1779746403.83878,-1,1680,1050
19,2,11777,1779746403.85545,-1,1680,1050
19,2,11778,1779746403.87212,-1,1680,1050
19,2,11779,1779746403.88878,-1,1680,1050
19,2,11780,1779746403.90545,-1,1680,1050
19,2,11781,1779746403.92212,-1,1680,1050
19,2,11782,1779746403.93878,-1,1680,1050
19,2,11783,1779746403.95545,-1,1680,1050
19,2,11784,1779746403.97211,-1,1680,1050
19,2,11785,1779746403.98878,-1,1680,1050
19,2,11786,1779746404.00545,-1,1680,1050
19,2,11787,1779746404.02211,-1,1680,1050
19,2,11788,1779746404.03878,-1,1680,1050
19,2,11789,1779746404.05544,-1,1680,1050
19,2,11790,1779746404.07211,-1,1680,1050
19,2,11791,1779746404.08878,-1,1680,1050
19,2,11792,1779746404.10544,-1,1680,1050
19,2,11793,1779746404.12211,-1,1680,1050
19,2,11794,1779746404.1388,-1,1680,1050
19,2,11795,1779746404.15544,-1,1680,1050
19,2,11796,1779746404.17211,-1,1680,1050
19,2,11797,1779746404.18877,-1,1680,1050
19,2,11798,1779746404.20544,-1,1680,1050
19,2,11799,1779746404.2221,-1,1680,1050
19,2,11800,1779746404.23877,-1,1680,1050
19,2,11801,1779746404.25544,-1,1680,1050
19,2,11802,1779746404.2721,-1,1680,1050
19,2,11803,1779746404.28877,-1,1680,1050
19,2,11804,1779746404.30543,-1,1680,1050
19,2,11805,1779746404.3221,-1,1680,1050
19,2,11806,1779746404.33877,-1,1680,1050
19,2,11807,1779746404.35543,-1,1680,1050
19,2,11808,1779746404.3721,-1,1680,1050
19,2,11809,1779746404.38877,-1,1680,1050
19,2,11810,1779746404.40543,-1,1680,1050
19,2,11811,1779746404.4221,-1,1680,1050
19,2,11812,1779746404.43876,-1,1680,1050
19,2,11813,1779746404.45543,-1,1680,1050
19,2,11814,1779746404.4721,-1,1680,1050
19,2,11815,1779746404.48876,-1,1680,1050
19,2,11816,1779746404.50543,-1,1680,1050
19,2,11817,1779746404.52209,-1,1680,1050
19,2,11818,1779746404.53876,-1,1680,1050
19,2,11819,1779746404.55543,-1,1680,1050
19,2,11820,1779746404.57209,-1,1680,1050
19,2,11821,1779746404.58876,-1,1680,1050
19,2,11822,1779746404.60542,-1,1680,1050
19,2,11823,1779746404.62209,-1,1680,1050
19,2,11824,1779746404.63876,-1,1680,1050
19,2,11825,1779746404.65542,-1,1680,1050
19,2,11826,1779746404.67209,-1,1680,1050
19,2,11827,1779746404.68875,-1,1680,1050
19,2,11828,1779746404.70542,-1,1680,1050
19,2,11829,1779746404.72209,-1,1680,1050
19,2,11830,1779746404.73875,-1,1680,1050
19,2,11831,1779746404.75542,-1,1680,1050
19,2,11832,1779746404.77209,-1,1680,1050
19,2,11833,1779746404.78875,-1,1680,1050
19,2,11834,1779746404.80542,-1,1680,1050
19,2,11835,1779746404.82208,-1,1680,1050
19,2,11836,1779746404.83875,-1,1680,1050
19,2,11837,1779746404.85542,-1,1680,1050
19,2,11838,1779746404.87208,-1,1680,1050
19,2,11839,1779746404.88875,-1,1680,1050
19,2,11840,1779746404.90541,-1,1680,1050
19,2,11841,1779746404.92208,-1,1680,1050
19,2,11842,1779746404.93875,-1,1680,1050
19,2,11843,1779746404.95541,-1,1680,1050
19,2,11844,1779746404.97208,-1,1680,1050
19,2,11845,1779746404.98874,-1,1680,1050
19,2,11846,1779746405.00541,-1,1680,1050
19,2,11847,1779746405.02208,-1,1680,1050
19,2,11848,1779746405.03876,-1,1680,1050
19,2,11849,1779746405.05541,-1,1680,1050
19,2,11850,1779746405.07207,-1,1680,1050
19,2,11851,1779746405.08874,-1,1680,1050
19,2,11852,1779746405.10541,-1,1680,1050
19,2,11853,1779746405.12207,-1,1680,1050
19,2,11854,1779746405.13874,-1,1680,1050
19,2,11855,1779746405.1554,-1,1680,1050
19,2,11856,1779746405.17207,-1,1680,1050
19,2,11857,1779746405.18874,-1,1680,1050
19,2,11858,1779746405.2054,-1,1680,1050
19,2,11859,1779746405.22207,-1,1680,1050
19,2,11860,1779746405.23874,-1,1680,1050
19,2,11861,1779746405.2554,-1,1680,1050
19,2,11862,1779746405.27207,-1,1680,1050
19,2,11863,1779746405.28873,-1,1680,1050
19,2,11864,1779746405.3054,-1,1680,1050
19,2,11865,1779746405.32206,-1,1680,1050
19,2,11866,1779746405.33873,-1,1680,1050
19,2,11867,1779746405.3554,-1,1680,1050
19,2,11868,1779746405.37206,-1,1680,1050
19,2,11869,1779746405.38873,-1,1680,1050
19,2,11870,1779746405.4054,-1,1680,1050
19,2,11871,1779746405.42206,-1,1680,1050
19,2,11872,1779746405.43873,-1,1680,1050
19,2,11873,1779746405.4554,-1,1680,1050
19,2,11874,1779746405.47206,-1,1680,1050
19,2,11875,1779746405.48873,-1,1680,1050
19,2,11876,1779746405.50539,-1,1680,1050
19,2,11877,1779746405.52206,-1,1680,1050
19,2,11878,1779746405.53873,-1,1680,1050
19,2,11879,1779746405.55539,-1,1680,1050
19,2,11880,1779746405.57206,-1,1680,1050
19,2,11881,1779746405.58872,-1,1680,1050
19,2,11882,1779746405.60539,1,1680,1050
19,2,11883,1779746405.62206,1,1680,1050
19,2,11884,1779746405.63872,1,1680,1050
19,2,11885,1779746405.65539,1,1680,1050
19,2,11886,1779746405.67205,1,1680,1050
19,2,11887,1779746405.68872,1,1680,1050
19,2,11888,1779746405.70539,1,1680,1050
19,2,11889,1779746405.72205,1,1680,1050
19,2,11890,1779746405.73872,1,1680,1050
19,2,11891,1779746405.75538,1,1680,1050
19,2,11892,1779746405.77205,1,1680,1050
19,2,11893,1779746405.78872,1,1680,1050
19,2,11894,1779746405.80538,1,1680,1050
19,2,11895,1779746405.82205,1,1680,1050
19,2,11896,1779746405.83872,1,1680,1050
19,2,11897,1779746405.85538,1,1680,1050
19,2,11898,1779746405.87205,1,1680,1050
19,2,11899,1779746405.88871,1,1680,1050
19,2,11900,1779746405.90538,1,1680,1050
19,2,11901,1779746405.92205,1,1680,1050
19,2,11902,1779746405.93871,1,1680,1050
19,2,11903,1779746405.95538,1,1680,1050
19,2,11904,1779746405.97204,1,1680,1050
19,2,11905,1779746405.98871,1,1680,1050
19,2,11906,1779746406.00538,1,1680,1050
19,2,11907,1779746406.02204,1,1680,1050
19,2,11908,1779746406.03871,1,1680,1050
19,2,11909,1779746406.05537,1,1680,1050
19,2,11910,1779746406.07204,1,1680,1050
19,2,11911,1779746406.08871,1,1680,1050
19,2,11912,1779746406.10537,1,1680,1050
19,2,11913,1779746406.12204,1,1680,1050
19,2,11914,1779746406.1387,1,1680,1050
19,2,11915,1779746406.15537,1,1680,1050
19,2,11916,1779746406.17204,1,1680,1050
19,2,11917,1779746406.1887,1,1680,1050
19,2,11918,1779746406.20537,1,1680,1050
19,2,11919,1779746406.22203,1,1680,1050
19,2,11920,1779746406.2387,1,1680,1050
19,2,11921,1779746406.25537,1,1680,1050
19,2,11922,1779746406.27203,1,1680,1050
19,2,11923,1779746406.2887,1,1680,1050
19,2,11924,1779746406.30537,1,1680,1050
19,2,11925,1779746406.32203,1,1680,1050
19,2,11926,1779746406.3387,1,1680,1050
19,2,11927,1779746406.35536,1,1680,1050
19,2,11928,1779746406.37203,1,1680,1050
19,2,11929,1779746406.3887,1,1680,1050
19,2,11930,1779746406.40536,1,1680,1050
19,2,11931,1779746406.42203,1,1680,1050
19,2,11932,1779746406.43869,1,1680,1050
19,2,11933,1779746406.45536,1,1680,1050
19,2,11934,1779746406.47203,1,1680,1050
19,2,11935,1779746406.48869,1,1680,1050
19,2,11936,1779746406.50536,1,1680,1050
19,2,11937,1779746406.52202,1,1680,1050
19,2,11938,1779746406.53869,1,1680,1050
19,2,11939,1779746406.55536,1,1680,1050
19,2,11940,1779746406.57202,1,1680,1050
19,2,11941,1779746406.58869,1,1680,1050
19,2,11942,1779746406.60536,1,1680,1050
19,2,11943,1779746406.62202,1,1680,1050
19,2,11944,1779746406.63869,1,1680,1050
19,2,11945,1779746406.65535,1,1680,1050
19,2,11946,1779746406.67202,1,1680,1050
19,2,11947,1779746406.68868,1,1680,1050
19,2,11948,1779746406.70535,1,1680,1050
19,2,11949,1779746406.72202,1,1680,1050
19,2,11950,1779746406.73868,1,1680,1050
19,2,11951,1779746406.75535,1,1680,1050
19,2,11952,1779746406.77202,1,1680,1050
19,2,11953,1779746406.78868,1,1680,1050
19,2,11954,1779746406.80535,1,1680,1050
19,2,11955,1779746406.82201,1,1680,1050
19,2,11956,1779746406.83868,1,1680,1050
19,2,11957,1779746406.85535,1,1680,1050
19,2,11958,1779746406.87201,1,1680,1050
19,2,11959,1779746406.88868,1,1680,1050
19,2,11960,1779746406.90534,1,1680,1050
19,2,11961,1779746406.92201,1,1680,1050
19,2,11962,1779746406.93868,1,1680,1050
19,2,11963,1779746406.95534,1,1680,1050
19,2,11964,1779746406.97201,1,1680,1050
19,2,11965,1779746406.98868,1,1680,1050
19,2,11966,1779746407.00534,1,1680,1050
19,2,11967,1779746407.02201,1,1680,1050
19,2,11968,1779746407.03867,1,1680,1050
19,2,11969,1779746407.05534,1,1680,1050
19,2,11970,1779746407.072,1,1680,1050
19,2,11971,1779746407.08867,1,1680,1050
19,2,11972,1779746407.10534,1,1680,1050
19,2,11973,1779746407.122,1,1680,1050
19,2,11974,1779746407.13867,1,1680,1050
19,2,11975,1779746407.15533,1,1680,1050
19,2,11976,1779746407.172,1,1680,1050
19,2,11977,1779746407.18867,1,1680,1050
19,2,11978,1779746407.20533,1,1680,1050
19,2,11979,1779746407.222,1,1680,1050
19,2,11980,1779746407.23867,1,1680,1050
19,2,11981,1779746407.25533,1,1680,1050
19,2,11982,1779746407.272,1,1680,1050
19,2,11983,1779746407.28866,1,1680,1050
19,2,11984,1779746407.30533,1,1680,1050
19,2,11985,1779746407.322,1,1680,1050
19,2,11986,1779746407.33866,1,1680,1050
19,2,11987,1779746407.35533,1,1680,1050
19,2,11988,1779746407.37199,1,1680,1050
19,2,11989,1779746407.38866,1,1680,1050
19,2,11990,1779746407.40533,1,1680,1050
19,2,11991,1779746407.42199,1,1680,1050
19,2,11992,1779746407.43866,1,1680,1050
19,2,11993,1779746407.45533,1,1680,1050
19,2,11994,1779746407.47199,1,1680,1050
19,2,11995,1779746407.48866,1,1680,1050
19,2,11996,1779746407.50532,1,1680,1050
19,2,11997,1779746407.52199,1,1680,1050
19,2,11998,1779746407.53866,1,1680,1050
19,2,11999,1779746407.55532,1,1680,1050
19,2,12000,1779746407.57199,1,1680,1050
19,2,12001,1779746407.58865,1,1680,1050
19,2,12002,1779746407.60532,1,1680,1050
19,2,12003,1779746407.62199,1,1680,1050
19,2,12004,1779746407.63865,1,1680,1050
19,2,12005,1779746407.65532,1,1680,1050
19,2,12006,1779746407.67198,1,1680,1050
19,2,12007,1779746407.68865,1,1680,1050
19,2,12008,1779746407.70532,1,1680,1050
19,2,12009,1779746407.72198,1,1680,1050
19,2,12010,1779746407.73865,1,1680,1050
19,2,12011,1779746407.75532,1,1680,1050
19,2,12012,1779746407.77198,1,1680,1050
19,2,12013,1779746407.78865,1,1680,1050
19,2,12014,1779746407.80531,1,1680,1050
19,2,12015,1779746407.82198,1,1680,1050
19,2,12016,1779746407.83865,1,1680,1050
19,2,12017,1779746407.85531,1,1680,1050
19,2,12018,1779746407.87198,1,1680,1050
19,2,12019,1779746407.88864,1,1680,1050
19,2,12020,1779746407.90531,1,1680,1050
19,2,12021,1779746407.92198,1,1680,1050
19,2,12022,1779746407.93864,1,1680,1050
19,2,12023,1779746407.95531,1,1680,1050
19,2,12024,1779746407.97197,1,1680,1050
19,2,12025,1779746407.98864,1,1680,1050
19,2,12026,1779746408.00531,1,1680,1050
19,2,12027,1779746408.02197,1,1680,1050
19,2,12028,1779746408.03864,1,1680,1050
19,2,12029,1779746408.0553,1,1680,1050
19,2,12030,1779746408.07197,1,1680,1050
19,2,12031,1779746408.08864,1,1680,1050
19,2,12032,1779746408.1053,1,1680,1050
19,2,12033,1779746408.12197,1,1680,1050
19,2,12034,1779746408.13863,1,1680,1050
19,2,12035,1779746408.1553,1,1680,1050
19,2,12036,1779746408.17197,1,1680,1050
19,2,12037,1779746408.18863,1,1680,1050
19,2,12038,1779746408.2053,1,1680,1050
19,2,12039,1779746408.22197,1,1680,1050
19,2,12040,1779746408.23863,1,1680,1050
19,2,12041,1779746408.2553,1,1680,1050
19,2,12042,1779746408.27196,1,1680,1050
19,2,12043,1779746408.28863,1,1680,1050
19,2,12044,1779746408.3053,1,1680,1050
19,2,12045,1779746408.32196,1,1680,1050
19,2,12046,1779746408.33863,1,1680,1050
19,2,12047,1779746408.35529,1,1680,1050
19,2,12048,1779746408.37196,1,1680,1050
19,2,12049,1779746408.38863,1,1680,1050
19,2,12050,1779746408.40529,1,1680,1050
19,2,12051,1779746408.42196,1,1680,1050
19,2,12052,1779746408.43862,1,1680,1050
19,2,12053,1779746408.45529,1,1680,1050
19,2,12054,1779746408.47196,1,1680,1050
19,2,12055,1779746408.48862,1,1680,1050
19,2,12056,1779746408.50529,1,1680,1050
19,2,12057,1779746408.52196,1,1680,1050
19,2,12058,1779746408.53862,1,1680,1050
19,2,12059,1779746408.55529,1,1680,1050
19,2,12060,1779746408.57195,1,1680,1050
19,2,12061,1779746408.58862,1,1680,1050
19,2,12062,1779746408.60528,1,1680,1050
19,2,12063,1779746408.62195,1,1680,1050
19,2,12064,1779746408.63862,1,1680,1050
19,2,12065,1779746408.65528,1,1680,1050
19,2,12066,1779746408.67195,1,1680,1050
19,2,12067,1779746408.68862,1,1680,1050
19,2,12068,1779746408.70528,1,1680,1050
19,2,12069,1779746408.72195,1,1680,1050
19,2,12070,1779746408.73861,1,1680,1050
19,2,12071,1779746408.75528,1,1680,1050
19,2,12072,1779746408.77195,1,1680,1050
19,2,12073,1779746408.78861,1,1680,1050
19,2,12074,1779746408.80528,1,1680,1050
19,2,12075,1779746408.82194,1,1680,1050
19,2,12076,1779746408.83861,1,1680,1050
19,2,12077,1779746408.85528,1,1680,1050
19,2,12078,1779746408.87194,1,1680,1050
19,2,12079,1779746408.88861,1,1680,1050
19,2,12080,1779746408.90527,1,1680,1050
19,2,12081,1779746408.92194,1,1680,1050
19,2,12082,1779746408.93861,1,1680,1050
19,2,12083,1779746408.95527,1,1680,1050
19,2,12084,1779746408.97194,1,1680,1050
19,2,12085,1779746408.98861,1,1680,1050
19,2,12086,1779746409.00527,1,1680,1050
19,2,12087,1779746409.02194,1,1680,1050
19,2,12088,1779746409.0386,1,1680,1050
19,2,12089,1779746409.05527,1,1680,1050
19,2,12090,1779746409.07194,1,1680,1050
19,2,12091,1779746409.0886,1,1680,1050
19,2,12092,1779746409.10527,1,1680,1050
19,2,12093,1779746409.12193,1,1680,1050
19,2,12094,1779746409.1386,1,1680,1050
19,2,12095,1779746409.15527,1,1680,1050
19,2,12096,1779746409.17193,1,1680,1050
19,2,12097,1779746409.1886,1,1680,1050
19,2,12098,1779746409.20526,1,1680,1050
19,2,12099,1779746409.22193,1,1680,1050
19,2,12100,1779746409.2386,1,1680,1050
19,2,12101,1779746409.25526,1,1680,1050
19,2,12102,1779746409.27193,1,1680,1050
19,2,12103,1779746409.28859,1,1680,1050
19,2,12104,1779746409.30526,1,1680,1050
19,2,12105,1779746409.32193,1,1680,1050
19,2,12106,1779746409.33859,1,1680,1050
19,2,12107,1779746409.35526,1,1680,1050
19,2,12108,1779746409.37193,1,1680,1050
19,2,12109,1779746409.38859,1,1680,1050
19,2,12110,1779746409.40526,1,1680,1050
19,2,12111,1779746409.42192,1,1680,1050
19,2,12112,1779746409.43859,1,1680,1050
19,2,12113,1779746409.45526,1,1680,1050
19,2,12114,1779746409.47192,1,1680,1050
19,2,12115,1779746409.48859,1,1680,1050
19,2,12116,1779746409.50525,1,1680,1050
19,2,12117,1779746409.52192,1,1680,1050
19,2,12118,1779746409.53859,1,1680,1050
19,2,12119,1779746409.55525,1,1680,1050
19,2,12120,1779746409.57192,1,1680,1050
19,2,12121,1779746409.58858,1,1680,1050
19,2,12122,1779746409.60525,2,1680,1050
19,2,12123,1779746409.62192,2,1680,1050
19,2,12124,1779746409.63858,2,1680,1050
19,2,12125,1779746409.65525,2,1680,1050
19,2,12126,1779746409.67192,2,1680,1050
19,2,12127,1779746409.68858,2,1680,1050
19,2,12128,1779746409.70525,2,1680,1050
19,2,12129,1779746409.72191,2,1680,1050
19,2,12130,1779746409.73858,2,1680,1050
19,2,12131,1779746409.75524,2,1680,1050
19,2,12132,1779746409.77191,2,1680,1050
19,2,12133,1779746409.78858,2,1680,1050
19,2,12134,1779746409.80524,2,1680,1050
19,2,12135,1779746409.82191,2,1680,1050
19,2,12136,1779746409.83858,2,1680,1050
19,2,12137,1779746409.85524,2,1680,1050
19,2,12138,1779746409.87191,2,1680,1050
19,2,12139,1779746409.88858,2,1680,1050
19,2,12140,1779746409.90524,2,1680,1050
19,2,12141,1779746409.92191,2,1680,1050
19,2,12142,1779746409.93857,2,1680,1050
19,2,12143,1779746409.95524,2,1680,1050
19,2,12144,1779746409.9719,2,1680,1050
19,2,12145,1779746409.98857,2,1680,1050
19,2,12146,1779746410.00524,2,1680,1050
19,2,12147,1779746410.0219,2,1680,1050
19,2,12148,1779746410.03857,2,1680,1050
19,2,12149,1779746410.05523,2,1680,1050
19,2,12150,1779746410.0719,2,1680,1050
19,2,12151,1779746410.08857,2,1680,1050
19,2,12152,1779746410.10523,2,1680,1050
19,2,12153,1779746410.1219,2,1680,1050
19,2,12154,1779746410.13856,2,1680,1050
19,2,12155,1779746410.15523,2,1680,1050
19,2,12156,1779746410.1719,2,1680,1050
19,2,12157,1779746410.18856,2,1680,1050
19,2,12158,1779746410.20523,2,1680,1050
19,2,12159,1779746410.22189,2,1680,1050
19,2,12160,1779746410.23856,2,1680,1050
19,2,12161,1779746410.25523,2,1680,1050
19,2,12162,1779746410.27189,2,1680,1050
19,2,12163,1779746410.28856,2,1680,1050
19,2,12164,1779746410.30523,2,1680,1050
19,2,12165,1779746410.32189,2,1680,1050
19,2,12166,1779746410.33856,2,1680,1050
19,2,12167,1779746410.35522,2,1680,1050
19,2,12168,1779746410.37189,2,1680,1050
19,2,12169,1779746410.38856,2,1680,1050
19,2,12170,1779746410.40522,2,1680,1050
19,2,12171,1779746410.42189,2,1680,1050
19,2,12172,1779746410.43856,2,1680,1050
19,2,12173,1779746410.45522,2,1680,1050
19,2,12174,1779746410.47189,2,1680,1050
19,2,12175,1779746410.48855,2,1680,1050
19,2,12176,1779746410.50522,2,1680,1050
19,2,12177,1779746410.52189,2,1680,1050
19,2,12178,1779746410.53855,2,1680,1050
19,2,12179,1779746410.55522,2,1680,1050
19,2,12180,1779746410.57188,2,1680,1050
19,2,12181,1779746410.58855,2,1680,1050
19,2,12182,1779746410.60522,2,1680,1050
19,2,12183,1779746410.62188,2,1680,1050
19,2,12184,1779746410.63855,2,1680,1050
19,2,12185,1779746410.65521,2,1680,1050
19,2,12186,1779746410.67188,2,1680,1050
19,2,12187,1779746410.68855,2,1680,1050
19,2,12188,1779746410.70521,2,1680,1050
19,2,12189,1779746410.72188,2,1680,1050
19,2,12190,1779746410.73854,2,1680,1050
19,2,12191,1779746410.75521,2,1680,1050
19,2,12192,1779746410.77188,2,1680,1050
19,2,12193,1779746410.78854,2,1680,1050
19,2,12194,1779746410.80521,2,1680,1050
19,2,12195,1779746410.82188,2,1680,1050
19,2,12196,1779746410.83854,2,1680,1050
19,2,12197,1779746410.85521,2,1680,1050
19,2,12198,1779746410.87187,2,1680,1050
19,2,12199,1779746410.88854,2,1680,1050
19,2,12200,1779746410.90521,2,1680,1050
19,2,12201,1779746410.92187,2,1680,1050
19,2,12202,1779746410.93854,2,1680,1050
19,2,12203,1779746410.9552,2,1680,1050
19,2,12204,1779746410.97187,2,1680,1050
19,2,12205,1779746410.98854,2,1680,1050
19,2,12206,1779746411.0052,2,1680,1050
19,2,12207,1779746411.02187,2,1680,1050
19,2,12208,1779746411.03853,2,1680,1050
19,2,12209,1779746411.0552,2,1680,1050
19,2,12210,1779746411.07187,2,1680,1050
19,2,12211,1779746411.08853,2,1680,1050
19,2,12212,1779746411.1052,2,1680,1050
19,2,12213,1779746411.12186,2,1680,1050
19,2,12214,1779746411.13853,2,1680,1050
19,2,12215,1779746411.1552,2,1680,1050
19,2,12216,1779746411.17186,2,1680,1050
19,2,12217,1779746411.18853,2,1680,1050
19,2,12218,1779746411.20519,2,1680,1050
19,2,12219,1779746411.22186,2,1680,1050
19,2,12220,1779746411.23853,2,1680,1050
19,2,12221,1779746411.25519,2,1680,1050
19,2,12222,1779746411.27186,2,1680,1050
19,2,12223,1779746411.28853,2,1680,1050
19,2,12224,1779746411.30519,2,1680,1050
19,2,12225,1779746411.32186,2,1680,1050
19,2,12226,1779746411.33852,2,1680,1050
19,2,12227,1779746411.35519,2,1680,1050
19,2,12228,1779746411.37186,2,1680,1050
19,2,12229,1779746411.38852,2,1680,1050
19,2,12230,1779746411.40519,2,1680,1050
19,2,12231,1779746411.42186,2,1680,1050
19,2,12232,1779746411.43852,2,1680,1050
19,2,12233,1779746411.45519,2,1680,1050
19,2,12234,1779746411.47185,2,1680,1050
19,2,12235,1779746411.48852,2,1680,1050
19,2,12236,1779746411.50518,2,1680,1050
19,2,12237,1779746411.52185,2,1680,1050
19,2,12238,1779746411.53852,2,1680,1050
19,2,12239,1779746411.55518,2,1680,1050
19,2,12240,1779746411.57185,2,1680,1050
19,2,12241,1779746411.58852,2,1680,1050
19,2,12242,1779746411.60518,1,1680,1050
19,2,12243,1779746411.62185,1,1680,1050
19,2,12244,1779746411.63851,1,1680,1050
19,2,12245,1779746411.65518,1,1680,1050
19,2,12246,1779746411.67185,1,1680,1050
19,2,12247,1779746411.68851,1,1680,1050
19,2,12248,1779746411.70518,1,1680,1050
19,2,12249,1779746411.72184,1,1680,1050
19,2,12250,1779746411.73851,1,1680,1050
19,2,12251,1779746411.75518,1,1680,1050
19,2,12252,1779746411.77184,1,1680,1050
19,2,12253,1779746411.78851,1,1680,1050
19,2,12254,1779746411.80517,1,1680,1050
19,2,12255,1779746411.82184,1,1680,1050
19,2,12256,1779746411.83851,1,1680,1050
19,2,12257,1779746411.85517,1,1680,1050
19,2,12258,1779746411.87184,1,1680,1050
19,2,12259,1779746411.8885,1,1680,1050
19,2,12260,1779746411.90517,1,1680,1050
19,2,12261,1779746411.92184,1,1680,1050
19,2,12262,1779746411.9385,1,1680,1050
19,2,12263,1779746411.95517,1,1680,1050
19,2,12264,1779746411.97184,1,1680,1050
19,2,12265,1779746411.9885,1,1680,1050
19,2,12266,1779746412.00517,1,1680,1050
19,2,12267,1779746412.02183,1,1680,1050
19,2,12268,1779746412.0385,1,1680,1050
19,2,12269,1779746412.05517,1,1680,1050
19,2,12270,1779746412.07183,1,1680,1050
19,2,12271,1779746412.10516,1,1680,1050
19,2,12272,1779746412.12183,1,1680,1050
19,2,12273,1779746412.1385,1,1680,1050
19,2,12274,1779746412.15516,1,1680,1050
19,2,12275,1779746412.17183,1,1680,1050
19,2,12276,1779746412.18849,1,1680,1050
19,2,12277,1779746412.20516,1,1680,1050
19,2,12278,1779746412.22183,1,1680,1050
19,2,12279,1779746412.23849,1,1680,1050
19,2,12280,1779746412.25516,1,1680,1050
19,2,12281,1779746412.27182,1,1680,1050
19,2,12282,1779746412.28849,1,1680,1050
19,2,12283,1779746412.30516,1,1680,1050
19,2,12284,1779746412.32182,1,1680,1050
19,2,12285,1779746412.33849,1,1680,1050
19,2,12286,1779746412.35515,1,1680,1050
19,2,12287,1779746412.37182,1,1680,1050
19,2,12288,1779746412.38849,1,1680,1050
19,2,12289,1779746412.40515,1,1680,1050
19,2,12290,1779746412.42182,1,1680,1050
19,2,12291,1779746412.43849,1,1680,1050
19,2,12292,1779746412.45515,1,1680,1050
19,2,12293,1779746412.47182,1,1680,1050
19,2,12294,1779746412.48848,1,1680,1050
19,2,12295,1779746412.50515,1,1680,1050
19,2,12296,1779746412.52182,1,1680,1050
19,2,12297,1779746412.53848,1,1680,1050
19,2,12298,1779746412.55515,1,1680,1050
19,2,12299,1779746412.57181,1,1680,1050
19,2,12300,1779746412.58848,1,1680,1050
19,2,12301,1779746412.60515,1,1680,1050
19,2,12302,1779746412.62181,1,1680,1050
19,2,12303,1779746412.63848,1,1680,1050
19,2,12304,1779746412.65514,1,1680,1050
19,2,12305,1779746412.67181,1,1680,1050
19,2,12306,1779746412.68848,1,1680,1050
19,2,12307,1779746412.70514,1,1680,1050
19,2,12308,1779746412.72181,1,1680,1050
19,2,12309,1779746412.73847,1,1680,1050
19,2,12310,1779746412.75514,1,1680,1050
19,2,12311,1779746412.77181,1,1680,1050
19,2,12312,1779746412.78847,1,1680,1050
19,2,12313,1779746412.80514,1,1680,1050
19,2,12314,1779746412.82181,1,1680,1050
19,2,12315,1779746412.83847,1,1680,1050
19,2,12316,1779746412.85514,1,1680,1050
19,2,12317,1779746412.8718,1,1680,1050
19,2,12318,1779746412.88847,1,1680,1050
19,2,12319,1779746412.90514,1,1680,1050
19,2,12320,1779746412.9218,1,1680,1050
19,2,12321,1779746412.93847,1,1680,1050
19,2,12322,1779746412.95513,1,1680,1050
19,2,12323,1779746412.9718,1,1680,1050
19,2,12324,1779746412.98847,1,1680,1050
19,2,12325,1779746413.00513,1,1680,1050
19,2,12326,1779746413.0218,1,1680,1050
19,2,12327,1779746413.03846,1,1680,1050
19,2,12328,1779746413.05513,1,1680,1050
19,2,12329,1779746413.0718,1,1680,1050
19,2,12330,1779746413.08846,1,1680,1050
19,2,12331,1779746413.10513,1,1680,1050
19,2,12332,1779746413.12179,1,1680,1050
19,2,12333,1779746413.13846,1,1680,1050
19,2,12334,1779746413.15513,1,1680,1050
19,2,12335,1779746413.17179,1,1680,1050
19,2,12336,1779746413.18846,1,1680,1050
19,2,12337,1779746413.20512,1,1680,1050
19,2,12338,1779746413.22179,1,1680,1050
19,2,12339,1779746413.23846,1,1680,1050
19,2,12340,1779746413.25512,1,1680,1050
19,2,12341,1779746413.27179,1,1680,1050
19,2,12342,1779746413.28846,1,1680,1050
19,2,12343,1779746413.30512,1,1680,1050
19,2,12344,1779746413.32179,1,1680,1050
19,2,12345,1779746413.33845,1,1680,1050
19,2,12346,1779746413.35512,1,1680,1050
19,2,12347,1779746413.37179,1,1680,1050
19,2,12348,1779746413.38845,1,1680,1050
19,2,12349,1779746413.40512,1,1680,1050
19,2,12350,1779746413.42178,1,1680,1050
19,2,12351,1779746413.43845,1,1680,1050
19,2,12352,1779746413.45512,1,1680,1050
19,2,12353,1779746413.47178,1,1680,1050
19,2,12354,1779746413.48845,1,1680,1050
19,2,12355,1779746413.50511,1,1680,1050
19,2,12356,1779746413.52178,1,1680,1050
19,2,12357,1779746413.53845,1,1680,1050
19,2,12358,1779746413.55511,1,1680,1050
19,2,12359,1779746413.57178,1,1680,1050
19,2,12360,1779746413.58845,1,1680,1050
19,2,12361,1779746413.60513,1,1680,1050
19,2,12362,1779746413.62178,1,1680,1050
19,2,12363,1779746413.63844,1,1680,1050
19,2,12364,1779746413.65511,1,1680,1050
19,2,12365,1779746413.67177,1,1680,1050
19,2,12366,1779746413.68844,1,1680,1050
19,2,12367,1779746413.70511,1,1680,1050
19,2,12368,1779746413.72177,1,1680,1050
19,2,12369,1779746413.73844,1,1680,1050
19,2,12370,1779746413.75511,1,1680,1050
19,2,12371,1779746413.77177,1,1680,1050
19,2,12372,1779746413.78844,1,1680,1050
19,2,12373,1779746413.8051,1,1680,1050
19,2,12374,1779746413.82177,1,1680,1050
19,2,12375,1779746413.83843,1,1680,1050
19,2,12376,1779746413.8551,1,1680,1050
19,2,12377,1779746413.87177,1,1680,1050
19,2,12378,1779746413.88843,1,1680,1050
19,2,12379,1779746413.9051,1,1680,1050
19,2,12380,1779746413.92177,1,1680,1050
19,2,12381,1779746413.93843,1,1680,1050
19,2,12382,1779746413.9551,1,1680,1050
19,2,12383,1779746413.97177,1,1680,1050
19,2,12384,1779746413.98843,1,1680,1050
19,2,12385,1779746414.0051,1,1680,1050
19,2,12386,1779746414.02176,1,1680,1050
19,2,12387,1779746414.03843,1,1680,1050
19,2,12388,1779746414.0551,1,1680,1050
19,2,12389,1779746414.07176,1,1680,1050
19,2,12390,1779746414.08843,1,1680,1050
19,2,12391,1779746414.10509,1,1680,1050
19,2,12392,1779746414.12176,1,1680,1050
19,2,12393,1779746414.13843,1,1680,1050
19,2,12394,1779746414.15509,1,1680,1050
19,2,12395,1779746414.17176,1,1680,1050
19,2,12396,1779746414.18842,1,1680,1050
19,2,12397,1779746414.20509,1,1680,1050
19,2,12398,1779746414.22176,1,1680,1050
19,2,12399,1779746414.23842,1,1680,1050
19,2,12400,1779746414.25509,1,1680,1050
19,2,12401,1779746414.27175,1,1680,1050
19,2,12402,1779746414.28842,1,1680,1050
19,2,12403,1779746414.30509,1,1680,1050
19,2,12404,1779746414.32175,1,1680,1050
19,2,12405,1779746414.33842,1,1680,1050
19,2,12406,1779746414.35509,1,1680,1050
19,2,12407,1779746414.37175,1,1680,1050
19,2,12408,1779746414.38842,1,1680,1050
19,2,12409,1779746414.40508,1,1680,1050
19,2,12410,1779746414.42175,1,1680,1050
19,2,12411,1779746414.43842,1,1680,1050
19,2,12412,1779746414.45508,1,1680,1050
19,2,12413,1779746414.47175,1,1680,1050
19,2,12414,1779746414.48841,1,1680,1050
19,2,12415,1779746414.50508,1,1680,1050
19,2,12416,1779746414.52175,1,1680,1050
19,2,12417,1779746414.53841,1,1680,1050
19,2,12418,1779746414.55508,1,1680,1050
19,2,12419,1779746414.57175,1,1680,1050
19,2,12420,1779746414.58841,1,1680,1050
19,2,12421,1779746414.60508,1,1680,1050
19,2,12422,1779746414.62174,1,1680,1050
19,2,12423,1779746414.63841,1,1680,1050
19,2,12424,1779746414.65508,1,1680,1050
19,2,12425,1779746414.67174,1,1680,1050
19,2,12426,1779746414.68841,1,1680,1050
19,2,12427,1779746414.70507,1,1680,1050
19,2,12428,1779746414.72174,1,1680,1050
19,2,12429,1779746414.7384,1,1680,1050
19,2,12430,1779746414.75507,1,1680,1050
19,2,12431,1779746414.77174,1,1680,1050
19,2,12432,1779746414.7884,1,1680,1050
19,2,12433,1779746414.80507,1,1680,1050
19,2,12434,1779746414.82174,1,1680,1050
19,2,12435,1779746414.8384,1,1680,1050
19,2,12436,1779746414.85507,1,1680,1050
19,2,12437,1779746414.87173,1,1680,1050
19,2,12438,1779746414.8884,1,1680,1050
19,2,12439,1779746414.90507,1,1680,1050
19,2,12440,1779746414.92173,1,1680,1050
19,2,12441,1779746414.9384,1,1680,1050
19,2,12442,1779746414.95507,1,1680,1050
19,2,12443,1779746414.97173,1,1680,1050
19,2,12444,1779746414.9884,1,1680,1050
19,2,12445,1779746415.00506,1,1680,1050
19,2,12446,1779746415.02173,1,1680,1050
19,2,12447,1779746415.03839,1,1680,1050
19,2,12448,1779746415.05506,1,1680,1050
19,2,12449,1779746415.07173,1,1680,1050
19,2,12450,1779746415.08839,1,1680,1050
19,2,12451,1779746415.10506,1,1680,1050
19,2,12452,1779746415.12173,1,1680,1050
19,2,12453,1779746415.13839,1,1680,1050
19,2,12454,1779746415.15506,1,1680,1050
19,2,12455,1779746415.17172,1,1680,1050
19,2,12456,1779746415.18839,1,1680,1050
19,2,12457,1779746415.20506,1,1680,1050
19,2,12458,1779746415.22172,1,1680,1050
19,2,12459,1779746415.23839,1,1680,1050
19,2,12460,1779746415.25505,1,1680,1050
19,2,12461,1779746415.27172,1,1680,1050
19,2,12462,1779746415.28839,1,1680,1050
19,2,12463,1779746415.30505,1,1680,1050
19,2,12464,1779746415.32172,1,1680,1050
19,2,12465,1779746415.33838,1,1680,1050
19,2,12466,1779746415.35505,1,1680,1050
19,2,12467,1779746415.37172,1,1680,1050
19,2,12468,1779746415.38838,1,1680,1050
19,2,12469,1779746415.40505,1,1680,1050
19,2,12470,1779746415.42172,1,1680,1050
19,2,12471,1779746415.43838,1,1680,1050
19,2,12472,1779746415.45505,1,1680,1050
19,2,12473,1779746415.47171,1,1680,1050
19,2,12474,1779746415.48838,1,1680,1050
19,2,12475,1779746415.50504,1,1680,1050
19,2,12476,1779746415.52171,1,1680,1050
19,2,12477,1779746415.53838,1,1680,1050
19,2,12478,1779746415.55504,1,1680,1050
19,2,12479,1779746415.57171,1,1680,1050
19,2,12480,1779746415.58838,1,1680,1050
19,2,12481,1779746415.60504,1,1680,1050
19,2,12482,1779746415.62171,2,1680,1050
19,2,12483,1779746415.63837,2,1680,1050
19,2,12484,1779746415.65504,2,1680,1050
19,2,12485,1779746415.67171,2,1680,1050
19,2,12486,1779746415.68837,2,1680,1050
19,2,12487,1779746415.70504,2,1680,1050
19,2,12488,1779746415.7217,2,1680,1050
19,2,12489,1779746415.73837,2,1680,1050
19,2,12490,1779746415.75504,2,1680,1050
19,2,12491,1779746415.7717,2,1680,1050
19,2,12492,1779746415.78837,2,1680,1050
19,2,12493,1779746415.80504,2,1680,1050
19,2,12494,1779746415.8217,2,1680,1050
19,2,12495,1779746415.83837,2,1680,1050
19,2,12496,1779746415.85503,2,1680,1050
19,2,12497,1779746415.8717,2,1680,1050
19,2,12498,1779746415.88836,2,1680,1050
19,2,12499,1779746415.90503,2,1680,1050
19,2,12500,1779746415.9217,2,1680,1050
19,2,12501,1779746415.93836,2,1680,1050
19,2,12502,1779746415.95503,2,1680,1050
19,2,12503,1779746415.9717,2,1680,1050
19,2,12504,1779746415.98836,2,1680,1050
19,2,12505,1779746416.00503,2,1680,1050
19,2,12506,1779746416.02169,2,1680,1050
19,2,12507,1779746416.03836,2,1680,1050
19,2,12508,1779746416.05503,2,1680,1050
19,2,12509,1779746416.07169,2,1680,1050
19,2,12510,1779746416.08836,2,1680,1050
19,2,12511,1779746416.10502,2,1680,1050
19,2,12512,1779746416.12169,2,1680,1050
19,2,12513,1779746416.13836,2,1680,1050
19,2,12514,1779746416.15502,2,1680,1050
19,2,12515,1779746416.17169,2,1680,1050
19,2,12516,1779746416.18836,2,1680,1050
19,2,12517,1779746416.20502,2,1680,1050
19,2,12518,1779746416.22169,2,1680,1050
19,2,12519,1779746416.23835,2,1680,1050
19,2,12520,1779746416.25502,2,1680,1050
19,2,12521,1779746416.27169,2,1680,1050
19,2,12522,1779746416.28835,2,1680,1050
19,2,12523,1779746416.30502,2,1680,1050
19,2,12524,1779746416.32168,2,1680,1050
19,2,12525,1779746416.33835,2,1680,1050
19,2,12526,1779746416.35502,2,1680,1050
19,2,12527,1779746416.37168,2,1680,1050
19,2,12528,1779746416.38835,2,1680,1050
19,2,12529,1779746416.40501,2,1680,1050
19,2,12530,1779746416.42168,2,1680,1050
19,2,12531,1779746416.43835,2,1680,1050
19,2,12532,1779746416.45501,2,1680,1050
19,2,12533,1779746416.47168,2,1680,1050
19,2,12534,1779746416.48834,2,1680,1050
19,2,12535,1779746416.50501,2,1680,1050
19,2,12536,1779746416.52168,2,1680,1050
19,2,12537,1779746416.53834,2,1680,1050
19,2,12538,1779746416.55501,2,1680,1050
19,2,12539,1779746416.57168,2,1680,1050
19,2,12540,1779746416.58834,2,1680,1050
19,2,12541,1779746416.60501,2,1680,1050
19,2,12542,1779746416.62167,2,1680,1050
19,2,12543,1779746416.63834,2,1680,1050
19,2,12544,1779746416.65501,2,1680,1050
19,2,12545,1779746416.67167,2,1680,1050
19,2,12546,1779746416.68834,2,1680,1050
19,2,12547,1779746416.705,2,1680,1050
19,2,12548,1779746416.72167,2,1680,1050
19,2,12549,1779746416.73834,2,1680,1050
19,2,12550,1779746416.755,2,1680,1050
19,2,12551,1779746416.77167,2,1680,1050
19,2,12552,1779746416.78833,2,1680,1050
19,2,12553,1779746416.805,2,1680,1050
19,2,12554,1779746416.82167,2,1680,1050
19,2,12555,1779746416.83833,2,1680,1050
19,2,12556,1779746416.855,2,1680,1050
19,2,12557,1779746416.87166,2,1680,1050
19,2,12558,1779746416.88833,2,1680,1050
19,2,12559,1779746416.905,2,1680,1050
19,2,12560,1779746416.92166,2,1680,1050
19,2,12561,1779746416.93833,2,1680,1050
19,2,12562,1779746416.955,2,1680,1050
19,2,12563,1779746416.97166,2,1680,1050
19,2,12564,1779746416.98833,2,1680,1050
19,2,12565,1779746417.00499,2,1680,1050
19,2,12566,1779746417.02166,2,1680,1050
19,2,12567,1779746417.03833,2,1680,1050
19,2,12568,1779746417.05499,2,1680,1050
19,2,12569,1779746417.07166,2,1680,1050
19,2,12570,1779746417.08832,2,1680,1050
19,2,12571,1779746417.10499,2,1680,1050
19,2,12572,1779746417.12166,2,1680,1050
19,2,12573,1779746417.13832,2,1680,1050
19,2,12574,1779746417.15499,2,1680,1050
19,2,12575,1779746417.17165,2,1680,1050
19,2,12576,1779746417.18832,2,1680,1050
19,2,12577,1779746417.20499,2,1680,1050
19,2,12578,1779746417.22165,2,1680,1050
19,2,12579,1779746417.23832,2,1680,1050
19,2,12580,1779746417.25498,2,1680,1050
19,2,12581,1779746417.27165,2,1680,1050
19,2,12582,1779746417.28832,2,1680,1050
19,2,12583,1779746417.30498,2,1680,1050
19,2,12584,1779746417.32165,2,1680,1050
19,2,12585,1779746417.33831,2,1680,1050
19,2,12586,1779746417.35498,2,1680,1050
19,2,12587,1779746417.37165,2,1680,1050
19,2,12588,1779746417.38831,2,1680,1050
19,2,12589,1779746417.40498,2,1680,1050
19,2,12590,1779746417.42164,2,1680,1050
19,2,12591,1779746417.43831,2,1680,1050
19,2,12592,1779746417.45498,2,1680,1050
19,2,12593,1779746417.47164,2,1680,1050
19,2,12594,1779746417.48831,2,1680,1050
19,2,12595,1779746417.50498,2,1680,1050
19,2,12596,1779746417.52164,2,1680,1050
19,2,12597,1779746417.53831,2,1680,1050
19,2,12598,1779746417.55497,2,1680,1050
19,2,12599,1779746417.57164,2,1680,1050
19,2,12600,1779746417.58831,2,1680,1050
19,2,12601,1779746417.60497,2,1680,1050
19,2,12602,1779746417.62164,1,1680,1050
19,2,12603,1779746417.6383,1,1680,1050
19,2,12604,1779746417.65497,1,1680,1050
19,2,12605,1779746417.67164,1,1680,1050
19,2,12606,1779746417.6883,1,1680,1050
19,2,12607,1779746417.70497,1,1680,1050
19,2,12608,1779746417.72164,1,1680,1050
19,2,12609,1779746417.7383,1,1680,1050
19,2,12610,1779746417.75497,1,1680,1050
19,2,12611,1779746417.77163,1,1680,1050
19,2,12612,1779746417.7883,1,1680,1050
19,2,12613,1779746417.80496,1,1680,1050
19,2,12614,1779746417.82163,1,1680,1050
19,2,12615,1779746417.8383,1,1680,1050
19,2,12616,1779746417.85496,1,1680,1050
19,2,12617,1779746417.87163,1,1680,1050
19,2,12618,1779746417.8883,1,1680,1050
19,2,12619,1779746417.90496,1,1680,1050
19,2,12620,1779746417.92163,1,1680,1050
19,2,12621,1779746417.93829,1,1680,1050
19,2,12622,1779746417.95496,1,1680,1050
19,2,12623,1779746417.97163,1,1680,1050
19,2,12624,1779746417.98829,1,1680,1050
19,2,12625,1779746418.00496,1,1680,1050
19,2,12626,1779746418.02163,1,1680,1050
19,2,12627,1779746418.03829,1,1680,1050
19,2,12628,1779746418.05496,1,1680,1050
19,2,12629,1779746418.07162,1,1680,1050
19,2,12630,1779746418.08829,1,1680,1050
19,2,12631,1779746418.10495,1,1680,1050
19,2,12632,1779746418.12162,1,1680,1050
19,2,12633,1779746418.13829,1,1680,1050
19,2,12634,1779746418.15495,1,1680,1050
19,2,12635,1779746418.17162,1,1680,1050
19,2,12636,1779746418.18828,1,1680,1050
19,2,12637,1779746418.20495,1,1680,1050
19,2,12638,1779746418.22162,1,1680,1050
19,2,12639,1779746418.23828,1,1680,1050
19,2,12640,1779746418.25495,1,1680,1050
19,2,12641,1779746418.27162,1,1680,1050
19,2,12642,1779746418.28828,1,1680,1050
19,2,12643,1779746418.30495,1,1680,1050
19,2,12644,1779746418.32161,1,1680,1050
19,2,12645,1779746418.33828,1,1680,1050
19,2,12646,1779746418.35495,1,1680,1050
19,2,12647,1779746418.37161,1,1680,1050
19,2,12648,1779746418.38828,1,1680,1050
19,2,12649,1779746418.40494,1,1680,1050
19,2,12650,1779746418.42161,1,1680,1050
19,2,12651,1779746418.43828,1,1680,1050
19,2,12652,1779746418.45494,1,1680,1050
19,2,12653,1779746418.47161,1,1680,1050
19,2,12654,1779746418.48827,1,1680,1050
19,2,12655,1779746418.50494,1,1680,1050
19,2,12656,1779746418.52161,1,1680,1050
19,2,12657,1779746418.53827,1,1680,1050
19,2,12658,1779746418.55494,1,1680,1050
19,2,12659,1779746418.5716,1,1680,1050
19,2,12660,1779746418.58827,1,1680,1050
19,2,12661,1779746418.60494,1,1680,1050
19,2,12662,1779746418.6216,1,1680,1050
19,2,12663,1779746418.63827,1,1680,1050
19,2,12664,1779746418.65494,1,1680,1050
19,2,12665,1779746418.6716,1,1680,1050
19,2,12666,1779746418.68827,1,1680,1050
19,2,12667,1779746418.70493,1,1680,1050
19,2,12668,1779746418.7216,1,1680,1050
19,2,12669,1779746418.73827,1,1680,1050
19,2,12670,1779746418.75493,1,1680,1050
19,2,12671,1779746418.7716,1,1680,1050
19,2,12672,1779746418.78826,1,1680,1050
19,2,12673,1779746418.80493,1,1680,1050
19,2,12674,1779746418.8216,1,1680,1050
19,2,12675,1779746418.83826,1,1680,1050
19,2,12676,1779746418.85493,1,1680,1050
19,2,12677,1779746418.8716,1,1680,1050
19,2,12678,1779746418.88826,1,1680,1050
19,2,12679,1779746418.90493,1,1680,1050
19,2,12680,1779746418.92159,1,1680,1050
19,2,12681,1779746418.93826,1,1680,1050
19,2,12682,1779746418.95493,1,1680,1050
19,2,12683,1779746418.97159,1,1680,1050
19,2,12684,1779746418.98826,1,1680,1050
19,2,12685,1779746419.00492,1,1680,1050
19,2,12686,1779746419.02159,1,1680,1050
19,2,12687,1779746419.03826,1,1680,1050
19,2,12688,1779746419.05492,1,1680,1050
19,2,12689,1779746419.07159,1,1680,1050
19,2,12690,1779746419.08825,1,1680,1050
19,2,12691,1779746419.10492,1,1680,1050
19,2,12692,1779746419.12159,1,1680,1050
19,2,12693,1779746419.13825,1,1680,1050
19,2,12694,1779746419.15492,1,1680,1050
19,2,12695,1779746419.17159,1,1680,1050
19,2,12696,1779746419.18825,1,1680,1050
19,2,12697,1779746419.20492,1,1680,1050
19,2,12698,1779746419.22158,1,1680,1050
19,2,12699,1779746419.23825,1,1680,1050
19,2,12700,1779746419.25491,1,1680,1050
19,2,12701,1779746419.27158,1,1680,1050
19,2,12702,1779746419.28825,1,1680,1050
19,2,12703,1779746419.30491,1,1680,1050
19,2,12704,1779746419.32158,1,1680,1050
19,2,12705,1779746419.33825,1,1680,1050
19,2,12706,1779746419.35491,1,1680,1050
19,2,12707,1779746419.37158,1,1680,1050
19,2,12708,1779746419.38824,1,1680,1050
19,2,12709,1779746419.40491,1,1680,1050
19,2,12710,1779746419.42158,1,1680,1050
19,2,12711,1779746419.43824,1,1680,1050
19,2,12712,1779746419.45491,1,1680,1050
19,2,12713,1779746419.47157,1,1680,1050
19,2,12714,1779746419.48824,1,1680,1050
19,2,12715,1779746419.50491,1,1680,1050
19,2,12716,1779746419.52157,1,1680,1050
19,2,12717,1779746419.53824,1,1680,1050
19,2,12718,1779746419.5549,1,1680,1050
19,2,12719,1779746419.57157,1,1680,1050
19,2,12720,1779746419.58824,1,1680,1050
19,2,12721,1779746419.6049,1,1680,1050
19,2,12722,1779746419.62157,1,1680,1050
19,2,12723,1779746419.63824,1,1680,1050
19,2,12724,1779746419.6549,1,1680,1050
19,2,12725,1779746419.67157,1,1680,1050
19,2,12726,1779746419.68823,1,1680,1050
19,2,12727,1779746419.7049,1,1680,1050
19,2,12728,1779746419.72157,1,1680,1050
19,2,12729,1779746419.73823,1,1680,1050
19,2,12730,1779746419.7549,1,1680,1050
19,2,12731,1779746419.77156,1,1680,1050
19,2,12732,1779746419.78823,1,1680,1050
19,2,12733,1779746419.8049,1,1680,1050
19,2,12734,1779746419.82156,1,1680,1050
19,2,12735,1779746419.83823,1,1680,1050
19,2,12736,1779746419.85489,1,1680,1050
19,2,12737,1779746419.87156,1,1680,1050
19,2,12738,1779746419.88823,1,1680,1050
19,2,12739,1779746419.90489,1,1680,1050
19,2,12740,1779746419.92156,1,1680,1050
19,2,12741,1779746419.93822,1,1680,1050
19,2,12742,1779746419.95489,1,1680,1050
19,2,12743,1779746419.97156,1,1680,1050
19,2,12744,1779746419.98822,1,1680,1050
19,2,12745,1779746420.00489,1,1680,1050
19,2,12746,1779746420.02155,1,1680,1050
19,2,12747,1779746420.03822,1,1680,1050
19,2,12748,1779746420.05489,1,1680,1050
19,2,12749,1779746420.07155,1,1680,1050
19,2,12750,1779746420.08822,1,1680,1050
19,2,12751,1779746420.10489,1,1680,1050
19,2,12752,1779746420.12155,1,1680,1050
19,2,12753,1779746420.13822,1,1680,1050
19,2,12754,1779746420.15488,1,1680,1050
19,2,12755,1779746420.17155,1,1680,1050
19,2,12756,1779746420.18822,1,1680,1050
19,2,12757,1779746420.20488,1,1680,1050
19,2,12758,1779746420.22155,1,1680,1050
19,2,12759,1779746420.23821,1,1680,1050
19,2,12760,1779746420.25488,1,1680,1050
19,2,12761,1779746420.27155,1,1680,1050
19,2,12762,1779746420.28821,1,1680,1050
19,2,12763,1779746420.30488,1,1680,1050
19,2,12764,1779746420.32154,1,1680,1050
19,2,12765,1779746420.33821,1,1680,1050
19,2,12766,1779746420.35488,1,1680,1050
19,2,12767,1779746420.37154,1,1680,1050
19,2,12768,1779746420.38821,1,1680,1050
19,2,12769,1779746420.40488,1,1680,1050
19,2,12770,1779746420.42154,1,1680,1050
19,2,12771,1779746420.43821,1,1680,1050
19,2,12772,1779746420.45487,1,1680,1050
19,2,12773,1779746420.47154,1,1680,1050
19,2,12774,1779746420.48821,1,1680,1050
19,2,12775,1779746420.50487,1,1680,1050
19,2,12776,1779746420.5382,1,1680,1050
19,2,12777,1779746420.55487,1,1680,1050
19,2,12778,1779746420.57153,1,1680,1050
19,2,12779,1779746420.5882,1,1680,1050
19,2,12780,1779746420.60487,1,1680,1050
19,2,12781,1779746420.62153,1,1680,1050
19,2,12782,1779746420.6382,1,1680,1050
19,2,12783,1779746420.65487,1,1680,1050
19,2,12784,1779746420.67153,1,1680,1050
19,2,12785,1779746420.6882,1,1680,1050
19,2,12786,1779746420.70486,1,1680,1050
19,2,12787,1779746420.72153,1,1680,1050
19,2,12788,1779746420.7382,1,1680,1050
19,2,12789,1779746420.75486,1,1680,1050
19,2,12790,1779746420.77153,1,1680,1050
19,2,12791,1779746420.7882,1,1680,1050
19,2,12792,1779746420.80486,1,1680,1050
19,2,12793,1779746420.82153,1,1680,1050
19,2,12794,1779746420.83819,1,1680,1050
19,2,12795,1779746420.85486,1,1680,1050
19,2,12796,1779746420.87153,1,1680,1050
19,2,12797,1779746420.88819,1,1680,1050
19,2,12798,1779746420.90486,1,1680,1050
19,2,12799,1779746420.92152,1,1680,1050
19,2,12800,1779746420.93819,1,1680,1050
19,2,12801,1779746420.95486,1,1680,1050
19,2,12802,1779746420.97152,1,1680,1050
19,2,12803,1779746420.98819,1,1680,1050
19,2,12804,1779746421.00485,1,1680,1050
19,2,12805,1779746421.02152,1,1680,1050
19,2,12806,1779746421.03819,1,1680,1050
19,2,12807,1779746421.05485,1,1680,1050
19,2,12808,1779746421.07152,1,1680,1050
19,2,12809,1779746421.08818,1,1680,1050
19,2,12810,1779746421.10485,1,1680,1050
19,2,12811,1779746421.12152,1,1680,1050
19,2,12812,1779746421.13818,1,1680,1050
19,2,12813,1779746421.15485,1,1680,1050
19,2,12814,1779746421.17152,1,1680,1050
19,2,12815,1779746421.18818,1,1680,1050
19,2,12816,1779746421.20485,1,1680,1050
19,2,12817,1779746421.22151,1,1680,1050
19,2,12818,1779746421.23819,1,1680,1050
19,2,12819,1779746421.25485,1,1680,1050
19,2,12820,1779746421.27151,1,1680,1050
19,2,12821,1779746421.28818,1,1680,1050
19,2,12822,1779746421.30484,1,1680,1050
19,2,12823,1779746421.32151,1,1680,1050
19,2,12824,1779746421.33818,1,1680,1050
19,2,12825,1779746421.35484,1,1680,1050
19,2,12826,1779746421.37151,1,1680,1050
19,2,12827,1779746421.38817,1,1680,1050
19,2,12828,1779746421.40484,1,1680,1050
19,2,12829,1779746421.42151,1,1680,1050
19,2,12830,1779746421.43817,1,1680,1050
19,2,12831,1779746421.45484,1,1680,1050
19,2,12832,1779746421.4715,1,1680,1050
19,2,12833,1779746421.48817,1,1680,1050
19,2,12834,1779746421.50484,1,1680,1050
19,2,12835,1779746421.5215,1,1680,1050
19,2,12836,1779746421.53817,1,1680,1050
19,2,12837,1779746421.55484,1,1680,1050
19,2,12838,1779746421.5715,1,1680,1050
19,2,12839,1779746421.58817,1,1680,1050
19,2,12840,1779746421.60483,1,1680,1050
19,2,12841,1779746421.6215,1,1680,1050
19,2,12842,1779746421.63817,2,1680,1050
19,2,12843,1779746421.65483,2,1680,1050
19,2,12844,1779746421.6715,2,1680,1050
19,2,12845,1779746421.68816,2,1680,1050
19,2,12846,1779746421.70483,2,1680,1050
19,2,12847,1779746421.7215,2,1680,1050
19,2,12848,1779746421.73816,2,1680,1050
19,2,12849,1779746421.75483,2,1680,1050
19,2,12850,1779746421.77149,2,1680,1050
19,2,12851,1779746421.78816,2,1680,1050
19,2,12852,1779746421.80483,2,1680,1050
19,2,12853,1779746421.82149,2,1680,1050
19,2,12854,1779746421.83816,2,1680,1050
19,2,12855,1779746421.85483,2,1680,1050
19,2,12856,1779746421.87149,2,1680,1050
19,2,12857,1779746421.88816,2,1680,1050
19,2,12858,1779746421.90482,2,1680,1050
19,2,12859,1779746421.92149,2,1680,1050
19,2,12860,1779746421.93815,2,1680,1050
19,2,12861,1779746421.95482,2,1680,1050
19,2,12862,1779746421.97149,2,1680,1050
19,2,12863,1779746421.98815,2,1680,1050
19,2,12864,1779746422.00482,2,1680,1050
19,2,12865,1779746422.02148,2,1680,1050
19,2,12866,1779746422.03815,2,1680,1050
19,2,12867,1779746422.05482,2,1680,1050
19,2,12868,1779746422.07148,2,1680,1050
19,2,12869,1779746422.08815,2,1680,1050
19,2,12870,1779746422.10482,2,1680,1050
19,2,12871,1779746422.12148,2,1680,1050
19,2,12872,1779746422.13815,2,1680,1050
19,2,12873,1779746422.15481,2,1680,1050
19,2,12874,1779746422.17148,2,1680,1050
19,2,12875,1779746422.18815,2,1680,1050
19,2,12876,1779746422.20481,2,1680,1050
19,2,12877,1779746422.22148,2,1680,1050
19,2,12878,1779746422.23814,2,1680,1050
19,2,12879,1779746422.25481,2,1680,1050
19,2,12880,1779746422.27148,2,1680,1050
19,2,12881,1779746422.28814,2,1680,1050
19,2,12882,1779746422.30481,2,1680,1050
19,2,12883,1779746422.32147,2,1680,1050
19,2,12884,1779746422.33814,2,1680,1050
19,2,12885,1779746422.35481,2,1680,1050
19,2,12886,1779746422.37147,2,1680,1050
19,2,12887,1779746422.38814,2,1680,1050
19,2,12888,1779746422.40481,2,1680,1050
19,2,12889,1779746422.42147,2,1680,1050
19,2,12890,1779746422.43814,2,1680,1050
19,2,12891,1779746422.4548,2,1680,1050
19,2,12892,1779746422.47147,2,1680,1050
19,2,12893,1779746422.48814,2,1680,1050
19,2,12894,1779746422.5048,2,1680,1050
19,2,12895,1779746422.52147,2,1680,1050
19,2,12896,1779746422.53813,2,1680,1050
19,2,12897,1779746422.5548,2,1680,1050
19,2,12898,1779746422.57147,2,1680,1050
19,2,12899,1779746422.58813,2,1680,1050
19,2,12900,1779746422.6048,2,1680,1050
19,2,12901,1779746422.62146,2,1680,1050
19,2,12902,1779746422.63813,2,1680,1050
19,2,12903,1779746422.6548,2,1680,1050
19,2,12904,1779746422.67146,2,1680,1050
19,2,12905,1779746422.68813,2,1680,1050
19,2,12906,1779746422.7048,2,1680,1050
19,2,12907,1779746422.72146,2,1680,1050
19,2,12908,1779746422.73813,2,1680,1050
19,2,12909,1779746422.75479,2,1680,1050
19,2,12910,1779746422.77146,2,1680,1050
19,2,12911,1779746422.78813,2,1680,1050
19,2,12912,1779746422.80479,2,1680,1050
19,2,12913,1779746422.82146,2,1680,1050
19,2,12914,1779746422.83812,2,1680,1050
19,2,12915,1779746422.85479,2,1680,1050
19,2,12916,1779746422.87146,2,1680,1050
19,2,12917,1779746422.88812,2,1680,1050
19,2,12918,1779746422.90479,2,1680,1050
19,2,12919,1779746422.92145,2,1680,1050
19,2,12920,1779746422.93812,2,1680,1050
19,2,12921,1779746422.95479,2,1680,1050
19,2,12922,1779746422.97145,2,1680,1050
19,2,12923,1779746422.98812,2,1680,1050
19,2,12924,1779746423.00478,2,1680,1050
19,2,12925,1779746423.02145,2,1680,1050
19,2,12926,1779746423.03812,2,1680,1050
19,2,12927,1779746423.05478,2,1680,1050
19,2,12928,1779746423.07145,2,1680,1050
19,2,12929,1779746423.08812,2,1680,1050
19,2,12930,1779746423.10478,2,1680,1050
19,2,12931,1779746423.12145,2,1680,1050
19,2,12932,1779746423.13811,2,1680,1050
19,2,12933,1779746423.15478,2,1680,1050
19,2,12934,1779746423.17145,2,1680,1050
19,2,12935,1779746423.18811,2,1680,1050
19,2,12936,1779746423.20478,2,1680,1050
19,2,12937,1779746423.22144,2,1680,1050
19,2,12938,1779746423.23811,2,1680,1050
19,2,12939,1779746423.25478,2,1680,1050
19,2,12940,1779746423.27144,2,1680,1050
19,2,12941,1779746423.28811,2,1680,1050
19,2,12942,1779746423.30477,2,1680,1050
19,2,12943,1779746423.32144,2,1680,1050
19,2,12944,1779746423.33811,2,1680,1050
19,2,12945,1779746423.35477,2,1680,1050
19,2,12946,1779746423.37144,2,1680,1050
19,2,12947,1779746423.3881,2,1680,1050
19,2,12948,1779746423.40477,2,1680,1050
19,2,12949,1779746423.42144,2,1680,1050
19,2,12950,1779746423.4381,2,1680,1050
19,2,12951,1779746423.45477,2,1680,1050
19,2,12952,1779746423.47144,2,1680,1050
19,2,12953,1779746423.4881,2,1680,1050
19,2,12954,1779746423.50477,2,1680,1050
19,2,12955,1779746423.52143,2,1680,1050
19,2,12956,1779746423.5381,2,1680,1050
19,2,12957,1779746423.55477,2,1680,1050
19,2,12958,1779746423.57143,2,1680,1050
19,2,12959,1779746423.5881,2,1680,1050
19,2,12960,1779746423.60476,2,1680,1050
19,2,12961,1779746423.62143,2,1680,1050
19,2,12962,1779746423.6381,1,1680,1050
19,2,12963,1779746423.65476,1,1680,1050
19,2,12964,1779746423.67143,1,1680,1050
19,2,12965,1779746423.68809,1,1680,1050
19,2,12966,1779746423.70476,1,1680,1050
19,2,12967,1779746423.72143,1,1680,1050
19,2,12968,1779746423.73809,1,1680,1050
19,2,12969,1779746423.75476,1,1680,1050
19,2,12970,1779746423.77142,1,1680,1050
19,2,12971,1779746423.78809,1,1680,1050
19,2,12972,1779746423.80476,1,1680,1050
19,2,12973,1779746423.82142,1,1680,1050
19,2,12974,1779746423.83809,1,1680,1050
19,2,12975,1779746423.85475,1,1680,1050
19,2,12976,1779746423.87142,1,1680,1050
19,2,12977,1779746423.88809,1,1680,1050
19,2,12978,1779746423.90475,1,1680,1050
19,2,12979,1779746423.92142,1,1680,1050
19,2,12980,1779746423.93809,1,1680,1050
19,2,12981,1779746423.95475,1,1680,1050
19,2,12982,1779746423.97142,1,1680,1050
19,2,12983,1779746423.98808,1,1680,1050
19,2,12984,1779746424.00475,1,1680,1050
19,2,12985,1779746424.02142,1,1680,1050
19,2,12986,1779746424.03808,1,1680,1050
19,2,12987,1779746424.05475,1,1680,1050
19,2,12988,1779746424.07141,1,1680,1050
19,2,12989,1779746424.08808,1,1680,1050
19,2,12990,1779746424.10475,1,1680,1050
19,2,12991,1779746424.12141,1,1680,1050
19,2,12992,1779746424.13808,1,1680,1050
19,2,12993,1779746424.15474,1,1680,1050
19,2,12994,1779746424.17141,1,1680,1050
19,2,12995,1779746424.18808,1,1680,1050
19,2,12996,1779746424.20474,1,1680,1050
19,2,12997,1779746424.22141,1,1680,1050
19,2,12998,1779746424.23808,1,1680,1050
19,2,12999,1779746424.25474,1,1680,1050
19,2,13000,1779746424.27141,1,1680,1050
19,2,13001,1779746424.28807,1,1680,1050
19,2,13002,1779746424.30474,1,1680,1050
19,2,13003,1779746424.32141,1,1680,1050
19,2,13004,1779746424.33807,1,1680,1050
19,2,13005,1779746424.35474,1,1680,1050
19,2,13006,1779746424.3714,1,1680,1050
19,2,13007,1779746424.38807,1,1680,1050
19,2,13008,1779746424.40474,1,1680,1050
19,2,13009,1779746424.4214,1,1680,1050
19,2,13010,1779746424.43807,1,1680,1050
19,2,13011,1779746424.45473,1,1680,1050
19,2,13012,1779746424.4714,1,1680,1050
19,2,13013,1779746424.48807,1,1680,1050
19,2,13014,1779746424.50473,1,1680,1050
19,2,13015,1779746424.5214,1,1680,1050
19,2,13016,1779746424.53806,1,1680,1050
19,2,13017,1779746424.55473,1,1680,1050
19,2,13018,1779746424.5714,1,1680,1050
19,2,13019,1779746424.58806,1,1680,1050
19,2,13020,1779746424.60473,1,1680,1050
19,2,13021,1779746424.62139,1,1680,1050
19,2,13022,1779746424.63806,1,1680,1050
19,2,13023,1779746424.65473,1,1680,1050
19,2,13024,1779746424.67139,1,1680,1050
19,2,13025,1779746424.68806,1,1680,1050
19,2,13026,1779746424.70473,1,1680,1050
19,2,13027,1779746424.72139,1,1680,1050
19,2,13028,1779746424.73806,1,1680,1050
19,2,13029,1779746424.75472,1,1680,1050
19,2,13030,1779746424.77139,1,1680,1050
19,2,13031,1779746424.78805,1,1680,1050
19,2,13032,1779746424.80472,1,1680,1050
19,2,13033,1779746424.82139,1,1680,1050
19,2,13034,1779746424.83805,1,1680,1050
19,2,13035,1779746424.85472,1,1680,1050
19,2,13036,1779746424.87139,1,1680,1050
19,2,13037,1779746424.88805,1,1680,1050
19,2,13038,1779746424.90472,1,1680,1050
19,2,13039,1779746424.92138,1,1680,1050
19,2,13040,1779746424.93805,1,1680,1050
19,2,13041,1779746424.95472,1,1680,1050
19,2,13042,1779746424.97138,1,1680,1050
19,2,13043,1779746424.98805,1,1680,1050
19,2,13044,1779746425.00472,1,1680,1050
19,2,13045,1779746425.02138,1,1680,1050
19,2,13046,1779746425.03805,1,1680,1050
19,2,13047,1779746425.05471,1,1680,1050
19,2,13048,1779746425.07138,1,1680,1050
19,2,13049,1779746425.08805,1,1680,1050
19,2,13050,1779746425.10471,1,1680,1050
19,2,13051,1779746425.12138,1,1680,1050
19,2,13052,1779746425.13804,1,1680,1050
19,2,13053,1779746425.15471,1,1680,1050
19,2,13054,1779746425.17138,1,1680,1050
19,2,13055,1779746425.18804,1,1680,1050
19,2,13056,1779746425.20471,1,1680,1050
19,2,13057,1779746425.22137,1,1680,1050
19,2,13058,1779746425.23804,1,1680,1050
19,2,13059,1779746425.25471,1,1680,1050
19,2,13060,1779746425.27137,1,1680,1050
19,2,13061,1779746425.28804,1,1680,1050
19,2,13062,1779746425.30471,1,1680,1050
19,2,13063,1779746425.32137,1,1680,1050
19,2,13064,1779746425.33804,1,1680,1050
19,2,13065,1779746425.3547,1,1680,1050
19,2,13066,1779746425.37137,1,1680,1050
19,2,13067,1779746425.38804,1,1680,1050
19,2,13068,1779746425.4047,1,1680,1050
19,2,13069,1779746425.42137,1,1680,1050
19,2,13070,1779746425.43803,1,1680,1050
19,2,13071,1779746425.4547,1,1680,1050
19,2,13072,1779746425.47136,1,1680,1050
19,2,13073,1779746425.48803,1,1680,1050
19,2,13074,1779746425.5047,1,1680,1050
19,2,13075,1779746425.52136,1,1680,1050
19,2,13076,1779746425.53803,1,1680,1050
19,2,13077,1779746425.5547,1,1680,1050
19,2,13078,1779746425.57136,1,1680,1050
19,2,13079,1779746425.58803,1,1680,1050
19,2,13080,1779746425.60469,1,1680,1050
19,2,13081,1779746425.62136,1,1680,1050
19,2,13082,1779746425.63803,1,1680,1050
19,2,13083,1779746425.65469,1,1680,1050
19,2,13084,1779746425.67136,1,1680,1050
19,2,13085,1779746425.68803,1,1680,1050
19,2,13086,1779746425.70469,1,1680,1050
19,2,13087,1779746425.72136,1,1680,1050
19,2,13088,1779746425.73802,1,1680,1050
19,2,13089,1779746425.75469,1,1680,1050
19,2,13090,1779746425.77136,1,1680,1050
19,2,13091,1779746425.78802,1,1680,1050
19,2,13092,1779746425.80469,1,1680,1050
19,2,13093,1779746425.82135,1,1680,1050
19,2,13094,1779746425.83802,1,1680,1050
19,2,13095,1779746425.85469,1,1680,1050
19,2,13096,1779746425.87135,1,1680,1050
19,2,13097,1779746425.88802,1,1680,1050
19,2,13098,1779746425.90468,1,1680,1050
19,2,13099,1779746425.92135,1,1680,1050
19,2,13100,1779746425.93802,1,1680,1050
19,2,13101,1779746425.95468,1,1680,1050
19,2,13102,1779746425.97135,1,1680,1050
19,2,13103,1779746425.98801,1,1680,1050
19,2,13104,1779746426.00468,1,1680,1050
19,2,13105,1779746426.02135,1,1680,1050
19,2,13106,1779746426.03801,1,1680,1050
19,2,13107,1779746426.05468,1,1680,1050
19,2,13108,1779746426.07134,1,1680,1050
19,2,13109,1779746426.08801,1,1680,1050
19,2,13110,1779746426.10468,1,1680,1050
19,2,13111,1779746426.12134,1,1680,1050
19,2,13112,1779746426.13801,1,1680,1050
19,2,13113,1779746426.15468,1,1680,1050
19,2,13114,1779746426.17134,1,1680,1050
19,2,13115,1779746426.18801,1,1680,1050
19,2,13116,1779746426.20467,1,1680,1050
19,2,13117,1779746426.22134,1,1680,1050
19,2,13118,1779746426.23801,1,1680,1050
19,2,13119,1779746426.25467,1,1680,1050
19,2,13120,1779746426.27134,1,1680,1050
19,2,13121,1779746426.288,1,1680,1050
19,2,13122,1779746426.30467,1,1680,1050
19,2,13123,1779746426.32134,1,1680,1050
19,2,13124,1779746426.338,1,1680,1050
19,2,13125,1779746426.35467,1,1680,1050
19,2,13126,1779746426.37133,1,1680,1050
19,2,13127,1779746426.388,1,1680,1050
19,2,13128,1779746426.40467,1,1680,1050
19,2,13129,1779746426.42133,1,1680,1050
19,2,13130,1779746426.438,1,1680,1050
19,2,13131,1779746426.45466,1,1680,1050
19,2,13132,1779746426.47133,1,1680,1050
19,2,13133,1779746426.488,1,1680,1050
19,2,13134,1779746426.50466,1,1680,1050
19,2,13135,1779746426.52133,1,1680,1050
19,2,13136,1779746426.538,1,1680,1050
19,2,13137,1779746426.55466,1,1680,1050
19,2,13138,1779746426.57133,1,1680,1050
19,2,13139,1779746426.58799,1,1680,1050
19,2,13140,1779746426.60466,1,1680,1050
19,2,13141,1779746426.62133,1,1680,1050
19,2,13142,1779746426.63799,1,1680,1050
19,2,13143,1779746426.65466,1,1680,1050
19,2,13144,1779746426.67132,1,1680,1050
19,2,13145,1779746426.68799,1,1680,1050
19,2,13146,1779746426.70466,1,1680,1050
19,2,13147,1779746426.72132,1,1680,1050
19,2,13148,1779746426.73799,1,1680,1050
19,2,13149,1779746426.75465,1,1680,1050
19,2,13150,1779746426.77132,1,1680,1050
19,2,13151,1779746426.78799,1,1680,1050
19,2,13152,1779746426.80465,1,1680,1050
19,2,13153,1779746426.82132,1,1680,1050
19,2,13154,1779746426.83798,1,1680,1050
19,2,13155,1779746426.85465,1,1680,1050
19,2,13156,1779746426.87132,1,1680,1050
19,2,13157,1779746426.88798,1,1680,1050
19,2,13158,1779746426.90465,1,1680,1050
19,2,13159,1779746426.92132,1,1680,1050
19,2,13160,1779746426.93798,1,1680,1050
19,2,13161,1779746426.95465,1,1680,1050
19,2,13162,1779746426.97131,1,1680,1050
19,2,13163,1779746426.98798,1,1680,1050
19,2,13164,1779746427.00465,1,1680,1050
19,2,13165,1779746427.02131,1,1680,1050
19,2,13166,1779746427.03798,1,1680,1050
19,2,13167,1779746427.05464,1,1680,1050
19,2,13168,1779746427.07131,1,1680,1050
19,2,13169,1779746427.08798,1,1680,1050
19,2,13170,1779746427.10464,1,1680,1050
19,2,13171,1779746427.12131,1,1680,1050
19,2,13172,1779746427.13797,1,1680,1050
19,2,13173,1779746427.15464,1,1680,1050
19,2,13174,1779746427.17131,1,1680,1050
19,2,13175,1779746427.18798,1,1680,1050
19,2,13176,1779746427.20464,1,1680,1050
19,2,13177,1779746427.2213,1,1680,1050
19,2,13178,1779746427.23797,1,1680,1050
19,2,13179,1779746427.25464,1,1680,1050
19,2,13180,1779746427.2713,1,1680,1050
19,2,13181,1779746427.28797,1,1680,1050
19,2,13182,1779746427.30464,1,1680,1050
19,2,13183,1779746427.3213,1,1680,1050
19,2,13184,1779746427.33797,1,1680,1050
19,2,13185,1779746427.35463,1,1680,1050
19,2,13186,1779746427.3713,1,1680,1050
19,2,13187,1779746427.38797,1,1680,1050
19,2,13188,1779746427.40463,1,1680,1050
19,2,13189,1779746427.4213,1,1680,1050
19,2,13190,1779746427.43796,1,1680,1050
19,2,13191,1779746427.45463,1,1680,1050
19,2,13192,1779746427.4713,1,1680,1050
19,2,13193,1779746427.48796,1,1680,1050
19,2,13194,1779746427.50463,1,1680,1050
19,2,13195,1779746427.52129,1,1680,1050
19,2,13196,1779746427.53796,1,1680,1050
19,2,13197,1779746427.55463,1,1680,1050
19,2,13198,1779746427.57129,1,1680,1050
19,2,13199,1779746427.58796,1,1680,1050
19,2,13200,1779746427.60462,1,1680,1050
19,2,13201,1779746427.62129,1,1680,1050
19,2,13202,1779746427.63796,2,1680,1050
19,2,13203,1779746427.65462,2,1680,1050
19,2,13204,1779746427.67129,2,1680,1050
19,2,13205,1779746427.68796,2,1680,1050
19,2,13206,1779746427.70462,2,1680,1050
19,2,13207,1779746427.72129,2,1680,1050
19,2,13208,1779746427.73795,2,1680,1050
19,2,13209,1779746427.75462,2,1680,1050
19,2,13210,1779746427.77129,2,1680,1050
19,2,13211,1779746427.78795,2,1680,1050
19,2,13212,1779746427.80462,2,1680,1050
19,2,13213,1779746427.82128,2,1680,1050
19,2,13214,1779746427.83795,2,1680,1050
19,2,13215,1779746427.85462,2,1680,1050
19,2,13216,1779746427.87128,2,1680,1050
19,2,13217,1779746427.88795,2,1680,1050
19,2,13218,1779746427.90461,2,1680,1050
19,2,13219,1779746427.92128,2,1680,1050
19,2,13220,1779746427.93795,2,1680,1050
19,2,13221,1779746427.95461,2,1680,1050
19,2,13222,1779746427.97128,2,1680,1050
19,2,13223,1779746427.98794,2,1680,1050
19,2,13224,1779746428.00461,2,1680,1050
19,2,13225,1779746428.02128,2,1680,1050
19,2,13226,1779746428.03794,2,1680,1050
19,2,13227,1779746428.05461,2,1680,1050
19,2,13228,1779746428.07128,2,1680,1050
19,2,13229,1779746428.08794,2,1680,1050
19,2,13230,1779746428.10461,2,1680,1050
19,2,13231,1779746428.13794,2,1680,1050
19,2,13232,1779746428.15461,2,1680,1050
19,2,13233,1779746428.17127,2,1680,1050
19,2,13234,1779746428.18794,2,1680,1050
19,2,13235,1779746428.2046,2,1680,1050
19,2,13236,1779746428.22127,2,1680,1050
19,2,13237,1779746428.23794,2,1680,1050
19,2,13238,1779746428.2546,2,1680,1050
19,2,13239,1779746428.27127,2,1680,1050
19,2,13240,1779746428.28793,2,1680,1050
19,2,13241,1779746428.3046,2,1680,1050
19,2,13242,1779746428.32127,2,1680,1050
19,2,13243,1779746428.33793,2,1680,1050
19,2,13244,1779746428.3546,2,1680,1050
19,2,13245,1779746428.37126,2,1680,1050
19,2,13246,1779746428.38793,2,1680,1050
19,2,13247,1779746428.4046,2,1680,1050
19,2,13248,1779746428.42126,2,1680,1050
19,2,13249,1779746428.43793,2,1680,1050
19,2,13250,1779746428.4546,2,1680,1050
19,2,13251,1779746428.47126,2,1680,1050
19,2,13252,1779746428.48793,2,1680,1050
19,2,13253,1779746428.50459,2,1680,1050
19,2,13254,1779746428.52126,2,1680,1050
19,2,13255,1779746428.53793,2,1680,1050
19,2,13256,1779746428.55459,2,1680,1050
19,2,13257,1779746428.57126,2,1680,1050
19,2,13258,1779746428.58792,2,1680,1050
19,2,13259,1779746428.60459,2,1680,1050
19,2,13260,1779746428.62126,2,1680,1050
19,2,13261,1779746428.63792,2,1680,1050
19,2,13262,1779746428.65459,2,1680,1050
19,2,13263,1779746428.67125,2,1680,1050
19,2,13264,1779746428.68792,2,1680,1050
19,2,13265,1779746428.70459,2,1680,1050
19,2,13266,1779746428.72125,2,1680,1050
19,2,13267,1779746428.73792,2,1680,1050
19,2,13268,1779746428.75458,2,1680,1050
19,2,13269,1779746428.77125,2,1680,1050
19,2,13270,1779746428.78792,2,1680,1050
19,2,13271,1779746428.80458,2,1680,1050
19,2,13272,1779746428.82125,2,1680,1050
19,2,13273,1779746428.83792,2,1680,1050
19,2,13274,1779746428.85458,2,1680,1050
19,2,13275,1779746428.87125,2,1680,1050
19,2,13276,1779746428.88791,2,1680,1050
19,2,13277,1779746428.90458,2,1680,1050
19,2,13278,1779746428.92125,2,1680,1050
19,2,13279,1779746428.93791,2,1680,1050
19,2,13280,1779746428.95458,2,1680,1050
19,2,13281,1779746428.97124,2,1680,1050
19,2,13282,1779746428.98791,2,1680,1050
19,2,13283,1779746429.00458,2,1680,1050
19,2,13284,1779746429.02124,2,1680,1050
19,2,13285,1779746429.03791,2,1680,1050
19,2,13286,1779746429.05457,2,1680,1050
19,2,13287,1779746429.07124,2,1680,1050
19,2,13288,1779746429.08791,2,1680,1050
19,2,13289,1779746429.10457,2,1680,1050
19,2,13290,1779746429.12124,2,1680,1050
19,2,13291,1779746429.13791,2,1680,1050
19,2,13292,1779746429.15457,2,1680,1050
19,2,13293,1779746429.17124,2,1680,1050
19,2,13294,1779746429.1879,2,1680,1050
19,2,13295,1779746429.20457,2,1680,1050
19,2,13296,1779746429.22124,2,1680,1050
19,2,13297,1779746429.2379,2,1680,1050
19,2,13298,1779746429.25457,2,1680,1050
19,2,13299,1779746429.27123,2,1680,1050
19,2,13300,1779746429.2879,2,1680,1050
19,2,13301,1779746429.30457,2,1680,1050
19,2,13302,1779746429.32123,2,1680,1050
19,2,13303,1779746429.3379,2,1680,1050
19,2,13304,1779746429.35456,2,1680,1050
19,2,13305,1779746429.37123,2,1680,1050
19,2,13306,1779746429.3879,2,1680,1050
19,2,13307,1779746429.40456,2,1680,1050
19,2,13308,1779746429.42123,2,1680,1050
19,2,13309,1779746429.43789,2,1680,1050
19,2,13310,1779746429.45456,2,1680,1050
19,2,13311,1779746429.47123,2,1680,1050
19,2,13312,1779746429.48789,2,1680,1050
19,2,13313,1779746429.50456,2,1680,1050
19,2,13314,1779746429.52122,2,1680,1050
19,2,13315,1779746429.53789,2,1680,1050
19,2,13316,1779746429.55456,2,1680,1050
19,2,13317,1779746429.57122,2,1680,1050
19,2,13318,1779746429.58789,2,1680,1050
19,2,13319,1779746429.60456,2,1680,1050
19,2,13320,1779746429.62122,2,1680,1050
19,2,13321,1779746429.63789,2,1680,1050
19,2,13322,1779746429.65455,1,1680,1050
19,2,13323,1779746429.67122,1,1680,1050
19,2,13324,1779746429.68789,1,1680,1050
19,2,13325,1779746429.70455,1,1680,1050
19,2,13326,1779746429.72122,1,1680,1050
19,2,13327,1779746429.73788,1,1680,1050
19,2,13328,1779746429.75455,1,1680,1050
19,2,13329,1779746429.77122,1,1680,1050
19,2,13330,1779746429.78788,1,1680,1050
19,2,13331,1779746429.80455,1,1680,1050
19,2,13332,1779746429.82121,1,1680,1050
19,2,13333,1779746429.83788,1,1680,1050
19,2,13334,1779746429.85455,1,1680,1050
19,2,13335,1779746429.87121,1,1680,1050
19,2,13336,1779746429.88788,1,1680,1050
19,2,13337,1779746429.90455,1,1680,1050
19,2,13338,1779746429.92121,1,1680,1050
19,2,13339,1779746429.93788,1,1680,1050
19,2,13340,1779746429.95454,1,1680,1050
19,2,13341,1779746429.97121,1,1680,1050
19,2,13342,1779746429.98788,1,1680,1050
19,2,13343,1779746430.00454,1,1680,1050
19,2,13344,1779746430.02121,1,1680,1050
19,2,13345,1779746430.03787,1,1680,1050
19,2,13346,1779746430.05454,1,1680,1050
19,2,13347,1779746430.07121,1,1680,1050
19,2,13348,1779746430.08787,1,1680,1050
19,2,13349,1779746430.10454,1,1680,1050
19,2,13350,1779746430.1212,1,1680,1050
19,2,13351,1779746430.13787,1,1680,1050
19,2,13352,1779746430.15454,1,1680,1050
19,2,13353,1779746430.1712,1,1680,1050
19,2,13354,1779746430.18787,1,1680,1050
19,2,13355,1779746430.20453,1,1680,1050
19,2,13356,1779746430.2212,1,1680,1050
19,2,13357,1779746430.23787,1,1680,1050
19,2,13358,1779746430.25453,1,1680,1050
19,2,13359,1779746430.2712,1,1680,1050
19,2,13360,1779746430.28787,1,1680,1050
19,2,13361,1779746430.30453,1,1680,1050
19,2,13362,1779746430.3212,1,1680,1050
19,2,13363,1779746430.33786,1,1680,1050
19,2,13364,1779746430.35453,1,1680,1050
19,2,13365,1779746430.3712,1,1680,1050
19,2,13366,1779746430.38786,1,1680,1050
19,2,13367,1779746430.40453,1,1680,1050
19,2,13368,1779746430.42119,1,1680,1050
19,2,13369,1779746430.43786,1,1680,1050
19,2,13370,1779746430.45453,1,1680,1050
19,2,13371,1779746430.47119,1,1680,1050
19,2,13372,1779746430.48786,1,1680,1050
19,2,13373,1779746430.50452,1,1680,1050
19,2,13374,1779746430.52119,1,1680,1050
19,2,13375,1779746430.53786,1,1680,1050
19,2,13376,1779746430.55452,1,1680,1050
19,2,13377,1779746430.57119,1,1680,1050
19,2,13378,1779746430.58785,1,1680,1050
19,2,13379,1779746430.60452,1,1680,1050
19,2,13380,1779746430.62119,1,1680,1050
19,2,13381,1779746430.63785,1,1680,1050
19,2,13382,1779746430.65452,1,1680,1050
19,2,13383,1779746430.67118,1,1680,1050
19,2,13384,1779746430.68785,1,1680,1050
19,2,13385,1779746430.70452,1,1680,1050
19,2,13386,1779746430.72118,1,1680,1050
19,2,13387,1779746430.73785,1,1680,1050
19,2,13388,1779746430.75451,1,1680,1050
19,2,13389,1779746430.77118,1,1680,1050
19,2,13390,1779746430.78785,1,1680,1050
19,2,13391,1779746430.80451,1,1680,1050
19,2,13392,1779746430.82118,1,1680,1050
19,2,13393,1779746430.83785,1,1680,1050
19,2,13394,1779746430.85451,1,1680,1050
19,2,13395,1779746430.87118,1,1680,1050
19,2,13396,1779746430.88784,1,1680,1050
19,2,13397,1779746430.90451,1,1680,1050
19,2,13398,1779746430.92118,1,1680,1050
19,2,13399,1779746430.93784,1,1680,1050
19,2,13400,1779746430.95451,1,1680,1050
19,2,13401,1779746430.97117,1,1680,1050
19,2,13402,1779746430.98784,1,1680,1050
19,2,13403,1779746431.00451,1,1680,1050
19,2,13404,1779746431.02117,1,1680,1050
19,2,13405,1779746431.03784,1,1680,1050
19,2,13406,1779746431.0545,1,1680,1050
19,2,13407,1779746431.07117,1,1680,1050
19,2,13408,1779746431.08784,1,1680,1050
19,2,13409,1779746431.1045,1,1680,1050
19,2,13410,1779746431.12117,1,1680,1050
19,2,13411,1779746431.13784,1,1680,1050
19,2,13412,1779746431.1545,1,1680,1050
19,2,13413,1779746431.17117,1,1680,1050
19,2,13414,1779746431.18783,1,1680,1050
19,2,13415,1779746431.2045,1,1680,1050
19,2,13416,1779746431.22117,1,1680,1050
19,2,13417,1779746431.23783,1,1680,1050
19,2,13418,1779746431.2545,1,1680,1050
19,2,13419,1779746431.27116,1,1680,1050
19,2,13420,1779746431.28783,1,1680,1050
19,2,13421,1779746431.3045,1,1680,1050
19,2,13422,1779746431.32116,1,1680,1050
19,2,13423,1779746431.33783,1,1680,1050
19,2,13424,1779746431.35449,1,1680,1050
19,2,13425,1779746431.37116,1,1680,1050
19,2,13426,1779746431.38783,1,1680,1050
19,2,13427,1779746431.40449,1,1680,1050
19,2,13428,1779746431.42116,1,1680,1050
19,2,13429,1779746431.43782,1,1680,1050
19,2,13430,1779746431.45449,1,1680,1050
19,2,13431,1779746431.47116,1,1680,1050
19,2,13432,1779746431.48782,1,1680,1050
19,2,13433,1779746431.50449,1,1680,1050
19,2,13434,1779746431.52116,1,1680,1050
19,2,13435,1779746431.53782,1,1680,1050
19,2,13436,1779746431.55449,1,1680,1050
19,2,13437,1779746431.57115,1,1680,1050
19,2,13438,1779746431.58782,1,1680,1050
19,2,13439,1779746431.60449,1,1680,1050
19,2,13440,1779746431.62115,1,1680,1050
19,2,13441,1779746431.63782,1,1680,1050
19,2,13442,1779746431.65448,1,1680,1050
19,2,13443,1779746431.67115,1,1680,1050
19,2,13444,1779746431.68782,1,1680,1050
19,2,13445,1779746431.70448,1,1680,1050
19,2,13446,1779746431.72115,1,1680,1050
19,2,13447,1779746431.73781,1,1680,1050
19,2,13448,1779746431.75448,1,1680,1050
19,2,13449,1779746431.77115,1,1680,1050
19,2,13450,1779746431.78781,1,1680,1050
19,2,13451,1779746431.80448,1,1680,1050
19,2,13452,1779746431.82114,1,1680,1050
19,2,13453,1779746431.83781,1,1680,1050
19,2,13454,1779746431.85448,1,1680,1050
19,2,13455,1779746431.87114,1,1680,1050
19,2,13456,1779746431.88781,1,1680,1050
19,2,13457,1779746431.90447,1,1680,1050
19,2,13458,1779746431.92114,1,1680,1050
19,2,13459,1779746431.93781,1,1680,1050
19,2,13460,1779746431.95447,1,1680,1050
19,2,13461,1779746431.97114,1,1680,1050
19,2,13462,1779746431.98781,1,1680,1050
19,2,13463,1779746432.00447,1,1680,1050
19,2,13464,1779746432.02114,1,1680,1050
19,2,13465,1779746432.0378,1,1680,1050
19,2,13466,1779746432.05447,1,1680,1050
19,2,13467,1779746432.07114,1,1680,1050
19,2,13468,1779746432.0878,1,1680,1050
19,2,13469,1779746432.10447,1,1680,1050
19,2,13470,1779746432.12113,1,1680,1050
19,2,13471,1779746432.1378,1,1680,1050
19,2,13472,1779746432.15447,1,1680,1050
19,2,13473,1779746432.17113,1,1680,1050
19,2,13474,1779746432.1878,1,1680,1050
19,2,13475,1779746432.20446,1,1680,1050
19,2,13476,1779746432.22113,1,1680,1050
19,2,13477,1779746432.2378,1,1680,1050
19,2,13478,1779746432.25446,1,1680,1050
19,2,13479,1779746432.27113,1,1680,1050
19,2,13480,1779746432.2878,1,1680,1050
19,2,13481,1779746432.30446,1,1680,1050
19,2,13482,1779746432.32113,1,1680,1050
19,2,13483,1779746432.33779,1,1680,1050
19,2,13484,1779746432.35446,1,1680,1050
19,2,13485,1779746432.37113,1,1680,1050
19,2,13486,1779746432.38779,1,1680,1050
19,2,13487,1779746432.40446,1,1680,1050
19,2,13488,1779746432.42112,1,1680,1050
19,2,13489,1779746432.43779,1,1680,1050
19,2,13490,1779746432.45446,1,1680,1050
19,2,13491,1779746432.47112,1,1680,1050
19,2,13492,1779746432.48779,1,1680,1050
19,2,13493,1779746432.50445,1,1680,1050
19,2,13494,1779746432.52112,1,1680,1050
19,2,13495,1779746432.53779,1,1680,1050
19,2,13496,1779746432.55445,1,1680,1050
19,2,13497,1779746432.57112,1,1680,1050
19,2,13498,1779746432.58779,1,1680,1050
19,2,13499,1779746432.60445,1,1680,1050
19,2,13500,1779746432.62112,1,1680,1050
19,2,13501,1779746432.63778,1,1680,1050
19,2,13502,1779746432.65445,1,1680,1050
19,2,13503,1779746432.67112,1,1680,1050
19,2,13504,1779746432.68778,1,1680,1050
19,2,13505,1779746432.70445,1,1680,1050
19,2,13506,1779746432.72111,1,1680,1050
19,2,13507,1779746432.73778,1,1680,1050
19,2,13508,1779746432.75445,1,1680,1050
19,2,13509,1779746432.77111,1,1680,1050
19,2,13510,1779746432.78778,1,1680,1050
19,2,13511,1779746432.80444,1,1680,1050
19,2,13512,1779746432.82111,1,1680,1050
19,2,13513,1779746432.83778,1,1680,1050
19,2,13514,1779746432.85444,1,1680,1050
19,2,13515,1779746432.87111,1,1680,1050
19,2,13516,1779746432.88777,1,1680,1050
19,2,13517,1779746432.90444,1,1680,1050
19,2,13518,1779746432.92111,1,1680,1050
19,2,13519,1779746432.93777,1,1680,1050
19,2,13520,1779746432.95444,1,1680,1050
19,2,13521,1779746432.97111,1,1680,1050
19,2,13522,1779746432.98777,1,1680,1050
19,2,13523,1779746433.00444,1,1680,1050
19,2,13524,1779746433.0211,1,1680,1050
19,2,13525,1779746433.03777,1,1680,1050
19,2,13526,1779746433.05444,1,1680,1050
19,2,13527,1779746433.0711,1,1680,1050
19,2,13528,1779746433.08777,1,1680,1050
19,2,13529,1779746433.10443,1,1680,1050
19,2,13530,1779746433.1211,1,1680,1050
19,2,13531,1779746433.13777,1,1680,1050
19,2,13532,1779746433.15443,1,1680,1050
19,2,13533,1779746433.1711,1,1680,1050
19,2,13534,1779746433.18776,1,1680,1050
19,2,13535,1779746433.20443,1,1680,1050
19,2,13536,1779746433.2211,1,1680,1050
19,2,13537,1779746433.23776,1,1680,1050
19,2,13538,1779746433.25443,1,1680,1050
19,2,13539,1779746433.27109,1,1680,1050
19,2,13540,1779746433.28776,1,1680,1050
19,2,13541,1779746433.30443,1,1680,1050
19,2,13542,1779746433.32109,1,1680,1050
19,2,13543,1779746433.33776,1,1680,1050
19,2,13544,1779746433.35442,1,1680,1050
19,2,13545,1779746433.37109,1,1680,1050
19,2,13546,1779746433.38776,1,1680,1050
19,2,13547,1779746433.40442,1,1680,1050
19,2,13548,1779746433.42109,1,1680,1050
19,2,13549,1779746433.43776,1,1680,1050
19,2,13550,1779746433.45442,1,1680,1050
19,2,13551,1779746433.47109,1,1680,1050
19,2,13552,1779746433.48775,1,1680,1050
19,2,13553,1779746433.50442,1,1680,1050
19,2,13554,1779746433.52109,1,1680,1050
19,2,13555,1779746433.53775,1,1680,1050
19,2,13556,1779746433.55442,1,1680,1050
19,2,13557,1779746433.57108,1,1680,1050
19,2,13558,1779746433.58775,1,1680,1050
19,2,13559,1779746433.60442,1,1680,1050
19,2,13560,1779746433.62108,1,1680,1050
19,2,13561,1779746433.63775,1,1680,1050
19,2,13562,1779746433.65441,2,1680,1050
19,2,13563,1779746433.67108,2,1680,1050
19,2,13564,1779746433.68775,2,1680,1050
19,2,13565,1779746433.70441,2,1680,1050
19,2,13566,1779746433.72108,2,1680,1050
19,2,13567,1779746433.73775,2,1680,1050
19,2,13568,1779746433.75441,2,1680,1050
19,2,13569,1779746433.77108,2,1680,1050
19,2,13570,1779746433.78774,2,1680,1050
19,2,13571,1779746433.80441,2,1680,1050
19,2,13572,1779746433.82107,2,1680,1050
19,2,13573,1779746433.83774,2,1680,1050
19,2,13574,1779746433.85441,2,1680,1050
19,2,13575,1779746433.87107,2,1680,1050
19,2,13576,1779746433.88774,2,1680,1050
19,2,13577,1779746433.90441,2,1680,1050
19,2,13578,1779746433.92107,2,1680,1050
19,2,13579,1779746433.93774,2,1680,1050
19,2,13580,1779746433.9544,2,1680,1050
19,2,13581,1779746433.97107,2,1680,1050
19,2,13582,1779746433.98774,2,1680,1050
19,2,13583,1779746434.0044,2,1680,1050
19,2,13584,1779746434.02107,2,1680,1050
19,2,13585,1779746434.03773,2,1680,1050
19,2,13586,1779746434.0544,2,1680,1050
19,2,13587,1779746434.07107,2,1680,1050
19,2,13588,1779746434.08773,2,1680,1050
19,2,13589,1779746434.1044,2,1680,1050
19,2,13590,1779746434.12107,2,1680,1050
19,2,13591,1779746434.13773,2,1680,1050
19,2,13592,1779746434.1544,2,1680,1050
19,2,13593,1779746434.17106,2,1680,1050
19,2,13594,1779746434.18773,2,1680,1050
19,2,13595,1779746434.2044,2,1680,1050
19,2,13596,1779746434.22106,2,1680,1050
19,2,13597,1779746434.23773,2,1680,1050
19,2,13598,1779746434.25439,2,1680,1050
19,2,13599,1779746434.27106,2,1680,1050
19,2,13600,1779746434.28773,2,1680,1050
19,2,13601,1779746434.30439,2,1680,1050
19,2,13602,1779746434.32106,2,1680,1050
19,2,13603,1779746434.33772,2,1680,1050
19,2,13604,1779746434.35439,2,1680,1050
19,2,13605,1779746434.37106,2,1680,1050
19,2,13606,1779746434.38772,2,1680,1050
19,2,13607,1779746434.40439,2,1680,1050
19,2,13608,1779746434.42105,2,1680,1050
19,2,13609,1779746434.43772,2,1680,1050
19,2,13610,1779746434.45439,2,1680,1050
19,2,13611,1779746434.47105,2,1680,1050
19,2,13612,1779746434.48772,2,1680,1050
19,2,13613,1779746434.50439,2,1680,1050
19,2,13614,1779746434.52105,2,1680,1050
19,2,13615,1779746434.53772,2,1680,1050
19,2,13616,1779746434.55438,2,1680,1050
19,2,13617,1779746434.57105,2,1680,1050
19,2,13618,1779746434.58772,2,1680,1050
19,2,13619,1779746434.60438,2,1680,1050
19,2,13620,1779746434.62105,2,1680,1050
19,2,13621,1779746434.63771,2,1680,1050
19,2,13622,1779746434.65438,2,1680,1050
19,2,13623,1779746434.67105,2,1680,1050
19,2,13624,1779746434.68771,2,1680,1050
19,2,13625,1779746434.70438,2,1680,1050
19,2,13626,1779746434.72104,2,1680,1050
19,2,13627,1779746434.73771,2,1680,1050
19,2,13628,1779746434.75438,2,1680,1050
19,2,13629,1779746434.77104,2,1680,1050
19,2,13630,1779746434.78771,2,1680,1050
19,2,13631,1779746434.80437,2,1680,1050
19,2,13632,1779746434.82104,2,1680,1050
19,2,13633,1779746434.83771,2,1680,1050
19,2,13634,1779746434.85437,2,1680,1050
19,2,13635,1779746434.87104,2,1680,1050
19,2,13636,1779746434.88771,2,1680,1050
19,2,13637,1779746434.90437,2,1680,1050
19,2,13638,1779746434.92104,2,1680,1050
19,2,13639,1779746434.9377,2,1680,1050
19,2,13640,1779746434.95437,2,1680,1050
19,2,13641,1779746434.97104,2,1680,1050
19,2,13642,1779746434.9877,2,1680,1050
19,2,13643,1779746435.00437,2,1680,1050
19,2,13644,1779746435.02103,2,1680,1050
19,2,13645,1779746435.0377,2,1680,1050
19,2,13646,1779746435.05437,2,1680,1050
19,2,13647,1779746435.07103,2,1680,1050
19,2,13648,1779746435.0877,2,1680,1050
19,2,13649,1779746435.10436,2,1680,1050
19,2,13650,1779746435.12103,2,1680,1050
19,2,13651,1779746435.1377,2,1680,1050
19,2,13652,1779746435.15436,2,1680,1050
19,2,13653,1779746435.17103,2,1680,1050
19,2,13654,1779746435.18769,2,1680,1050
19,2,13655,1779746435.20436,2,1680,1050
19,2,13656,1779746435.22103,2,1680,1050
19,2,13657,1779746435.23769,2,1680,1050
19,2,13658,1779746435.25436,2,1680,1050
19,2,13659,1779746435.27103,2,1680,1050
19,2,13660,1779746435.28769,2,1680,1050
19,2,13661,1779746435.30436,2,1680,1050
19,2,13662,1779746435.32102,2,1680,1050
19,2,13663,1779746435.33769,2,1680,1050
19,2,13664,1779746435.35436,2,1680,1050
19,2,13665,1779746435.37102,2,1680,1050
19,2,13666,1779746435.38769,2,1680,1050
19,2,13667,1779746435.40435,2,1680,1050
19,2,13668,1779746435.42102,2,1680,1050
19,2,13669,1779746435.43769,2,1680,1050
19,2,13670,1779746435.45435,2,1680,1050
19,2,13671,1779746435.47102,2,1680,1050
19,2,13672,1779746435.48768,2,1680,1050
19,2,13673,1779746435.50435,2,1680,1050
19,2,13674,1779746435.52102,2,1680,1050
19,2,13675,1779746435.53768,2,1680,1050
19,2,13676,1779746435.55435,2,1680,1050
19,2,13677,1779746435.57101,2,1680,1050
19,2,13678,1779746435.58768,2,1680,1050
19,2,13679,1779746435.60435,2,1680,1050
19,2,13680,1779746435.62101,2,1680,1050
19,2,13681,1779746435.63768,2,1680,1050
19,2,13682,1779746435.65435,-1,1680,1050
19,2,13683,1779746435.67101,-1,1680,1050
19,2,13684,1779746435.68768,-1,1680,1050
19,2,13685,1779746435.70434,-1,1680,1050
19,2,13686,1779746435.72101,-1,1680,1050
19,2,13687,1779746435.73767,-1,1680,1050
19,2,13688,1779746435.75434,-1,1680,1050
19,2,13689,1779746435.77101,-1,1680,1050
19,2,13690,1779746435.78767,-1,1680,1050
19,2,13691,1779746435.80434,-1,1680,1050
19,2,13692,1779746435.82101,-1,1680,1050
19,2,13693,1779746435.83767,-1,1680,1050
19,2,13694,1779746435.85434,-1,1680,1050
19,2,13695,1779746435.871,-1,1680,1050
19,2,13696,1779746435.88767,-1,1680,1050
19,2,13697,1779746435.90434,-1,1680,1050
19,2,13698,1779746435.921,-1,1680,1050
19,2,13699,1779746435.93767,-1,1680,1050
19,2,13700,1779746435.95433,-1,1680,1050
19,2,13701,1779746435.971,-1,1680,1050
19,2,13702,1779746435.98767,-1,1680,1050
19,2,13703,1779746436.00433,-1,1680,1050
19,2,13704,1779746436.021,-1,1680,1050
19,2,13705,1779746436.03767,-1,1680,1050
19,2,13706,1779746436.05433,-1,1680,1050
19,2,13707,1779746436.071,-1,1680,1050
19,2,13708,1779746436.08766,-1,1680,1050
19,2,13709,1779746436.10433,-1,1680,1050
19,2,13710,1779746436.12099,-1,1680,1050
19,2,13711,1779746436.13766,-1,1680,1050
19,2,13712,1779746436.15433,-1,1680,1050
19,2,13713,1779746436.17099,-1,1680,1050
19,2,13714,1779746436.18766,-1,1680,1050
19,2,13715,1779746436.20433,-1,1680,1050
19,2,13716,1779746436.22099,-1,1680,1050
19,2,13717,1779746436.23766,-1,1680,1050
19,2,13718,1779746436.27099,-1,1680,1050
19,2,13719,1779746436.28766,-1,1680,1050
19,2,13720,1779746436.30432,-1,1680,1050
19,2,13721,1779746436.32099,-1,1680,1050
19,2,13722,1779746436.33765,-1,1680,1050
19,2,13723,1779746436.35432,-1,1680,1050
19,2,13724,1779746436.37099,-1,1680,1050
19,2,13725,1779746436.38765,-1,1680,1050
19,2,13726,1779746436.40432,-1,1680,1050
19,2,13727,1779746436.42098,-1,1680,1050
19,2,13728,1779746436.43765,-1,1680,1050
19,2,13729,1779746436.45432,-1,1680,1050
19,2,13730,1779746436.47098,-1,1680,1050
19,2,13731,1779746436.48765,-1,1680,1050
19,2,13732,1779746436.50432,-1,1680,1050
19,2,13733,1779746436.52098,-1,1680,1050
19,2,13734,1779746436.53765,-1,1680,1050
19,2,13735,1779746436.55431,-1,1680,1050
19,2,13736,1779746436.57098,-1,1680,1050
19,2,13737,1779746436.58765,-1,1680,1050
19,2,13738,1779746436.60431,-1,1680,1050
19,2,13739,1779746436.62098,-1,1680,1050
19,2,13740,1779746436.63764,-1,1680,1050
19,2,13741,1779746436.65431,-1,1680,1050
19,2,13742,1779746436.67098,-1,1680,1050
19,2,13743,1779746436.68764,-1,1680,1050
19,2,13744,1779746436.70431,-1,1680,1050
19,2,13745,1779746436.72098,-1,1680,1050
19,2,13746,1779746436.73764,-1,1680,1050
19,2,13747,1779746436.75431,-1,1680,1050
19,2,13748,1779746436.77097,-1,1680,1050
19,2,13749,1779746436.78764,-1,1680,1050
19,2,13750,1779746436.8043,-1,1680,1050
19,2,13751,1779746436.82097,-1,1680,1050
19,2,13752,1779746436.83764,-1,1680,1050
19,2,13753,1779746436.8543,-1,1680,1050
19,2,13754,1779746436.87097,-1,1680,1050
19,2,13755,1779746436.88763,-1,1680,1050
19,2,13756,1779746436.9043,-1,1680,1050
19,2,13757,1779746436.92097,-1,1680,1050
19,2,13758,1779746436.93763,-1,1680,1050
19,2,13759,1779746436.9543,-1,1680,1050
19,2,13760,1779746436.97097,-1,1680,1050
19,2,13761,1779746436.98763,-1,1680,1050
19,2,13762,1779746437.0043,-1,1680,1050
19,2,13763,1779746437.02096,-1,1680,1050
19,2,13764,1779746437.03763,-1,1680,1050
19,2,13765,1779746437.0543,-1,1680,1050
19,2,13766,1779746437.07096,-1,1680,1050
19,2,13767,1779746437.08763,-1,1680,1050
19,2,13768,1779746437.10429,-1,1680,1050
19,2,13769,1779746437.12096,-1,1680,1050
19,2,13770,1779746437.13763,-1,1680,1050
19,2,13771,1779746437.15429,-1,1680,1050
19,2,13772,1779746437.17096,-1,1680,1050
19,2,13773,1779746437.18763,-1,1680,1050
19,2,13774,1779746437.20429,-1,1680,1050
19,2,13775,1779746437.22096,-1,1680,1050
19,2,13776,1779746437.23762,-1,1680,1050
19,2,13777,1779746437.25429,-1,1680,1050
19,2,13778,1779746437.27096,-1,1680,1050
19,2,13779,1779746437.28762,-1,1680,1050
19,2,13780,1779746437.30429,-1,1680,1050
19,2,13781,1779746437.32095,-1,1680,1050
19,2,13782,1779746437.33762,-1,1680,1050
19,2,13783,1779746437.35429,-1,1680,1050
19,2,13784,1779746437.37095,-1,1680,1050
19,2,13785,1779746437.38762,-1,1680,1050
19,2,13786,1779746437.40428,-1,1680,1050
19,2,13787,1779746437.42095,-1,1680,1050
19,2,13788,1779746437.43762,-1,1680,1050
19,2,13789,1779746437.45428,-1,1680,1050
19,2,13790,1779746437.47095,-1,1680,1050
19,2,13791,1779746437.48761,-1,1680,1050
19,2,13792,1779746437.50428,-1,1680,1050
19,2,13793,1779746437.52095,-1,1680,1050
19,2,13794,1779746437.53761,-1,1680,1050
19,2,13795,1779746437.55428,-1,1680,1050
19,2,13796,1779746437.57095,-1,1680,1050
19,2,13797,1779746437.58761,-1,1680,1050
19,2,13798,1779746437.60428,-1,1680,1050
19,2,13799,1779746437.62094,-1,1680,1050
19,2,13800,1779746437.63761,-1,1680,1050
19,2,13801,1779746437.65428,-1,1680,1050
19,2,13802,1779746437.67094,-1,1680,1050
19,2,13803,1779746437.68761,-1,1680,1050
19,2,13804,1779746437.70427,-1,1680,1050
19,2,13805,1779746437.72094,-1,1680,1050
19,2,13806,1779746437.73761,-1,1680,1050
19,2,13807,1779746437.75427,-1,1680,1050
19,2,13808,1779746437.77094,-1,1680,1050
19,2,13809,1779746437.7876,-1,1680,1050
19,2,13810,1779746437.80427,-1,1680,1050
19,2,13811,1779746437.82094,-1,1680,1050
19,2,13812,1779746437.8376,-1,1680,1050
19,2,13813,1779746437.85427,-1,1680,1050
19,2,13814,1779746437.87093,-1,1680,1050
19,2,13815,1779746437.8876,-1,1680,1050
19,2,13816,1779746437.90427,-1,1680,1050
19,2,13817,1779746437.92093,-1,1680,1050
19,2,13818,1779746437.9376,-1,1680,1050
19,2,13819,1779746437.95427,-1,1680,1050
19,2,13820,1779746437.97093,-1,1680,1050
19,2,13821,1779746437.9876,-1,1680,1050
19,2,13822,1779746438.00426,-1,1680,1050
19,2,13823,1779746438.02093,-1,1680,1050
19,2,13824,1779746438.0376,-1,1680,1050
19,2,13825,1779746438.05426,-1,1680,1050
19,2,13826,1779746438.07093,-1,1680,1050
19,2,13827,1779746438.08759,-1,1680,1050
19,2,13828,1779746438.10426,-1,1680,1050
19,2,13829,1779746438.12093,-1,1680,1050
19,2,13830,1779746438.13759,-1,1680,1050
19,2,13831,1779746438.15426,-1,1680,1050
19,2,13832,1779746438.17092,-1,1680,1050
19,2,13833,1779746438.18759,-1,1680,1050
19,2,13834,1779746438.20426,-1,1680,1050
19,2,13835,1779746438.22092,-1,1680,1050
19,2,13836,1779746438.23759,-1,1680,1050
19,2,13837,1779746438.25425,-1,1680,1050
19,2,13838,1779746438.27092,-1,1680,1050
19,2,13839,1779746438.28759,-1,1680,1050
19,2,13840,1779746438.30425,-1,1680,1050
19,2,13841,1779746438.32092,-1,1680,1050
19,2,13842,1779746438.33758,-1,1680,1050
19,2,13843,1779746438.35425,-1,1680,1050
19,2,13844,1779746438.37092,-1,1680,1050
19,2,13845,1779746438.38758,-1,1680,1050
19,2,13846,1779746438.40425,-1,1680,1050
19,2,13847,1779746438.42092,-1,1680,1050
19,2,13848,1779746438.43758,-1,1680,1050
19,2,13849,1779746438.45425,-1,1680,1050
19,2,13850,1779746438.47091,-1,1680,1050
19,2,13851,1779746438.48758,-1,1680,1050
19,2,13852,1779746438.50425,-1,1680,1050
19,2,13853,1779746438.52091,-1,1680,1050
19,2,13854,1779746438.53758,-1,1680,1050
19,2,13855,1779746438.55424,-1,1680,1050
19,2,13856,1779746438.57091,-1,1680,1050
19,2,13857,1779746438.58758,-1,1680,1050
19,2,13858,1779746438.60424,-1,1680,1050
19,2,13859,1779746438.62091,-1,1680,1050
19,2,13860,1779746438.63758,-1,1680,1050
19,2,13861,1779746438.65424,-1,1680,1050
19,2,13862,1779746438.67091,1,1680,1050
19,2,13863,1779746438.68757,1,1680,1050
19,2,13864,1779746438.70424,1,1680,1050
19,2,13865,1779746438.72091,1,1680,1050
19,2,13866,1779746438.73757,1,1680,1050
19,2,13867,1779746438.75424,1,1680,1050
19,2,13868,1779746438.7709,1,1680,1050
19,2,13869,1779746438.78757,1,1680,1050
19,2,13870,1779746438.80423,1,1680,1050
19,2,13871,1779746438.8209,1,1680,1050
19,2,13872,1779746438.83757,1,1680,1050
19,2,13873,1779746438.85423,1,1680,1050
19,2,13874,1779746438.8709,1,1680,1050
19,2,13875,1779746438.88757,1,1680,1050
19,2,13876,1779746438.90423,1,1680,1050
19,2,13877,1779746438.9209,1,1680,1050
19,2,13878,1779746438.93756,1,1680,1050
19,2,13879,1779746438.95423,1,1680,1050
19,2,13880,1779746438.9709,1,1680,1050
19,2,13881,1779746438.98756,1,1680,1050
19,2,13882,1779746439.00423,1,1680,1050
19,2,13883,1779746439.0209,1,1680,1050
19,2,13884,1779746439.03756,1,1680,1050
19,2,13885,1779746439.05423,1,1680,1050
19,2,13886,1779746439.07089,1,1680,1050
19,2,13887,1779746439.08756,1,1680,1050
19,2,13888,1779746439.10423,1,1680,1050
19,2,13889,1779746439.12089,1,1680,1050
19,2,13890,1779746439.13756,1,1680,1050
19,2,13891,1779746439.15422,1,1680,1050
19,2,13892,1779746439.17089,1,1680,1050
19,2,13893,1779746439.18756,1,1680,1050
19,2,13894,1779746439.20422,1,1680,1050
19,2,13895,1779746439.22089,1,1680,1050
19,2,13896,1779746439.23755,1,1680,1050
19,2,13897,1779746439.25422,1,1680,1050
19,2,13898,1779746439.27089,1,1680,1050
19,2,13899,1779746439.28755,1,1680,1050
19,2,13900,1779746439.30422,1,1680,1050
19,2,13901,1779746439.32088,1,1680,1050
19,2,13902,1779746439.33755,1,1680,1050
19,2,13903,1779746439.35422,1,1680,1050
19,2,13904,1779746439.37088,1,1680,1050
19,2,13905,1779746439.38755,1,1680,1050
19,2,13906,1779746439.40421,1,1680,1050
19,2,13907,1779746439.42088,1,1680,1050
19,2,13908,1779746439.43755,1,1680,1050
19,2,13909,1779746439.45421,1,1680,1050
19,2,13910,1779746439.47088,1,1680,1050
19,2,13911,1779746439.48755,1,1680,1050
19,2,13912,1779746439.50421,1,1680,1050
19,2,13913,1779746439.52088,1,1680,1050
19,2,13914,1779746439.53754,1,1680,1050
19,2,13915,1779746439.55421,1,1680,1050
19,2,13916,1779746439.57088,1,1680,1050
19,2,13917,1779746439.58754,1,1680,1050
19,2,13918,1779746439.60421,1,1680,1050
19,2,13919,1779746439.62087,1,1680,1050
19,2,13920,1779746439.63754,1,1680,1050
19,2,13921,1779746439.65421,1,1680,1050
19,2,13922,1779746439.67087,1,1680,1050
19,2,13923,1779746439.68754,1,1680,1050
19,2,13924,1779746439.7042,1,1680,1050
19,2,13925,1779746439.72087,1,1680,1050
19,2,13926,1779746439.73754,1,1680,1050
19,2,13927,1779746439.7542,1,1680,1050
19,2,13928,1779746439.77087,1,1680,1050
19,2,13929,1779746439.78754,1,1680,1050
19,2,13930,1779746439.8042,1,1680,1050
19,2,13931,1779746439.82087,1,1680,1050
19,2,13932,1779746439.83753,1,1680,1050
19,2,13933,1779746439.8542,1,1680,1050
19,2,13934,1779746439.87087,1,1680,1050
19,2,13935,1779746439.88753,1,1680,1050
19,2,13936,1779746439.9042,1,1680,1050
19,2,13937,1779746439.92086,1,1680,1050
19,2,13938,1779746439.93753,1,1680,1050
19,2,13939,1779746439.9542,1,1680,1050
19,2,13940,1779746439.97086,1,1680,1050
19,2,13941,1779746439.98753,1,1680,1050
19,2,13942,1779746440.00419,1,1680,1050
19,2,13943,1779746440.02086,1,1680,1050
19,2,13944,1779746440.03753,1,1680,1050
19,2,13945,1779746440.05419,1,1680,1050
19,2,13946,1779746440.07086,1,1680,1050
19,2,13947,1779746440.08752,1,1680,1050
19,2,13948,1779746440.10419,1,1680,1050
19,2,13949,1779746440.12086,1,1680,1050
19,2,13950,1779746440.13752,1,1680,1050
19,2,13951,1779746440.15419,1,1680,1050
19,2,13952,1779746440.17085,1,1680,1050
19,2,13953,1779746440.18752,1,1680,1050
19,2,13954,1779746440.20419,1,1680,1050
19,2,13955,1779746440.22085,1,1680,1050
19,2,13956,1779746440.23752,1,1680,1050
19,2,13957,1779746440.25419,1,1680,1050
19,2,13958,1779746440.27085,1,1680,1050
19,2,13959,1779746440.28752,1,1680,1050
19,2,13960,1779746440.30418,1,1680,1050
19,2,13961,1779746440.32085,1,1680,1050
19,2,13962,1779746440.33752,1,1680,1050
19,2,13963,1779746440.35418,1,1680,1050
19,2,13964,1779746440.37085,1,1680,1050
19,2,13965,1779746440.38751,1,1680,1050
19,2,13966,1779746440.40418,1,1680,1050
19,2,13967,1779746440.42085,1,1680,1050
19,2,13968,1779746440.43751,1,1680,1050
19,2,13969,1779746440.45418,1,1680,1050
19,2,13970,1779746440.47084,1,1680,1050
19,2,13971,1779746440.48751,1,1680,1050
19,2,13972,1779746440.50418,1,1680,1050
19,2,13973,1779746440.52084,1,1680,1050
19,2,13974,1779746440.53751,1,1680,1050
19,2,13975,1779746440.55418,1,1680,1050
19,2,13976,1779746440.57084,1,1680,1050
19,2,13977,1779746440.58751,1,1680,1050
19,2,13978,1779746440.60417,1,1680,1050
19,2,13979,1779746440.62084,1,1680,1050
19,2,13980,1779746440.63751,1,1680,1050
19,2,13981,1779746440.65417,1,1680,1050
19,2,13982,1779746440.67084,1,1680,1050
19,2,13983,1779746440.6875,1,1680,1050
19,2,13984,1779746440.70417,1,1680,1050
19,2,13985,1779746440.72084,1,1680,1050
19,2,13986,1779746440.7375,1,1680,1050
19,2,13987,1779746440.75417,1,1680,1050
19,2,13988,1779746440.77083,1,1680,1050
19,2,13989,1779746440.7875,1,1680,1050
19,2,13990,1779746440.80417,1,1680,1050
19,2,13991,1779746440.82083,1,1680,1050
19,2,13992,1779746440.8375,1,1680,1050
19,2,13993,1779746440.85416,1,1680,1050
19,2,13994,1779746440.87083,1,1680,1050
19,2,13995,1779746440.8875,1,1680,1050
19,2,13996,1779746440.90416,1,1680,1050
19,2,13997,1779746440.92083,1,1680,1050
19,2,13998,1779746440.9375,1,1680,1050
19,2,13999,1779746440.95416,1,1680,1050
19,2,14000,1779746440.97083,1,1680,1050
19,2,14001,1779746440.98749,1,1680,1050
19,2,14002,1779746441.00416,1,1680,1050
19,2,14003,1779746441.02083,1,1680,1050
19,2,14004,1779746441.03749,1,1680,1050
19,2,14005,1779746441.05416,1,1680,1050
19,2,14006,1779746441.07082,1,1680,1050
19,2,14007,1779746441.08749,1,1680,1050
19,2,14008,1779746441.10416,1,1680,1050
19,2,14009,1779746441.12082,1,1680,1050
19,2,14010,1779746441.13749,1,1680,1050
19,2,14011,1779746441.15415,1,1680,1050
19,2,14012,1779746441.17082,1,1680,1050
19,2,14013,1779746441.18749,1,1680,1050
19,2,14014,1779746441.20415,1,1680,1050
19,2,14015,1779746441.22082,1,1680,1050
19,2,14016,1779746441.23748,1,1680,1050
19,2,14017,1779746441.25415,1,1680,1050
19,2,14018,1779746441.27082,1,1680,1050
19,2,14019,1779746441.28748,1,1680,1050
19,2,14020,1779746441.30415,1,1680,1050
19,2,14021,1779746441.32082,1,1680,1050
19,2,14022,1779746441.33748,1,1680,1050
19,2,14023,1779746441.35415,1,1680,1050
19,2,14024,1779746441.37081,1,1680,1050
19,2,14025,1779746441.38748,1,1680,1050
19,2,14026,1779746441.40415,1,1680,1050
19,2,14027,1779746441.42081,1,1680,1050
19,2,14028,1779746441.43748,1,1680,1050
19,2,14029,1779746441.45414,1,1680,1050
19,2,14030,1779746441.47081,1,1680,1050
19,2,14031,1779746441.48748,1,1680,1050
19,2,14032,1779746441.50414,1,1680,1050
19,2,14033,1779746441.52081,1,1680,1050
19,2,14034,1779746441.53747,1,1680,1050
19,2,14035,1779746441.55414,1,1680,1050
19,2,14036,1779746441.57081,1,1680,1050
19,2,14037,1779746441.58747,1,1680,1050
19,2,14038,1779746441.60414,1,1680,1050
19,2,14039,1779746441.6208,1,1680,1050
19,2,14040,1779746441.63747,1,1680,1050
19,2,14041,1779746441.65414,1,1680,1050
19,2,14042,1779746441.6708,1,1680,1050
19,2,14043,1779746441.68747,1,1680,1050
19,2,14044,1779746441.70414,1,1680,1050
19,2,14045,1779746441.7208,1,1680,1050
19,2,14046,1779746441.73747,1,1680,1050
19,2,14047,1779746441.75413,1,1680,1050
19,2,14048,1779746441.7708,1,1680,1050
19,2,14049,1779746441.78747,1,1680,1050
19,2,14050,1779746441.80413,1,1680,1050
19,2,14051,1779746441.8208,1,1680,1050
19,2,14052,1779746441.83746,1,1680,1050
19,2,14053,1779746441.85413,1,1680,1050
19,2,14054,1779746441.8708,1,1680,1050
19,2,14055,1779746441.88746,1,1680,1050
19,2,14056,1779746441.90413,1,1680,1050
19,2,14057,1779746441.92079,1,1680,1050
19,2,14058,1779746441.93746,1,1680,1050
19,2,14059,1779746441.95413,1,1680,1050
19,2,14060,1779746441.97079,1,1680,1050
19,2,14061,1779746441.98746,1,1680,1050
19,2,14062,1779746442.00412,1,1680,1050
19,2,14063,1779746442.02079,1,1680,1050
19,2,14064,1779746442.03746,1,1680,1050
19,2,14065,1779746442.05412,1,1680,1050
19,2,14066,1779746442.07079,1,1680,1050
19,2,14067,1779746442.08746,1,1680,1050
19,2,14068,1779746442.10412,1,1680,1050
19,2,14069,1779746442.12079,1,1680,1050
19,2,14070,1779746442.13745,1,1680,1050
19,2,14071,1779746442.15412,1,1680,1050
19,2,14072,1779746442.17079,1,1680,1050
19,2,14073,1779746442.18745,1,1680,1050
19,2,14074,1779746442.20412,1,1680,1050
19,2,14075,1779746442.22078,1,1680,1050
19,2,14076,1779746442.23745,1,1680,1050
19,2,14077,1779746442.25412,1,1680,1050
19,2,14078,1779746442.27078,1,1680,1050
19,2,14079,1779746442.28745,1,1680,1050
19,2,14080,1779746442.30411,1,1680,1050
19,2,14081,1779746442.32078,1,1680,1050
19,2,14082,1779746442.33745,1,1680,1050
19,2,14083,1779746442.35411,1,1680,1050
19,2,14084,1779746442.37078,1,1680,1050
19,2,14085,1779746442.38744,1,1680,1050
19,2,14086,1779746442.40411,1,1680,1050
19,2,14087,1779746442.42078,1,1680,1050
19,2,14088,1779746442.43744,1,1680,1050
19,2,14089,1779746442.45411,1,1680,1050
19,2,14090,1779746442.47078,1,1680,1050
19,2,14091,1779746442.48744,1,1680,1050
19,2,14092,1779746442.50411,1,1680,1050
19,2,14093,1779746442.52077,1,1680,1050
19,2,14094,1779746442.53744,1,1680,1050
19,2,14095,1779746442.5541,1,1680,1050
19,2,14096,1779746442.57077,1,1680,1050
19,2,14097,1779746442.58744,1,1680,1050
19,2,14098,1779746442.6041,1,1680,1050
19,2,14099,1779746442.62077,1,1680,1050
19,2,14100,1779746442.63744,1,1680,1050
19,2,14101,1779746442.6541,1,1680,1050
19,2,14102,1779746442.67077,2,1680,1050
19,2,14103,1779746442.68743,2,1680,1050
19,2,14104,1779746442.7041,2,1680,1050
19,2,14105,1779746442.72077,2,1680,1050
19,2,14106,1779746442.73743,2,1680,1050
19,2,14107,1779746442.7541,2,1680,1050
19,2,14108,1779746442.77076,2,1680,1050
19,2,14109,1779746442.78743,2,1680,1050
19,2,14110,1779746442.8041,2,1680,1050
19,2,14111,1779746442.82076,2,1680,1050
19,2,14112,1779746442.83743,2,1680,1050
19,2,14113,1779746442.85409,2,1680,1050
19,2,14114,1779746442.87076,2,1680,1050
19,2,14115,1779746442.88743,2,1680,1050
19,2,14116,1779746442.90409,2,1680,1050
19,2,14117,1779746442.92076,2,1680,1050
19,2,14118,1779746442.93742,2,1680,1050
19,2,14119,1779746442.95409,2,1680,1050
19,2,14120,1779746442.97076,2,1680,1050
19,2,14121,1779746442.98742,2,1680,1050
19,2,14122,1779746443.00409,2,1680,1050
19,2,14123,1779746443.02076,2,1680,1050
19,2,14124,1779746443.03742,2,1680,1050
19,2,14125,1779746443.05409,2,1680,1050
19,2,14126,1779746443.07075,2,1680,1050
19,2,14127,1779746443.08742,2,1680,1050
19,2,14128,1779746443.10409,2,1680,1050
19,2,14129,1779746443.12075,2,1680,1050
19,2,14130,1779746443.13742,2,1680,1050
19,2,14131,1779746443.15409,2,1680,1050
19,2,14132,1779746443.17075,2,1680,1050
19,2,14133,1779746443.18742,2,1680,1050
19,2,14134,1779746443.20408,2,1680,1050
19,2,14135,1779746443.22075,2,1680,1050
19,2,14136,1779746443.23742,2,1680,1050
19,2,14137,1779746443.25408,2,1680,1050
19,2,14138,1779746443.27075,2,1680,1050
19,2,14139,1779746443.28741,2,1680,1050
19,2,14140,1779746443.30408,2,1680,1050
19,2,14141,1779746443.32074,2,1680,1050
19,2,14142,1779746443.33741,2,1680,1050
19,2,14143,1779746443.35408,2,1680,1050
19,2,14144,1779746443.37074,2,1680,1050
19,2,14145,1779746443.38741,2,1680,1050
19,2,14146,1779746443.40408,2,1680,1050
19,2,14147,1779746443.42074,2,1680,1050
19,2,14148,1779746443.43741,2,1680,1050
19,2,14149,1779746443.45407,2,1680,1050
19,2,14150,1779746443.47074,2,1680,1050
19,2,14151,1779746443.48741,2,1680,1050
19,2,14152,1779746443.50407,2,1680,1050
19,2,14153,1779746443.52074,2,1680,1050
19,2,14154,1779746443.53741,2,1680,1050
19,2,14155,1779746443.55407,2,1680,1050
19,2,14156,1779746443.57074,2,1680,1050
19,2,14157,1779746443.5874,2,1680,1050
19,2,14158,1779746443.60407,2,1680,1050
19,2,14159,1779746443.62074,2,1680,1050
19,2,14160,1779746443.6374,2,1680,1050
19,2,14161,1779746443.65407,2,1680,1050
19,2,14162,1779746443.67073,2,1680,1050
19,2,14163,1779746443.6874,2,1680,1050
19,2,14164,1779746443.70407,2,1680,1050
19,2,14165,1779746443.72073,2,1680,1050
19,2,14166,1779746443.7374,2,1680,1050
19,2,14167,1779746443.75406,2,1680,1050
19,2,14168,1779746443.77073,2,1680,1050
19,2,14169,1779746443.7874,2,1680,1050
19,2,14170,1779746443.80406,2,1680,1050
19,2,14171,1779746443.82073,2,1680,1050
19,2,14172,1779746443.83739,2,1680,1050
19,2,14173,1779746443.85406,2,1680,1050
19,2,14174,1779746443.87073,2,1680,1050
19,2,14175,1779746443.88739,2,1680,1050
19,2,14176,1779746443.90406,2,1680,1050
19,2,14177,1779746443.92073,2,1680,1050
19,2,14178,1779746443.93739,2,1680,1050
19,2,14179,1779746443.95406,2,1680,1050
19,2,14180,1779746443.97072,2,1680,1050
19,2,14181,1779746443.98739,2,1680,1050
19,2,14182,1779746444.00406,2,1680,1050
19,2,14183,1779746444.02072,2,1680,1050
19,2,14184,1779746444.03739,2,1680,1050
19,2,14185,1779746444.05405,2,1680,1050
19,2,14186,1779746444.07072,2,1680,1050
19,2,14187,1779746444.08739,2,1680,1050
19,2,14188,1779746444.10405,2,1680,1050
19,2,14189,1779746444.12072,2,1680,1050
19,2,14190,1779746444.13738,2,1680,1050
19,2,14191,1779746444.15405,2,1680,1050
19,2,14192,1779746444.17072,2,1680,1050
19,2,14193,1779746444.18738,2,1680,1050
19,2,14194,1779746444.20405,2,1680,1050
19,2,14195,1779746444.22071,2,1680,1050
19,2,14196,1779746444.23738,2,1680,1050
19,2,14197,1779746444.25405,2,1680,1050
19,2,14198,1779746444.27071,2,1680,1050
19,2,14199,1779746444.28738,2,1680,1050
19,2,14200,1779746444.30404,2,1680,1050
19,2,14201,1779746444.32071,2,1680,1050
19,2,14202,1779746444.33738,2,1680,1050
19,2,14203,1779746444.35404,2,1680,1050
19,2,14204,1779746444.37071,2,1680,1050
19,2,14205,1779746444.38738,2,1680,1050
19,2,14206,1779746444.40404,2,1680,1050
19,2,14207,1779746444.42071,2,1680,1050
19,2,14208,1779746444.43737,2,1680,1050
19,2,14209,1779746444.45404,2,1680,1050
19,2,14210,1779746444.47071,2,1680,1050
19,2,14211,1779746444.48737,2,1680,1050
19,2,14212,1779746444.50404,2,1680,1050
19,2,14213,1779746444.5207,2,1680,1050
19,2,14214,1779746444.53737,2,1680,1050
19,2,14215,1779746444.55404,2,1680,1050
19,2,14216,1779746444.5707,2,1680,1050
19,2,14217,1779746444.58737,2,1680,1050
19,2,14218,1779746444.60403,2,1680,1050
19,2,14219,1779746444.6207,2,1680,1050
19,2,14220,1779746444.63737,2,1680,1050
19,2,14221,1779746444.65403,2,1680,1050
19,2,14222,1779746444.6707,2,1680,1050
19,2,14223,1779746444.68736,2,1680,1050
19,2,14224,1779746444.70403,2,1680,1050
19,2,14225,1779746444.7207,2,1680,1050
19,2,14226,1779746444.73736,2,1680,1050
19,2,14227,1779746444.75403,2,1680,1050
19,2,14228,1779746444.78736,2,1680,1050
19,2,14229,1779746444.80403,2,1680,1050
19,2,14230,1779746444.82069,2,1680,1050
19,2,14231,1779746444.83736,2,1680,1050
19,2,14232,1779746444.85403,2,1680,1050
19,2,14233,1779746444.87069,2,1680,1050
19,2,14234,1779746444.88736,2,1680,1050
19,2,14235,1779746444.90402,2,1680,1050
19,2,14236,1779746444.92069,2,1680,1050
19,2,14237,1779746444.93736,2,1680,1050
19,2,14238,1779746444.95402,2,1680,1050
19,2,14239,1779746444.97069,2,1680,1050
19,2,14240,1779746444.98735,2,1680,1050
19,2,14241,1779746445.00402,2,1680,1050
19,2,14242,1779746445.02069,2,1680,1050
19,2,14243,1779746445.03735,2,1680,1050
19,2,14244,1779746445.05402,2,1680,1050
19,2,14245,1779746445.07069,2,1680,1050
19,2,14246,1779746445.08735,2,1680,1050
19,2,14247,1779746445.10402,2,1680,1050
19,2,14248,1779746445.12068,2,1680,1050
19,2,14249,1779746445.13735,2,1680,1050
19,2,14250,1779746445.15402,2,1680,1050
19,2,14251,1779746445.17068,2,1680,1050
19,2,14252,1779746445.18735,2,1680,1050
19,2,14253,1779746445.20401,2,1680,1050
19,2,14254,1779746445.22068,2,1680,1050
19,2,14255,1779746445.23735,2,1680,1050
19,2,14256,1779746445.25401,2,1680,1050
19,2,14257,1779746445.27068,2,1680,1050
19,2,14258,1779746445.28734,2,1680,1050
19,2,14259,1779746445.30401,2,1680,1050
19,2,14260,1779746445.32068,2,1680,1050
19,2,14261,1779746445.33734,2,1680,1050
19,2,14262,1779746445.35401,2,1680,1050
19,2,14263,1779746445.37067,2,1680,1050
19,2,14264,1779746445.38734,2,1680,1050
19,2,14265,1779746445.40401,2,1680,1050
19,2,14266,1779746445.42067,2,1680,1050
19,2,14267,1779746445.43734,2,1680,1050
19,2,14268,1779746445.45401,2,1680,1050
19,2,14269,1779746445.47069,2,1680,1050
19,2,14270,1779746445.48734,2,1680,1050
19,2,14271,1779746445.504,2,1680,1050
19,2,14272,1779746445.52067,2,1680,1050
19,2,14273,1779746445.53734,2,1680,1050
19,2,14274,1779746445.554,2,1680,1050
19,2,14275,1779746445.57067,2,1680,1050
19,2,14276,1779746445.58733,2,1680,1050
19,2,14277,1779746445.604,2,1680,1050
19,2,14278,1779746445.62067,2,1680,1050
19,2,14279,1779746445.63733,2,1680,1050
19,2,14280,1779746445.654,2,1680,1050
19,2,14281,1779746445.67066,2,1680,1050
19,2,14282,1779746445.68733,2,1680,1050
19,2,14283,1779746445.704,2,1680,1050
19,2,14284,1779746445.72066,2,1680,1050
19,2,14285,1779746445.73733,2,1680,1050
19,2,14286,1779746445.75399,2,1680,1050
19,2,14287,1779746445.77066,2,1680,1050
19,2,14288,1779746445.78733,2,1680,1050
19,2,14289,1779746445.80399,2,1680,1050
19,2,14290,1779746445.82066,2,1680,1050
19,2,14291,1779746445.83733,2,1680,1050
19,2,14292,1779746445.85399,2,1680,1050
19,2,14293,1779746445.87066,2,1680,1050
19,2,14294,1779746445.88732,2,1680,1050
19,2,14295,1779746445.90399,2,1680,1050
19,2,14296,1779746445.92066,2,1680,1050
19,2,14297,1779746445.93732,2,1680,1050
19,2,14298,1779746445.95399,2,1680,1050
19,2,14299,1779746445.97065,2,1680,1050
19,2,14300,1779746445.98732,2,1680,1050
19,2,14301,1779746446.00399,2,1680,1050
19,2,14302,1779746446.02065,2,1680,1050
19,2,14303,1779746446.03732,2,1680,1050
19,2,14304,1779746446.05398,2,1680,1050
19,2,14305,1779746446.07065,2,1680,1050
19,2,14306,1779746446.08732,2,1680,1050
19,2,14307,1779746446.10398,2,1680,1050
19,2,14308,1779746446.12065,2,1680,1050
19,2,14309,1779746446.13731,2,1680,1050
19,2,14310,1779746446.15398,2,1680,1050
19,2,14311,1779746446.17065,2,1680,1050
19,2,14312,1779746446.18731,2,1680,1050
19,2,14313,1779746446.20398,2,1680,1050
19,2,14314,1779746446.22065,2,1680,1050
19,2,14315,1779746446.23731,2,1680,1050
19,2,14316,1779746446.25398,2,1680,1050
19,2,14317,1779746446.27064,2,1680,1050
19,2,14318,1779746446.28731,2,1680,1050
19,2,14319,1779746446.30398,2,1680,1050
19,2,14320,1779746446.32064,2,1680,1050
19,2,14321,1779746446.33731,2,1680,1050
19,2,14322,1779746446.35397,2,1680,1050
19,2,14323,1779746446.37064,2,1680,1050
19,2,14324,1779746446.38731,2,1680,1050
19,2,14325,1779746446.40397,2,1680,1050
19,2,14326,1779746446.42064,2,1680,1050
19,2,14327,1779746446.4373,2,1680,1050
19,2,14328,1779746446.45397,2,1680,1050
19,2,14329,1779746446.47064,2,1680,1050
19,2,14330,1779746446.4873,2,1680,1050
19,2,14331,1779746446.50397,2,1680,1050
19,2,14332,1779746446.52063,2,1680,1050
19,2,14333,1779746446.5373,2,1680,1050
19,2,14334,1779746446.55397,2,1680,1050
19,2,14335,1779746446.57063,2,1680,1050
19,2,14336,1779746446.5873,2,1680,1050
19,2,14337,1779746446.60397,2,1680,1050
19,2,14338,1779746446.62063,2,1680,1050
19,2,14339,1779746446.6373,2,1680,1050
19,2,14340,1779746446.65396,2,1680,1050
19,2,14341,1779746446.67063,2,1680,1050
19,2,14342,1779746446.6873,1,1680,1050
19,2,14343,1779746446.70396,1,1680,1050
19,2,14344,1779746446.72063,1,1680,1050
19,2,14345,1779746446.73729,1,1680,1050
19,2,14346,1779746446.75396,1,1680,1050
19,2,14347,1779746446.77062,1,1680,1050
19,2,14348,1779746446.78729,1,1680,1050
19,2,14349,1779746446.80396,1,1680,1050
19,2,14350,1779746446.82062,1,1680,1050
19,2,14351,1779746446.83729,1,1680,1050
19,2,14352,1779746446.85396,1,1680,1050
19,2,14353,1779746446.87062,1,1680,1050
19,2,14354,1779746446.88729,1,1680,1050
19,2,14355,1779746446.90395,1,1680,1050
19,2,14356,1779746446.92062,1,1680,1050
19,2,14357,1779746446.93729,1,1680,1050
19,2,14358,1779746446.95395,1,1680,1050
19,2,14359,1779746446.97062,1,1680,1050
19,2,14360,1779746446.98729,1,1680,1050
19,2,14361,1779746447.00395,1,1680,1050
19,2,14362,1779746447.02062,1,1680,1050
19,2,14363,1779746447.03728,1,1680,1050
19,2,14364,1779746447.05395,1,1680,1050
19,2,14365,1779746447.07062,1,1680,1050
19,2,14366,1779746447.08728,1,1680,1050
19,2,14367,1779746447.10395,1,1680,1050
19,2,14368,1779746447.12061,1,1680,1050
19,2,14369,1779746447.13728,1,1680,1050
19,2,14370,1779746447.15395,1,1680,1050
19,2,14371,1779746447.17061,1,1680,1050
19,2,14372,1779746447.18728,1,1680,1050
19,2,14373,1779746447.20394,1,1680,1050
19,2,14374,1779746447.22061,1,1680,1050
19,2,14375,1779746447.23728,1,1680,1050
19,2,14376,1779746447.25394,1,1680,1050
19,2,14377,1779746447.27061,1,1680,1050
19,2,14378,1779746447.28727,1,1680,1050
19,2,14379,1779746447.30394,1,1680,1050
19,2,14380,1779746447.32061,1,1680,1050
19,2,14381,1779746447.33727,1,1680,1050
19,2,14382,1779746447.35394,1,1680,1050
19,2,14383,1779746447.3706,1,1680,1050
19,2,14384,1779746447.38727,1,1680,1050
19,2,14385,1779746447.40394,1,1680,1050
19,2,14386,1779746447.4206,1,1680,1050
19,2,14387,1779746447.43727,1,1680,1050
19,2,14388,1779746447.45394,1,1680,1050
19,2,14389,1779746447.4706,1,1680,1050
19,2,14390,1779746447.48727,1,1680,1050
19,2,14391,1779746447.50393,1,1680,1050
19,2,14392,1779746447.5206,1,1680,1050
19,2,14393,1779746447.53727,1,1680,1050
19,2,14394,1779746447.55393,1,1680,1050
19,2,14395,1779746447.5706,1,1680,1050
19,2,14396,1779746447.58726,1,1680,1050
19,2,14397,1779746447.60393,1,1680,1050
19,2,14398,1779746447.6206,1,1680,1050
19,2,14399,1779746447.63726,1,1680,1050
19,2,14400,1779746447.65393,1,1680,1050
19,2,14401,1779746447.67059,1,1680,1050
19,2,14402,1779746447.68726,1,1680,1050
19,2,14403,1779746447.70393,1,1680,1050
19,2,14404,1779746447.72059,1,1680,1050
19,2,14405,1779746447.73726,1,1680,1050
19,2,14406,1779746447.75392,1,1680,1050
19,2,14407,1779746447.77059,1,1680,1050
19,2,14408,1779746447.78726,1,1680,1050
19,2,14409,1779746447.80392,1,1680,1050
19,2,14410,1779746447.82059,1,1680,1050
19,2,14411,1779746447.83726,1,1680,1050
19,2,14412,1779746447.85392,1,1680,1050
19,2,14413,1779746447.87059,1,1680,1050
19,2,14414,1779746447.88725,1,1680,1050
19,2,14415,1779746447.90392,1,1680,1050
19,2,14416,1779746447.92059,1,1680,1050
19,2,14417,1779746447.93725,1,1680,1050
19,2,14418,1779746447.95392,1,1680,1050
19,2,14419,1779746447.97058,1,1680,1050
19,2,14420,1779746447.98725,1,1680,1050
19,2,14421,1779746448.00392,1,1680,1050
19,2,14422,1779746448.02058,1,1680,1050
19,2,14423,1779746448.03725,1,1680,1050
19,2,14424,1779746448.05392,1,1680,1050
19,2,14425,1779746448.07058,1,1680,1050
19,2,14426,1779746448.08725,1,1680,1050
19,2,14427,1779746448.10391,1,1680,1050
19,2,14428,1779746448.12058,1,1680,1050
19,2,14429,1779746448.13724,1,1680,1050
19,2,14430,1779746448.15391,1,1680,1050
19,2,14431,1779746448.17058,1,1680,1050
19,2,14432,1779746448.18724,1,1680,1050
19,2,14433,1779746448.20391,1,1680,1050
19,2,14434,1779746448.22058,1,1680,1050
19,2,14435,1779746448.23724,1,1680,1050
19,2,14436,1779746448.25391,1,1680,1050
19,2,14437,1779746448.27057,1,1680,1050
19,2,14438,1779746448.28724,1,1680,1050
19,2,14439,1779746448.30391,1,1680,1050
19,2,14440,1779746448.32057,1,1680,1050
19,2,14441,1779746448.33724,1,1680,1050
19,2,14442,1779746448.3539,1,1680,1050
19,2,14443,1779746448.37057,1,1680,1050
19,2,14444,1779746448.38724,1,1680,1050
19,2,14445,1779746448.4039,1,1680,1050
19,2,14446,1779746448.42057,1,1680,1050
19,2,14447,1779746448.43724,1,1680,1050
19,2,14448,1779746448.4539,1,1680,1050
19,2,14449,1779746448.47057,1,1680,1050
19,2,14450,1779746448.48723,1,1680,1050
19,2,14451,1779746448.5039,1,1680,1050
19,2,14452,1779746448.52057,1,1680,1050
19,2,14453,1779746448.53723,1,1680,1050
19,2,14454,1779746448.5539,1,1680,1050
19,2,14455,1779746448.57056,1,1680,1050
19,2,14456,1779746448.58723,1,1680,1050
19,2,14457,1779746448.6039,1,1680,1050
19,2,14458,1779746448.62056,1,1680,1050
19,2,14459,1779746448.63723,1,1680,1050
19,2,14460,1779746448.65389,1,1680,1050
19,2,14461,1779746448.67056,1,1680,1050
19,2,14462,1779746448.68723,1,1680,1050
19,2,14463,1779746448.70389,1,1680,1050
19,2,14464,1779746448.72056,1,1680,1050
19,2,14465,1779746448.73722,1,1680,1050
19,2,14466,1779746448.75389,1,1680,1050
19,2,14467,1779746448.77056,1,1680,1050
19,2,14468,1779746448.78722,1,1680,1050
19,2,14469,1779746448.80389,1,1680,1050
19,2,14470,1779746448.82055,1,1680,1050
19,2,14471,1779746448.83722,1,1680,1050
19,2,14472,1779746448.85389,1,1680,1050
19,2,14473,1779746448.87055,1,1680,1050
19,2,14474,1779746448.88722,1,1680,1050
19,2,14475,1779746448.90389,1,1680,1050
19,2,14476,1779746448.92055,1,1680,1050
19,2,14477,1779746448.93722,1,1680,1050
19,2,14478,1779746448.95388,1,1680,1050
19,2,14479,1779746448.97055,1,1680,1050
19,2,14480,1779746448.98722,1,1680,1050
19,2,14481,1779746449.00388,1,1680,1050
19,2,14482,1779746449.02055,1,1680,1050
19,2,14483,1779746449.03721,1,1680,1050
19,2,14484,1779746449.05388,1,1680,1050
19,2,14485,1779746449.07055,1,1680,1050
19,2,14486,1779746449.08721,1,1680,1050
19,2,14487,1779746449.10388,1,1680,1050
19,2,14488,1779746449.12054,1,1680,1050
19,2,14489,1779746449.13721,1,1680,1050
19,2,14490,1779746449.15388,1,1680,1050
19,2,14491,1779746449.17054,1,1680,1050
19,2,14492,1779746449.18721,1,1680,1050
19,2,14493,1779746449.20387,1,1680,1050
19,2,14494,1779746449.22054,1,1680,1050
19,2,14495,1779746449.23721,1,1680,1050
19,2,14496,1779746449.25387,1,1680,1050
19,2,14497,1779746449.27053,1,1680,1050
19,2,14498,1779746449.2872,1,1680,1050
19,2,14499,1779746449.30387,1,1680,1050
19,2,14500,1779746449.32054,1,1680,1050
19,2,14501,1779746449.3372,1,1680,1050
19,2,14502,1779746449.35387,1,1680,1050
19,2,14503,1779746449.37054,1,1680,1050
19,2,14504,1779746449.3872,1,1680,1050
19,2,14505,1779746449.40387,1,1680,1050
19,2,14506,1779746449.42053,1,1680,1050
19,2,14507,1779746449.4372,1,1680,1050
19,2,14508,1779746449.45387,1,1680,1050
19,2,14509,1779746449.47053,1,1680,1050
19,2,14510,1779746449.4872,1,1680,1050
19,2,14511,1779746449.50386,1,1680,1050
19,2,14512,1779746449.52053,1,1680,1050
19,2,14513,1779746449.5372,1,1680,1050
19,2,14514,1779746449.55386,1,1680,1050
19,2,14515,1779746449.57053,1,1680,1050
19,2,14516,1779746449.58719,1,1680,1050
19,2,14517,1779746449.60386,1,1680,1050
19,2,14518,1779746449.62053,1,1680,1050
19,2,14519,1779746449.63719,1,1680,1050
19,2,14520,1779746449.65386,1,1680,1050
19,2,14521,1779746449.67052,1,1680,1050
19,2,14522,1779746449.68719,1,1680,1050
19,2,14523,1779746449.70386,1,1680,1050
19,2,14524,1779746449.72052,1,1680,1050
19,2,14525,1779746449.73719,1,1680,1050
19,2,14526,1779746449.75386,1,1680,1050
19,2,14527,1779746449.77052,1,1680,1050
19,2,14528,1779746449.78719,1,1680,1050
19,2,14529,1779746449.80386,1,1680,1050
19,2,14530,1779746449.82052,1,1680,1050
19,2,14531,1779746449.83719,1,1680,1050
19,2,14532,1779746449.85385,1,1680,1050
19,2,14533,1779746449.87052,1,1680,1050
19,2,14534,1779746449.88718,1,1680,1050
19,2,14535,1779746449.90385,1,1680,1050
19,2,14536,1779746449.92052,1,1680,1050
19,2,14537,1779746449.93718,1,1680,1050
19,2,14538,1779746449.95385,1,1680,1050
19,2,14539,1779746449.97052,1,1680,1050
19,2,14540,1779746449.98718,1,1680,1050
19,2,14541,1779746450.00385,1,1680,1050
19,2,14542,1779746450.02051,1,1680,1050
19,2,14543,1779746450.03718,1,1680,1050
19,2,14544,1779746450.05385,1,1680,1050
19,2,14545,1779746450.07051,1,1680,1050
19,2,14546,1779746450.08718,1,1680,1050
19,2,14547,1779746450.10384,1,1680,1050
19,2,14548,1779746450.12051,1,1680,1050
19,2,14549,1779746450.13718,1,1680,1050
19,2,14550,1779746450.15384,1,1680,1050
19,2,14551,1779746450.17051,1,1680,1050
19,2,14552,1779746450.18717,1,1680,1050
19,2,14553,1779746450.20384,1,1680,1050
19,2,14554,1779746450.22051,1,1680,1050
19,2,14555,1779746450.23717,1,1680,1050
19,2,14556,1779746450.25384,1,1680,1050
19,2,14557,1779746450.2705,1,1680,1050
19,2,14558,1779746450.28717,1,1680,1050
19,2,14559,1779746450.30384,1,1680,1050
19,2,14560,1779746450.3205,1,1680,1050
19,2,14561,1779746450.33717,1,1680,1050
19,2,14562,1779746450.35384,1,1680,1050
19,2,14563,1779746450.3705,1,1680,1050
19,2,14564,1779746450.38717,1,1680,1050
19,2,14565,1779746450.40383,1,1680,1050
19,2,14566,1779746450.4205,1,1680,1050
19,2,14567,1779746450.43717,1,1680,1050
19,2,14568,1779746450.45383,1,1680,1050
19,2,14569,1779746450.4705,1,1680,1050
19,2,14570,1779746450.48716,1,1680,1050
19,2,14571,1779746450.50383,1,1680,1050
19,2,14572,1779746450.5205,1,1680,1050
19,2,14573,1779746450.53716,1,1680,1050
19,2,14574,1779746450.55383,1,1680,1050
19,2,14575,1779746450.57049,1,1680,1050
19,2,14576,1779746450.58716,1,1680,1050
19,2,14577,1779746450.60383,1,1680,1050
19,2,14578,1779746450.62049,1,1680,1050
19,2,14579,1779746450.63716,1,1680,1050
19,2,14580,1779746450.65382,1,1680,1050
19,2,14581,1779746450.67049,1,1680,1050
19,2,14582,1779746450.68716,2,1680,1050
19,2,14583,1779746450.70382,2,1680,1050
19,2,14584,1779746450.72049,2,1680,1050
19,2,14585,1779746450.73715,2,1680,1050
19,2,14586,1779746450.75382,2,1680,1050
19,2,14587,1779746450.77049,2,1680,1050
19,2,14588,1779746450.78715,2,1680,1050
19,2,14589,1779746450.80382,2,1680,1050
19,2,14590,1779746450.82049,2,1680,1050
19,2,14591,1779746450.83715,2,1680,1050
19,2,14592,1779746450.85382,2,1680,1050
19,2,14593,1779746450.87048,2,1680,1050
19,2,14594,1779746450.88715,2,1680,1050
19,2,14595,1779746450.90382,2,1680,1050
19,2,14596,1779746450.92048,2,1680,1050
19,2,14597,1779746450.93715,2,1680,1050
19,2,14598,1779746450.95381,2,1680,1050
19,2,14599,1779746450.97048,2,1680,1050
19,2,14600,1779746450.98715,2,1680,1050
19,2,14601,1779746451.00381,2,1680,1050
19,2,14602,1779746451.02048,2,1680,1050
19,2,14603,1779746451.03714,2,1680,1050
19,2,14604,1779746451.05381,2,1680,1050
19,2,14605,1779746451.07048,2,1680,1050
19,2,14606,1779746451.08714,2,1680,1050
19,2,14607,1779746451.10381,2,1680,1050
19,2,14608,1779746451.12048,2,1680,1050
19,2,14609,1779746451.13714,2,1680,1050
19,2,14610,1779746451.15381,2,1680,1050
19,2,14611,1779746451.17047,2,1680,1050
19,2,14612,1779746451.18714,2,1680,1050
19,2,14613,1779746451.2038,2,1680,1050
19,2,14614,1779746451.22047,2,1680,1050
19,2,14615,1779746451.23714,2,1680,1050
19,2,14616,1779746451.2538,2,1680,1050
19,2,14617,1779746451.27047,2,1680,1050
19,2,14618,1779746451.28714,2,1680,1050
19,2,14619,1779746451.3038,2,1680,1050
19,2,14620,1779746451.32047,2,1680,1050
19,2,14621,1779746451.33713,2,1680,1050
19,2,14622,1779746451.3538,2,1680,1050
19,2,14623,1779746451.37047,2,1680,1050
19,2,14624,1779746451.38713,2,1680,1050
19,2,14625,1779746451.4038,2,1680,1050
19,2,14626,1779746451.42046,2,1680,1050
19,2,14627,1779746451.43713,2,1680,1050
19,2,14628,1779746451.4538,2,1680,1050
19,2,14629,1779746451.47046,2,1680,1050
19,2,14630,1779746451.48713,2,1680,1050
19,2,14631,1779746451.50379,2,1680,1050
19,2,14632,1779746451.52046,2,1680,1050
19,2,14633,1779746451.53713,2,1680,1050
19,2,14634,1779746451.55379,2,1680,1050
19,2,14635,1779746451.57046,2,1680,1050
19,2,14636,1779746451.58713,2,1680,1050
19,2,14637,1779746451.60379,2,1680,1050
19,2,14638,1779746451.62046,2,1680,1050
19,2,14639,1779746451.63712,2,1680,1050
19,2,14640,1779746451.65379,2,1680,1050
19,2,14641,1779746451.67046,2,1680,1050
19,2,14642,1779746451.68712,2,1680,1050
19,2,14643,1779746451.70379,2,1680,1050
19,2,14644,1779746451.72045,2,1680,1050
19,2,14645,1779746451.73712,2,1680,1050
19,2,14646,1779746451.75379,2,1680,1050
19,2,14647,1779746451.77045,2,1680,1050
19,2,14648,1779746451.78712,2,1680,1050
19,2,14649,1779746451.80378,2,1680,1050
19,2,14650,1779746451.82045,2,1680,1050
19,2,14651,1779746451.83712,2,1680,1050
19,2,14652,1779746451.85378,2,1680,1050
19,2,14653,1779746451.87045,2,1680,1050
19,2,14654,1779746451.88712,2,1680,1050
19,2,14655,1779746451.90378,2,1680,1050
19,2,14656,1779746451.92045,2,1680,1050
19,2,14657,1779746451.93711,2,1680,1050
19,2,14658,1779746451.95378,2,1680,1050
19,2,14659,1779746451.97045,2,1680,1050
19,2,14660,1779746451.98711,2,1680,1050
19,2,14661,1779746452.00378,2,1680,1050
19,2,14662,1779746452.02044,2,1680,1050
19,2,14663,1779746452.03711,2,1680,1050
19,2,14664,1779746452.05378,2,1680,1050
19,2,14665,1779746452.07044,2,1680,1050
19,2,14666,1779746452.08711,2,1680,1050
19,2,14667,1779746452.10377,2,1680,1050
19,2,14668,1779746452.12044,2,1680,1050
19,2,14669,1779746452.13711,2,1680,1050
19,2,14670,1779746452.15377,2,1680,1050
19,2,14671,1779746452.17044,2,1680,1050
19,2,14672,1779746452.1871,2,1680,1050
19,2,14673,1779746452.20377,2,1680,1050
19,2,14674,1779746452.22044,2,1680,1050
19,2,14675,1779746452.2371,2,1680,1050
19,2,14676,1779746452.25377,2,1680,1050
19,2,14677,1779746452.27044,2,1680,1050
19,2,14678,1779746452.2871,2,1680,1050
19,2,14679,1779746452.30377,2,1680,1050
19,2,14680,1779746452.32043,2,1680,1050
19,2,14681,1779746452.3371,2,1680,1050
19,2,14682,1779746452.35377,2,1680,1050
19,2,14683,1779746452.37043,2,1680,1050
19,2,14684,1779746452.3871,2,1680,1050
19,2,14685,1779746452.40376,2,1680,1050
19,2,14686,1779746452.42043,2,1680,1050
19,2,14687,1779746452.4371,2,1680,1050
19,2,14688,1779746452.45376,2,1680,1050
19,2,14689,1779746452.47043,2,1680,1050
19,2,14690,1779746452.48709,2,1680,1050
19,2,14691,1779746452.50376,2,1680,1050
19,2,14692,1779746452.52043,2,1680,1050
19,2,14693,1779746452.53709,2,1680,1050
19,2,14694,1779746452.55376,2,1680,1050
19,2,14695,1779746452.57042,2,1680,1050
19,2,14696,1779746452.58709,2,1680,1050
19,2,14697,1779746452.60376,2,1680,1050
19,2,14698,1779746452.62042,2,1680,1050
19,2,14699,1779746452.63709,2,1680,1050
19,2,14700,1779746452.65375,2,1680,1050
19,2,14701,1779746452.67042,2,1680,1050
19,2,14702,1779746452.68709,1,1680,1050
19,2,14703,1779746452.70375,1,1680,1050
19,2,14704,1779746452.72042,1,1680,1050
19,2,14705,1779746452.73709,1,1680,1050
19,2,14706,1779746452.75375,1,1680,1050
19,2,14707,1779746452.77042,1,1680,1050
19,2,14708,1779746452.78708,1,1680,1050
19,2,14709,1779746452.80375,1,1680,1050
19,2,14710,1779746452.82042,1,1680,1050
19,2,14711,1779746452.83708,1,1680,1050
19,2,14712,1779746452.85375,1,1680,1050
19,2,14713,1779746452.87041,1,1680,1050
19,2,14714,1779746452.88708,1,1680,1050
19,2,14715,1779746452.90375,1,1680,1050
19,2,14716,1779746452.92041,1,1680,1050
19,2,14717,1779746452.93708,1,1680,1050
19,2,14718,1779746452.95377,1,1680,1050
19,2,14719,1779746452.97041,1,1680,1050
19,2,14720,1779746452.98708,1,1680,1050
19,2,14721,1779746453.00374,1,1680,1050
19,2,14722,1779746453.02041,1,1680,1050
19,2,14723,1779746453.03708,1,1680,1050
19,2,14724,1779746453.05374,1,1680,1050
19,2,14725,1779746453.07041,1,1680,1050
19,2,14726,1779746453.08707,1,1680,1050
19,2,14727,1779746453.10374,1,1680,1050
19,2,14728,1779746453.12041,1,1680,1050
19,2,14729,1779746453.13707,1,1680,1050
19,2,14730,1779746453.15374,1,1680,1050
19,2,14731,1779746453.1704,1,1680,1050
19,2,14732,1779746453.18707,1,1680,1050
19,2,14733,1779746453.20374,1,1680,1050
19,2,14734,1779746453.2204,1,1680,1050
19,2,14735,1779746453.23707,1,1680,1050
19,2,14736,1779746453.25373,1,1680,1050
19,2,14737,1779746453.2704,1,1680,1050
19,2,14738,1779746453.28707,1,1680,1050
19,2,14739,1779746453.30373,1,1680,1050
19,2,14740,1779746453.3204,1,1680,1050
19,2,14741,1779746453.33706,1,1680,1050
19,2,14742,1779746453.35373,1,1680,1050
19,2,14743,1779746453.3704,1,1680,1050
19,2,14744,1779746453.38706,1,1680,1050
19,2,14745,1779746453.40373,1,1680,1050
19,2,14746,1779746453.4204,1,1680,1050
19,2,14747,1779746453.43706,1,1680,1050
19,2,14748,1779746453.45373,1,1680,1050
19,2,14749,1779746453.47039,1,1680,1050
19,2,14750,1779746453.48706,1,1680,1050
19,2,14751,1779746453.50373,1,1680,1050
19,2,14752,1779746453.52039,1,1680,1050
19,2,14753,1779746453.53706,1,1680,1050
19,2,14754,1779746453.55373,1,1680,1050
19,2,14755,1779746453.57039,1,1680,1050
19,2,14756,1779746453.58706,1,1680,1050
19,2,14757,1779746453.60372,1,1680,1050
19,2,14758,1779746453.62039,1,1680,1050
19,2,14759,1779746453.63705,1,1680,1050
19,2,14760,1779746453.65372,1,1680,1050
19,2,14761,1779746453.67039,1,1680,1050
19,2,14762,1779746453.68705,1,1680,1050
19,2,14763,1779746453.70372,1,1680,1050
19,2,14764,1779746453.72038,1,1680,1050
19,2,14765,1779746453.73705,1,1680,1050
19,2,14766,1779746453.75372,1,1680,1050
19,2,14767,1779746453.77038,1,1680,1050
19,2,14768,1779746453.78705,1,1680,1050
19,2,14769,1779746453.80371,1,1680,1050
19,2,14770,1779746453.82038,1,1680,1050
19,2,14771,1779746453.83705,1,1680,1050
19,2,14772,1779746453.85371,1,1680,1050
19,2,14773,1779746453.87038,1,1680,1050
19,2,14774,1779746453.88705,1,1680,1050
19,2,14775,1779746453.90371,1,1680,1050
19,2,14776,1779746453.92038,1,1680,1050
19,2,14777,1779746453.93704,1,1680,1050
19,2,14778,1779746453.95371,1,1680,1050
19,2,14779,1779746453.97038,1,1680,1050
19,2,14780,1779746454.00371,1,1680,1050
19,2,14781,1779746454.02037,1,1680,1050
19,2,14782,1779746454.03704,1,1680,1050
19,2,14783,1779746454.05371,1,1680,1050
19,2,14784,1779746454.07037,1,1680,1050
19,2,14785,1779746454.08704,1,1680,1050
19,2,14786,1779746454.10371,1,1680,1050
19,2,14787,1779746454.12037,1,1680,1050
19,2,14788,1779746454.13704,1,1680,1050
19,2,14789,1779746454.1537,1,1680,1050
19,2,14790,1779746454.17037,1,1680,1050
19,2,14791,1779746454.18704,1,1680,1050
19,2,14792,1779746454.2037,1,1680,1050
19,2,14793,1779746454.22037,1,1680,1050
19,2,14794,1779746454.23703,1,1680,1050
19,2,14795,1779746454.2537,1,1680,1050
19,2,14796,1779746454.27037,1,1680,1050
19,2,14797,1779746454.28703,1,1680,1050
19,2,14798,1779746454.3037,1,1680,1050
19,2,14799,1779746454.32036,1,1680,1050
19,2,14800,1779746454.33703,1,1680,1050
19,2,14801,1779746454.3537,1,1680,1050
19,2,14802,1779746454.37036,1,1680,1050
19,2,14803,1779746454.38703,1,1680,1050
19,2,14804,1779746454.40369,1,1680,1050
19,2,14805,1779746454.42036,1,1680,1050
19,2,14806,1779746454.43703,1,1680,1050
19,2,14807,1779746454.45369,1,1680,1050
19,2,14808,1779746454.47036,1,1680,1050
19,2,14809,1779746454.48702,1,1680,1050
19,2,14810,1779746454.50369,1,1680,1050
19,2,14811,1779746454.52036,1,1680,1050
19,2,14812,1779746454.53702,1,1680,1050
19,2,14813,1779746454.55369,1,1680,1050
19,2,14814,1779746454.57036,1,1680,1050
19,2,14815,1779746454.58702,1,1680,1050
19,2,14816,1779746454.60369,1,1680,1050
19,2,14817,1779746454.62035,1,1680,1050
19,2,14818,1779746454.63702,1,1680,1050
19,2,14819,1779746454.65369,1,1680,1050
19,2,14820,1779746454.67035,1,1680,1050
19,2,14821,1779746454.68702,1,1680,1050
19,2,14822,1779746454.70368,1,1680,1050
19,2,14823,1779746454.72035,1,1680,1050
19,2,14824,1779746454.73702,1,1680,1050
19,2,14825,1779746454.75368,1,1680,1050
19,2,14826,1779746454.77035,1,1680,1050
19,2,14827,1779746454.78701,1,1680,1050
19,2,14828,1779746454.80368,1,1680,1050
19,2,14829,1779746454.82035,1,1680,1050
19,2,14830,1779746454.83701,1,1680,1050
19,2,14831,1779746454.85368,1,1680,1050
19,2,14832,1779746454.87035,1,1680,1050
19,2,14833,1779746454.88701,1,1680,1050
19,2,14834,1779746454.90368,1,1680,1050
19,2,14835,1779746454.92034,1,1680,1050
19,2,14836,1779746454.93701,1,1680,1050
19,2,14837,1779746454.95368,1,1680,1050
19,2,14838,1779746454.97034,1,1680,1050
19,2,14839,1779746454.98701,1,1680,1050
19,2,14840,1779746455.00367,1,1680,1050
19,2,14841,1779746455.02034,1,1680,1050
19,2,14842,1779746455.03701,1,1680,1050
19,2,14843,1779746455.05367,1,1680,1050
19,2,14844,1779746455.07034,1,1680,1050
19,2,14845,1779746455.087,1,1680,1050
19,2,14846,1779746455.10367,1,1680,1050
19,2,14847,1779746455.12034,1,1680,1050
19,2,14848,1779746455.137,1,1680,1050
19,2,14849,1779746455.15367,1,1680,1050
19,2,14850,1779746455.17033,1,1680,1050
19,2,14851,1779746455.187,1,1680,1050
19,2,14852,1779746455.20367,1,1680,1050
19,2,14853,1779746455.22033,1,1680,1050
19,2,14854,1779746455.237,1,1680,1050
19,2,14855,1779746455.25366,1,1680,1050
19,2,14856,1779746455.27033,1,1680,1050
19,2,14857,1779746455.287,1,1680,1050
19,2,14858,1779746455.30366,1,1680,1050
19,2,14859,1779746455.32033,1,1680,1050
19,2,14860,1779746455.337,1,1680,1050
19,2,14861,1779746455.35366,1,1680,1050
19,2,14862,1779746455.37033,1,1680,1050
19,2,14863,1779746455.38699,1,1680,1050
19,2,14864,1779746455.40366,1,1680,1050
19,2,14865,1779746455.42033,1,1680,1050
19,2,14866,1779746455.43699,1,1680,1050
19,2,14867,1779746455.45366,1,1680,1050
19,2,14868,1779746455.47032,1,1680,1050
19,2,14869,1779746455.48699,1,1680,1050
19,2,14870,1779746455.50366,1,1680,1050
19,2,14871,1779746455.52032,1,1680,1050
19,2,14872,1779746455.53699,1,1680,1050
19,2,14873,1779746455.55365,1,1680,1050
19,2,14874,1779746455.57032,1,1680,1050
19,2,14875,1779746455.58699,1,1680,1050
19,2,14876,1779746455.60365,1,1680,1050
19,2,14877,1779746455.62032,1,1680,1050
19,2,14878,1779746455.63698,1,1680,1050
19,2,14879,1779746455.65365,1,1680,1050
19,2,14880,1779746455.67032,1,1680,1050
19,2,14881,1779746455.68698,1,1680,1050
19,2,14882,1779746455.70365,1,1680,1050
19,2,14883,1779746455.72032,1,1680,1050
19,2,14884,1779746455.73698,1,1680,1050
19,2,14885,1779746455.75365,1,1680,1050
19,2,14886,1779746455.77031,1,1680,1050
19,2,14887,1779746455.78698,1,1680,1050
19,2,14888,1779746455.80365,1,1680,1050
19,2,14889,1779746455.82031,1,1680,1050
19,2,14890,1779746455.83698,1,1680,1050
19,2,14891,1779746455.85364,1,1680,1050
19,2,14892,1779746455.87031,1,1680,1050
19,2,14893,1779746455.88698,1,1680,1050
19,2,14894,1779746455.90364,1,1680,1050
19,2,14895,1779746455.92031,1,1680,1050
19,2,14896,1779746455.93697,1,1680,1050
19,2,14897,1779746455.95364,1,1680,1050
19,2,14898,1779746455.97031,1,1680,1050
19,2,14899,1779746455.98697,1,1680,1050
19,2,14900,1779746456.00364,1,1680,1050
19,2,14901,1779746456.0203,1,1680,1050
19,2,14902,1779746456.03697,1,1680,1050
19,2,14903,1779746456.05364,1,1680,1050
19,2,14904,1779746456.0703,1,1680,1050
19,2,14905,1779746456.08697,1,1680,1050
19,2,14906,1779746456.10364,1,1680,1050
19,2,14907,1779746456.1203,1,1680,1050
19,2,14908,1779746456.13697,1,1680,1050
19,2,14909,1779746456.15363,1,1680,1050
19,2,14910,1779746456.1703,1,1680,1050
19,2,14911,1779746456.18697,1,1680,1050
19,2,14912,1779746456.20363,1,1680,1050
19,2,14913,1779746456.2203,1,1680,1050
19,2,14914,1779746456.23696,1,1680,1050
19,2,14915,1779746456.25363,1,1680,1050
19,2,14916,1779746456.2703,1,1680,1050
19,2,14917,1779746456.28696,1,1680,1050
19,2,14918,1779746456.30363,1,1680,1050
19,2,14919,1779746456.32029,1,1680,1050
19,2,14920,1779746456.33696,1,1680,1050
19,2,14921,1779746456.35363,1,1680,1050
19,2,14922,1779746456.37029,1,1680,1050
19,2,14923,1779746456.38696,1,1680,1050
19,2,14924,1779746456.40363,1,1680,1050
19,2,14925,1779746456.42029,1,1680,1050
19,2,14926,1779746456.43696,1,1680,1050
19,2,14927,1779746456.45362,1,1680,1050
19,2,14928,1779746456.47029,1,1680,1050
19,2,14929,1779746456.48696,1,1680,1050
19,2,14930,1779746456.50362,1,1680,1050
19,2,14931,1779746456.52029,1,1680,1050
19,2,14932,1779746456.53695,1,1680,1050
19,2,14933,1779746456.55362,1,1680,1050
19,2,14934,1779746456.57029,1,1680,1050
19,2,14935,1779746456.58695,1,1680,1050
19,2,14936,1779746456.60362,1,1680,1050
19,2,14937,1779746456.6203,1,1680,1050
19,2,14938,1779746456.63695,1,1680,1050
19,2,14939,1779746456.65362,1,1680,1050
19,2,14940,1779746456.67028,1,1680,1050
19,2,14941,1779746456.68695,1,1680,1050
19,2,14942,1779746456.70361,2,1680,1050
19,2,14943,1779746456.72028,2,1680,1050
19,2,14944,1779746456.73695,2,1680,1050
19,2,14945,1779746456.75361,2,1680,1050
19,2,14946,1779746456.77028,2,1680,1050
19,2,14947,1779746456.78695,2,1680,1050
19,2,14948,1779746456.80361,2,1680,1050
19,2,14949,1779746456.82028,2,1680,1050
19,2,14950,1779746456.83694,2,1680,1050
19,2,14951,1779746456.85361,2,1680,1050
19,2,14952,1779746456.87028,2,1680,1050
19,2,14953,1779746456.88694,2,1680,1050
19,2,14954,1779746456.90361,2,1680,1050
19,2,14955,1779746456.92027,2,1680,1050
19,2,14956,1779746456.93694,2,1680,1050
19,2,14957,1779746456.95361,2,1680,1050
19,2,14958,1779746456.97027,2,1680,1050
19,2,14959,1779746456.98694,2,1680,1050
19,2,14960,1779746457.0036,2,1680,1050
19,2,14961,1779746457.02027,2,1680,1050
19,2,14962,1779746457.03694,2,1680,1050
19,2,14963,1779746457.0536,2,1680,1050
19,2,14964,1779746457.07027,2,1680,1050
19,2,14965,1779746457.08693,2,1680,1050
19,2,14966,1779746457.1036,2,1680,1050
19,2,14967,1779746457.12027,2,1680,1050
19,2,14968,1779746457.13693,2,1680,1050
19,2,14969,1779746457.1536,2,1680,1050
19,2,14970,1779746457.17026,2,1680,1050
19,2,14971,1779746457.18693,2,1680,1050
19,2,14972,1779746457.2036,2,1680,1050
19,2,14973,1779746457.22026,2,1680,1050
19,2,14974,1779746457.23693,2,1680,1050
19,2,14975,1779746457.2536,2,1680,1050
19,2,14976,1779746457.27026,2,1680,1050
19,2,14977,1779746457.28693,2,1680,1050
19,2,14978,1779746457.30359,2,1680,1050
19,2,14979,1779746457.32026,2,1680,1050
19,2,14980,1779746457.33693,2,1680,1050
19,2,14981,1779746457.35359,2,1680,1050
19,2,14982,1779746457.37026,2,1680,1050
19,2,14983,1779746457.38693,2,1680,1050
19,2,14984,1779746457.40359,2,1680,1050
19,2,14985,1779746457.42026,2,1680,1050
19,2,14986,1779746457.43692,2,1680,1050
19,2,14987,1779746457.45359,2,1680,1050
19,2,14988,1779746457.47026,2,1680,1050
19,2,14989,1779746457.48692,2,1680,1050
19,2,14990,1779746457.50359,2,1680,1050
19,2,14991,1779746457.52025,2,1680,1050
19,2,14992,1779746457.53692,2,1680,1050
19,2,14993,1779746457.55359,2,1680,1050
19,2,14994,1779746457.57025,2,1680,1050
19,2,14995,1779746457.58692,2,1680,1050
19,2,14996,1779746457.60358,2,1680,1050
19,2,14997,1779746457.62025,2,1680,1050
19,2,14998,1779746457.63691,2,1680,1050
19,2,14999,1779746457.65358,2,1680,1050
19,2,15000,1779746457.67025,2,1680,1050
19,2,15001,1779746457.68691,2,1680,1050
19,2,15002,1779746457.70358,2,1680,1050
19,2,15003,1779746457.72025,2,1680,1050
19,2,15004,1779746457.73691,2,1680,1050
19,2,15005,1779746457.75358,2,1680,1050
19,2,15006,1779746457.77024,2,1680,1050
19,2,15007,1779746457.78691,2,1680,1050
19,2,15008,1779746457.80358,2,1680,1050
19,2,15009,1779746457.82024,2,1680,1050
19,2,15010,1779746457.83691,2,1680,1050
19,2,15011,1779746457.85357,2,1680,1050
19,2,15012,1779746457.87024,2,1680,1050
19,2,15013,1779746457.88691,2,1680,1050
19,2,15014,1779746457.90357,2,1680,1050
19,2,15015,1779746457.92024,2,1680,1050
19,2,15016,1779746457.93691,2,1680,1050
19,2,15017,1779746457.95357,2,1680,1050
19,2,15018,1779746457.97024,2,1680,1050
19,2,15019,1779746457.9869,2,1680,1050
19,2,15020,1779746458.00357,2,1680,1050
19,2,15021,1779746458.02024,2,1680,1050
19,2,15022,1779746458.0369,2,1680,1050
19,2,15023,1779746458.05357,2,1680,1050
19,2,15024,1779746458.07023,2,1680,1050
19,2,15025,1779746458.0869,2,1680,1050
19,2,15026,1779746458.10357,2,1680,1050
19,2,15027,1779746458.12023,2,1680,1050
19,2,15028,1779746458.1369,2,1680,1050
19,2,15029,1779746458.15356,2,1680,1050
19,2,15030,1779746458.17023,2,1680,1050
19,2,15031,1779746458.1869,2,1680,1050
19,2,15032,1779746458.20356,2,1680,1050
19,2,15033,1779746458.22023,2,1680,1050
19,2,15034,1779746458.2369,2,1680,1050
19,2,15035,1779746458.25356,2,1680,1050
19,2,15036,1779746458.27023,2,1680,1050
19,2,15037,1779746458.28689,2,1680,1050
19,2,15038,1779746458.30356,2,1680,1050
19,2,15039,1779746458.32023,2,1680,1050
19,2,15040,1779746458.33689,2,1680,1050
19,2,15041,1779746458.35356,2,1680,1050
19,2,15042,1779746458.37022,2,1680,1050
19,2,15043,1779746458.38689,2,1680,1050
19,2,15044,1779746458.40356,2,1680,1050
19,2,15045,1779746458.42022,2,1680,1050
19,2,15046,1779746458.43689,2,1680,1050
19,2,15047,1779746458.45355,2,1680,1050
19,2,15048,1779746458.47022,2,1680,1050
19,2,15049,1779746458.48689,2,1680,1050
19,2,15050,1779746458.50355,2,1680,1050
19,2,15051,1779746458.52022,2,1680,1050
19,2,15052,1779746458.53688,2,1680,1050
19,2,15053,1779746458.55355,2,1680,1050
19,2,15054,1779746458.57022,2,1680,1050
19,2,15055,1779746458.58688,2,1680,1050
19,2,15056,1779746458.60355,2,1680,1050
19,2,15057,1779746458.62021,2,1680,1050
19,2,15058,1779746458.63688,2,1680,1050
19,2,15059,1779746458.65355,2,1680,1050
19,2,15060,1779746458.67021,2,1680,1050
19,2,15061,1779746458.68688,2,1680,1050
19,2,15062,1779746458.70355,2,1680,1050
19,2,15063,1779746458.72021,2,1680,1050
19,2,15064,1779746458.73688,2,1680,1050
19,2,15065,1779746458.75354,2,1680,1050
19,2,15066,1779746458.77021,2,1680,1050
19,2,15067,1779746458.78688,2,1680,1050
19,2,15068,1779746458.80354,2,1680,1050
19,2,15069,1779746458.82021,2,1680,1050
19,2,15070,1779746458.83687,2,1680,1050
19,2,15071,1779746458.85354,2,1680,1050
19,2,15072,1779746458.87021,2,1680,1050
19,2,15073,1779746458.88687,2,1680,1050
19,2,15074,1779746458.90354,2,1680,1050
19,2,15075,1779746458.9202,2,1680,1050
19,2,15076,1779746458.93687,2,1680,1050
19,2,15077,1779746458.95354,2,1680,1050
19,2,15078,1779746458.9702,2,1680,1050
19,2,15079,1779746458.98687,2,1680,1050
19,2,15080,1779746459.00353,2,1680,1050
19,2,15081,1779746459.0202,2,1680,1050
19,2,15082,1779746459.03687,2,1680,1050
19,2,15083,1779746459.05353,2,1680,1050
19,2,15084,1779746459.0702,2,1680,1050
19,2,15085,1779746459.08686,2,1680,1050
19,2,15086,1779746459.10353,2,1680,1050
19,2,15087,1779746459.1202,2,1680,1050
19,2,15088,1779746459.13686,2,1680,1050
19,2,15089,1779746459.15353,2,1680,1050
19,2,15090,1779746459.1702,2,1680,1050
19,2,15091,1779746459.18686,2,1680,1050
19,2,15092,1779746459.20353,2,1680,1050
19,2,15093,1779746459.22019,2,1680,1050
19,2,15094,1779746459.23686,2,1680,1050
19,2,15095,1779746459.25353,2,1680,1050
19,2,15096,1779746459.27019,2,1680,1050
19,2,15097,1779746459.28686,2,1680,1050
19,2,15098,1779746459.30352,2,1680,1050
19,2,15099,1779746459.32019,2,1680,1050
19,2,15100,1779746459.33686,2,1680,1050
19,2,15101,1779746459.35352,2,1680,1050
19,2,15102,1779746459.37019,2,1680,1050
19,2,15103,1779746459.38686,2,1680,1050
19,2,15104,1779746459.40352,2,1680,1050
19,2,15105,1779746459.42019,2,1680,1050
19,2,15106,1779746459.43685,2,1680,1050
19,2,15107,1779746459.45352,2,1680,1050
19,2,15108,1779746459.47019,2,1680,1050
19,2,15109,1779746459.48685,2,1680,1050
19,2,15110,1779746459.50352,2,1680,1050
19,2,15111,1779746459.52018,2,1680,1050
19,2,15112,1779746459.53685,2,1680,1050
19,2,15113,1779746459.55352,2,1680,1050
19,2,15114,1779746459.57018,2,1680,1050
19,2,15115,1779746459.58685,2,1680,1050
19,2,15116,1779746459.60351,2,1680,1050
19,2,15117,1779746459.62018,2,1680,1050
19,2,15118,1779746459.63685,2,1680,1050
19,2,15119,1779746459.65351,2,1680,1050
19,2,15120,1779746459.67018,2,1680,1050
19,2,15121,1779746459.68684,2,1680,1050
19,2,15122,1779746459.70351,2,1680,1050
19,2,15123,1779746459.72018,2,1680,1050
19,2,15124,1779746459.73684,2,1680,1050
19,2,15125,1779746459.75351,2,1680,1050
19,2,15126,1779746459.77018,2,1680,1050
19,2,15127,1779746459.78684,2,1680,1050
19,2,15128,1779746459.80351,2,1680,1050
19,2,15129,1779746459.82017,2,1680,1050
19,2,15130,1779746459.83684,2,1680,1050
19,2,15131,1779746459.85351,2,1680,1050
19,2,15132,1779746459.87017,2,1680,1050
19,2,15133,1779746459.88684,2,1680,1050
19,2,15134,1779746459.9035,2,1680,1050
19,2,15135,1779746459.92017,2,1680,1050
19,2,15136,1779746459.93684,2,1680,1050
19,2,15137,1779746459.9535,2,1680,1050
19,2,15138,1779746459.97017,2,1680,1050
19,2,15139,1779746459.98683,2,1680,1050
19,2,15140,1779746460.0035,2,1680,1050
19,2,15141,1779746460.02017,2,1680,1050
19,2,15142,1779746460.03683,2,1680,1050
19,2,15143,1779746460.0535,2,1680,1050
19,2,15144,1779746460.07016,2,1680,1050
19,2,15145,1779746460.08683,2,1680,1050
19,2,15146,1779746460.1035,2,1680,1050
19,2,15147,1779746460.12016,2,1680,1050
19,2,15148,1779746460.13683,2,1680,1050
19,2,15149,1779746460.15349,2,1680,1050
19,2,15150,1779746460.17016,2,1680,1050
19,2,15151,1779746460.18683,2,1680,1050
19,2,15152,1779746460.20349,2,1680,1050
19,2,15153,1779746460.22016,2,1680,1050
19,2,15154,1779746460.23683,2,1680,1050
19,2,15155,1779746460.25349,2,1680,1050
19,2,15156,1779746460.27016,2,1680,1050
19,2,15157,1779746460.28683,2,1680,1050
19,2,15158,1779746460.30349,2,1680,1050
19,2,15159,1779746460.32015,2,1680,1050
19,2,15160,1779746460.33682,2,1680,1050
19,2,15161,1779746460.35349,2,1680,1050
19,2,15162,1779746460.37016,2,1680,1050
19,2,15163,1779746460.38682,2,1680,1050
19,2,15164,1779746460.40349,2,1680,1050
19,2,15165,1779746460.42015,2,1680,1050
19,2,15166,1779746460.43682,2,1680,1050
19,2,15167,1779746460.45348,2,1680,1050
19,2,15168,1779746460.47015,2,1680,1050
19,2,15169,1779746460.48682,2,1680,1050
19,2,15170,1779746460.50348,2,1680,1050
19,2,15171,1779746460.52015,2,1680,1050
19,2,15172,1779746460.53681,2,1680,1050
19,2,15173,1779746460.55348,2,1680,1050
19,2,15174,1779746460.57015,2,1680,1050
19,2,15175,1779746460.58681,2,1680,1050
19,2,15176,1779746460.60348,2,1680,1050
19,2,15177,1779746460.62014,2,1680,1050
19,2,15178,1779746460.63681,2,1680,1050
19,2,15179,1779746460.65348,2,1680,1050
19,2,15180,1779746460.67014,2,1680,1050
19,2,15181,1779746460.68681,2,1680,1050
19,2,15182,1779746460.70347,2,1680,1050
19,2,15183,1779746460.72014,2,1680,1050
19,2,15184,1779746460.73681,2,1680,1050
19,2,15185,1779746460.75347,2,1680,1050
19,2,15186,1779746460.77014,2,1680,1050
19,2,15187,1779746460.78681,2,1680,1050
19,2,15188,1779746460.80347,2,1680,1050
19,2,15189,1779746460.82014,2,1680,1050
19,2,15190,1779746460.83681,2,1680,1050
19,2,15191,1779746460.85347,2,1680,1050
19,2,15192,1779746460.87014,2,1680,1050
19,2,15193,1779746460.8868,2,1680,1050
19,2,15194,1779746460.90347,2,1680,1050
19,2,15195,1779746460.92014,2,1680,1050
19,2,15196,1779746460.9368,2,1680,1050
19,2,15197,1779746460.95347,2,1680,1050
19,2,15198,1779746460.97013,2,1680,1050
19,2,15199,1779746460.9868,2,1680,1050
19,2,15200,1779746461.00346,2,1680,1050
19,2,15201,1779746461.02013,2,1680,1050
19,2,15202,1779746461.0368,2,1680,1050
19,2,15203,1779746461.05346,2,1680,1050
19,2,15204,1779746461.07013,2,1680,1050
19,2,15205,1779746461.0868,2,1680,1050
19,2,15206,1779746461.10346,2,1680,1050
19,2,15207,1779746461.12013,2,1680,1050
19,2,15208,1779746461.1368,2,1680,1050
19,2,15209,1779746461.15346,2,1680,1050
19,2,15210,1779746461.17013,2,1680,1050
19,2,15211,1779746461.18679,2,1680,1050
19,2,15212,1779746461.20346,2,1680,1050
19,2,15213,1779746461.22012,2,1680,1050
19,2,15214,1779746461.23679,2,1680,1050
19,2,15215,1779746461.25346,2,1680,1050
19,2,15216,1779746461.27012,2,1680,1050
19,2,15217,1779746461.28679,2,1680,1050
19,2,15218,1779746461.30345,2,1680,1050
19,2,15219,1779746461.32012,2,1680,1050
19,2,15220,1779746461.33679,2,1680,1050
19,2,15221,1779746461.35345,2,1680,1050
19,2,15222,1779746461.37012,2,1680,1050
19,2,15223,1779746461.38679,2,1680,1050
19,2,15224,1779746461.40345,2,1680,1050
19,2,15225,1779746461.42012,2,1680,1050
19,2,15226,1779746461.43678,2,1680,1050
19,2,15227,1779746461.45345,2,1680,1050
19,2,15228,1779746461.47012,2,1680,1050
19,2,15229,1779746461.48678,2,1680,1050
19,2,15230,1779746461.50345,2,1680,1050
19,2,15231,1779746461.52011,2,1680,1050
19,2,15232,1779746461.53678,2,1680,1050
19,2,15233,1779746461.55345,2,1680,1050
19,2,15234,1779746461.57011,2,1680,1050
19,2,15235,1779746461.58678,2,1680,1050
19,2,15236,1779746461.60344,2,1680,1050
19,2,15237,1779746461.62011,2,1680,1050
19,2,15238,1779746461.63678,2,1680,1050
19,2,15239,1779746461.65344,2,1680,1050
19,2,15240,1779746461.67011,2,1680,1050
19,2,15241,1779746461.68678,2,1680,1050
19,2,15242,1779746461.70344,2,1680,1050
19,2,15243,1779746461.72011,2,1680,1050
19,2,15244,1779746461.73677,2,1680,1050
19,2,15245,1779746461.75344,2,1680,1050
19,2,15246,1779746461.77011,2,1680,1050
19,2,15247,1779746461.78677,2,1680,1050
19,2,15248,1779746461.80344,2,1680,1050
19,2,15249,1779746461.8201,2,1680,1050
19,2,15250,1779746461.83677,2,1680,1050
19,2,15251,1779746461.85344,2,1680,1050
19,2,15252,1779746461.8701,2,1680,1050
19,2,15253,1779746461.88677,2,1680,1050
19,2,15254,1779746461.90343,2,1680,1050
19,2,15255,1779746461.9201,2,1680,1050
19,2,15256,1779746461.93677,2,1680,1050
19,2,15257,1779746461.95343,2,1680,1050
19,2,15258,1779746461.9701,2,1680,1050
19,2,15259,1779746461.98676,2,1680,1050
19,2,15260,1779746462.00343,2,1680,1050
19,2,15261,1779746462.0201,2,1680,1050
19,2,15262,1779746462.03676,2,1680,1050
19,2,15263,1779746462.05343,2,1680,1050
19,2,15264,1779746462.0701,2,1680,1050
19,2,15265,1779746462.08676,2,1680,1050
19,2,15266,1779746462.10343,2,1680,1050
19,2,15267,1779746462.12009,2,1680,1050
19,2,15268,1779746462.13676,2,1680,1050
19,2,15269,1779746462.15343,2,1680,1050
19,2,15270,1779746462.17009,2,1680,1050
19,2,15271,1779746462.18676,2,1680,1050
19,2,15272,1779746462.20342,2,1680,1050
19,2,15273,1779746462.22009,2,1680,1050
19,2,15274,1779746462.23676,2,1680,1050
19,2,15275,1779746462.25342,2,1680,1050
19,2,15276,1779746462.27009,2,1680,1050
19,2,15277,1779746462.28676,2,1680,1050
19,2,15278,1779746462.30342,2,1680,1050
19,2,15279,1779746462.32009,2,1680,1050
19,2,15280,1779746462.33675,2,1680,1050
19,2,15281,1779746462.35342,2,1680,1050
19,2,15282,1779746462.37008,2,1680,1050
19,2,15283,1779746462.38675,2,1680,1050
19,2,15284,1779746462.40342,2,1680,1050
19,2,15285,1779746462.42008,2,1680,1050
19,2,15286,1779746462.43675,2,1680,1050
19,2,15287,1779746462.45342,2,1680,1050
19,2,15288,1779746462.47008,2,1680,1050
19,2,15289,1779746462.48675,2,1680,1050
19,2,15290,1779746462.50341,2,1680,1050
19,2,15291,1779746462.52008,2,1680,1050
19,2,15292,1779746462.53675,2,1680,1050
19,2,15293,1779746462.55341,2,1680,1050
19,2,15294,1779746462.57008,2,1680,1050
19,2,15295,1779746462.58674,2,1680,1050
19,2,15296,1779746462.60341,2,1680,1050
19,2,15297,1779746462.62008,2,1680,1050
19,2,15298,1779746462.65341,2,1680,1050
19,2,15299,1779746462.67007,2,1680,1050
19,2,15300,1779746462.68674,2,1680,1050
19,2,15301,1779746462.70341,2,1680,1050
19,2,15302,1779746462.72007,1,1680,1050
19,2,15303,1779746462.73674,1,1680,1050
19,2,15304,1779746462.7534,1,1680,1050
19,2,15305,1779746462.77007,1,1680,1050
19,2,15306,1779746462.78674,1,1680,1050
19,2,15307,1779746462.8034,1,1680,1050
19,2,15308,1779746462.82007,1,1680,1050
19,2,15309,1779746462.83673,1,1680,1050
19,2,15310,1779746462.8534,1,1680,1050
19,2,15311,1779746462.87007,1,1680,1050
19,2,15312,1779746462.88673,1,1680,1050
19,2,15313,1779746462.9034,1,1680,1050
19,2,15314,1779746462.92007,1,1680,1050
19,2,15315,1779746462.93673,1,1680,1050
19,2,15316,1779746462.9534,1,1680,1050
19,2,15317,1779746462.97006,1,1680,1050
19,2,15318,1779746462.98673,1,1680,1050
19,2,15319,1779746463.0034,1,1680,1050
19,2,15320,1779746463.02006,1,1680,1050
19,2,15321,1779746463.03673,1,1680,1050
19,2,15322,1779746463.05339,1,1680,1050
19,2,15323,1779746463.07006,1,1680,1050
19,2,15324,1779746463.08673,1,1680,1050
19,2,15325,1779746463.10339,1,1680,1050
19,2,15326,1779746463.12006,1,1680,1050
19,2,15327,1779746463.13673,1,1680,1050
19,2,15328,1779746463.15339,1,1680,1050
19,2,15329,1779746463.17006,1,1680,1050
19,2,15330,1779746463.18672,1,1680,1050
19,2,15331,1779746463.20339,1,1680,1050
19,2,15332,1779746463.22006,1,1680,1050
19,2,15333,1779746463.23672,1,1680,1050
19,2,15334,1779746463.25339,1,1680,1050
19,2,15335,1779746463.27005,1,1680,1050
19,2,15336,1779746463.28672,1,1680,1050
19,2,15337,1779746463.30339,1,1680,1050
19,2,15338,1779746463.32005,1,1680,1050
19,2,15339,1779746463.33672,1,1680,1050
19,2,15340,1779746463.35338,1,1680,1050
19,2,15341,1779746463.37005,1,1680,1050
19,2,15342,1779746463.38672,1,1680,1050
19,2,15343,1779746463.40338,1,1680,1050
19,2,15344,1779746463.42005,1,1680,1050
19,2,15345,1779746463.43671,1,1680,1050
19,2,15346,1779746463.45338,1,1680,1050
19,2,15347,1779746463.47005,1,1680,1050
19,2,15348,1779746463.48671,1,1680,1050
19,2,15349,1779746463.50338,1,1680,1050
19,2,15350,1779746463.52004,1,1680,1050
19,2,15351,1779746463.53671,1,1680,1050
19,2,15352,1779746463.55338,1,1680,1050
19,2,15353,1779746463.57004,1,1680,1050
19,2,15354,1779746463.58671,1,1680,1050
19,2,15355,1779746463.60338,1,1680,1050
19,2,15356,1779746463.62004,1,1680,1050
19,2,15357,1779746463.63671,1,1680,1050
19,2,15358,1779746463.65337,1,1680,1050
19,2,15359,1779746463.67004,1,1680,1050
19,2,15360,1779746463.68671,1,1680,1050
19,2,15361,1779746463.70337,1,1680,1050
19,2,15362,1779746463.72004,1,1680,1050
19,2,15363,1779746463.7367,1,1680,1050
19,2,15364,1779746463.75337,1,1680,1050
19,2,15365,1779746463.77004,1,1680,1050
19,2,15366,1779746463.7867,1,1680,1050
19,2,15367,1779746463.80337,1,1680,1050
19,2,15368,1779746463.82003,1,1680,1050
19,2,15369,1779746463.8367,1,1680,1050
19,2,15370,1779746463.85337,1,1680,1050
19,2,15371,1779746463.87003,1,1680,1050
19,2,15372,1779746463.8867,1,1680,1050
19,2,15373,1779746463.90337,1,1680,1050
19,2,15374,1779746463.92003,1,1680,1050
19,2,15375,1779746463.9367,1,1680,1050
19,2,15376,1779746463.95336,1,1680,1050
19,2,15377,1779746463.97003,1,1680,1050
19,2,15378,1779746463.98669,1,1680,1050
19,2,15379,1779746464.00336,1,1680,1050
19,2,15380,1779746464.02003,1,1680,1050
19,2,15381,1779746464.03669,1,1680,1050
19,2,15382,1779746464.05336,1,1680,1050
19,2,15383,1779746464.07003,1,1680,1050
19,2,15384,1779746464.08669,1,1680,1050
19,2,15385,1779746464.10336,1,1680,1050
19,2,15386,1779746464.12002,1,1680,1050
19,2,15387,1779746464.13669,1,1680,1050
19,2,15388,1779746464.15336,1,1680,1050
19,2,15389,1779746464.17002,1,1680,1050
19,2,15390,1779746464.18669,1,1680,1050
19,2,15391,1779746464.20336,1,1680,1050
19,2,15392,1779746464.22002,1,1680,1050
19,2,15393,1779746464.23669,1,1680,1050
19,2,15394,1779746464.25335,1,1680,1050
19,2,15395,1779746464.27002,1,1680,1050
19,2,15396,1779746464.28669,1,1680,1050
19,2,15397,1779746464.30335,1,1680,1050
19,2,15398,1779746464.32002,1,1680,1050
19,2,15399,1779746464.33668,1,1680,1050
19,2,15400,1779746464.35335,1,1680,1050
19,2,15401,1779746464.37002,1,1680,1050
19,2,15402,1779746464.38668,1,1680,1050
19,2,15403,1779746464.40335,1,1680,1050
19,2,15404,1779746464.42001,1,1680,1050
19,2,15405,1779746464.43668,1,1680,1050
19,2,15406,1779746464.45335,1,1680,1050
19,2,15407,1779746464.47001,1,1680,1050
19,2,15408,1779746464.48668,1,1680,1050
19,2,15409,1779746464.50334,1,1680,1050
19,2,15410,1779746464.52001,1,1680,1050
19,2,15411,1779746464.53667,1,1680,1050
19,2,15412,1779746464.55334,1,1680,1050
19,2,15413,1779746464.57001,1,1680,1050
19,2,15414,1779746464.58667,1,1680,1050
19,2,15415,1779746464.60334,1,1680,1050
19,2,15416,1779746464.62001,1,1680,1050
19,2,15417,1779746464.63667,1,1680,1050
19,2,15418,1779746464.65334,1,1680,1050
19,2,15419,1779746464.67,1,1680,1050
19,2,15420,1779746464.68667,1,1680,1050
19,2,15421,1779746464.70334,1,1680,1050
19,2,15422,1779746464.72,1,1680,1050
19,2,15423,1779746464.73667,1,1680,1050
19,2,15424,1779746464.75334,1,1680,1050
19,2,15425,1779746464.77,1,1680,1050
19,2,15426,1779746464.78667,1,1680,1050
19,2,15427,1779746464.80333,1,1680,1050
19,2,15428,1779746464.82,1,1680,1050
19,2,15429,1779746464.83667,1,1680,1050
19,2,15430,1779746464.85333,1,1680,1050
19,2,15431,1779746464.87,1,1680,1050
19,2,15432,1779746464.88666,1,1680,1050
19,2,15433,1779746464.90333,1,1680,1050
19,2,15434,1779746464.92,1,1680,1050
19,2,15435,1779746464.93666,1,1680,1050
19,2,15436,1779746464.95333,1,1680,1050
19,2,15437,1779746464.96999,1,1680,1050
19,2,15438,1779746464.98666,1,1680,1050
19,2,15439,1779746465.00333,1,1680,1050
19,2,15440,1779746465.01999,1,1680,1050
19,2,15441,1779746465.03666,1,1680,1050
19,2,15442,1779746465.05333,1,1680,1050
19,2,15443,1779746465.06999,1,1680,1050
19,2,15444,1779746465.08666,1,1680,1050
19,2,15445,1779746465.10332,1,1680,1050
19,2,15446,1779746465.11999,1,1680,1050
19,2,15447,1779746465.13665,1,1680,1050
19,2,15448,1779746465.15332,1,1680,1050
19,2,15449,1779746465.16999,1,1680,1050
19,2,15450,1779746465.18665,1,1680,1050
19,2,15451,1779746465.20332,1,1680,1050
19,2,15452,1779746465.21999,1,1680,1050
19,2,15453,1779746465.23665,1,1680,1050
19,2,15454,1779746465.25332,1,1680,1050
19,2,15455,1779746465.26999,1,1680,1050
19,2,15456,1779746465.28665,1,1680,1050
19,2,15457,1779746465.30332,1,1680,1050
19,2,15458,1779746465.31998,1,1680,1050
19,2,15459,1779746465.33665,1,1680,1050
19,2,15460,1779746465.35331,1,1680,1050
19,2,15461,1779746465.36998,1,1680,1050
19,2,15462,1779746465.38665,1,1680,1050
19,2,15463,1779746465.40331,1,1680,1050
19,2,15464,1779746465.41998,1,1680,1050
19,2,15465,1779746465.43665,1,1680,1050
19,2,15466,1779746465.45331,1,1680,1050
19,2,15467,1779746465.46998,1,1680,1050
19,2,15468,1779746465.48664,1,1680,1050
19,2,15469,1779746465.50331,1,1680,1050
19,2,15470,1779746465.51997,1,1680,1050
19,2,15471,1779746465.53664,1,1680,1050
19,2,15472,1779746465.55331,1,1680,1050
19,2,15473,1779746465.56997,1,1680,1050
19,2,15474,1779746465.58664,1,1680,1050
19,2,15475,1779746465.60331,1,1680,1050
19,2,15476,1779746465.61997,1,1680,1050
19,2,15477,1779746465.63664,1,1680,1050
19,2,15478,1779746465.6533,1,1680,1050
19,2,15479,1779746465.66997,1,1680,1050
19,2,15480,1779746465.68664,1,1680,1050
19,2,15481,1779746465.7033,1,1680,1050
19,2,15482,1779746465.71997,1,1680,1050
19,2,15483,1779746465.73663,1,1680,1050
19,2,15484,1779746465.7533,1,1680,1050
19,2,15485,1779746465.76997,1,1680,1050
19,2,15486,1779746465.78663,1,1680,1050
19,2,15487,1779746465.8033,1,1680,1050
19,2,15488,1779746465.81997,1,1680,1050
19,2,15489,1779746465.83663,1,1680,1050
19,2,15490,1779746465.8533,1,1680,1050
19,2,15491,1779746465.86996,1,1680,1050
19,2,15492,1779746465.88663,1,1680,1050
19,2,15493,1779746465.9033,1,1680,1050
19,2,15494,1779746465.91996,1,1680,1050
19,2,15495,1779746465.93663,1,1680,1050
19,2,15496,1779746465.95329,1,1680,1050
19,2,15497,1779746465.96996,1,1680,1050
19,2,15498,1779746465.98663,1,1680,1050
19,2,15499,1779746466.00329,1,1680,1050
19,2,15500,1779746466.01996,1,1680,1050
19,2,15501,1779746466.03662,1,1680,1050
19,2,15502,1779746466.05329,1,1680,1050
19,2,15503,1779746466.06996,1,1680,1050
19,2,15504,1779746466.08662,1,1680,1050
19,2,15505,1779746466.10329,1,1680,1050
19,2,15506,1779746466.11996,1,1680,1050
19,2,15507,1779746466.13662,1,1680,1050
19,2,15508,1779746466.15329,1,1680,1050
19,2,15509,1779746466.16995,1,1680,1050
19,2,15510,1779746466.18662,1,1680,1050
19,2,15511,1779746466.20329,1,1680,1050
19,2,15512,1779746466.21995,1,1680,1050
19,2,15513,1779746466.23662,1,1680,1050
19,2,15514,1779746466.25328,1,1680,1050
19,2,15515,1779746466.26995,1,1680,1050
19,2,15516,1779746466.28662,1,1680,1050
19,2,15517,1779746466.30328,1,1680,1050
19,2,15518,1779746466.31995,1,1680,1050
19,2,15519,1779746466.33661,1,1680,1050
19,2,15520,1779746466.35328,1,1680,1050
19,2,15521,1779746466.36995,1,1680,1050
19,2,15522,1779746466.38661,1,1680,1050
19,2,15523,1779746466.40328,1,1680,1050
19,2,15524,1779746466.41994,1,1680,1050
19,2,15525,1779746466.43661,1,1680,1050
19,2,15526,1779746466.45328,1,1680,1050
19,2,15527,1779746466.46994,1,1680,1050
19,2,15528,1779746466.48661,1,1680,1050
19,2,15529,1779746466.50327,1,1680,1050
19,2,15530,1779746466.51994,1,1680,1050
19,2,15531,1779746466.53661,1,1680,1050
19,2,15532,1779746466.55327,1,1680,1050
19,2,15533,1779746466.56994,1,1680,1050
19,2,15534,1779746466.5866,1,1680,1050
19,2,15535,1779746466.60327,1,1680,1050
19,2,15536,1779746466.61994,1,1680,1050
19,2,15537,1779746466.6366,1,1680,1050
19,2,15538,1779746466.65327,1,1680,1050
19,2,15539,1779746466.66994,1,1680,1050
19,2,15540,1779746466.6866,1,1680,1050
19,2,15541,1779746466.70327,1,1680,1050
19,2,15542,1779746466.71993,2,1680,1050
19,2,15543,1779746466.7366,2,1680,1050
19,2,15544,1779746466.75327,2,1680,1050
19,2,15545,1779746466.76993,2,1680,1050
19,2,15546,1779746466.7866,2,1680,1050
19,2,15547,1779746466.80327,2,1680,1050
19,2,15548,1779746466.81993,2,1680,1050
19,2,15549,1779746466.8366,2,1680,1050
19,2,15550,1779746466.85326,2,1680,1050
19,2,15551,1779746466.86993,2,1680,1050
19,2,15552,1779746466.88659,2,1680,1050
19,2,15553,1779746466.90326,2,1680,1050
19,2,15554,1779746466.91993,2,1680,1050
19,2,15555,1779746466.93659,2,1680,1050
19,2,15556,1779746466.95326,2,1680,1050
19,2,15557,1779746466.96993,2,1680,1050
19,2,15558,1779746466.98659,2,1680,1050
19,2,15559,1779746467.00326,2,1680,1050
19,2,15560,1779746467.01992,2,1680,1050
19,2,15561,1779746467.03659,2,1680,1050
19,2,15562,1779746467.05326,2,1680,1050
19,2,15563,1779746467.06992,2,1680,1050
19,2,15564,1779746467.08659,2,1680,1050
19,2,15565,1779746467.10325,2,1680,1050
19,2,15566,1779746467.11992,2,1680,1050
19,2,15567,1779746467.13659,2,1680,1050
19,2,15568,1779746467.15325,2,1680,1050
19,2,15569,1779746467.16992,2,1680,1050
19,2,15570,1779746467.18658,2,1680,1050
19,2,15571,1779746467.20325,2,1680,1050
19,2,15572,1779746467.21992,2,1680,1050
19,2,15573,1779746467.23658,2,1680,1050
19,2,15574,1779746467.25325,2,1680,1050
19,2,15575,1779746467.26992,2,1680,1050
19,2,15576,1779746467.28658,2,1680,1050
19,2,15577,1779746467.30325,2,1680,1050
19,2,15578,1779746467.31991,2,1680,1050
19,2,15579,1779746467.33658,2,1680,1050
19,2,15580,1779746467.35325,2,1680,1050
19,2,15581,1779746467.36991,2,1680,1050
19,2,15582,1779746467.38658,2,1680,1050
19,2,15583,1779746467.40324,2,1680,1050
19,2,15584,1779746467.41991,2,1680,1050
19,2,15585,1779746467.43658,2,1680,1050
19,2,15586,1779746467.45324,2,1680,1050
19,2,15587,1779746467.46991,2,1680,1050
19,2,15588,1779746467.48657,2,1680,1050
19,2,15589,1779746467.50324,2,1680,1050
19,2,15590,1779746467.51991,2,1680,1050
19,2,15591,1779746467.53657,2,1680,1050
19,2,15592,1779746467.55324,2,1680,1050
19,2,15593,1779746467.5699,2,1680,1050
19,2,15594,1779746467.58657,2,1680,1050
19,2,15595,1779746467.60324,2,1680,1050
19,2,15596,1779746467.6199,2,1680,1050
19,2,15597,1779746467.63657,2,1680,1050
19,2,15598,1779746467.65324,2,1680,1050
19,2,15599,1779746467.6699,2,1680,1050
19,2,15600,1779746467.68657,2,1680,1050
19,2,15601,1779746467.70323,2,1680,1050
19,2,15602,1779746467.7199,2,1680,1050
19,2,15603,1779746467.73657,2,1680,1050
19,2,15604,1779746467.75323,2,1680,1050
19,2,15605,1779746467.7699,2,1680,1050
19,2,15606,1779746467.78656,2,1680,1050
19,2,15607,1779746467.80323,2,1680,1050
19,2,15608,1779746467.8199,2,1680,1050
19,2,15609,1779746467.83656,2,1680,1050
19,2,15610,1779746467.85323,2,1680,1050
19,2,15611,1779746467.86989,2,1680,1050
19,2,15612,1779746467.88656,2,1680,1050
19,2,15613,1779746467.90323,2,1680,1050
19,2,15614,1779746467.91989,2,1680,1050
19,2,15615,1779746467.93656,2,1680,1050
19,2,15616,1779746467.95322,2,1680,1050
19,2,15617,1779746467.96989,2,1680,1050
19,2,15618,1779746467.98656,2,1680,1050
19,2,15619,1779746468.00322,2,1680,1050
19,2,15620,1779746468.01989,2,1680,1050
19,2,15621,1779746468.03656,2,1680,1050
19,2,15622,1779746468.05322,2,1680,1050
19,2,15623,1779746468.06989,2,1680,1050
19,2,15624,1779746468.08655,2,1680,1050
19,2,15625,1779746468.10322,2,1680,1050
19,2,15626,1779746468.11989,2,1680,1050
19,2,15627,1779746468.13655,2,1680,1050
19,2,15628,1779746468.15322,2,1680,1050
19,2,15629,1779746468.16988,2,1680,1050
19,2,15630,1779746468.18655,2,1680,1050
19,2,15631,1779746468.20322,2,1680,1050
19,2,15632,1779746468.21988,2,1680,1050
19,2,15633,1779746468.23655,2,1680,1050
19,2,15634,1779746468.25321,2,1680,1050
19,2,15635,1779746468.26988,2,1680,1050
19,2,15636,1779746468.28655,2,1680,1050
19,2,15637,1779746468.30321,2,1680,1050
19,2,15638,1779746468.31988,2,1680,1050
19,2,15639,1779746468.33654,2,1680,1050
19,2,15640,1779746468.35321,2,1680,1050
19,2,15641,1779746468.36988,2,1680,1050
19,2,15642,1779746468.38654,2,1680,1050
19,2,15643,1779746468.40321,2,1680,1050
19,2,15644,1779746468.41987,2,1680,1050
19,2,15645,1779746468.43654,2,1680,1050
19,2,15646,1779746468.45321,2,1680,1050
19,2,15647,1779746468.46987,2,1680,1050
19,2,15648,1779746468.48654,2,1680,1050
19,2,15649,1779746468.50321,2,1680,1050
19,2,15650,1779746468.51987,2,1680,1050
19,2,15651,1779746468.53654,2,1680,1050
19,2,15652,1779746468.5532,2,1680,1050
19,2,15653,1779746468.56987,2,1680,1050
19,2,15654,1779746468.58654,2,1680,1050
19,2,15655,1779746468.6032,2,1680,1050
19,2,15656,1779746468.61987,2,1680,1050
19,2,15657,1779746468.63653,2,1680,1050
19,2,15658,1779746468.6532,2,1680,1050
19,2,15659,1779746468.66987,2,1680,1050
19,2,15660,1779746468.68653,2,1680,1050
19,2,15661,1779746468.7032,2,1680,1050
19,2,15662,1779746468.71986,1,1680,1050
19,2,15663,1779746468.73653,1,1680,1050
19,2,15664,1779746468.7532,1,1680,1050
19,2,15665,1779746468.76986,1,1680,1050
19,2,15666,1779746468.78653,1,1680,1050
19,2,15667,1779746468.8032,1,1680,1050
19,2,15668,1779746468.81986,1,1680,1050
19,2,15669,1779746468.83653,1,1680,1050
19,2,15670,1779746468.85319,1,1680,1050
19,2,15671,1779746468.86986,1,1680,1050
19,2,15672,1779746468.88653,1,1680,1050
19,2,15673,1779746468.90319,1,1680,1050
19,2,15674,1779746468.91986,1,1680,1050
19,2,15675,1779746468.93652,1,1680,1050
19,2,15676,1779746468.95319,1,1680,1050
19,2,15677,1779746468.96986,1,1680,1050
19,2,15678,1779746468.98652,1,1680,1050
19,2,15679,1779746469.00319,1,1680,1050
19,2,15680,1779746469.01985,1,1680,1050
19,2,15681,1779746469.03652,1,1680,1050
19,2,15682,1779746469.05319,1,1680,1050
19,2,15683,1779746469.06985,1,1680,1050
19,2,15684,1779746469.08652,1,1680,1050
19,2,15685,1779746469.10318,1,1680,1050
19,2,15686,1779746469.11985,1,1680,1050
19,2,15687,1779746469.13652,1,1680,1050
19,2,15688,1779746469.15318,1,1680,1050
19,2,15689,1779746469.16985,1,1680,1050
19,2,15690,1779746469.18652,1,1680,1050
19,2,15691,1779746469.20318,1,1680,1050
19,2,15692,1779746469.21985,1,1680,1050
19,2,15693,1779746469.23651,1,1680,1050
19,2,15694,1779746469.25318,1,1680,1050
19,2,15695,1779746469.26985,1,1680,1050
19,2,15696,1779746469.28651,1,1680,1050
19,2,15697,1779746469.30318,1,1680,1050
19,2,15698,1779746469.31984,1,1680,1050
19,2,15699,1779746469.33651,1,1680,1050
19,2,15700,1779746469.35318,1,1680,1050
19,2,15701,1779746469.36984,1,1680,1050
19,2,15702,1779746469.38651,1,1680,1050
19,2,15703,1779746469.40317,1,1680,1050
19,2,15704,1779746469.41984,1,1680,1050
19,2,15705,1779746469.43651,1,1680,1050
19,2,15706,1779746469.45317,1,1680,1050
19,2,15707,1779746469.46984,1,1680,1050
19,2,15708,1779746469.4865,1,1680,1050
19,2,15709,1779746469.50317,1,1680,1050
19,2,15710,1779746469.51984,1,1680,1050
19,2,15711,1779746469.5365,1,1680,1050
19,2,15712,1779746469.55317,1,1680,1050
19,2,15713,1779746469.56983,1,1680,1050
19,2,15714,1779746469.5865,1,1680,1050
19,2,15715,1779746469.60317,1,1680,1050
19,2,15716,1779746469.61983,1,1680,1050
19,2,15717,1779746469.6365,1,1680,1050
19,2,15718,1779746469.65317,1,1680,1050
19,2,15719,1779746469.66983,1,1680,1050
19,2,15720,1779746469.6865,1,1680,1050
19,2,15721,1779746469.70316,1,1680,1050
19,2,15722,1779746469.71983,1,1680,1050
19,2,15723,1779746469.7365,1,1680,1050
19,2,15724,1779746469.75316,1,1680,1050
19,2,15725,1779746469.76983,1,1680,1050
19,2,15726,1779746469.78649,1,1680,1050
19,2,15727,1779746469.80316,1,1680,1050
19,2,15728,1779746469.81983,1,1680,1050
19,2,15729,1779746469.83649,1,1680,1050
19,2,15730,1779746469.85316,1,1680,1050
19,2,15731,1779746469.86982,1,1680,1050
19,2,15732,1779746469.88649,1,1680,1050
19,2,15733,1779746469.90316,1,1680,1050
19,2,15734,1779746469.91982,1,1680,1050
19,2,15735,1779746469.93649,1,1680,1050
19,2,15736,1779746469.95316,1,1680,1050
19,2,15737,1779746469.96982,1,1680,1050
19,2,15738,1779746469.98649,1,1680,1050
19,2,15739,1779746470.00315,1,1680,1050
19,2,15740,1779746470.01982,1,1680,1050
19,2,15741,1779746470.03649,1,1680,1050
19,2,15742,1779746470.05315,1,1680,1050
19,2,15743,1779746470.06982,1,1680,1050
19,2,15744,1779746470.08648,1,1680,1050
19,2,15745,1779746470.10315,1,1680,1050
19,2,15746,1779746470.11982,1,1680,1050
19,2,15747,1779746470.13648,1,1680,1050
19,2,15748,1779746470.15315,1,1680,1050
19,2,15749,1779746470.16982,1,1680,1050
19,2,15750,1779746470.18648,1,1680,1050
19,2,15751,1779746470.20315,1,1680,1050
19,2,15752,1779746470.21981,1,1680,1050
19,2,15753,1779746470.23648,1,1680,1050
19,2,15754,1779746470.25314,1,1680,1050
19,2,15755,1779746470.26981,1,1680,1050
19,2,15756,1779746470.28648,1,1680,1050
19,2,15757,1779746470.30314,1,1680,1050
19,2,15758,1779746470.31981,1,1680,1050
19,2,15759,1779746470.33647,1,1680,1050
19,2,15760,1779746470.35314,1,1680,1050
19,2,15761,1779746470.36981,1,1680,1050
19,2,15762,1779746470.38647,1,1680,1050
19,2,15763,1779746470.40314,1,1680,1050
19,2,15764,1779746470.41981,1,1680,1050
19,2,15765,1779746470.43647,1,1680,1050
19,2,15766,1779746470.45314,1,1680,1050
19,2,15767,1779746470.4698,1,1680,1050
19,2,15768,1779746470.48647,1,1680,1050
19,2,15769,1779746470.50314,1,1680,1050
19,2,15770,1779746470.5198,1,1680,1050
19,2,15771,1779746470.53647,1,1680,1050
19,2,15772,1779746470.55313,1,1680,1050
19,2,15773,1779746470.5698,1,1680,1050
19,2,15774,1779746470.58647,1,1680,1050
19,2,15775,1779746470.60313,1,1680,1050
19,2,15776,1779746470.6198,1,1680,1050
19,2,15777,1779746470.63646,1,1680,1050
19,2,15778,1779746470.65313,1,1680,1050
19,2,15779,1779746470.6698,1,1680,1050
19,2,15780,1779746470.68646,1,1680,1050
19,2,15781,1779746470.70313,1,1680,1050
19,2,15782,1779746470.7198,1,1680,1050
19,2,15783,1779746470.73646,1,1680,1050
19,2,15784,1779746470.76979,1,1680,1050
19,2,15785,1779746470.78646,1,1680,1050
19,2,15786,1779746470.80313,1,1680,1050
19,2,15787,1779746470.81979,1,1680,1050
19,2,15788,1779746470.83646,1,1680,1050
19,2,15789,1779746470.85312,1,1680,1050
19,2,15790,1779746470.86979,1,1680,1050
19,2,15791,1779746470.88646,1,1680,1050
19,2,15792,1779746470.90312,1,1680,1050
19,2,15793,1779746470.91979,1,1680,1050
19,2,15794,1779746470.93645,1,1680,1050
19,2,15795,1779746470.95312,1,1680,1050
19,2,15796,1779746470.96979,1,1680,1050
19,2,15797,1779746470.98645,1,1680,1050
19,2,15798,1779746471.00312,1,1680,1050
19,2,15799,1779746471.01979,1,1680,1050
19,2,15800,1779746471.03645,1,1680,1050
19,2,15801,1779746471.05312,1,1680,1050
19,2,15802,1779746471.06978,1,1680,1050
19,2,15803,1779746471.08645,1,1680,1050
19,2,15804,1779746471.10312,1,1680,1050
19,2,15805,1779746471.11978,1,1680,1050
19,2,15806,1779746471.13645,1,1680,1050
19,2,15807,1779746471.15311,1,1680,1050
19,2,15808,1779746471.16978,1,1680,1050
19,2,15809,1779746471.18645,1,1680,1050
19,2,15810,1779746471.20311,1,1680,1050
19,2,15811,1779746471.21978,1,1680,1050
19,2,15812,1779746471.23644,1,1680,1050
19,2,15813,1779746471.25311,1,1680,1050
19,2,15814,1779746471.26978,1,1680,1050
19,2,15815,1779746471.28644,1,1680,1050
19,2,15816,1779746471.30311,1,1680,1050
19,2,15817,1779746471.31977,1,1680,1050
19,2,15818,1779746471.33644,1,1680,1050
19,2,15819,1779746471.35311,1,1680,1050
19,2,15820,1779746471.36977,1,1680,1050
19,2,15821,1779746471.38644,1,1680,1050
19,2,15822,1779746471.4031,1,1680,1050
19,2,15823,1779746471.41977,1,1680,1050
19,2,15824,1779746471.43644,1,1680,1050
19,2,15825,1779746471.4531,1,1680,1050
19,2,15826,1779746471.46977,1,1680,1050
19,2,15827,1779746471.48643,1,1680,1050
19,2,15828,1779746471.5031,1,1680,1050
19,2,15829,1779746471.51977,1,1680,1050
19,2,15830,1779746471.53643,1,1680,1050
19,2,15831,1779746471.5531,1,1680,1050
19,2,15832,1779746471.56977,1,1680,1050
19,2,15833,1779746471.58643,1,1680,1050
19,2,15834,1779746471.6031,1,1680,1050
19,2,15835,1779746471.61976,1,1680,1050
19,2,15836,1779746471.63643,1,1680,1050
19,2,15837,1779746471.6531,1,1680,1050
19,2,15838,1779746471.66976,1,1680,1050
19,2,15839,1779746471.68643,1,1680,1050
19,2,15840,1779746471.70309,1,1680,1050
19,2,15841,1779746471.71976,1,1680,1050
19,2,15842,1779746471.73643,1,1680,1050
19,2,15843,1779746471.75309,1,1680,1050
19,2,15844,1779746471.76976,1,1680,1050
19,2,15845,1779746471.78642,1,1680,1050
19,2,15846,1779746471.80309,1,1680,1050
19,2,15847,1779746471.81976,1,1680,1050
19,2,15848,1779746471.83642,1,1680,1050
19,2,15849,1779746471.85309,1,1680,1050
19,2,15850,1779746471.86976,1,1680,1050
19,2,15851,1779746471.88642,1,1680,1050
19,2,15852,1779746471.90309,1,1680,1050
19,2,15853,1779746471.91975,1,1680,1050
19,2,15854,1779746471.93642,1,1680,1050
19,2,15855,1779746471.95309,1,1680,1050
19,2,15856,1779746471.96975,1,1680,1050
19,2,15857,1779746471.98642,1,1680,1050
19,2,15858,1779746472.00308,1,1680,1050
19,2,15859,1779746472.01975,1,1680,1050
19,2,15860,1779746472.03642,1,1680,1050
19,2,15861,1779746472.05308,1,1680,1050
19,2,15862,1779746472.06975,1,1680,1050
19,2,15863,1779746472.08641,1,1680,1050
19,2,15864,1779746472.10308,1,1680,1050
19,2,15865,1779746472.11975,1,1680,1050
19,2,15866,1779746472.13641,1,1680,1050
19,2,15867,1779746472.15308,1,1680,1050
19,2,15868,1779746472.16974,1,1680,1050
19,2,15869,1779746472.18641,1,1680,1050
19,2,15870,1779746472.20308,1,1680,1050
19,2,15871,1779746472.21974,1,1680,1050
19,2,15872,1779746472.23641,1,1680,1050
19,2,15873,1779746472.25307,1,1680,1050
19,2,15874,1779746472.26974,1,1680,1050
19,2,15875,1779746472.28641,1,1680,1050
19,2,15876,1779746472.30307,1,1680,1050
19,2,15877,1779746472.31974,1,1680,1050
19,2,15878,1779746472.33641,1,1680,1050
19,2,15879,1779746472.35307,1,1680,1050
19,2,15880,1779746472.36974,1,1680,1050
19,2,15881,1779746472.3864,1,1680,1050
19,2,15882,1779746472.40307,1,1680,1050
19,2,15883,1779746472.41974,1,1680,1050
19,2,15884,1779746472.4364,1,1680,1050
19,2,15885,1779746472.45307,1,1680,1050
19,2,15886,1779746472.46974,1,1680,1050
19,2,15887,1779746472.4864,1,1680,1050
19,2,15888,1779746472.50307,1,1680,1050
19,2,15889,1779746472.51973,1,1680,1050
19,2,15890,1779746472.5364,1,1680,1050
19,2,15891,1779746472.55307,1,1680,1050
19,2,15892,1779746472.56973,1,1680,1050
19,2,15893,1779746472.5864,1,1680,1050
19,2,15894,1779746472.60306,1,1680,1050
19,2,15895,1779746472.61973,1,1680,1050
19,2,15896,1779746472.6364,1,1680,1050
19,2,15897,1779746472.65306,1,1680,1050
19,2,15898,1779746472.66973,1,1680,1050
19,2,15899,1779746472.68639,1,1680,1050
19,2,15900,1779746472.70306,1,1680,1050
19,2,15901,1779746472.71973,1,1680,1050
19,2,15902,1779746472.73639,2,1680,1050
19,2,15903,1779746472.75306,2,1680,1050
19,2,15904,1779746472.76972,2,1680,1050
19,2,15905,1779746472.78639,2,1680,1050
19,2,15906,1779746472.80306,2,1680,1050
19,2,15907,1779746472.81972,2,1680,1050
19,2,15908,1779746472.83639,2,1680,1050
19,2,15909,1779746472.85306,2,1680,1050
19,2,15910,1779746472.86972,2,1680,1050
19,2,15911,1779746472.88639,2,1680,1050
19,2,15912,1779746472.90305,2,1680,1050
19,2,15913,1779746472.91972,2,1680,1050
19,2,15914,1779746472.93639,2,1680,1050
19,2,15915,1779746472.95305,2,1680,1050
19,2,15916,1779746472.96972,2,1680,1050
19,2,15917,1779746472.98638,2,1680,1050
19,2,15918,1779746473.00305,2,1680,1050
19,2,15919,1779746473.01972,2,1680,1050
19,2,15920,1779746473.03638,2,1680,1050
19,2,15921,1779746473.05305,2,1680,1050
19,2,15922,1779746473.06971,2,1680,1050
19,2,15923,1779746473.08638,2,1680,1050
19,2,15924,1779746473.10305,2,1680,1050
19,2,15925,1779746473.11971,2,1680,1050
19,2,15926,1779746473.13638,2,1680,1050
19,2,15927,1779746473.15304,2,1680,1050
19,2,15928,1779746473.16971,2,1680,1050
19,2,15929,1779746473.18638,2,1680,1050
19,2,15930,1779746473.20304,2,1680,1050
19,2,15931,1779746473.21971,2,1680,1050
19,2,15932,1779746473.23638,2,1680,1050
19,2,15933,1779746473.25304,2,1680,1050
19,2,15934,1779746473.26971,2,1680,1050
19,2,15935,1779746473.28637,2,1680,1050
19,2,15936,1779746473.30304,2,1680,1050
19,2,15937,1779746473.31971,2,1680,1050
19,2,15938,1779746473.33637,2,1680,1050
19,2,15939,1779746473.35304,2,1680,1050
19,2,15940,1779746473.3697,2,1680,1050
19,2,15941,1779746473.38637,2,1680,1050
19,2,15942,1779746473.40304,2,1680,1050
19,2,15943,1779746473.4197,2,1680,1050
19,2,15944,1779746473.43637,2,1680,1050
19,2,15945,1779746473.45303,2,1680,1050
19,2,15946,1779746473.4697,2,1680,1050
19,2,15947,1779746473.48637,2,1680,1050
19,2,15948,1779746473.50303,2,1680,1050
19,2,15949,1779746473.5197,2,1680,1050
19,2,15950,1779746473.53636,2,1680,1050
19,2,15951,1779746473.55303,2,1680,1050
19,2,15952,1779746473.5697,2,1680,1050
19,2,15953,1779746473.58636,2,1680,1050
19,2,15954,1779746473.60303,2,1680,1050
19,2,15955,1779746473.61969,2,1680,1050
19,2,15956,1779746473.63636,2,1680,1050
19,2,15957,1779746473.65303,2,1680,1050
19,2,15958,1779746473.66969,2,1680,1050
19,2,15959,1779746473.68636,2,1680,1050
19,2,15960,1779746473.70303,2,1680,1050
19,2,15961,1779746473.71969,2,1680,1050
19,2,15962,1779746473.73636,2,1680,1050
19,2,15963,1779746473.75302,2,1680,1050
19,2,15964,1779746473.76969,2,1680,1050
19,2,15965,1779746473.78636,2,1680,1050
19,2,15966,1779746473.80302,2,1680,1050
19,2,15967,1779746473.81969,2,1680,1050
19,2,15968,1779746473.83635,2,1680,1050
19,2,15969,1779746473.85302,2,1680,1050
19,2,15970,1779746473.86969,2,1680,1050
19,2,15971,1779746473.88635,2,1680,1050
19,2,15972,1779746473.90302,2,1680,1050
19,2,15973,1779746473.91968,2,1680,1050
19,2,15974,1779746473.93635,2,1680,1050
19,2,15975,1779746473.95302,2,1680,1050
19,2,15976,1779746473.96968,2,1680,1050
19,2,15977,1779746473.98635,2,1680,1050
19,2,15978,1779746474.00301,2,1680,1050
19,2,15979,1779746474.01968,2,1680,1050
19,2,15980,1779746474.03635,2,1680,1050
19,2,15981,1779746474.05301,2,1680,1050
19,2,15982,1779746474.06968,2,1680,1050
19,2,15983,1779746474.08635,2,1680,1050
19,2,15984,1779746474.10301,2,1680,1050
19,2,15985,1779746474.11968,2,1680,1050
19,2,15986,1779746474.13634,2,1680,1050
19,2,15987,1779746474.15301,2,1680,1050
19,2,15988,1779746474.16968,2,1680,1050
19,2,15989,1779746474.18634,2,1680,1050
19,2,15990,1779746474.20301,2,1680,1050
19,2,15991,1779746474.21967,2,1680,1050
19,2,15992,1779746474.23634,2,1680,1050
19,2,15993,1779746474.25301,2,1680,1050
19,2,15994,1779746474.26967,2,1680,1050
19,2,15995,1779746474.28634,2,1680,1050
19,2,15996,1779746474.303,2,1680,1050
19,2,15997,1779746474.31967,2,1680,1050
19,2,15998,1779746474.33634,2,1680,1050
19,2,15999,1779746474.353,2,1680,1050
19,2,16000,1779746474.36967,2,1680,1050
19,2,16001,1779746474.38633,2,1680,1050
19,2,16002,1779746474.403,2,1680,1050
19,2,16003,1779746474.41967,2,1680,1050
19,2,16004,1779746474.43633,2,1680,1050
19,2,16005,1779746474.453,2,1680,1050
19,2,16006,1779746474.46967,2,1680,1050
19,2,16007,1779746474.48633,2,1680,1050
19,2,16008,1779746474.503,2,1680,1050
19,2,16009,1779746474.51966,2,1680,1050
19,2,16010,1779746474.53633,2,1680,1050
19,2,16011,1779746474.553,2,1680,1050
19,2,16012,1779746474.56966,2,1680,1050
19,2,16013,1779746474.58633,2,1680,1050
19,2,16014,1779746474.60299,2,1680,1050
19,2,16015,1779746474.61966,2,1680,1050
19,2,16016,1779746474.63633,2,1680,1050
19,2,16017,1779746474.65299,2,1680,1050
19,2,16018,1779746474.66966,2,1680,1050
19,2,16019,1779746474.68632,2,1680,1050
19,2,16020,1779746474.70299,2,1680,1050
19,2,16021,1779746474.71966,2,1680,1050
19,2,16022,1779746474.73632,2,1680,1050
19,2,16023,1779746474.75299,2,1680,1050
19,2,16024,1779746474.76965,2,1680,1050
19,2,16025,1779746474.78632,2,1680,1050
19,2,16026,1779746474.80299,2,1680,1050
19,2,16027,1779746474.81965,2,1680,1050
19,2,16028,1779746474.83632,2,1680,1050
19,2,16029,1779746474.85299,2,1680,1050
19,2,16030,1779746474.86965,2,1680,1050
19,2,16031,1779746474.88632,2,1680,1050
19,2,16032,1779746474.90298,2,1680,1050
19,2,16033,1779746474.91965,2,1680,1050
19,2,16034,1779746474.93632,2,1680,1050
19,2,16035,1779746474.95298,2,1680,1050
19,2,16036,1779746474.96965,2,1680,1050
19,2,16037,1779746474.98631,2,1680,1050
19,2,16038,1779746475.00298,2,1680,1050
19,2,16039,1779746475.01965,2,1680,1050
19,2,16040,1779746475.03631,2,1680,1050
19,2,16041,1779746475.05298,2,1680,1050
19,2,16042,1779746475.06964,2,1680,1050
19,2,16043,1779746475.08631,2,1680,1050
19,2,16044,1779746475.10298,2,1680,1050
19,2,16045,1779746475.11964,2,1680,1050
19,2,16046,1779746475.13631,2,1680,1050
19,2,16047,1779746475.15297,2,1680,1050
19,2,16048,1779746475.16964,2,1680,1050
19,2,16049,1779746475.18631,2,1680,1050
19,2,16050,1779746475.20297,2,1680,1050
19,2,16051,1779746475.21964,2,1680,1050
19,2,16052,1779746475.23631,2,1680,1050
19,2,16053,1779746475.25297,2,1680,1050
19,2,16054,1779746475.26964,2,1680,1050
19,2,16055,1779746475.2863,2,1680,1050
19,2,16056,1779746475.30297,2,1680,1050
19,2,16057,1779746475.31964,2,1680,1050
19,2,16058,1779746475.3363,2,1680,1050
19,2,16059,1779746475.35297,2,1680,1050
19,2,16060,1779746475.36963,2,1680,1050
19,2,16061,1779746475.3863,2,1680,1050
19,2,16062,1779746475.40297,2,1680,1050
19,2,16063,1779746475.41963,2,1680,1050
19,2,16064,1779746475.4363,2,1680,1050
19,2,16065,1779746475.45297,2,1680,1050
19,2,16066,1779746475.46963,2,1680,1050
19,2,16067,1779746475.4863,2,1680,1050
19,2,16068,1779746475.50296,2,1680,1050
19,2,16069,1779746475.51963,2,1680,1050
19,2,16070,1779746475.5363,2,1680,1050
19,2,16071,1779746475.55296,2,1680,1050
19,2,16072,1779746475.56963,2,1680,1050
19,2,16073,1779746475.58629,2,1680,1050
19,2,16074,1779746475.60296,2,1680,1050
19,2,16075,1779746475.61963,2,1680,1050
19,2,16076,1779746475.63629,2,1680,1050
19,2,16077,1779746475.65296,2,1680,1050
19,2,16078,1779746475.66962,2,1680,1050
19,2,16079,1779746475.68629,2,1680,1050
19,2,16080,1779746475.70296,2,1680,1050
19,2,16081,1779746475.71962,2,1680,1050
19,2,16082,1779746475.73629,2,1680,1050
19,2,16083,1779746475.75295,2,1680,1050
19,2,16084,1779746475.76962,2,1680,1050
19,2,16085,1779746475.78629,2,1680,1050
19,2,16086,1779746475.80295,2,1680,1050
19,2,16087,1779746475.81962,2,1680,1050
19,2,16088,1779746475.83628,2,1680,1050
19,2,16089,1779746475.85295,2,1680,1050
19,2,16090,1779746475.86962,2,1680,1050
19,2,16091,1779746475.88628,2,1680,1050
19,2,16092,1779746475.90295,2,1680,1050
19,2,16093,1779746475.91962,2,1680,1050
19,2,16094,1779746475.93628,2,1680,1050
19,2,16095,1779746475.95295,2,1680,1050
19,2,16096,1779746475.96961,2,1680,1050
19,2,16097,1779746475.98628,2,1680,1050
19,2,16098,1779746476.00295,2,1680,1050
19,2,16099,1779746476.01961,2,1680,1050
19,2,16100,1779746476.03628,2,1680,1050
19,2,16101,1779746476.05294,2,1680,1050
19,2,16102,1779746476.06961,2,1680,1050
19,2,16103,1779746476.08628,2,1680,1050
19,2,16104,1779746476.10294,2,1680,1050
19,2,16105,1779746476.11961,2,1680,1050
19,2,16106,1779746476.13627,2,1680,1050
19,2,16107,1779746476.15294,2,1680,1050
19,2,16108,1779746476.16961,2,1680,1050
19,2,16109,1779746476.18627,2,1680,1050
19,2,16110,1779746476.20294,2,1680,1050
19,2,16111,1779746476.2196,2,1680,1050
19,2,16112,1779746476.23627,2,1680,1050
19,2,16113,1779746476.25294,2,1680,1050
19,2,16114,1779746476.2696,2,1680,1050
19,2,16115,1779746476.28627,2,1680,1050
19,2,16116,1779746476.30293,2,1680,1050
19,2,16117,1779746476.3196,2,1680,1050
19,2,16118,1779746476.33627,2,1680,1050
19,2,16119,1779746476.35293,2,1680,1050
19,2,16120,1779746476.3696,2,1680,1050
19,2,16121,1779746476.38627,2,1680,1050
19,2,16122,1779746476.40293,2,1680,1050
19,2,16123,1779746476.4196,2,1680,1050
19,2,16124,1779746476.43626,2,1680,1050
19,2,16125,1779746476.45293,2,1680,1050
19,2,16126,1779746476.4696,2,1680,1050
19,2,16127,1779746476.48626,2,1680,1050
19,2,16128,1779746476.50293,2,1680,1050
19,2,16129,1779746476.51959,2,1680,1050
19,2,16130,1779746476.53626,2,1680,1050
19,2,16131,1779746476.55293,2,1680,1050
19,2,16132,1779746476.56959,2,1680,1050
19,2,16133,1779746476.58626,2,1680,1050
19,2,16134,1779746476.60293,2,1680,1050
19,2,16135,1779746476.61959,2,1680,1050
19,2,16136,1779746476.63626,2,1680,1050
19,2,16137,1779746476.65292,2,1680,1050
19,2,16138,1779746476.66959,2,1680,1050
19,2,16139,1779746476.68626,2,1680,1050
19,2,16140,1779746476.70292,2,1680,1050
19,2,16141,1779746476.71959,2,1680,1050
19,2,16142,1779746476.73625,2,1680,1050
19,2,16143,1779746476.75292,2,1680,1050
19,2,16144,1779746476.76959,2,1680,1050
19,2,16145,1779746476.78625,2,1680,1050
19,2,16146,1779746476.80292,2,1680,1050
19,2,16147,1779746476.81958,2,1680,1050
19,2,16148,1779746476.83625,2,1680,1050
19,2,16149,1779746476.85292,2,1680,1050
19,2,16150,1779746476.86958,2,1680,1050
19,2,16151,1779746476.88625,2,1680,1050
19,2,16152,1779746476.90292,2,1680,1050
19,2,16153,1779746476.91958,2,1680,1050
19,2,16154,1779746476.93625,2,1680,1050
19,2,16155,1779746476.95291,2,1680,1050
19,2,16156,1779746476.96958,2,1680,1050
19,2,16157,1779746476.98624,2,1680,1050
19,2,16158,1779746477.00291,2,1680,1050
19,2,16159,1779746477.01958,2,1680,1050
19,2,16160,1779746477.03624,2,1680,1050
19,2,16161,1779746477.05291,2,1680,1050
19,2,16162,1779746477.06958,2,1680,1050
19,2,16163,1779746477.08624,2,1680,1050
19,2,16164,1779746477.10291,2,1680,1050
19,2,16165,1779746477.11957,2,1680,1050
19,2,16166,1779746477.13624,2,1680,1050
19,2,16167,1779746477.15291,2,1680,1050
19,2,16168,1779746477.16957,2,1680,1050
19,2,16169,1779746477.18624,2,1680,1050
19,2,16170,1779746477.2029,2,1680,1050
19,2,16171,1779746477.21957,2,1680,1050
19,2,16172,1779746477.23624,2,1680,1050
19,2,16173,1779746477.2529,2,1680,1050
19,2,16174,1779746477.26957,2,1680,1050
19,2,16175,1779746477.28623,2,1680,1050
19,2,16176,1779746477.3029,2,1680,1050
19,2,16177,1779746477.31957,2,1680,1050
19,2,16178,1779746477.33623,2,1680,1050
19,2,16179,1779746477.3529,2,1680,1050
19,2,16180,1779746477.36957,2,1680,1050
19,2,16181,1779746477.38623,2,1680,1050
19,2,16182,1779746477.4029,2,1680,1050
19,2,16183,1779746477.41956,2,1680,1050
19,2,16184,1779746477.43623,2,1680,1050
19,2,16185,1779746477.4529,2,1680,1050
19,2,16186,1779746477.46956,2,1680,1050
19,2,16187,1779746477.48623,2,1680,1050
19,2,16188,1779746477.50289,2,1680,1050
19,2,16189,1779746477.51956,2,1680,1050
19,2,16190,1779746477.53623,2,1680,1050
19,2,16191,1779746477.55289,2,1680,1050
19,2,16192,1779746477.56956,2,1680,1050
19,2,16193,1779746477.58622,2,1680,1050
19,2,16194,1779746477.60289,2,1680,1050
19,2,16195,1779746477.61956,2,1680,1050
19,2,16196,1779746477.63622,2,1680,1050
19,2,16197,1779746477.65289,2,1680,1050
19,2,16198,1779746477.66955,2,1680,1050
19,2,16199,1779746477.68622,2,1680,1050
19,2,16200,1779746477.70289,2,1680,1050
19,2,16201,1779746477.71955,2,1680,1050
19,2,16202,1779746477.73622,2,1680,1050
19,2,16203,1779746477.75288,2,1680,1050
19,2,16204,1779746477.76955,2,1680,1050
19,2,16205,1779746477.78622,2,1680,1050
19,2,16206,1779746477.80288,2,1680,1050
19,2,16207,1779746477.81955,2,1680,1050
19,2,16208,1779746477.83621,2,1680,1050
19,2,16209,1779746477.85288,2,1680,1050
19,2,16210,1779746477.86955,2,1680,1050
19,2,16211,1779746477.88621,2,1680,1050
19,2,16212,1779746477.90288,2,1680,1050
19,2,16213,1779746477.91955,2,1680,1050
19,2,16214,1779746477.93621,2,1680,1050
19,2,16215,1779746477.95288,2,1680,1050
19,2,16216,1779746477.96954,2,1680,1050
19,2,16217,1779746477.98621,2,1680,1050
19,2,16218,1779746478.00288,2,1680,1050
19,2,16219,1779746478.01954,2,1680,1050
19,2,16220,1779746478.03621,2,1680,1050
19,2,16221,1779746478.05288,2,1680,1050
19,2,16222,1779746478.06954,2,1680,1050
19,2,16223,1779746478.08621,2,1680,1050
19,2,16224,1779746478.10287,2,1680,1050
19,2,16225,1779746478.11954,2,1680,1050
19,2,16226,1779746478.1362,2,1680,1050
19,2,16227,1779746478.15287,2,1680,1050
19,2,16228,1779746478.16954,2,1680,1050
19,2,16229,1779746478.1862,2,1680,1050
19,2,16230,1779746478.20287,2,1680,1050
19,2,16231,1779746478.21954,2,1680,1050
19,2,16232,1779746478.2362,2,1680,1050
19,2,16233,1779746478.25287,2,1680,1050
19,2,16234,1779746478.26953,2,1680,1050
19,2,16235,1779746478.2862,2,1680,1050
19,2,16236,1779746478.30287,2,1680,1050
19,2,16237,1779746478.31953,2,1680,1050
19,2,16238,1779746478.3362,2,1680,1050
19,2,16239,1779746478.35286,2,1680,1050
19,2,16240,1779746478.36953,2,1680,1050
19,2,16241,1779746478.3862,2,1680,1050
19,2,16242,1779746478.40286,2,1680,1050
19,2,16243,1779746478.41953,2,1680,1050
19,2,16244,1779746478.43619,2,1680,1050
19,2,16245,1779746478.45286,2,1680,1050
19,2,16246,1779746478.46953,2,1680,1050
19,2,16247,1779746478.48619,2,1680,1050
19,2,16248,1779746478.50286,2,1680,1050
19,2,16249,1779746478.51953,2,1680,1050
19,2,16250,1779746478.53619,2,1680,1050
19,2,16251,1779746478.55286,2,1680,1050
19,2,16252,1779746478.56952,2,1680,1050
19,2,16253,1779746478.58619,2,1680,1050
19,2,16254,1779746478.60285,2,1680,1050
19,2,16255,1779746478.61952,2,1680,1050
19,2,16256,1779746478.63619,2,1680,1050
19,2,16257,1779746478.65285,2,1680,1050
19,2,16258,1779746478.66952,2,1680,1050
19,2,16259,1779746478.68619,2,1680,1050
19,2,16260,1779746478.70285,2,1680,1050
19,2,16261,1779746478.71952,2,1680,1050
19,2,16262,1779746478.73618,-1,1680,1050
19,2,16263,1779746478.75285,-1,1680,1050
19,2,16264,1779746478.76952,-1,1680,1050
19,2,16265,1779746478.78618,-1,1680,1050
19,2,16266,1779746478.80285,-1,1680,1050
19,2,16267,1779746478.81951,-1,1680,1050
19,2,16268,1779746478.83618,-1,1680,1050
19,2,16269,1779746478.85285,-1,1680,1050
19,2,16270,1779746478.86951,-1,1680,1050
19,2,16271,1779746478.88618,-1,1680,1050
19,2,16272,1779746478.90285,-1,1680,1050
19,2,16273,1779746478.91951,-1,1680,1050
19,2,16274,1779746478.93618,-1,1680,1050
19,2,16275,1779746478.95284,-1,1680,1050
19,2,16276,1779746478.96951,-1,1680,1050
19,2,16277,1779746478.98618,-1,1680,1050
19,2,16278,1779746479.00284,-1,1680,1050
19,2,16279,1779746479.01951,-1,1680,1050
19,2,16280,1779746479.03617,-1,1680,1050
19,2,16281,1779746479.05284,-1,1680,1050
19,2,16282,1779746479.06951,-1,1680,1050
19,2,16283,1779746479.08617,-1,1680,1050
19,2,16284,1779746479.10284,-1,1680,1050
19,2,16285,1779746479.11951,-1,1680,1050
19,2,16286,1779746479.13617,-1,1680,1050
19,2,16287,1779746479.15284,-1,1680,1050
19,2,16288,1779746479.1695,-1,1680,1050
19,2,16289,1779746479.18617,-1,1680,1050
19,2,16290,1779746479.20283,-1,1680,1050
19,2,16291,1779746479.2195,-1,1680,1050
19,2,16292,1779746479.25283,-1,1680,1050
19,2,16293,1779746479.2695,-1,1680,1050
19,2,16294,1779746479.28617,-1,1680,1050
19,2,16295,1779746479.30283,-1,1680,1050
19,2,16296,1779746479.3195,-1,1680,1050
19,2,16297,1779746479.33616,-1,1680,1050
19,2,16298,1779746479.35283,-1,1680,1050
19,2,16299,1779746479.36949,-1,1680,1050
19,2,16300,1779746479.38616,-1,1680,1050
19,2,16301,1779746479.40283,-1,1680,1050
19,2,16302,1779746479.41949,-1,1680,1050
19,2,16303,1779746479.43616,-1,1680,1050
19,2,16304,1779746479.45283,-1,1680,1050
19,2,16305,1779746479.46949,-1,1680,1050
19,2,16306,1779746479.48616,-1,1680,1050
19,2,16307,1779746479.50282,-1,1680,1050
19,2,16308,1779746479.51949,-1,1680,1050
19,2,16309,1779746479.53616,-1,1680,1050
19,2,16310,1779746479.55282,-1,1680,1050
19,2,16311,1779746479.56949,-1,1680,1050
19,2,16312,1779746479.58615,-1,1680,1050
19,2,16313,1779746479.60282,-1,1680,1050
19,2,16314,1779746479.61949,-1,1680,1050
19,2,16315,1779746479.63615,-1,1680,1050
19,2,16316,1779746479.65282,-1,1680,1050
19,2,16317,1779746479.66949,-1,1680,1050
19,2,16318,1779746479.68615,-1,1680,1050
19,2,16319,1779746479.70282,-1,1680,1050
19,2,16320,1779746479.71948,-1,1680,1050
19,2,16321,1779746479.73615,-1,1680,1050
19,2,16322,1779746479.75281,-1,1680,1050
19,2,16323,1779746479.76948,-1,1680,1050
19,2,16324,1779746479.78615,-1,1680,1050
19,2,16325,1779746479.80281,-1,1680,1050
19,2,16326,1779746479.81948,-1,1680,1050
19,2,16327,1779746479.83615,-1,1680,1050
19,2,16328,1779746479.85281,-1,1680,1050
19,2,16329,1779746479.86948,-1,1680,1050
19,2,16330,1779746479.88614,-1,1680,1050
19,2,16331,1779746479.90281,-1,1680,1050
19,2,16332,1779746479.91948,-1,1680,1050
19,2,16333,1779746479.93614,-1,1680,1050
19,2,16334,1779746479.95281,-1,1680,1050
19,2,16335,1779746479.96947,-1,1680,1050
19,2,16336,1779746479.98614,-1,1680,1050
19,2,16337,1779746480.00281,-1,1680,1050
19,2,16338,1779746480.01947,-1,1680,1050
19,2,16339,1779746480.03614,-1,1680,1050
19,2,16340,1779746480.05281,-1,1680,1050
19,2,16341,1779746480.06947,-1,1680,1050
19,2,16342,1779746480.08614,-1,1680,1050
19,2,16343,1779746480.1028,-1,1680,1050
19,2,16344,1779746480.11947,-1,1680,1050
19,2,16345,1779746480.13614,-1,1680,1050
19,2,16346,1779746480.1528,-1,1680,1050
19,2,16347,1779746480.16947,-1,1680,1050
19,2,16348,1779746480.18613,-1,1680,1050
19,2,16349,1779746480.2028,-1,1680,1050
19,2,16350,1779746480.21947,-1,1680,1050
19,2,16351,1779746480.23613,-1,1680,1050
19,2,16352,1779746480.2528,-1,1680,1050
19,2,16353,1779746480.26946,-1,1680,1050
19,2,16354,1779746480.28613,-1,1680,1050
19,2,16355,1779746480.3028,-1,1680,1050
19,2,16356,1779746480.31946,-1,1680,1050
19,2,16357,1779746480.33613,-1,1680,1050
19,2,16358,1779746480.3528,-1,1680,1050
19,2,16359,1779746480.36946,-1,1680,1050
19,2,16360,1779746480.38613,-1,1680,1050
19,2,16361,1779746480.40279,-1,1680,1050
19,2,16362,1779746480.41946,-1,1680,1050
19,2,16363,1779746480.43612,-1,1680,1050
19,2,16364,1779746480.45279,-1,1680,1050
19,2,16365,1779746480.46946,-1,1680,1050
19,2,16366,1779746480.48612,-1,1680,1050
19,2,16367,1779746480.50279,-1,1680,1050
19,2,16368,1779746480.51946,-1,1680,1050
19,2,16369,1779746480.53612,-1,1680,1050
19,2,16370,1779746480.55279,-1,1680,1050
19,2,16371,1779746480.56945,-1,1680,1050
19,2,16372,1779746480.58612,-1,1680,1050
19,2,16373,1779746480.60279,-1,1680,1050
19,2,16374,1779746480.61945,-1,1680,1050
19,2,16375,1779746480.63612,-1,1680,1050
19,2,16376,1779746480.65278,-1,1680,1050
19,2,16377,1779746480.66945,-1,1680,1050
19,2,16378,1779746480.68612,-1,1680,1050
19,2,16379,1779746480.70278,-1,1680,1050
19,2,16380,1779746480.71945,-1,1680,1050
19,2,16381,1779746480.73611,-1,1680,1050
19,2,16382,1779746480.75278,-1,1680,1050
19,2,16383,1779746480.76945,-1,1680,1050
19,2,16384,1779746480.78611,-1,1680,1050
19,2,16385,1779746480.80278,-1,1680,1050
19,2,16386,1779746480.81945,-1,1680,1050
19,2,16387,1779746480.83611,-1,1680,1050
19,2,16388,1779746480.85278,-1,1680,1050
19,2,16389,1779746480.86944,-1,1680,1050
19,2,16390,1779746480.88611,-1,1680,1050
19,2,16391,1779746480.90278,-1,1680,1050
19,2,16392,1779746480.91944,-1,1680,1050
19,2,16393,1779746480.93611,-1,1680,1050
19,2,16394,1779746480.95277,-1,1680,1050
19,2,16395,1779746480.96944,-1,1680,1050
19,2,16396,1779746480.98611,-1,1680,1050
19,2,16397,1779746481.00277,-1,1680,1050
19,2,16398,1779746481.01944,-1,1680,1050
19,2,16399,1779746481.0361,-1,1680,1050
19,2,16400,1779746481.05277,-1,1680,1050
19,2,16401,1779746481.06944,-1,1680,1050
19,2,16402,1779746481.0861,-1,1680,1050
19,2,16403,1779746481.10277,-1,1680,1050
19,2,16404,1779746481.11943,-1,1680,1050
19,2,16405,1779746481.1361,-1,1680,1050
19,2,16406,1779746481.15277,-1,1680,1050
19,2,16407,1779746481.16943,-1,1680,1050
19,2,16408,1779746481.1861,-1,1680,1050
19,2,16409,1779746481.20276,-1,1680,1050
19,2,16410,1779746481.21943,-1,1680,1050
19,2,16411,1779746481.2361,-1,1680,1050
19,2,16412,1779746481.25276,-1,1680,1050
19,2,16413,1779746481.26943,-1,1680,1050
19,2,16414,1779746481.2861,-1,1680,1050
19,2,16415,1779746481.30276,-1,1680,1050
19,2,16416,1779746481.31943,-1,1680,1050
19,2,16417,1779746481.33609,-1,1680,1050
19,2,16418,1779746481.35276,-1,1680,1050
19,2,16419,1779746481.36943,-1,1680,1050
19,2,16420,1779746481.38609,-1,1680,1050
19,2,16421,1779746481.40276,-1,1680,1050
19,2,16422,1779746481.41942,-1,1680,1050
19,2,16423,1779746481.43609,-1,1680,1050
19,2,16424,1779746481.45276,-1,1680,1050
19,2,16425,1779746481.46942,-1,1680,1050
19,2,16426,1779746481.48609,-1,1680,1050
19,2,16427,1779746481.50276,-1,1680,1050
19,2,16428,1779746481.51942,-1,1680,1050
19,2,16429,1779746481.53609,-1,1680,1050
19,2,16430,1779746481.55275,-1,1680,1050
19,2,16431,1779746481.56942,-1,1680,1050
19,2,16432,1779746481.58609,-1,1680,1050
19,2,16433,1779746481.60275,-1,1680,1050
19,2,16434,1779746481.61942,-1,1680,1050
19,2,16435,1779746481.63608,-1,1680,1050
19,2,16436,1779746481.65275,-1,1680,1050
19,2,16437,1779746481.66942,-1,1680,1050
19,2,16438,1779746481.68608,-1,1680,1050
19,2,16439,1779746481.70275,-1,1680,1050
19,2,16440,1779746481.71941,-1,1680,1050
19,2,16441,1779746481.73608,-1,1680,1050
19,2,16442,1779746481.75275,1,1680,1050
19,2,16443,1779746481.76941,1,1680,1050
19,2,16444,1779746481.78608,1,1680,1050
19,2,16445,1779746481.80274,1,1680,1050
19,2,16446,1779746481.81941,1,1680,1050
19,2,16447,1779746481.83608,1,1680,1050
19,2,16448,1779746481.85274,1,1680,1050
19,2,16449,1779746481.86941,1,1680,1050
19,2,16450,1779746481.88608,1,1680,1050
19,2,16451,1779746481.90274,1,1680,1050
19,2,16452,1779746481.91941,1,1680,1050
19,2,16453,1779746481.93607,1,1680,1050
19,2,16454,1779746481.95274,1,1680,1050
19,2,16455,1779746481.96941,1,1680,1050
19,2,16456,1779746481.98607,1,1680,1050
19,2,16457,1779746482.00274,1,1680,1050
19,2,16458,1779746482.0194,1,1680,1050
19,2,16459,1779746482.03607,1,1680,1050
19,2,16460,1779746482.05274,1,1680,1050
19,2,16461,1779746482.0694,1,1680,1050
19,2,16462,1779746482.08607,1,1680,1050
19,2,16463,1779746482.10273,1,1680,1050
19,2,16464,1779746482.1194,1,1680,1050
19,2,16465,1779746482.13607,1,1680,1050
19,2,16466,1779746482.15273,1,1680,1050
19,2,16467,1779746482.1694,1,1680,1050
19,2,16468,1779746482.18606,1,1680,1050
19,2,16469,1779746482.20273,1,1680,1050
19,2,16470,1779746482.2194,1,1680,1050
19,2,16471,1779746482.23606,1,1680,1050
19,2,16472,1779746482.25273,1,1680,1050
19,2,16473,1779746482.2694,1,1680,1050
19,2,16474,1779746482.28606,1,1680,1050
19,2,16475,1779746482.30273,1,1680,1050
19,2,16476,1779746482.31939,1,1680,1050
19,2,16477,1779746482.33606,1,1680,1050
19,2,16478,1779746482.35273,1,1680,1050
19,2,16479,1779746482.36939,1,1680,1050
19,2,16480,1779746482.38606,1,1680,1050
19,2,16481,1779746482.40272,1,1680,1050
19,2,16482,1779746482.41939,1,1680,1050
19,2,16483,1779746482.43606,1,1680,1050
19,2,16484,1779746482.45272,1,1680,1050
19,2,16485,1779746482.46939,1,1680,1050
19,2,16486,1779746482.48605,1,1680,1050
19,2,16487,1779746482.50272,1,1680,1050
19,2,16488,1779746482.51939,1,1680,1050
19,2,16489,1779746482.53605,1,1680,1050
19,2,16490,1779746482.55272,1,1680,1050
19,2,16491,1779746482.56939,1,1680,1050
19,2,16492,1779746482.58605,1,1680,1050
19,2,16493,1779746482.60272,1,1680,1050
19,2,16494,1779746482.61938,1,1680,1050
19,2,16495,1779746482.63605,1,1680,1050
19,2,16496,1779746482.65272,1,1680,1050
19,2,16497,1779746482.66938,1,1680,1050
19,2,16498,1779746482.68605,1,1680,1050
19,2,16499,1779746482.70271,1,1680,1050
19,2,16500,1779746482.71938,1,1680,1050
19,2,16501,1779746482.73604,1,1680,1050
19,2,16502,1779746482.75271,1,1680,1050
19,2,16503,1779746482.76938,1,1680,1050
19,2,16504,1779746482.78604,1,1680,1050
19,2,16505,1779746482.80271,1,1680,1050
19,2,16506,1779746482.81938,1,1680,1050
19,2,16507,1779746482.83604,1,1680,1050
19,2,16508,1779746482.85271,1,1680,1050
19,2,16509,1779746482.86937,1,1680,1050
19,2,16510,1779746482.88604,1,1680,1050
19,2,16511,1779746482.90271,1,1680,1050
19,2,16512,1779746482.91937,1,1680,1050
19,2,16513,1779746482.93604,1,1680,1050
19,2,16514,1779746482.95271,1,1680,1050
19,2,16515,1779746482.96937,1,1680,1050
19,2,16516,1779746482.98604,1,1680,1050
19,2,16517,1779746483.0027,1,1680,1050
19,2,16518,1779746483.01937,1,1680,1050
19,2,16519,1779746483.03604,1,1680,1050
19,2,16520,1779746483.0527,1,1680,1050
19,2,16521,1779746483.06937,1,1680,1050
19,2,16522,1779746483.08603,1,1680,1050
19,2,16523,1779746483.1027,1,1680,1050
19,2,16524,1779746483.11937,1,1680,1050
19,2,16525,1779746483.13603,1,1680,1050
19,2,16526,1779746483.1527,1,1680,1050
19,2,16527,1779746483.16936,1,1680,1050
19,2,16528,1779746483.18603,1,1680,1050
19,2,16529,1779746483.2027,1,1680,1050
19,2,16530,1779746483.21936,1,1680,1050
19,2,16531,1779746483.23603,1,1680,1050
19,2,16532,1779746483.25269,1,1680,1050
19,2,16533,1779746483.26936,1,1680,1050
19,2,16534,1779746483.28603,1,1680,1050
19,2,16535,1779746483.30269,1,1680,1050
19,2,16536,1779746483.31936,1,1680,1050
19,2,16537,1779746483.33602,1,1680,1050
19,2,16538,1779746483.35269,1,1680,1050
19,2,16539,1779746483.36936,1,1680,1050
19,2,16540,1779746483.38602,1,1680,1050
19,2,16541,1779746483.40269,1,1680,1050
19,2,16542,1779746483.41936,1,1680,1050
19,2,16543,1779746483.43602,1,1680,1050
19,2,16544,1779746483.45269,1,1680,1050
19,2,16545,1779746483.46935,1,1680,1050
19,2,16546,1779746483.48602,1,1680,1050
19,2,16547,1779746483.50269,1,1680,1050
19,2,16548,1779746483.51935,1,1680,1050
19,2,16549,1779746483.53602,1,1680,1050
19,2,16550,1779746483.55268,1,1680,1050
19,2,16551,1779746483.56935,1,1680,1050
19,2,16552,1779746483.58602,1,1680,1050
19,2,16553,1779746483.60268,1,1680,1050
19,2,16554,1779746483.61935,1,1680,1050
19,2,16555,1779746483.63601,1,1680,1050
19,2,16556,1779746483.65268,1,1680,1050
19,2,16557,1779746483.66935,1,1680,1050
19,2,16558,1779746483.68601,1,1680,1050
19,2,16559,1779746483.70268,1,1680,1050
19,2,16560,1779746483.71935,1,1680,1050
19,2,16561,1779746483.73601,1,1680,1050
19,2,16562,1779746483.75268,1,1680,1050
19,2,16563,1779746483.76934,1,1680,1050
19,2,16564,1779746483.78601,1,1680,1050
19,2,16565,1779746483.80268,1,1680,1050
19,2,16566,1779746483.81934,1,1680,1050
19,2,16567,1779746483.83601,1,1680,1050
19,2,16568,1779746483.85267,1,1680,1050
19,2,16569,1779746483.86934,1,1680,1050
19,2,16570,1779746483.88601,1,1680,1050
19,2,16571,1779746483.90267,1,1680,1050
19,2,16572,1779746483.91934,1,1680,1050
19,2,16573,1779746483.936,1,1680,1050
19,2,16574,1779746483.95267,1,1680,1050
19,2,16575,1779746483.96934,1,1680,1050
19,2,16576,1779746483.986,1,1680,1050
19,2,16577,1779746484.00267,1,1680,1050
19,2,16578,1779746484.01933,1,1680,1050
19,2,16579,1779746484.036,1,1680,1050
19,2,16580,1779746484.05267,1,1680,1050
19,2,16581,1779746484.06933,1,1680,1050
19,2,16582,1779746484.086,1,1680,1050
19,2,16583,1779746484.10267,1,1680,1050
19,2,16584,1779746484.11933,1,1680,1050
19,2,16585,1779746484.136,1,1680,1050
19,2,16586,1779746484.15266,1,1680,1050
19,2,16587,1779746484.16933,1,1680,1050
19,2,16588,1779746484.186,1,1680,1050
19,2,16589,1779746484.20266,1,1680,1050
19,2,16590,1779746484.21933,1,1680,1050
19,2,16591,1779746484.23599,1,1680,1050
19,2,16592,1779746484.25266,1,1680,1050
19,2,16593,1779746484.26932,1,1680,1050
19,2,16594,1779746484.28599,1,1680,1050
19,2,16595,1779746484.30266,1,1680,1050
19,2,16596,1779746484.31932,1,1680,1050
19,2,16597,1779746484.33599,1,1680,1050
19,2,16598,1779746484.35266,1,1680,1050
19,2,16599,1779746484.36932,1,1680,1050
19,2,16600,1779746484.38599,1,1680,1050
19,2,16601,1779746484.40265,1,1680,1050
19,2,16602,1779746484.41932,1,1680,1050
19,2,16603,1779746484.43599,1,1680,1050
19,2,16604,1779746484.45265,1,1680,1050
19,2,16605,1779746484.46932,1,1680,1050
19,2,16606,1779746484.48599,1,1680,1050
19,2,16607,1779746484.50265,1,1680,1050
19,2,16608,1779746484.51932,1,1680,1050
19,2,16609,1779746484.53598,1,1680,1050
19,2,16610,1779746484.55265,1,1680,1050
19,2,16611,1779746484.56932,1,1680,1050
19,2,16612,1779746484.58598,1,1680,1050
19,2,16613,1779746484.60265,1,1680,1050
19,2,16614,1779746484.61931,1,1680,1050
19,2,16615,1779746484.63598,1,1680,1050
19,2,16616,1779746484.65265,1,1680,1050
19,2,16617,1779746484.66931,1,1680,1050
19,2,16618,1779746484.68598,1,1680,1050
19,2,16619,1779746484.70264,1,1680,1050
19,2,16620,1779746484.71931,1,1680,1050
19,2,16621,1779746484.73598,1,1680,1050
19,2,16622,1779746484.75264,1,1680,1050
19,2,16623,1779746484.76931,1,1680,1050
19,2,16624,1779746484.78598,1,1680,1050
19,2,16625,1779746484.80264,1,1680,1050
19,2,16626,1779746484.81931,1,1680,1050
19,2,16627,1779746484.83597,1,1680,1050
19,2,16628,1779746484.85264,1,1680,1050
19,2,16629,1779746484.86931,1,1680,1050
19,2,16630,1779746484.88597,1,1680,1050
19,2,16631,1779746484.90264,1,1680,1050
19,2,16632,1779746484.9193,1,1680,1050
19,2,16633,1779746484.93597,1,1680,1050
19,2,16634,1779746484.95264,1,1680,1050
19,2,16635,1779746484.9693,1,1680,1050
19,2,16636,1779746484.98597,1,1680,1050
19,2,16637,1779746485.00263,1,1680,1050
19,2,16638,1779746485.0193,1,1680,1050
19,2,16639,1779746485.03597,1,1680,1050
19,2,16640,1779746485.05263,1,1680,1050
19,2,16641,1779746485.0693,1,1680,1050
19,2,16642,1779746485.08596,1,1680,1050
19,2,16643,1779746485.10263,1,1680,1050
19,2,16644,1779746485.1193,1,1680,1050
19,2,16645,1779746485.13596,1,1680,1050
19,2,16646,1779746485.15263,1,1680,1050
19,2,16647,1779746485.1693,1,1680,1050
19,2,16648,1779746485.18596,1,1680,1050
19,2,16649,1779746485.20263,1,1680,1050
19,2,16650,1779746485.21929,1,1680,1050
19,2,16651,1779746485.23596,1,1680,1050
19,2,16652,1779746485.25262,1,1680,1050
19,2,16653,1779746485.26929,1,1680,1050
19,2,16654,1779746485.28596,1,1680,1050
19,2,16655,1779746485.30262,1,1680,1050
19,2,16656,1779746485.31929,1,1680,1050
19,2,16657,1779746485.33596,1,1680,1050
19,2,16658,1779746485.35262,1,1680,1050
19,2,16659,1779746485.36929,1,1680,1050
19,2,16660,1779746485.38595,1,1680,1050
19,2,16661,1779746485.40262,1,1680,1050
19,2,16662,1779746485.41929,1,1680,1050
19,2,16663,1779746485.43595,1,1680,1050
19,2,16664,1779746485.45262,1,1680,1050
19,2,16665,1779746485.46929,1,1680,1050
19,2,16666,1779746485.48595,1,1680,1050
19,2,16667,1779746485.50262,1,1680,1050
19,2,16668,1779746485.51928,1,1680,1050
19,2,16669,1779746485.53595,1,1680,1050
19,2,16670,1779746485.55262,1,1680,1050
19,2,16671,1779746485.56928,1,1680,1050
19,2,16672,1779746485.58595,1,1680,1050
19,2,16673,1779746485.60261,1,1680,1050
19,2,16674,1779746485.61928,1,1680,1050
19,2,16675,1779746485.63595,1,1680,1050
19,2,16676,1779746485.65261,1,1680,1050
19,2,16677,1779746485.66928,1,1680,1050
19,2,16678,1779746485.68594,1,1680,1050
19,2,16679,1779746485.70261,1,1680,1050
19,2,16680,1779746485.71928,1,1680,1050
19,2,16681,1779746485.73594,1,1680,1050
19,2,16682,1779746485.75261,2,1680,1050
19,2,16683,1779746485.76927,2,1680,1050
19,2,16684,1779746485.78594,2,1680,1050
19,2,16685,1779746485.80261,2,1680,1050
19,2,16686,1779746485.81927,2,1680,1050
19,2,16687,1779746485.83594,2,1680,1050
19,2,16688,1779746485.8526,2,1680,1050
19,2,16689,1779746485.86927,2,1680,1050
19,2,16690,1779746485.88594,2,1680,1050
19,2,16691,1779746485.9026,2,1680,1050
19,2,16692,1779746485.91927,2,1680,1050
19,2,16693,1779746485.93594,2,1680,1050
19,2,16694,1779746485.9526,2,1680,1050
19,2,16695,1779746485.96927,2,1680,1050
19,2,16696,1779746485.98593,2,1680,1050
19,2,16697,1779746486.0026,2,1680,1050
19,2,16698,1779746486.01927,2,1680,1050
19,2,16699,1779746486.03593,2,1680,1050
19,2,16700,1779746486.0526,2,1680,1050
19,2,16701,1779746486.06926,2,1680,1050
19,2,16702,1779746486.08593,2,1680,1050
19,2,16703,1779746486.1026,2,1680,1050
19,2,16704,1779746486.11926,2,1680,1050
19,2,16705,1779746486.13593,2,1680,1050
19,2,16706,1779746486.15259,2,1680,1050
19,2,16707,1779746486.16926,2,1680,1050
19,2,16708,1779746486.18593,2,1680,1050
19,2,16709,1779746486.20259,2,1680,1050
19,2,16710,1779746486.21926,2,1680,1050
19,2,16711,1779746486.23592,2,1680,1050
19,2,16712,1779746486.25259,2,1680,1050
19,2,16713,1779746486.26926,2,1680,1050
19,2,16714,1779746486.28592,2,1680,1050
19,2,16715,1779746486.30259,2,1680,1050
19,2,16716,1779746486.31926,2,1680,1050
19,2,16717,1779746486.33592,2,1680,1050
19,2,16718,1779746486.35259,2,1680,1050
19,2,16719,1779746486.36925,2,1680,1050
19,2,16720,1779746486.38592,2,1680,1050
19,2,16721,1779746486.40259,2,1680,1050
19,2,16722,1779746486.41925,2,1680,1050
19,2,16723,1779746486.43592,2,1680,1050
19,2,16724,1779746486.45258,2,1680,1050
19,2,16725,1779746486.46925,2,1680,1050
19,2,16726,1779746486.48592,2,1680,1050
19,2,16727,1779746486.50258,2,1680,1050
19,2,16728,1779746486.51925,2,1680,1050
19,2,16729,1779746486.53591,2,1680,1050
19,2,16730,1779746486.55258,2,1680,1050
19,2,16731,1779746486.56925,2,1680,1050
19,2,16732,1779746486.58591,2,1680,1050
19,2,16733,1779746486.60258,2,1680,1050
19,2,16734,1779746486.61924,2,1680,1050
19,2,16735,1779746486.63591,2,1680,1050
19,2,16736,1779746486.65258,2,1680,1050
19,2,16737,1779746486.66924,2,1680,1050
19,2,16738,1779746486.68591,2,1680,1050
19,2,16739,1779746486.70257,2,1680,1050
19,2,16740,1779746486.71924,2,1680,1050
19,2,16741,1779746486.73591,2,1680,1050
19,2,16742,1779746486.75257,2,1680,1050
19,2,16743,1779746486.76924,2,1680,1050
19,2,16744,1779746486.78591,2,1680,1050
19,2,16745,1779746486.80257,2,1680,1050
19,2,16746,1779746486.81924,2,1680,1050
19,2,16747,1779746486.8359,2,1680,1050
19,2,16748,1779746486.85257,2,1680,1050
19,2,16749,1779746486.86924,2,1680,1050
19,2,16750,1779746486.8859,2,1680,1050
19,2,16751,1779746486.90257,2,1680,1050
19,2,16752,1779746486.91923,2,1680,1050
19,2,16753,1779746486.9359,2,1680,1050
19,2,16754,1779746486.95257,2,1680,1050
19,2,16755,1779746486.96923,2,1680,1050
19,2,16756,1779746486.9859,2,1680,1050
19,2,16757,1779746487.00256,2,1680,1050
19,2,16758,1779746487.01923,2,1680,1050
19,2,16759,1779746487.0359,2,1680,1050
19,2,16760,1779746487.05256,2,1680,1050
19,2,16761,1779746487.06923,2,1680,1050
19,2,16762,1779746487.0859,2,1680,1050
19,2,16763,1779746487.10256,2,1680,1050
19,2,16764,1779746487.11923,2,1680,1050
19,2,16765,1779746487.13589,2,1680,1050
19,2,16766,1779746487.15256,2,1680,1050
19,2,16767,1779746487.16923,2,1680,1050
19,2,16768,1779746487.18589,2,1680,1050
19,2,16769,1779746487.20256,2,1680,1050
19,2,16770,1779746487.21922,2,1680,1050
19,2,16771,1779746487.23589,2,1680,1050
19,2,16772,1779746487.25256,2,1680,1050
19,2,16773,1779746487.26922,2,1680,1050
19,2,16774,1779746487.28589,2,1680,1050
19,2,16775,1779746487.30256,2,1680,1050
19,2,16776,1779746487.31922,2,1680,1050
19,2,16777,1779746487.33589,2,1680,1050
19,2,16778,1779746487.35255,2,1680,1050
19,2,16779,1779746487.36922,2,1680,1050
19,2,16780,1779746487.38588,2,1680,1050
19,2,16781,1779746487.40255,2,1680,1050
19,2,16782,1779746487.41922,2,1680,1050
19,2,16783,1779746487.43588,2,1680,1050
19,2,16784,1779746487.45255,2,1680,1050
19,2,16785,1779746487.46922,2,1680,1050
19,2,16786,1779746487.48588,2,1680,1050
19,2,16787,1779746487.50255,2,1680,1050
19,2,16788,1779746487.51921,2,1680,1050
19,2,16789,1779746487.53588,2,1680,1050
19,2,16790,1779746487.55255,2,1680,1050
19,2,16791,1779746487.56921,2,1680,1050
19,2,16792,1779746487.58588,2,1680,1050
19,2,16793,1779746487.60254,2,1680,1050
19,2,16794,1779746487.61921,2,1680,1050
19,2,16795,1779746487.63588,2,1680,1050
19,2,16796,1779746487.65254,2,1680,1050
19,2,16797,1779746487.66921,2,1680,1050
19,2,16798,1779746487.68587,2,1680,1050
19,2,16799,1779746487.70254,2,1680,1050
19,2,16800,1779746487.71921,2,1680,1050
19,2,16801,1779746487.75254,2,1680,1050
19,2,16802,1779746487.7692,1,1680,1050
19,2,16803,1779746487.78587,1,1680,1050
19,2,16804,1779746487.80254,1,1680,1050
19,2,16805,1779746487.8192,1,1680,1050
19,2,16806,1779746487.83587,1,1680,1050
19,2,16807,1779746487.85254,1,1680,1050
19,2,16808,1779746487.8692,1,1680,1050
19,2,16809,1779746487.88587,1,1680,1050
19,2,16810,1779746487.90253,1,1680,1050
19,2,16811,1779746487.9192,1,1680,1050
19,2,16812,1779746487.93587,1,1680,1050
19,2,16813,1779746487.95253,1,1680,1050
19,2,16814,1779746487.9692,1,1680,1050
19,2,16815,1779746487.98586,1,1680,1050
19,2,16816,1779746488.00253,1,1680,1050
19,2,16817,1779746488.0192,1,1680,1050
19,2,16818,1779746488.03586,1,1680,1050
19,2,16819,1779746488.05253,1,1680,1050
19,2,16820,1779746488.06919,1,1680,1050
19,2,16821,1779746488.08586,1,1680,1050
19,2,16822,1779746488.10253,1,1680,1050
19,2,16823,1779746488.11919,1,1680,1050
19,2,16824,1779746488.13586,1,1680,1050
19,2,16825,1779746488.15252,1,1680,1050
19,2,16826,1779746488.16919,1,1680,1050
19,2,16827,1779746488.18586,1,1680,1050
19,2,16828,1779746488.20252,1,1680,1050
19,2,16829,1779746488.21919,1,1680,1050
19,2,16830,1779746488.23586,1,1680,1050
19,2,16831,1779746488.25252,1,1680,1050
19,2,16832,1779746488.26919,1,1680,1050
19,2,16833,1779746488.28585,1,1680,1050
19,2,16834,1779746488.30252,1,1680,1050
19,2,16835,1779746488.31919,1,1680,1050
19,2,16836,1779746488.33585,1,1680,1050
19,2,16837,1779746488.35252,1,1680,1050
19,2,16838,1779746488.36918,1,1680,1050
19,2,16839,1779746488.38585,1,1680,1050
19,2,16840,1779746488.40252,1,1680,1050
19,2,16841,1779746488.41918,1,1680,1050
19,2,16842,1779746488.43585,1,1680,1050
19,2,16843,1779746488.45251,1,1680,1050
19,2,16844,1779746488.46918,1,1680,1050
19,2,16845,1779746488.48585,1,1680,1050
19,2,16846,1779746488.50251,1,1680,1050
19,2,16847,1779746488.51918,1,1680,1050
19,2,16848,1779746488.53584,1,1680,1050
19,2,16849,1779746488.55251,1,1680,1050
19,2,16850,1779746488.56918,1,1680,1050
19,2,16851,1779746488.58584,1,1680,1050
19,2,16852,1779746488.60251,1,1680,1050
19,2,16853,1779746488.61917,1,1680,1050
19,2,16854,1779746488.63584,1,1680,1050
19,2,16855,1779746488.65251,1,1680,1050
19,2,16856,1779746488.66917,1,1680,1050
19,2,16857,1779746488.68584,1,1680,1050
19,2,16858,1779746488.70251,1,1680,1050
19,2,16859,1779746488.71917,1,1680,1050
19,2,16860,1779746488.73584,1,1680,1050
19,2,16861,1779746488.7525,1,1680,1050
19,2,16862,1779746488.76917,1,1680,1050
19,2,16863,1779746488.78584,1,1680,1050
19,2,16864,1779746488.8025,1,1680,1050
19,2,16865,1779746488.81917,1,1680,1050
19,2,16866,1779746488.83583,1,1680,1050
19,2,16867,1779746488.8525,1,1680,1050
19,2,16868,1779746488.86917,1,1680,1050
19,2,16869,1779746488.88583,1,1680,1050
19,2,16870,1779746488.9025,1,1680,1050
19,2,16871,1779746488.91916,1,1680,1050
19,2,16872,1779746488.93583,1,1680,1050
19,2,16873,1779746488.9525,1,1680,1050
19,2,16874,1779746488.96916,1,1680,1050
19,2,16875,1779746488.98583,1,1680,1050
19,2,16876,1779746489.0025,1,1680,1050
19,2,16877,1779746489.01916,1,1680,1050
19,2,16878,1779746489.03583,1,1680,1050
19,2,16879,1779746489.05249,1,1680,1050
19,2,16880,1779746489.06916,1,1680,1050
19,2,16881,1779746489.08583,1,1680,1050
19,2,16882,1779746489.10249,1,1680,1050
19,2,16883,1779746489.11916,1,1680,1050
19,2,16884,1779746489.13582,1,1680,1050
19,2,16885,1779746489.15249,1,1680,1050
19,2,16886,1779746489.16916,1,1680,1050
19,2,16887,1779746489.18582,1,1680,1050
19,2,16888,1779746489.20249,1,1680,1050
19,2,16889,1779746489.21915,1,1680,1050
19,2,16890,1779746489.23582,1,1680,1050
19,2,16891,1779746489.25249,1,1680,1050
19,2,16892,1779746489.26915,1,1680,1050
19,2,16893,1779746489.28582,1,1680,1050
19,2,16894,1779746489.30249,1,1680,1050
19,2,16895,1779746489.31915,1,1680,1050
19,2,16896,1779746489.33582,1,1680,1050
19,2,16897,1779746489.35248,1,1680,1050
19,2,16898,1779746489.36915,1,1680,1050
19,2,16899,1779746489.38582,1,1680,1050
19,2,16900,1779746489.40248,1,1680,1050
19,2,16901,1779746489.41915,1,1680,1050
19,2,16902,1779746489.43581,1,1680,1050
19,2,16903,1779746489.45248,1,1680,1050
19,2,16904,1779746489.46915,1,1680,1050
19,2,16905,1779746489.48581,1,1680,1050
19,2,16906,1779746489.50248,1,1680,1050
19,2,16907,1779746489.51914,1,1680,1050
19,2,16908,1779746489.53581,1,1680,1050
19,2,16909,1779746489.55248,1,1680,1050
19,2,16910,1779746489.56914,1,1680,1050
19,2,16911,1779746489.58581,1,1680,1050
19,2,16912,1779746489.60247,1,1680,1050
19,2,16913,1779746489.61914,1,1680,1050
19,2,16914,1779746489.63581,1,1680,1050
19,2,16915,1779746489.65247,1,1680,1050
19,2,16916,1779746489.66914,1,1680,1050
19,2,16917,1779746489.68581,1,1680,1050
19,2,16918,1779746489.70247,1,1680,1050
19,2,16919,1779746489.71914,1,1680,1050
19,2,16920,1779746489.7358,1,1680,1050
19,2,16921,1779746489.75247,1,1680,1050
19,2,16922,1779746489.76913,1,1680,1050
19,2,16923,1779746489.7858,1,1680,1050
19,2,16924,1779746489.80247,1,1680,1050
19,2,16925,1779746489.81913,1,1680,1050
19,2,16926,1779746489.8358,1,1680,1050
19,2,16927,1779746489.85246,1,1680,1050
19,2,16928,1779746489.86913,1,1680,1050
19,2,16929,1779746489.8858,1,1680,1050
19,2,16930,1779746489.90246,1,1680,1050
19,2,16931,1779746489.91913,1,1680,1050
19,2,16932,1779746489.9358,1,1680,1050
19,2,16933,1779746489.95246,1,1680,1050
19,2,16934,1779746489.96913,1,1680,1050
19,2,16935,1779746489.98579,1,1680,1050
19,2,16936,1779746490.00246,1,1680,1050
19,2,16937,1779746490.01913,1,1680,1050
19,2,16938,1779746490.03579,1,1680,1050
19,2,16939,1779746490.05246,1,1680,1050
19,2,16940,1779746490.06913,1,1680,1050
19,2,16941,1779746490.08579,1,1680,1050
19,2,16942,1779746490.10246,1,1680,1050
19,2,16943,1779746490.11912,1,1680,1050
19,2,16944,1779746490.13579,1,1680,1050
19,2,16945,1779746490.15246,1,1680,1050
19,2,16946,1779746490.16912,1,1680,1050
19,2,16947,1779746490.18579,1,1680,1050
19,2,16948,1779746490.20245,1,1680,1050
19,2,16949,1779746490.21912,1,1680,1050
19,2,16950,1779746490.23579,1,1680,1050
19,2,16951,1779746490.25245,1,1680,1050
19,2,16952,1779746490.26912,1,1680,1050
19,2,16953,1779746490.28578,1,1680,1050
19,2,16954,1779746490.30245,1,1680,1050
19,2,16955,1779746490.31912,1,1680,1050
19,2,16956,1779746490.33578,1,1680,1050
19,2,16957,1779746490.35245,1,1680,1050
19,2,16958,1779746490.36911,1,1680,1050
19,2,16959,1779746490.38578,1,1680,1050
19,2,16960,1779746490.40245,1,1680,1050
19,2,16961,1779746490.41911,1,1680,1050
19,2,16962,1779746490.43578,1,1680,1050
19,2,16963,1779746490.45245,1,1680,1050
19,2,16964,1779746490.46911,1,1680,1050
19,2,16965,1779746490.48578,1,1680,1050
19,2,16966,1779746490.50244,1,1680,1050
19,2,16967,1779746490.51911,1,1680,1050
19,2,16968,1779746490.53577,1,1680,1050
19,2,16969,1779746490.55244,1,1680,1050
19,2,16970,1779746490.56911,1,1680,1050
19,2,16971,1779746490.58577,1,1680,1050
19,2,16972,1779746490.60244,1,1680,1050
19,2,16973,1779746490.61911,1,1680,1050
19,2,16974,1779746490.63577,1,1680,1050
19,2,16975,1779746490.65244,1,1680,1050
19,2,16976,1779746490.6691,1,1680,1050
19,2,16977,1779746490.68577,1,1680,1050
19,2,16978,1779746490.70244,1,1680,1050
19,2,16979,1779746490.7191,1,1680,1050
19,2,16980,1779746490.73577,1,1680,1050
19,2,16981,1779746490.75243,1,1680,1050
19,2,16982,1779746490.7691,1,1680,1050
19,2,16983,1779746490.78577,1,1680,1050
19,2,16984,1779746490.80243,1,1680,1050
19,2,16985,1779746490.8191,1,1680,1050
19,2,16986,1779746490.83577,1,1680,1050
19,2,16987,1779746490.85243,1,1680,1050
19,2,16988,1779746490.8691,1,1680,1050
19,2,16989,1779746490.88576,1,1680,1050
19,2,16990,1779746490.90243,1,1680,1050
19,2,16991,1779746490.9191,1,1680,1050
19,2,16992,1779746490.93576,1,1680,1050
19,2,16993,1779746490.95243,1,1680,1050
19,2,16994,1779746490.96909,1,1680,1050
19,2,16995,1779746490.98576,1,1680,1050
19,2,16996,1779746491.00243,1,1680,1050
19,2,16997,1779746491.01909,1,1680,1050
19,2,16998,1779746491.03576,1,1680,1050
19,2,16999,1779746491.05242,1,1680,1050
19,2,17000,1779746491.06909,1,1680,1050
19,2,17001,1779746491.08576,1,1680,1050
19,2,17002,1779746491.10242,1,1680,1050
19,2,17003,1779746491.11909,1,1680,1050
19,2,17004,1779746491.13575,1,1680,1050
19,2,17005,1779746491.15242,1,1680,1050
19,2,17006,1779746491.16909,1,1680,1050
19,2,17007,1779746491.18575,1,1680,1050
19,2,17008,1779746491.20242,1,1680,1050
19,2,17009,1779746491.21908,1,1680,1050
19,2,17010,1779746491.23575,1,1680,1050
19,2,17011,1779746491.25242,1,1680,1050
19,2,17012,1779746491.26908,1,1680,1050
19,2,17013,1779746491.28575,1,1680,1050
19,2,17014,1779746491.30242,1,1680,1050
19,2,17015,1779746491.31908,1,1680,1050
19,2,17016,1779746491.33575,1,1680,1050
19,2,17017,1779746491.35241,1,1680,1050
19,2,17018,1779746491.36908,1,1680,1050
19,2,17019,1779746491.38575,1,1680,1050
19,2,17020,1779746491.40241,1,1680,1050
19,2,17021,1779746491.41908,1,1680,1050
19,2,17022,1779746491.43574,1,1680,1050
19,2,17023,1779746491.45241,1,1680,1050
19,2,17024,1779746491.46908,1,1680,1050
19,2,17025,1779746491.48574,1,1680,1050
19,2,17026,1779746491.50241,1,1680,1050
19,2,17027,1779746491.51908,1,1680,1050
19,2,17028,1779746491.53574,1,1680,1050
19,2,17029,1779746491.55241,1,1680,1050
19,2,17030,1779746491.56907,1,1680,1050
19,2,17031,1779746491.58574,1,1680,1050
19,2,17032,1779746491.60241,1,1680,1050
19,2,17033,1779746491.61907,1,1680,1050
19,2,17034,1779746491.63574,1,1680,1050
19,2,17035,1779746491.6524,1,1680,1050
19,2,17036,1779746491.66907,1,1680,1050
19,2,17037,1779746491.68574,1,1680,1050
19,2,17038,1779746491.7024,1,1680,1050
19,2,17039,1779746491.71907,1,1680,1050
19,2,17040,1779746491.73573,1,1680,1050
19,2,17041,1779746491.7524,1,1680,1050
19,2,17042,1779746491.76907,2,1680,1050
19,2,17043,1779746491.78573,2,1680,1050
19,2,17044,1779746491.8024,2,1680,1050
19,2,17045,1779746491.81906,2,1680,1050
19,2,17046,1779746491.83573,2,1680,1050
19,2,17047,1779746491.8524,2,1680,1050
19,2,17048,1779746491.86906,2,1680,1050
19,2,17049,1779746491.88573,2,1680,1050
19,2,17050,1779746491.9024,2,1680,1050
19,2,17051,1779746491.91906,2,1680,1050
19,2,17052,1779746491.93573,2,1680,1050
19,2,17053,1779746491.95239,2,1680,1050
19,2,17054,1779746491.96906,2,1680,1050
19,2,17055,1779746491.98573,2,1680,1050
19,2,17056,1779746492.00239,2,1680,1050
19,2,17057,1779746492.01906,2,1680,1050
19,2,17058,1779746492.03572,2,1680,1050
19,2,17059,1779746492.05239,2,1680,1050
19,2,17060,1779746492.06906,2,1680,1050
19,2,17061,1779746492.08572,2,1680,1050
19,2,17062,1779746492.10239,2,1680,1050
19,2,17063,1779746492.11905,2,1680,1050
19,2,17064,1779746492.13572,2,1680,1050
19,2,17065,1779746492.15239,2,1680,1050
19,2,17066,1779746492.16905,2,1680,1050
19,2,17067,1779746492.18572,2,1680,1050
19,2,17068,1779746492.20238,2,1680,1050
19,2,17069,1779746492.21905,2,1680,1050
19,2,17070,1779746492.23572,2,1680,1050
19,2,17071,1779746492.25238,2,1680,1050
19,2,17072,1779746492.26905,2,1680,1050
19,2,17073,1779746492.28572,2,1680,1050
19,2,17074,1779746492.30238,2,1680,1050
19,2,17075,1779746492.31905,2,1680,1050
19,2,17076,1779746492.33571,2,1680,1050
19,2,17077,1779746492.35238,2,1680,1050
19,2,17078,1779746492.36905,2,1680,1050
19,2,17079,1779746492.38571,2,1680,1050
19,2,17080,1779746492.40238,2,1680,1050
19,2,17081,1779746492.41904,2,1680,1050
19,2,17082,1779746492.43571,2,1680,1050
19,2,17083,1779746492.45238,2,1680,1050
19,2,17084,1779746492.46904,2,1680,1050
19,2,17085,1779746492.48571,2,1680,1050
19,2,17086,1779746492.50237,2,1680,1050
19,2,17087,1779746492.51904,2,1680,1050
19,2,17088,1779746492.53571,2,1680,1050
19,2,17089,1779746492.55237,2,1680,1050
19,2,17090,1779746492.56904,2,1680,1050
19,2,17091,1779746492.5857,2,1680,1050
19,2,17092,1779746492.60237,2,1680,1050
19,2,17093,1779746492.61904,2,1680,1050
19,2,17094,1779746492.6357,2,1680,1050
19,2,17095,1779746492.65237,2,1680,1050
19,2,17096,1779746492.66903,2,1680,1050
19,2,17097,1779746492.6857,2,1680,1050
19,2,17098,1779746492.70237,2,1680,1050
19,2,17099,1779746492.71903,2,1680,1050
19,2,17100,1779746492.7357,2,1680,1050
19,2,17101,1779746492.75237,2,1680,1050
19,2,17102,1779746492.76903,2,1680,1050
19,2,17103,1779746492.7857,2,1680,1050
19,2,17104,1779746492.80236,2,1680,1050
19,2,17105,1779746492.81903,2,1680,1050
19,2,17106,1779746492.8357,2,1680,1050
19,2,17107,1779746492.85236,2,1680,1050
19,2,17108,1779746492.86903,2,1680,1050
19,2,17109,1779746492.88569,2,1680,1050
19,2,17110,1779746492.90236,2,1680,1050
19,2,17111,1779746492.91903,2,1680,1050
19,2,17112,1779746492.93569,2,1680,1050
19,2,17113,1779746492.95236,2,1680,1050
19,2,17114,1779746492.96902,2,1680,1050
19,2,17115,1779746492.98569,2,1680,1050
19,2,17116,1779746493.00236,2,1680,1050
19,2,17117,1779746493.01902,2,1680,1050
19,2,17118,1779746493.03569,2,1680,1050
19,2,17119,1779746493.05236,2,1680,1050
19,2,17120,1779746493.06902,2,1680,1050
19,2,17121,1779746493.08569,2,1680,1050
19,2,17122,1779746493.10235,2,1680,1050
19,2,17123,1779746493.11902,2,1680,1050
19,2,17124,1779746493.13568,2,1680,1050
19,2,17125,1779746493.15235,2,1680,1050
19,2,17126,1779746493.16902,2,1680,1050
19,2,17127,1779746493.18568,2,1680,1050
19,2,17128,1779746493.20235,2,1680,1050
19,2,17129,1779746493.21902,2,1680,1050
19,2,17130,1779746493.23568,2,1680,1050
19,2,17131,1779746493.25235,2,1680,1050
19,2,17132,1779746493.26901,2,1680,1050
19,2,17133,1779746493.28568,2,1680,1050
19,2,17134,1779746493.30235,2,1680,1050
19,2,17135,1779746493.31901,2,1680,1050
19,2,17136,1779746493.33568,2,1680,1050
19,2,17137,1779746493.35234,2,1680,1050
19,2,17138,1779746493.36901,2,1680,1050
19,2,17139,1779746493.38568,2,1680,1050
19,2,17140,1779746493.40234,2,1680,1050
19,2,17141,1779746493.41901,2,1680,1050
19,2,17142,1779746493.43568,2,1680,1050
19,2,17143,1779746493.45234,2,1680,1050
19,2,17144,1779746493.46901,2,1680,1050
19,2,17145,1779746493.48567,2,1680,1050
19,2,17146,1779746493.50234,2,1680,1050
19,2,17147,1779746493.51901,2,1680,1050
19,2,17148,1779746493.53567,2,1680,1050
19,2,17149,1779746493.55234,2,1680,1050
19,2,17150,1779746493.56901,2,1680,1050
19,2,17151,1779746493.58567,2,1680,1050
19,2,17152,1779746493.60234,2,1680,1050
19,2,17153,1779746493.619,2,1680,1050
19,2,17154,1779746493.63567,2,1680,1050
19,2,17155,1779746493.65233,2,1680,1050
19,2,17156,1779746493.669,2,1680,1050
19,2,17157,1779746493.68567,2,1680,1050
19,2,17158,1779746493.70233,2,1680,1050
19,2,17159,1779746493.719,2,1680,1050
19,2,17160,1779746493.73567,2,1680,1050
19,2,17161,1779746493.75233,2,1680,1050
19,2,17162,1779746493.769,1,1680,1050
19,2,17163,1779746493.78566,1,1680,1050
19,2,17164,1779746493.80233,1,1680,1050
19,2,17165,1779746493.819,1,1680,1050
19,2,17166,1779746493.83566,1,1680,1050
19,2,17167,1779746493.85233,1,1680,1050
19,2,17168,1779746493.86899,1,1680,1050
19,2,17169,1779746493.88566,1,1680,1050
19,2,17170,1779746493.90233,1,1680,1050
19,2,17171,1779746493.91899,1,1680,1050
19,2,17172,1779746493.93566,1,1680,1050
19,2,17173,1779746493.95232,1,1680,1050
19,2,17174,1779746493.96899,1,1680,1050
19,2,17175,1779746493.98566,1,1680,1050
19,2,17176,1779746494.00232,1,1680,1050
19,2,17177,1779746494.01899,1,1680,1050
19,2,17178,1779746494.03565,1,1680,1050
19,2,17179,1779746494.05232,1,1680,1050
19,2,17180,1779746494.06899,1,1680,1050
19,2,17181,1779746494.08565,1,1680,1050
19,2,17182,1779746494.10232,1,1680,1050
19,2,17183,1779746494.11898,1,1680,1050
19,2,17184,1779746494.13565,1,1680,1050
19,2,17185,1779746494.15232,1,1680,1050
19,2,17186,1779746494.16898,1,1680,1050
19,2,17187,1779746494.18565,1,1680,1050
19,2,17188,1779746494.20232,1,1680,1050
19,2,17189,1779746494.21898,1,1680,1050
19,2,17190,1779746494.23565,1,1680,1050
19,2,17191,1779746494.25231,1,1680,1050
19,2,17192,1779746494.26898,1,1680,1050
19,2,17193,1779746494.28565,1,1680,1050
19,2,17194,1779746494.30231,1,1680,1050
19,2,17195,1779746494.31898,1,1680,1050
19,2,17196,1779746494.33564,1,1680,1050
19,2,17197,1779746494.35231,1,1680,1050
19,2,17198,1779746494.36898,1,1680,1050
19,2,17199,1779746494.38564,1,1680,1050
19,2,17200,1779746494.40231,1,1680,1050
19,2,17201,1779746494.41897,1,1680,1050
19,2,17202,1779746494.43564,1,1680,1050
19,2,17203,1779746494.45231,1,1680,1050
19,2,17204,1779746494.46897,1,1680,1050
19,2,17205,1779746494.48564,1,1680,1050
19,2,17206,1779746494.50231,1,1680,1050
19,2,17207,1779746494.51897,1,1680,1050
19,2,17208,1779746494.53564,1,1680,1050
19,2,17209,1779746494.5523,1,1680,1050
19,2,17210,1779746494.56897,1,1680,1050
19,2,17211,1779746494.58563,1,1680,1050
19,2,17212,1779746494.6023,1,1680,1050
19,2,17213,1779746494.61897,1,1680,1050
19,2,17214,1779746494.63563,1,1680,1050
19,2,17215,1779746494.6523,1,1680,1050
19,2,17216,1779746494.66897,1,1680,1050
19,2,17217,1779746494.68563,1,1680,1050
19,2,17218,1779746494.7023,1,1680,1050
19,2,17219,1779746494.71896,1,1680,1050
19,2,17220,1779746494.73563,1,1680,1050
19,2,17221,1779746494.7523,1,1680,1050
19,2,17222,1779746494.76896,1,1680,1050
19,2,17223,1779746494.78563,1,1680,1050
19,2,17224,1779746494.80229,1,1680,1050
19,2,17225,1779746494.81896,1,1680,1050
19,2,17226,1779746494.83563,1,1680,1050
19,2,17227,1779746494.85229,1,1680,1050
19,2,17228,1779746494.86896,1,1680,1050
19,2,17229,1779746494.88563,1,1680,1050
19,2,17230,1779746494.90229,1,1680,1050
19,2,17231,1779746494.91896,1,1680,1050
19,2,17232,1779746494.93562,1,1680,1050
19,2,17233,1779746494.95229,1,1680,1050
19,2,17234,1779746494.96896,1,1680,1050
19,2,17235,1779746494.98562,1,1680,1050
19,2,17236,1779746495.00229,1,1680,1050
19,2,17237,1779746495.01895,1,1680,1050
19,2,17238,1779746495.03562,1,1680,1050
19,2,17239,1779746495.05229,1,1680,1050
19,2,17240,1779746495.06895,1,1680,1050
19,2,17241,1779746495.08562,1,1680,1050
19,2,17242,1779746495.10228,1,1680,1050
19,2,17243,1779746495.11895,1,1680,1050
19,2,17244,1779746495.13562,1,1680,1050
19,2,17245,1779746495.15228,1,1680,1050
19,2,17246,1779746495.16895,1,1680,1050
19,2,17247,1779746495.18561,1,1680,1050
19,2,17248,1779746495.20228,1,1680,1050
19,2,17249,1779746495.21895,1,1680,1050
19,2,17250,1779746495.23561,1,1680,1050
19,2,17251,1779746495.25228,1,1680,1050
19,2,17252,1779746495.26894,1,1680,1050
19,2,17253,1779746495.28561,1,1680,1050
19,2,17254,1779746495.30228,1,1680,1050
19,2,17255,1779746495.31894,1,1680,1050
19,2,17256,1779746495.33561,1,1680,1050
19,2,17257,1779746495.35228,1,1680,1050
19,2,17258,1779746495.36894,1,1680,1050
19,2,17259,1779746495.38561,1,1680,1050
19,2,17260,1779746495.40227,1,1680,1050
19,2,17261,1779746495.41894,1,1680,1050
19,2,17262,1779746495.43561,1,1680,1050
19,2,17263,1779746495.45227,1,1680,1050
19,2,17264,1779746495.46894,1,1680,1050
19,2,17265,1779746495.4856,1,1680,1050
19,2,17266,1779746495.50227,1,1680,1050
19,2,17267,1779746495.51894,1,1680,1050
19,2,17268,1779746495.5356,1,1680,1050
19,2,17269,1779746495.55227,1,1680,1050
19,2,17270,1779746495.56893,1,1680,1050
19,2,17271,1779746495.5856,1,1680,1050
19,2,17272,1779746495.60227,1,1680,1050
19,2,17273,1779746495.61893,1,1680,1050
19,2,17274,1779746495.6356,1,1680,1050
19,2,17275,1779746495.65227,1,1680,1050
19,2,17276,1779746495.66893,1,1680,1050
19,2,17277,1779746495.6856,1,1680,1050
19,2,17278,1779746495.70226,1,1680,1050
19,2,17279,1779746495.71893,1,1680,1050
19,2,17280,1779746495.73559,1,1680,1050
19,2,17281,1779746495.75226,1,1680,1050
19,2,17282,1779746495.76893,1,1680,1050
19,2,17283,1779746495.78559,1,1680,1050
19,2,17284,1779746495.80226,1,1680,1050
19,2,17285,1779746495.81893,1,1680,1050
19,2,17286,1779746495.83559,1,1680,1050
19,2,17287,1779746495.85226,1,1680,1050
19,2,17288,1779746495.86892,1,1680,1050
19,2,17289,1779746495.88559,1,1680,1050
19,2,17290,1779746495.90226,1,1680,1050
19,2,17291,1779746495.91892,1,1680,1050
19,2,17292,1779746495.93559,1,1680,1050
19,2,17293,1779746495.95225,1,1680,1050
19,2,17294,1779746495.96892,1,1680,1050
19,2,17295,1779746495.98559,1,1680,1050
19,2,17296,1779746496.00225,1,1680,1050
19,2,17297,1779746496.01892,1,1680,1050
19,2,17298,1779746496.03559,1,1680,1050
19,2,17299,1779746496.05225,1,1680,1050
19,2,17300,1779746496.06892,1,1680,1050
19,2,17301,1779746496.08558,1,1680,1050
19,2,17302,1779746496.10225,1,1680,1050
19,2,17303,1779746496.11892,1,1680,1050
19,2,17304,1779746496.13558,1,1680,1050
19,2,17305,1779746496.15225,1,1680,1050
19,2,17306,1779746496.18558,1,1680,1050
19,2,17307,1779746496.20225,1,1680,1050
19,2,17308,1779746496.21891,1,1680,1050
19,2,17309,1779746496.23558,1,1680,1050
19,2,17310,1779746496.25224,1,1680,1050
19,2,17311,1779746496.26891,1,1680,1050
19,2,17312,1779746496.28558,1,1680,1050
19,2,17313,1779746496.30224,1,1680,1050
19,2,17314,1779746496.31891,1,1680,1050
19,2,17315,1779746496.33557,1,1680,1050
19,2,17316,1779746496.35224,1,1680,1050
19,2,17317,1779746496.36891,1,1680,1050
19,2,17318,1779746496.38557,1,1680,1050
19,2,17319,1779746496.40224,1,1680,1050
19,2,17320,1779746496.41891,1,1680,1050
19,2,17321,1779746496.43557,1,1680,1050
19,2,17322,1779746496.45224,1,1680,1050
19,2,17323,1779746496.4689,1,1680,1050
19,2,17324,1779746496.48557,1,1680,1050
19,2,17325,1779746496.50224,1,1680,1050
19,2,17326,1779746496.5189,1,1680,1050
19,2,17327,1779746496.53557,1,1680,1050
19,2,17328,1779746496.55223,1,1680,1050
19,2,17329,1779746496.5689,1,1680,1050
19,2,17330,1779746496.58557,1,1680,1050
19,2,17331,1779746496.60223,1,1680,1050
19,2,17332,1779746496.6189,1,1680,1050
19,2,17333,1779746496.63556,1,1680,1050
19,2,17334,1779746496.65223,1,1680,1050
19,2,17335,1779746496.6689,1,1680,1050
19,2,17336,1779746496.68556,1,1680,1050
19,2,17337,1779746496.70223,1,1680,1050
19,2,17338,1779746496.71889,1,1680,1050
19,2,17339,1779746496.73556,1,1680,1050
19,2,17340,1779746496.75223,1,1680,1050
19,2,17341,1779746496.76889,1,1680,1050
19,2,17342,1779746496.78556,1,1680,1050
19,2,17343,1779746496.80222,1,1680,1050
19,2,17344,1779746496.81889,1,1680,1050
19,2,17345,1779746496.83556,1,1680,1050
19,2,17346,1779746496.85222,1,1680,1050
19,2,17347,1779746496.86889,1,1680,1050
19,2,17348,1779746496.88556,1,1680,1050
19,2,17349,1779746496.90222,1,1680,1050
19,2,17350,1779746496.91889,1,1680,1050
19,2,17351,1779746496.93555,1,1680,1050
19,2,17352,1779746496.95222,1,1680,1050
19,2,17353,1779746496.96889,1,1680,1050
19,2,17354,1779746496.98555,1,1680,1050
19,2,17355,1779746497.00222,1,1680,1050
19,2,17356,1779746497.01888,1,1680,1050
19,2,17357,1779746497.03555,1,1680,1050
19,2,17358,1779746497.05222,1,1680,1050
19,2,17359,1779746497.06888,1,1680,1050
19,2,17360,1779746497.08555,1,1680,1050
19,2,17361,1779746497.10222,1,1680,1050
19,2,17362,1779746497.11888,1,1680,1050
19,2,17363,1779746497.13555,1,1680,1050
19,2,17364,1779746497.15221,1,1680,1050
19,2,17365,1779746497.16888,1,1680,1050
19,2,17366,1779746497.18555,1,1680,1050
19,2,17367,1779746497.20221,1,1680,1050
19,2,17368,1779746497.21888,1,1680,1050
19,2,17369,1779746497.23554,1,1680,1050
19,2,17370,1779746497.25221,1,1680,1050
19,2,17371,1779746497.26887,1,1680,1050
19,2,17372,1779746497.28554,1,1680,1050
19,2,17373,1779746497.30221,1,1680,1050
19,2,17374,1779746497.31887,1,1680,1050
19,2,17375,1779746497.33554,1,1680,1050
19,2,17376,1779746497.35221,1,1680,1050
19,2,17377,1779746497.36887,1,1680,1050
19,2,17378,1779746497.38554,1,1680,1050
19,2,17379,1779746497.4022,1,1680,1050
19,2,17380,1779746497.41887,1,1680,1050
19,2,17381,1779746497.43554,1,1680,1050
19,2,17382,1779746497.4522,1,1680,1050
19,2,17383,1779746497.46887,1,1680,1050
19,2,17384,1779746497.48554,1,1680,1050
19,2,17385,1779746497.5022,1,1680,1050
19,2,17386,1779746497.51887,1,1680,1050
19,2,17387,1779746497.53553,1,1680,1050
19,2,17388,1779746497.5522,1,1680,1050
19,2,17389,1779746497.56887,1,1680,1050
19,2,17390,1779746497.58553,1,1680,1050
19,2,17391,1779746497.6022,1,1680,1050
19,2,17392,1779746497.61887,1,1680,1050
19,2,17393,1779746497.63553,1,1680,1050
19,2,17394,1779746497.6522,1,1680,1050
19,2,17395,1779746497.66886,1,1680,1050
19,2,17396,1779746497.68553,1,1680,1050
19,2,17397,1779746497.7022,1,1680,1050
19,2,17398,1779746497.71886,1,1680,1050
19,2,17399,1779746497.73553,1,1680,1050
19,2,17400,1779746497.75219,1,1680,1050
19,2,17401,1779746497.76886,1,1680,1050
19,2,17402,1779746497.78553,2,1680,1050
19,2,17403,1779746497.80219,2,1680,1050
19,2,17404,1779746497.81886,2,1680,1050
19,2,17405,1779746497.83552,2,1680,1050
19,2,17406,1779746497.85219,2,1680,1050
19,2,17407,1779746497.86886,2,1680,1050
19,2,17408,1779746497.88552,2,1680,1050
19,2,17409,1779746497.90219,2,1680,1050
19,2,17410,1779746497.91885,2,1680,1050
19,2,17411,1779746497.93552,2,1680,1050
19,2,17412,1779746497.95219,2,1680,1050
19,2,17413,1779746497.96885,2,1680,1050
19,2,17414,1779746497.98552,2,1680,1050
19,2,17415,1779746498.00218,2,1680,1050
19,2,17416,1779746498.01885,2,1680,1050
19,2,17417,1779746498.03552,2,1680,1050
19,2,17418,1779746498.05218,2,1680,1050
19,2,17419,1779746498.06885,2,1680,1050
19,2,17420,1779746498.08551,2,1680,1050
19,2,17421,1779746498.10218,2,1680,1050
19,2,17422,1779746498.11885,2,1680,1050
19,2,17423,1779746498.13551,2,1680,1050
19,2,17424,1779746498.15218,2,1680,1050
19,2,17425,1779746498.16884,2,1680,1050
19,2,17426,1779746498.18551,2,1680,1050
19,2,17427,1779746498.20218,2,1680,1050
19,2,17428,1779746498.21884,2,1680,1050
19,2,17429,1779746498.23551,2,1680,1050
19,2,17430,1779746498.25218,2,1680,1050
19,2,17431,1779746498.26884,2,1680,1050
19,2,17432,1779746498.28551,2,1680,1050
19,2,17433,1779746498.30217,2,1680,1050
19,2,17434,1779746498.31884,2,1680,1050
19,2,17435,1779746498.33551,2,1680,1050
19,2,17436,1779746498.35217,2,1680,1050
19,2,17437,1779746498.36884,2,1680,1050
19,2,17438,1779746498.3855,2,1680,1050
19,2,17439,1779746498.40217,2,1680,1050
19,2,17440,1779746498.41884,2,1680,1050
19,2,17441,1779746498.4355,2,1680,1050
19,2,17442,1779746498.45217,2,1680,1050
19,2,17443,1779746498.46884,2,1680,1050
19,2,17444,1779746498.4855,2,1680,1050
19,2,17445,1779746498.50217,2,1680,1050
19,2,17446,1779746498.51883,2,1680,1050
19,2,17447,1779746498.5355,2,1680,1050
19,2,17448,1779746498.55216,2,1680,1050
19,2,17449,1779746498.56883,2,1680,1050
19,2,17450,1779746498.5855,2,1680,1050
19,2,17451,1779746498.60216,2,1680,1050
19,2,17452,1779746498.61883,2,1680,1050
19,2,17453,1779746498.63549,2,1680,1050
19,2,17454,1779746498.65216,2,1680,1050
19,2,17455,1779746498.66883,2,1680,1050
19,2,17456,1779746498.68549,2,1680,1050
19,2,17457,1779746498.70216,2,1680,1050
19,2,17458,1779746498.71883,2,1680,1050
19,2,17459,1779746498.73549,2,1680,1050
19,2,17460,1779746498.75216,2,1680,1050
19,2,17461,1779746498.76882,2,1680,1050
19,2,17462,1779746498.78549,2,1680,1050
19,2,17463,1779746498.80216,2,1680,1050
19,2,17464,1779746498.81882,2,1680,1050
19,2,17465,1779746498.83549,2,1680,1050
19,2,17466,1779746498.85215,2,1680,1050
19,2,17467,1779746498.86882,2,1680,1050
19,2,17468,1779746498.88549,2,1680,1050
19,2,17469,1779746498.90215,2,1680,1050
19,2,17470,1779746498.91882,2,1680,1050
19,2,17471,1779746498.93549,2,1680,1050
19,2,17472,1779746498.95215,2,1680,1050
19,2,17473,1779746498.96882,2,1680,1050
19,2,17474,1779746498.98548,2,1680,1050
19,2,17475,1779746499.00215,2,1680,1050
19,2,17476,1779746499.01882,2,1680,1050
19,2,17477,1779746499.03548,2,1680,1050
19,2,17478,1779746499.05215,2,1680,1050
19,2,17479,1779746499.06881,2,1680,1050
19,2,17480,1779746499.08548,2,1680,1050
19,2,17481,1779746499.10215,2,1680,1050
19,2,17482,1779746499.11881,2,1680,1050
19,2,17483,1779746499.13548,2,1680,1050
19,2,17484,1779746499.15214,2,1680,1050
19,2,17485,1779746499.16881,2,1680,1050
19,2,17486,1779746499.18548,2,1680,1050
19,2,17487,1779746499.20214,2,1680,1050
19,2,17488,1779746499.21881,2,1680,1050
19,2,17489,1779746499.23547,2,1680,1050
19,2,17490,1779746499.25214,2,1680,1050
19,2,17491,1779746499.26881,2,1680,1050
19,2,17492,1779746499.28547,2,1680,1050
19,2,17493,1779746499.30214,2,1680,1050
19,2,17494,1779746499.3188,2,1680,1050
19,2,17495,1779746499.33547,2,1680,1050
19,2,17496,1779746499.35214,2,1680,1050
19,2,17497,1779746499.3688,2,1680,1050
19,2,17498,1779746499.38547,2,1680,1050
19,2,17499,1779746499.40214,2,1680,1050
19,2,17500,1779746499.4188,2,1680,1050
19,2,17501,1779746499.43547,2,1680,1050
19,2,17502,1779746499.45213,2,1680,1050
19,2,17503,1779746499.4688,2,1680,1050
19,2,17504,1779746499.48547,2,1680,1050
19,2,17505,1779746499.50213,2,1680,1050
19,2,17506,1779746499.5188,2,1680,1050
19,2,17507,1779746499.53546,2,1680,1050
19,2,17508,1779746499.55213,2,1680,1050
19,2,17509,1779746499.5688,2,1680,1050
19,2,17510,1779746499.58546,2,1680,1050
19,2,17511,1779746499.60213,2,1680,1050
19,2,17512,1779746499.61879,2,1680,1050
19,2,17513,1779746499.63546,2,1680,1050
19,2,17514,1779746499.65213,2,1680,1050
19,2,17515,1779746499.66879,2,1680,1050
19,2,17516,1779746499.68546,2,1680,1050
19,2,17517,1779746499.70213,2,1680,1050
19,2,17518,1779746499.71879,2,1680,1050
19,2,17519,1779746499.73546,2,1680,1050
19,2,17520,1779746499.75212,2,1680,1050
19,2,17521,1779746499.76879,2,1680,1050
19,2,17522,1779746499.78545,1,1680,1050
19,2,17523,1779746499.80212,1,1680,1050
19,2,17524,1779746499.81879,1,1680,1050
19,2,17525,1779746499.83545,1,1680,1050
19,2,17526,1779746499.85212,1,1680,1050
19,2,17527,1779746499.86879,1,1680,1050
19,2,17528,1779746499.88545,1,1680,1050
19,2,17529,1779746499.90212,1,1680,1050
19,2,17530,1779746499.91878,1,1680,1050
19,2,17531,1779746499.93545,1,1680,1050
19,2,17532,1779746499.95212,1,1680,1050
19,2,17533,1779746499.96878,1,1680,1050
19,2,17534,1779746499.98545,1,1680,1050
19,2,17535,1779746500.00211,1,1680,1050
19,2,17536,1779746500.01878,1,1680,1050
19,2,17537,1779746500.03545,1,1680,1050
19,2,17538,1779746500.05211,1,1680,1050
19,2,17539,1779746500.06878,1,1680,1050
19,2,17540,1779746500.08544,1,1680,1050
19,2,17541,1779746500.10211,1,1680,1050
19,2,17542,1779746500.11878,1,1680,1050
19,2,17543,1779746500.13544,1,1680,1050
19,2,17544,1779746500.15211,1,1680,1050
19,2,17545,1779746500.16877,1,1680,1050
19,2,17546,1779746500.18544,1,1680,1050
19,2,17547,1779746500.20211,1,1680,1050
19,2,17548,1779746500.21877,1,1680,1050
19,2,17549,1779746500.23544,1,1680,1050
19,2,17550,1779746500.25211,1,1680,1050
19,2,17551,1779746500.26877,1,1680,1050
19,2,17552,1779746500.28544,1,1680,1050
19,2,17553,1779746500.3021,1,1680,1050
19,2,17554,1779746500.31877,1,1680,1050
19,2,17555,1779746500.33544,1,1680,1050
19,2,17556,1779746500.3521,1,1680,1050
19,2,17557,1779746500.36877,1,1680,1050
19,2,17558,1779746500.38543,1,1680,1050
19,2,17559,1779746500.4021,1,1680,1050
19,2,17560,1779746500.41877,1,1680,1050
19,2,17561,1779746500.43543,1,1680,1050
19,2,17562,1779746500.4521,1,1680,1050
19,2,17563,1779746500.46877,1,1680,1050
19,2,17564,1779746500.48543,1,1680,1050
19,2,17565,1779746500.5021,1,1680,1050
19,2,17566,1779746500.51876,1,1680,1050
19,2,17567,1779746500.53543,1,1680,1050
19,2,17568,1779746500.5521,1,1680,1050
19,2,17569,1779746500.56876,1,1680,1050
19,2,17570,1779746500.58543,1,1680,1050
19,2,17571,1779746500.6021,1,1680,1050
19,2,17572,1779746500.61876,1,1680,1050
19,2,17573,1779746500.63543,1,1680,1050
19,2,17574,1779746500.65209,1,1680,1050
19,2,17575,1779746500.66876,1,1680,1050
19,2,17576,1779746500.68543,1,1680,1050
19,2,17577,1779746500.70209,1,1680,1050
19,2,17578,1779746500.71876,1,1680,1050
19,2,17579,1779746500.73542,1,1680,1050
19,2,17580,1779746500.75209,1,1680,1050
19,2,17581,1779746500.76875,1,1680,1050
19,2,17582,1779746500.78542,1,1680,1050
19,2,17583,1779746500.80209,1,1680,1050
19,2,17584,1779746500.81875,1,1680,1050
19,2,17585,1779746500.83542,1,1680,1050
19,2,17586,1779746500.85209,1,1680,1050
19,2,17587,1779746500.86875,1,1680,1050
19,2,17588,1779746500.88542,1,1680,1050
19,2,17589,1779746500.90208,1,1680,1050
19,2,17590,1779746500.91875,1,1680,1050
19,2,17591,1779746500.93542,1,1680,1050
19,2,17592,1779746500.95208,1,1680,1050
19,2,17593,1779746500.96875,1,1680,1050
19,2,17594,1779746500.98541,1,1680,1050
19,2,17595,1779746501.00208,1,1680,1050
19,2,17596,1779746501.01875,1,1680,1050
19,2,17597,1779746501.03541,1,1680,1050
19,2,17598,1779746501.05208,1,1680,1050
19,2,17599,1779746501.06874,1,1680,1050
19,2,17600,1779746501.08541,1,1680,1050
19,2,17601,1779746501.10208,1,1680,1050
19,2,17602,1779746501.11874,1,1680,1050
19,2,17603,1779746501.13541,1,1680,1050
19,2,17604,1779746501.15208,1,1680,1050
19,2,17605,1779746501.16874,1,1680,1050
19,2,17606,1779746501.18541,1,1680,1050
19,2,17607,1779746501.20207,1,1680,1050
19,2,17608,1779746501.21874,1,1680,1050
19,2,17609,1779746501.23541,1,1680,1050
19,2,17610,1779746501.25207,1,1680,1050
19,2,17611,1779746501.26874,1,1680,1050
19,2,17612,1779746501.2854,1,1680,1050
19,2,17613,1779746501.30207,1,1680,1050
19,2,17614,1779746501.31874,1,1680,1050
19,2,17615,1779746501.3354,1,1680,1050
19,2,17616,1779746501.35207,1,1680,1050
19,2,17617,1779746501.36873,1,1680,1050
19,2,17618,1779746501.3854,1,1680,1050
19,2,17619,1779746501.40207,1,1680,1050
19,2,17620,1779746501.41873,1,1680,1050
19,2,17621,1779746501.4354,1,1680,1050
19,2,17622,1779746501.45206,1,1680,1050
19,2,17623,1779746501.46873,1,1680,1050
19,2,17624,1779746501.4854,1,1680,1050
19,2,17625,1779746501.50206,1,1680,1050
19,2,17626,1779746501.51873,1,1680,1050
19,2,17627,1779746501.5354,1,1680,1050
19,2,17628,1779746501.55206,1,1680,1050
19,2,17629,1779746501.56873,1,1680,1050
19,2,17630,1779746501.58539,1,1680,1050
19,2,17631,1779746501.60206,1,1680,1050
19,2,17632,1779746501.61872,1,1680,1050
19,2,17633,1779746501.63539,1,1680,1050
19,2,17634,1779746501.65206,1,1680,1050
19,2,17635,1779746501.66872,1,1680,1050
19,2,17636,1779746501.68539,1,1680,1050
19,2,17637,1779746501.70206,1,1680,1050
19,2,17638,1779746501.71872,1,1680,1050
19,2,17639,1779746501.73539,1,1680,1050
19,2,17640,1779746501.75205,1,1680,1050
19,2,17641,1779746501.76872,1,1680,1050
19,2,17642,1779746501.78539,1,1680,1050
19,2,17643,1779746501.80205,1,1680,1050
19,2,17644,1779746501.81872,1,1680,1050
19,2,17645,1779746501.83538,1,1680,1050
19,2,17646,1779746501.85205,1,1680,1050
19,2,17647,1779746501.86872,1,1680,1050
19,2,17648,1779746501.88538,1,1680,1050
19,2,17649,1779746501.90205,1,1680,1050
19,2,17650,1779746501.91872,1,1680,1050
19,2,17651,1779746501.93538,1,1680,1050
19,2,17652,1779746501.95205,1,1680,1050
19,2,17653,1779746501.96871,1,1680,1050
19,2,17654,1779746501.98538,1,1680,1050
19,2,17655,1779746502.00205,1,1680,1050
19,2,17656,1779746502.01871,1,1680,1050
19,2,17657,1779746502.03538,1,1680,1050
19,2,17658,1779746502.05204,1,1680,1050
19,2,17659,1779746502.06871,1,1680,1050
19,2,17660,1779746502.08538,1,1680,1050
19,2,17661,1779746502.10204,1,1680,1050
19,2,17662,1779746502.11871,1,1680,1050
19,2,17663,1779746502.13538,1,1680,1050
19,2,17664,1779746502.15204,1,1680,1050
19,2,17665,1779746502.16871,1,1680,1050
19,2,17666,1779746502.18537,1,1680,1050
19,2,17667,1779746502.20204,1,1680,1050
19,2,17668,1779746502.2187,1,1680,1050
19,2,17669,1779746502.23537,1,1680,1050
19,2,17670,1779746502.25204,1,1680,1050
19,2,17671,1779746502.2687,1,1680,1050
19,2,17672,1779746502.28537,1,1680,1050
19,2,17673,1779746502.30204,1,1680,1050
19,2,17674,1779746502.3187,1,1680,1050
19,2,17675,1779746502.33537,1,1680,1050
19,2,17676,1779746502.35203,1,1680,1050
19,2,17677,1779746502.3687,1,1680,1050
19,2,17678,1779746502.38536,1,1680,1050
19,2,17679,1779746502.40203,1,1680,1050
19,2,17680,1779746502.4187,1,1680,1050
19,2,17681,1779746502.43536,1,1680,1050
19,2,17682,1779746502.45203,1,1680,1050
19,2,17683,1779746502.46869,1,1680,1050
19,2,17684,1779746502.48536,1,1680,1050
19,2,17685,1779746502.50203,1,1680,1050
19,2,17686,1779746502.51869,1,1680,1050
19,2,17687,1779746502.53536,1,1680,1050
19,2,17688,1779746502.55203,1,1680,1050
19,2,17689,1779746502.56869,1,1680,1050
19,2,17690,1779746502.58536,1,1680,1050
19,2,17691,1779746502.60202,1,1680,1050
19,2,17692,1779746502.61869,1,1680,1050
19,2,17693,1779746502.63536,1,1680,1050
19,2,17694,1779746502.65202,1,1680,1050
19,2,17695,1779746502.66869,1,1680,1050
19,2,17696,1779746502.68536,1,1680,1050
19,2,17697,1779746502.70202,1,1680,1050
19,2,17698,1779746502.71869,1,1680,1050
19,2,17699,1779746502.73535,1,1680,1050
19,2,17700,1779746502.75202,1,1680,1050
19,2,17701,1779746502.76869,1,1680,1050
19,2,17702,1779746502.78535,1,1680,1050
19,2,17703,1779746502.80202,1,1680,1050
19,2,17704,1779746502.81868,1,1680,1050
19,2,17705,1779746502.83535,1,1680,1050
19,2,17706,1779746502.85202,1,1680,1050
19,2,17707,1779746502.86868,1,1680,1050
19,2,17708,1779746502.88535,1,1680,1050
19,2,17709,1779746502.90201,1,1680,1050
19,2,17710,1779746502.91868,1,1680,1050
19,2,17711,1779746502.93535,1,1680,1050
19,2,17712,1779746502.95201,1,1680,1050
19,2,17713,1779746502.96868,1,1680,1050
19,2,17714,1779746502.98535,1,1680,1050
19,2,17715,1779746503.00201,1,1680,1050
19,2,17716,1779746503.01868,1,1680,1050
19,2,17717,1779746503.03534,1,1680,1050
19,2,17718,1779746503.05201,1,1680,1050
19,2,17719,1779746503.06868,1,1680,1050
19,2,17720,1779746503.08534,1,1680,1050
19,2,17721,1779746503.10201,1,1680,1050
19,2,17722,1779746503.11867,1,1680,1050
19,2,17723,1779746503.13534,1,1680,1050
19,2,17724,1779746503.15201,1,1680,1050
19,2,17725,1779746503.16867,1,1680,1050
19,2,17726,1779746503.18534,1,1680,1050
19,2,17727,1779746503.202,1,1680,1050
19,2,17728,1779746503.21867,1,1680,1050
19,2,17729,1779746503.23534,1,1680,1050
19,2,17730,1779746503.252,1,1680,1050
19,2,17731,1779746503.26867,1,1680,1050
19,2,17732,1779746503.28533,1,1680,1050
19,2,17733,1779746503.302,1,1680,1050
19,2,17734,1779746503.31867,1,1680,1050
19,2,17735,1779746503.33533,1,1680,1050
19,2,17736,1779746503.352,1,1680,1050
19,2,17737,1779746503.36866,1,1680,1050
19,2,17738,1779746503.38533,1,1680,1050
19,2,17739,1779746503.402,1,1680,1050
19,2,17740,1779746503.41866,1,1680,1050
19,2,17741,1779746503.43533,1,1680,1050
19,2,17742,1779746503.452,1,1680,1050
19,2,17743,1779746503.46866,1,1680,1050
19,2,17744,1779746503.48533,1,1680,1050
19,2,17745,1779746503.50199,1,1680,1050
19,2,17746,1779746503.51866,1,1680,1050
19,2,17747,1779746503.53533,1,1680,1050
19,2,17748,1779746503.55199,1,1680,1050
19,2,17749,1779746503.56866,1,1680,1050
19,2,17750,1779746503.58532,1,1680,1050
19,2,17751,1779746503.60199,1,1680,1050
19,2,17752,1779746503.61866,1,1680,1050
19,2,17753,1779746503.63532,1,1680,1050
19,2,17754,1779746503.65199,1,1680,1050
19,2,17755,1779746503.66865,1,1680,1050
19,2,17756,1779746503.68532,1,1680,1050
19,2,17757,1779746503.70199,1,1680,1050
19,2,17758,1779746503.71865,1,1680,1050
19,2,17759,1779746503.73532,1,1680,1050
19,2,17760,1779746503.75198,1,1680,1050
19,2,17761,1779746503.76865,1,1680,1050
19,2,17762,1779746503.78532,2,1680,1050
19,2,17763,1779746503.80198,2,1680,1050
19,2,17764,1779746503.81865,2,1680,1050
19,2,17765,1779746503.83532,2,1680,1050
19,2,17766,1779746503.85198,2,1680,1050
19,2,17767,1779746503.86865,2,1680,1050
19,2,17768,1779746503.88531,2,1680,1050
19,2,17769,1779746503.90198,2,1680,1050
19,2,17770,1779746503.91865,2,1680,1050
19,2,17771,1779746503.93531,2,1680,1050
19,2,17772,1779746503.95198,2,1680,1050
19,2,17773,1779746503.96864,2,1680,1050
19,2,17774,1779746503.98531,2,1680,1050
19,2,17775,1779746504.00198,2,1680,1050
19,2,17776,1779746504.01864,2,1680,1050
19,2,17777,1779746504.03531,2,1680,1050
19,2,17778,1779746504.05197,2,1680,1050
19,2,17779,1779746504.06864,2,1680,1050
19,2,17780,1779746504.08531,2,1680,1050
19,2,17781,1779746504.10197,2,1680,1050
19,2,17782,1779746504.11864,2,1680,1050
19,2,17783,1779746504.1353,2,1680,1050
19,2,17784,1779746504.15197,2,1680,1050
19,2,17785,1779746504.16864,2,1680,1050
19,2,17786,1779746504.1853,2,1680,1050
19,2,17787,1779746504.20197,2,1680,1050
19,2,17788,1779746504.21864,2,1680,1050
19,2,17789,1779746504.2353,2,1680,1050
19,2,17790,1779746504.25197,2,1680,1050
19,2,17791,1779746504.26863,2,1680,1050
19,2,17792,1779746504.2853,2,1680,1050
19,2,17793,1779746504.30196,2,1680,1050
19,2,17794,1779746504.31863,2,1680,1050
19,2,17795,1779746504.3353,2,1680,1050
19,2,17796,1779746504.35196,2,1680,1050
19,2,17797,1779746504.36863,2,1680,1050
19,2,17798,1779746504.3853,2,1680,1050
19,2,17799,1779746504.40196,2,1680,1050
19,2,17800,1779746504.41863,2,1680,1050
19,2,17801,1779746504.43529,2,1680,1050
19,2,17802,1779746504.45196,2,1680,1050
19,2,17803,1779746504.46863,2,1680,1050
19,2,17804,1779746504.48529,2,1680,1050
19,2,17805,1779746504.50196,2,1680,1050
19,2,17806,1779746504.51863,2,1680,1050
19,2,17807,1779746504.53529,2,1680,1050
19,2,17808,1779746504.55196,2,1680,1050
19,2,17809,1779746504.56862,2,1680,1050
19,2,17810,1779746504.58529,2,1680,1050
19,2,17811,1779746504.60196,2,1680,1050
19,2,17812,1779746504.61862,2,1680,1050
19,2,17813,1779746504.63529,2,1680,1050
19,2,17814,1779746504.65195,2,1680,1050
19,2,17815,1779746504.66862,2,1680,1050
19,2,17816,1779746504.68529,2,1680,1050
19,2,17817,1779746504.70195,2,1680,1050
19,2,17818,1779746504.71862,2,1680,1050
19,2,17819,1779746504.73528,2,1680,1050
19,2,17820,1779746504.76862,2,1680,1050
19,2,17821,1779746504.78531,2,1680,1050
19,2,17822,1779746504.80195,2,1680,1050
19,2,17823,1779746504.81861,2,1680,1050
19,2,17824,1779746504.83528,2,1680,1050
19,2,17825,1779746504.85195,2,1680,1050
19,2,17826,1779746504.86861,2,1680,1050
19,2,17827,1779746504.88528,2,1680,1050
19,2,17828,1779746504.90195,2,1680,1050
19,2,17829,1779746504.91861,2,1680,1050
19,2,17830,1779746504.93528,2,1680,1050
19,2,17831,1779746504.95194,2,1680,1050
19,2,17832,1779746504.96861,2,1680,1050
19,2,17833,1779746504.98528,2,1680,1050
19,2,17834,1779746505.00194,2,1680,1050
19,2,17835,1779746505.01861,2,1680,1050
19,2,17836,1779746505.03527,2,1680,1050
19,2,17837,1779746505.05194,2,1680,1050
19,2,17838,1779746505.06861,2,1680,1050
19,2,17839,1779746505.08527,2,1680,1050
19,2,17840,1779746505.10194,2,1680,1050
19,2,17841,1779746505.1186,2,1680,1050
19,2,17842,1779746505.13527,2,1680,1050
19,2,17843,1779746505.15194,2,1680,1050
19,2,17844,1779746505.1686,2,1680,1050
19,2,17845,1779746505.18527,2,1680,1050
19,2,17846,1779746505.20193,2,1680,1050
19,2,17847,1779746505.2186,2,1680,1050
19,2,17848,1779746505.23527,2,1680,1050
19,2,17849,1779746505.25193,2,1680,1050
19,2,17850,1779746505.2686,2,1680,1050
19,2,17851,1779746505.28527,2,1680,1050
19,2,17852,1779746505.30193,2,1680,1050
19,2,17853,1779746505.3186,2,1680,1050
19,2,17854,1779746505.33526,2,1680,1050
19,2,17855,1779746505.35193,2,1680,1050
19,2,17856,1779746505.3686,2,1680,1050
19,2,17857,1779746505.38526,2,1680,1050
19,2,17858,1779746505.40193,2,1680,1050
19,2,17859,1779746505.41859,2,1680,1050
19,2,17860,1779746505.43526,2,1680,1050
19,2,17861,1779746505.45193,2,1680,1050
19,2,17862,1779746505.46859,2,1680,1050
19,2,17863,1779746505.48526,2,1680,1050
19,2,17864,1779746505.50192,2,1680,1050
19,2,17865,1779746505.51859,2,1680,1050
19,2,17866,1779746505.53526,2,1680,1050
19,2,17867,1779746505.55192,2,1680,1050
19,2,17868,1779746505.56859,2,1680,1050
19,2,17869,1779746505.58526,2,1680,1050
19,2,17870,1779746505.60192,2,1680,1050
19,2,17871,1779746505.61859,2,1680,1050
19,2,17872,1779746505.63525,2,1680,1050
19,2,17873,1779746505.65192,2,1680,1050
19,2,17874,1779746505.66858,2,1680,1050
19,2,17875,1779746505.68525,2,1680,1050
19,2,17876,1779746505.70192,2,1680,1050
19,2,17877,1779746505.71858,2,1680,1050
19,2,17878,1779746505.73525,2,1680,1050
19,2,17879,1779746505.75192,2,1680,1050
19,2,17880,1779746505.76858,2,1680,1050
19,2,17881,1779746505.78525,2,1680,1050
19,2,17882,1779746505.80191,1,1680,1050
19,2,17883,1779746505.81858,1,1680,1050
19,2,17884,1779746505.83525,1,1680,1050
19,2,17885,1779746505.85191,1,1680,1050
19,2,17886,1779746505.86858,1,1680,1050
19,2,17887,1779746505.88524,1,1680,1050
19,2,17888,1779746505.90191,1,1680,1050
19,2,17889,1779746505.91858,1,1680,1050
19,2,17890,1779746505.93524,1,1680,1050
19,2,17891,1779746505.95191,1,1680,1050
19,2,17892,1779746505.96858,1,1680,1050
19,2,17893,1779746505.98524,1,1680,1050
19,2,17894,1779746506.00191,1,1680,1050
19,2,17895,1779746506.01857,1,1680,1050
19,2,17896,1779746506.03524,1,1680,1050
19,2,17897,1779746506.05191,1,1680,1050
19,2,17898,1779746506.06857,1,1680,1050
19,2,17899,1779746506.08524,1,1680,1050
19,2,17900,1779746506.1019,1,1680,1050
19,2,17901,1779746506.11857,1,1680,1050
19,2,17902,1779746506.13524,1,1680,1050
19,2,17903,1779746506.1519,1,1680,1050
19,2,17904,1779746506.16857,1,1680,1050
19,2,17905,1779746506.18523,1,1680,1050
19,2,17906,1779746506.2019,1,1680,1050
19,2,17907,1779746506.21857,1,1680,1050
19,2,17908,1779746506.23523,1,1680,1050
19,2,17909,1779746506.2519,1,1680,1050
19,2,17910,1779746506.26856,1,1680,1050
19,2,17911,1779746506.28523,1,1680,1050
19,2,17912,1779746506.3019,1,1680,1050
19,2,17913,1779746506.31856,1,1680,1050
19,2,17914,1779746506.33523,1,1680,1050
19,2,17915,1779746506.35189,1,1680,1050
19,2,17916,1779746506.36856,1,1680,1050
19,2,17917,1779746506.38523,1,1680,1050
19,2,17918,1779746506.40189,1,1680,1050
19,2,17919,1779746506.41856,1,1680,1050
19,2,17920,1779746506.43523,1,1680,1050
19,2,17921,1779746506.45189,1,1680,1050
19,2,17922,1779746506.46856,1,1680,1050
19,2,17923,1779746506.48522,1,1680,1050
19,2,17924,1779746506.50189,1,1680,1050
19,2,17925,1779746506.51855,1,1680,1050
19,2,17926,1779746506.53522,1,1680,1050
19,2,17927,1779746506.55189,1,1680,1050
19,2,17928,1779746506.56855,1,1680,1050
19,2,17929,1779746506.58522,1,1680,1050
19,2,17930,1779746506.60189,1,1680,1050
19,2,17931,1779746506.61855,1,1680,1050
19,2,17932,1779746506.63522,1,1680,1050
19,2,17933,1779746506.65188,1,1680,1050
19,2,17934,1779746506.66855,1,1680,1050
19,2,17935,1779746506.68522,1,1680,1050
19,2,17936,1779746506.70188,1,1680,1050
19,2,17937,1779746506.71855,1,1680,1050
19,2,17938,1779746506.73522,1,1680,1050
19,2,17939,1779746506.75188,1,1680,1050
19,2,17940,1779746506.76855,1,1680,1050
19,2,17941,1779746506.78521,1,1680,1050
19,2,17942,1779746506.80188,1,1680,1050
19,2,17943,1779746506.81855,1,1680,1050
19,2,17944,1779746506.83521,1,1680,1050
19,2,17945,1779746506.85188,1,1680,1050
19,2,17946,1779746506.86854,1,1680,1050
19,2,17947,1779746506.88521,1,1680,1050
19,2,17948,1779746506.90188,1,1680,1050
19,2,17949,1779746506.91854,1,1680,1050
19,2,17950,1779746506.93521,1,1680,1050
19,2,17951,1779746506.95187,1,1680,1050
19,2,17952,1779746506.96854,1,1680,1050
19,2,17953,1779746506.98521,1,1680,1050
19,2,17954,1779746507.00187,1,1680,1050
19,2,17955,1779746507.01854,1,1680,1050
19,2,17956,1779746507.03521,1,1680,1050
19,2,17957,1779746507.05187,1,1680,1050
19,2,17958,1779746507.06854,1,1680,1050
19,2,17959,1779746507.0852,1,1680,1050
19,2,17960,1779746507.10187,1,1680,1050
19,2,17961,1779746507.11854,1,1680,1050
19,2,17962,1779746507.1352,1,1680,1050
19,2,17963,1779746507.15187,1,1680,1050
19,2,17964,1779746507.16853,1,1680,1050
19,2,17965,1779746507.1852,1,1680,1050
19,2,17966,1779746507.20187,1,1680,1050
19,2,17967,1779746507.21853,1,1680,1050
19,2,17968,1779746507.2352,1,1680,1050
19,2,17969,1779746507.25186,1,1680,1050
19,2,17970,1779746507.26853,1,1680,1050
19,2,17971,1779746507.2852,1,1680,1050
19,2,17972,1779746507.30186,1,1680,1050
19,2,17973,1779746507.31853,1,1680,1050
19,2,17974,1779746507.33519,1,1680,1050
19,2,17975,1779746507.35186,1,1680,1050
19,2,17976,1779746507.36853,1,1680,1050
19,2,17977,1779746507.38519,1,1680,1050
19,2,17978,1779746507.40186,1,1680,1050
19,2,17979,1779746507.41852,1,1680,1050
19,2,17980,1779746507.43519,1,1680,1050
19,2,17981,1779746507.45186,1,1680,1050
19,2,17982,1779746507.46852,1,1680,1050
19,2,17983,1779746507.48519,1,1680,1050
19,2,17984,1779746507.50186,1,1680,1050
19,2,17985,1779746507.51852,1,1680,1050
19,2,17986,1779746507.53519,1,1680,1050
19,2,17987,1779746507.55185,1,1680,1050
19,2,17988,1779746507.56852,1,1680,1050
19,2,17989,1779746507.58518,1,1680,1050
19,2,17990,1779746507.60185,1,1680,1050
19,2,17991,1779746507.61852,1,1680,1050
19,2,17992,1779746507.63518,1,1680,1050
19,2,17993,1779746507.65185,1,1680,1050
19,2,17994,1779746507.66852,1,1680,1050
19,2,17995,1779746507.68518,1,1680,1050
19,2,17996,1779746507.70185,1,1680,1050
19,2,17997,1779746507.71851,1,1680,1050
19,2,17998,1779746507.73518,1,1680,1050
19,2,17999,1779746507.75185,1,1680,1050
19,2,18000,1779746507.76851,1,1680,1050
19,2,18001,1779746507.78518,1,1680,1050
19,2,18002,1779746507.80185,1,1680,1050
19,2,18003,1779746507.81851,1,1680,1050
19,2,18004,1779746507.83518,1,1680,1050
19,2,18005,1779746507.85184,1,1680,1050
19,2,18006,1779746507.86851,1,1680,1050
19,2,18007,1779746507.88518,1,1680,1050
19,2,18008,1779746507.90184,1,1680,1050
19,2,18009,1779746507.91851,1,1680,1050
19,2,18010,1779746507.93517,1,1680,1050
19,2,18011,1779746507.95184,1,1680,1050
19,2,18012,1779746507.96851,1,1680,1050
19,2,18013,1779746507.98517,1,1680,1050
19,2,18014,1779746508.00184,1,1680,1050
19,2,18015,1779746508.0185,1,1680,1050
19,2,18016,1779746508.03517,1,1680,1050
19,2,18017,1779746508.05184,1,1680,1050
19,2,18018,1779746508.0685,1,1680,1050
19,2,18019,1779746508.08517,1,1680,1050
19,2,18020,1779746508.10183,1,1680,1050
19,2,18021,1779746508.1185,1,1680,1050
19,2,18022,1779746508.13517,1,1680,1050
19,2,18023,1779746508.15183,1,1680,1050
19,2,18024,1779746508.1685,1,1680,1050
19,2,18025,1779746508.18516,1,1680,1050
19,2,18026,1779746508.20183,1,1680,1050
19,2,18027,1779746508.2185,1,1680,1050
19,2,18028,1779746508.23516,1,1680,1050
19,2,18029,1779746508.25183,1,1680,1050
19,2,18030,1779746508.2685,1,1680,1050
19,2,18031,1779746508.28516,1,1680,1050
19,2,18032,1779746508.30183,1,1680,1050
19,2,18033,1779746508.31849,1,1680,1050
19,2,18034,1779746508.33516,1,1680,1050
19,2,18035,1779746508.35183,1,1680,1050
19,2,18036,1779746508.36849,1,1680,1050
19,2,18037,1779746508.38516,1,1680,1050
19,2,18038,1779746508.40182,1,1680,1050
19,2,18039,1779746508.41849,1,1680,1050
19,2,18040,1779746508.43516,1,1680,1050
19,2,18041,1779746508.45182,1,1680,1050
19,2,18042,1779746508.46849,1,1680,1050
19,2,18043,1779746508.48515,1,1680,1050
19,2,18044,1779746508.50182,1,1680,1050
19,2,18045,1779746508.51849,1,1680,1050
19,2,18046,1779746508.53515,1,1680,1050
19,2,18047,1779746508.55182,1,1680,1050
19,2,18048,1779746508.56848,1,1680,1050
19,2,18049,1779746508.58515,1,1680,1050
19,2,18050,1779746508.60182,1,1680,1050
19,2,18051,1779746508.61848,1,1680,1050
19,2,18052,1779746508.63515,1,1680,1050
19,2,18053,1779746508.65182,1,1680,1050
19,2,18054,1779746508.66848,1,1680,1050
19,2,18055,1779746508.68515,1,1680,1050
19,2,18056,1779746508.70181,1,1680,1050
19,2,18057,1779746508.71848,1,1680,1050
19,2,18058,1779746508.73515,1,1680,1050
19,2,18059,1779746508.75181,1,1680,1050
19,2,18060,1779746508.76848,1,1680,1050
19,2,18061,1779746508.78514,1,1680,1050
19,2,18062,1779746508.80181,1,1680,1050
19,2,18063,1779746508.81848,1,1680,1050
19,2,18064,1779746508.83514,1,1680,1050
19,2,18065,1779746508.85181,1,1680,1050
19,2,18066,1779746508.86847,1,1680,1050
19,2,18067,1779746508.88514,1,1680,1050
19,2,18068,1779746508.90181,1,1680,1050
19,2,18069,1779746508.91847,1,1680,1050
19,2,18070,1779746508.93514,1,1680,1050
19,2,18071,1779746508.9518,1,1680,1050
19,2,18072,1779746508.96847,1,1680,1050
19,2,18073,1779746508.98513,1,1680,1050
19,2,18074,1779746509.0018,1,1680,1050
19,2,18075,1779746509.01847,1,1680,1050
19,2,18076,1779746509.03514,1,1680,1050
19,2,18077,1779746509.0518,1,1680,1050
19,2,18078,1779746509.06847,1,1680,1050
19,2,18079,1779746509.08513,1,1680,1050
19,2,18080,1779746509.1018,1,1680,1050
19,2,18081,1779746509.11847,1,1680,1050
19,2,18082,1779746509.13513,1,1680,1050
19,2,18083,1779746509.1518,1,1680,1050
19,2,18084,1779746509.16846,1,1680,1050
19,2,18085,1779746509.18513,1,1680,1050
19,2,18086,1779746509.2018,1,1680,1050
19,2,18087,1779746509.21846,1,1680,1050
19,2,18088,1779746509.23513,1,1680,1050
19,2,18089,1779746509.2518,1,1680,1050
19,2,18090,1779746509.26846,1,1680,1050
19,2,18091,1779746509.28513,1,1680,1050
19,2,18092,1779746509.30179,1,1680,1050
19,2,18093,1779746509.31846,1,1680,1050
19,2,18094,1779746509.33512,1,1680,1050
19,2,18095,1779746509.35179,1,1680,1050
19,2,18096,1779746509.36846,1,1680,1050
19,2,18097,1779746509.38512,1,1680,1050
19,2,18098,1779746509.40179,1,1680,1050
19,2,18099,1779746509.41845,1,1680,1050
19,2,18100,1779746509.43512,1,1680,1050
19,2,18101,1779746509.45179,1,1680,1050
19,2,18102,1779746509.46845,1,1680,1050
19,2,18103,1779746509.48512,1,1680,1050
19,2,18104,1779746509.50179,1,1680,1050
19,2,18105,1779746509.51845,1,1680,1050
19,2,18106,1779746509.53512,1,1680,1050
19,2,18107,1779746509.55178,1,1680,1050
19,2,18108,1779746509.56845,1,1680,1050
19,2,18109,1779746509.58512,1,1680,1050
19,2,18110,1779746509.60178,1,1680,1050
19,2,18111,1779746509.61845,1,1680,1050
19,2,18112,1779746509.63512,1,1680,1050
19,2,18113,1779746509.65178,1,1680,1050
19,2,18114,1779746509.66845,1,1680,1050
19,2,18115,1779746509.68511,1,1680,1050
19,2,18116,1779746509.70178,1,1680,1050
19,2,18117,1779746509.71845,1,1680,1050
19,2,18118,1779746509.73511,1,1680,1050
19,2,18119,1779746509.75178,1,1680,1050
19,2,18120,1779746509.76844,1,1680,1050
19,2,18121,1779746509.78511,1,1680,1050
19,2,18122,1779746509.80177,2,1680,1050
19,2,18123,1779746509.81844,2,1680,1050
19,2,18124,1779746509.83511,2,1680,1050
19,2,18125,1779746509.85177,2,1680,1050
19,2,18126,1779746509.86844,2,1680,1050
19,2,18127,1779746509.88511,2,1680,1050
19,2,18128,1779746509.90177,2,1680,1050
19,2,18129,1779746509.91844,2,1680,1050
19,2,18130,1779746509.9351,2,1680,1050
19,2,18131,1779746509.95177,2,1680,1050
19,2,18132,1779746509.96844,2,1680,1050
19,2,18133,1779746509.9851,2,1680,1050
19,2,18134,1779746510.00177,2,1680,1050
19,2,18135,1779746510.01844,2,1680,1050
19,2,18136,1779746510.0351,2,1680,1050
19,2,18137,1779746510.05177,2,1680,1050
19,2,18138,1779746510.06843,2,1680,1050
19,2,18139,1779746510.0851,2,1680,1050
19,2,18140,1779746510.10177,2,1680,1050
19,2,18141,1779746510.11843,2,1680,1050
19,2,18142,1779746510.1351,2,1680,1050
19,2,18143,1779746510.15176,2,1680,1050
19,2,18144,1779746510.16843,2,1680,1050
19,2,18145,1779746510.1851,2,1680,1050
19,2,18146,1779746510.20176,2,1680,1050
19,2,18147,1779746510.21843,2,1680,1050
19,2,18148,1779746510.23509,2,1680,1050
19,2,18149,1779746510.25176,2,1680,1050
19,2,18150,1779746510.26843,2,1680,1050
19,2,18151,1779746510.28509,2,1680,1050
19,2,18152,1779746510.30176,2,1680,1050
19,2,18153,1779746510.31842,2,1680,1050
19,2,18154,1779746510.33509,2,1680,1050
19,2,18155,1779746510.35176,2,1680,1050
19,2,18156,1779746510.36842,2,1680,1050
19,2,18157,1779746510.38509,2,1680,1050
19,2,18158,1779746510.40175,2,1680,1050
19,2,18159,1779746510.41842,2,1680,1050
19,2,18160,1779746510.43509,2,1680,1050
19,2,18161,1779746510.45175,2,1680,1050
19,2,18162,1779746510.46842,2,1680,1050
19,2,18163,1779746510.48508,2,1680,1050
19,2,18164,1779746510.50175,2,1680,1050
19,2,18165,1779746510.51842,2,1680,1050
19,2,18166,1779746510.53508,2,1680,1050
19,2,18167,1779746510.55175,2,1680,1050
19,2,18168,1779746510.56842,2,1680,1050
19,2,18169,1779746510.58508,2,1680,1050
19,2,18170,1779746510.60175,2,1680,1050
19,2,18171,1779746510.61841,2,1680,1050
19,2,18172,1779746510.63508,2,1680,1050
19,2,18173,1779746510.65175,2,1680,1050
19,2,18174,1779746510.66841,2,1680,1050
19,2,18175,1779746510.68508,2,1680,1050
19,2,18176,1779746510.70174,2,1680,1050
19,2,18177,1779746510.71841,2,1680,1050
19,2,18178,1779746510.73508,2,1680,1050
19,2,18179,1779746510.75174,2,1680,1050
19,2,18180,1779746510.76841,2,1680,1050
19,2,18181,1779746510.78508,2,1680,1050
19,2,18182,1779746510.80174,2,1680,1050
19,2,18183,1779746510.81841,2,1680,1050
19,2,18184,1779746510.83507,2,1680,1050
19,2,18185,1779746510.85174,2,1680,1050
19,2,18186,1779746510.86841,2,1680,1050
19,2,18187,1779746510.88507,2,1680,1050
19,2,18188,1779746510.90174,2,1680,1050
19,2,18189,1779746510.9184,2,1680,1050
19,2,18190,1779746510.93507,2,1680,1050
19,2,18191,1779746510.95174,2,1680,1050
19,2,18192,1779746510.9684,2,1680,1050
19,2,18193,1779746510.98507,2,1680,1050
19,2,18194,1779746511.00173,2,1680,1050
19,2,18195,1779746511.0184,2,1680,1050
19,2,18196,1779746511.03507,2,1680,1050
19,2,18197,1779746511.05173,2,1680,1050
19,2,18198,1779746511.0684,2,1680,1050
19,2,18199,1779746511.08506,2,1680,1050
19,2,18200,1779746511.10173,2,1680,1050
19,2,18201,1779746511.1184,2,1680,1050
19,2,18202,1779746511.13506,2,1680,1050
19,2,18203,1779746511.15173,2,1680,1050
19,2,18204,1779746511.1684,2,1680,1050
19,2,18205,1779746511.18506,2,1680,1050
19,2,18206,1779746511.20173,2,1680,1050
19,2,18207,1779746511.21839,2,1680,1050
19,2,18208,1779746511.23506,2,1680,1050
19,2,18209,1779746511.25172,2,1680,1050
19,2,18210,1779746511.26839,2,1680,1050
19,2,18211,1779746511.28506,2,1680,1050
19,2,18212,1779746511.30172,2,1680,1050
19,2,18213,1779746511.31839,2,1680,1050
19,2,18214,1779746511.33506,2,1680,1050
19,2,18215,1779746511.35172,2,1680,1050
19,2,18216,1779746511.36839,2,1680,1050
19,2,18217,1779746511.38505,2,1680,1050
19,2,18218,1779746511.40172,2,1680,1050
19,2,18219,1779746511.41839,2,1680,1050
19,2,18220,1779746511.43505,2,1680,1050
19,2,18221,1779746511.45172,2,1680,1050
19,2,18222,1779746511.46838,2,1680,1050
19,2,18223,1779746511.48505,2,1680,1050
19,2,18224,1779746511.50172,2,1680,1050
19,2,18225,1779746511.51838,2,1680,1050
19,2,18226,1779746511.53505,2,1680,1050
19,2,18227,1779746511.55172,2,1680,1050
19,2,18228,1779746511.56838,2,1680,1050
19,2,18229,1779746511.58505,2,1680,1050
19,2,18230,1779746511.60171,2,1680,1050
19,2,18231,1779746511.61838,2,1680,1050
19,2,18232,1779746511.63505,2,1680,1050
19,2,18233,1779746511.65171,2,1680,1050
19,2,18234,1779746511.66838,2,1680,1050
19,2,18235,1779746511.68504,2,1680,1050
19,2,18236,1779746511.70171,2,1680,1050
19,2,18237,1779746511.71838,2,1680,1050
19,2,18238,1779746511.73504,2,1680,1050
19,2,18239,1779746511.75171,2,1680,1050
19,2,18240,1779746511.76837,2,1680,1050
19,2,18241,1779746511.78504,2,1680,1050
