day,run,frame_index,timestamp,frame_type,screenX,screenY
17,2,1,1779661593.31784,0,1680,1050
17,2,2,1779661593.34374,-1,1680,1050
17,2,3,1779661593.36456,-1,1680,1050
17,2,4,1779661593.38538,-1,1680,1050
17,2,5,1779661593.40619,-1,1680,1050
17,2,6,1779661593.42702,-1,1680,1050
17,2,7,1779661593.44784,-1,1680,1050
17,2,8,1779661593.46865,-1,1680,1050
17,2,9,1779661593.48947,-1,1680,1050
17,2,10,1779661593.51029,-1,1680,1050
17,2,11,1779661593.53111,-1,1680,1050
17,2,12,1779661593.55193,-1,1680,1050
17,2,13,1779661593.57275,-1,1680,1050
17,2,14,1779661593.59357,-1,1680,1050
17,2,15,1779661593.61439,-1,1680,1050
17,2,16,1779661593.63521,-1,1680,1050
17,2,17,1779661593.65603,-1,1680,1050
17,2,18,1779661593.67685,-1,1680,1050
17,2,19,1779661593.69767,-1,1680,1050
17,2,20,1779661593.71849,-1,1680,1050
17,2,21,1779661593.73931,-1,1680,1050
17,2,22,1779661593.76013,-1,1680,1050
17,2,23,1779661593.78094,-1,1680,1050
17,2,24,1779661593.80176,-1,1680,1050
17,2,25,1779661593.82258,-1,1680,1050
17,2,26,1779661593.8434,-1,1680,1050
17,2,27,1779661593.86422,-1,1680,1050
17,2,28,1779661593.88504,-1,1680,1050
17,2,29,1779661593.90586,-1,1680,1050
17,2,30,1779661593.92668,-1,1680,1050
17,2,31,1779661593.9475,-1,1680,1050
17,2,32,1779661593.96832,-1,1680,1050
17,2,33,1779661593.98914,-1,1680,1050
17,2,34,1779661594.00996,-1,1680,1050
17,2,35,1779661594.03078,-1,1680,1050
17,2,36,1779661594.0516,-1,1680,1050
17,2,37,1779661594.07242,-1,1680,1050
17,2,38,1779661594.09324,-1,1680,1050
17,2,39,1779661594.11406,-1,1680,1050
17,2,40,1779661594.13488,-1,1680,1050
17,2,41,1779661594.1557,-1,1680,1050
17,2,42,1779661594.17651,-1,1680,1050
17,2,43,1779661594.19733,-1,1680,1050
17,2,44,1779661594.21815,-1,1680,1050
17,2,45,1779661594.23897,-1,1680,1050
17,2,46,1779661594.25979,-1,1680,1050
17,2,47,1779661594.28061,-1,1680,1050
17,2,48,1779661594.30143,-1,1680,1050
17,2,49,1779661594.32225,-1,1680,1050
17,2,50,1779661594.34307,-1,1680,1050
17,2,51,1779661594.36389,-1,1680,1050
17,2,52,1779661594.38471,-1,1680,1050
17,2,53,1779661594.40553,-1,1680,1050
17,2,54,1779661594.42635,-1,1680,1050
17,2,55,1779661594.44717,-1,1680,1050
17,2,56,1779661594.46799,-1,1680,1050
17,2,57,1779661594.48881,-1,1680,1050
17,2,58,1779661594.50962,-1,1680,1050
17,2,59,1779661594.53044,-1,1680,1050
17,2,60,1779661594.55126,-1,1680,1050
17,2,61,1779661594.57208,-1,1680,1050
17,2,62,1779661594.5929,-1,1680,1050
17,2,63,1779661594.61372,-1,1680,1050
17,2,64,1779661594.63454,-1,1680,1050
17,2,65,1779661594.65536,-1,1680,1050
17,2,66,1779661594.67618,-1,1680,1050
17,2,67,1779661594.697,-1,1680,1050
17,2,68,1779661594.71782,-1,1680,1050
17,2,69,1779661594.73864,-1,1680,1050
17,2,70,1779661594.75946,-1,1680,1050
17,2,71,1779661594.78028,-1,1680,1050
17,2,72,1779661594.8011,-1,1680,1050
17,2,73,1779661594.82192,-1,1680,1050
17,2,74,1779661594.84274,-1,1680,1050
17,2,75,1779661594.86356,-1,1680,1050
17,2,76,1779661594.88437,-1,1680,1050
17,2,77,1779661594.9052,-1,1680,1050
17,2,78,1779661594.92601,-1,1680,1050
17,2,79,1779661594.94683,-1,1680,1050
17,2,80,1779661594.96765,-1,1680,1050
17,2,81,1779661594.98847,-1,1680,1050
17,2,82,1779661595.00929,-1,1680,1050
17,2,83,1779661595.03011,-1,1680,1050
17,2,84,1779661595.05093,-1,1680,1050
17,2,85,1779661595.07175,-1,1680,1050
17,2,86,1779661595.09257,-1,1680,1050
17,2,87,1779661595.11339,-1,1680,1050
17,2,88,1779661595.13421,-1,1680,1050
17,2,89,1779661595.15503,-1,1680,1050
17,2,90,1779661595.17585,-1,1680,1050
17,2,91,1779661595.19667,-1,1680,1050
17,2,92,1779661595.21749,-1,1680,1050
17,2,93,1779661595.23831,-1,1680,1050
17,2,94,1779661595.25913,-1,1680,1050
17,2,95,1779661595.27994,-1,1680,1050
17,2,96,1779661595.30076,-1,1680,1050
17,2,97,1779661595.32158,-1,1680,1050
17,2,98,1779661595.3424,-1,1680,1050
17,2,99,1779661595.36322,-1,1680,1050
17,2,100,1779661595.38404,-1,1680,1050
17,2,101,1779661595.40486,-1,1680,1050
17,2,102,1779661595.42568,-1,1680,1050
17,2,103,1779661595.4465,-1,1680,1050
17,2,104,1779661595.46732,-1,1680,1050
17,2,105,1779661595.48814,-1,1680,1050
17,2,106,1779661595.50896,-1,1680,1050
17,2,107,1779661595.52978,-1,1680,1050
17,2,108,1779661595.5506,-1,1680,1050
17,2,109,1779661595.57142,-1,1680,1050
17,2,110,1779661595.59224,-1,1680,1050
17,2,111,1779661595.61305,-1,1680,1050
17,2,112,1779661595.63388,-1,1680,1050
17,2,113,1779661595.65469,-1,1680,1050
17,2,114,1779661595.67551,-1,1680,1050
17,2,115,1779661595.69633,-1,1680,1050
17,2,116,1779661595.71715,-1,1680,1050
17,2,117,1779661595.73797,-1,1680,1050
17,2,118,1779661595.75879,-1,1680,1050
17,2,119,1779661595.77961,-1,1680,1050
17,2,120,1779661595.80043,-1,1680,1050
17,2,121,1779661595.82125,-1,1680,1050
17,2,122,1779661595.84207,-1,1680,1050
17,2,123,1779661595.86289,-1,1680,1050
17,2,124,1779661595.88371,-1,1680,1050
17,2,125,1779661595.90453,-1,1680,1050
17,2,126,1779661595.92535,-1,1680,1050
17,2,127,1779661595.94617,-1,1680,1050
17,2,128,1779661595.96699,-1,1680,1050
17,2,129,1779661595.98781,-1,1680,1050
17,2,130,1779661596.00862,-1,1680,1050
17,2,131,1779661596.02944,-1,1680,1050
17,2,132,1779661596.05026,-1,1680,1050
17,2,133,1779661596.07108,-1,1680,1050
17,2,134,1779661596.0919,-1,1680,1050
17,2,135,1779661596.11272,-1,1680,1050
17,2,136,1779661596.13354,-1,1680,1050
17,2,137,1779661596.15436,-1,1680,1050
17,2,138,1779661596.17518,-1,1680,1050
17,2,139,1779661596.196,-1,1680,1050
17,2,140,1779661596.21682,-1,1680,1050
17,2,141,1779661596.23764,-1,1680,1050
17,2,142,1779661596.25846,-1,1680,1050
17,2,143,1779661596.27928,-1,1680,1050
17,2,144,1779661596.3001,-1,1680,1050
17,2,145,1779661596.32092,-1,1680,1050
17,2,146,1779661596.34173,1,1680,1050
17,2,147,1779661596.36256,1,1680,1050
17,2,148,1779661596.38337,1,1680,1050
17,2,149,1779661596.40419,1,1680,1050
17,2,150,1779661596.42501,1,1680,1050
17,2,151,1779661596.44583,1,1680,1050
17,2,152,1779661596.46665,1,1680,1050
17,2,153,1779661596.48747,1,1680,1050
17,2,154,1779661596.50829,1,1680,1050
17,2,155,1779661596.52911,1,1680,1050
17,2,156,1779661596.54993,1,1680,1050
17,2,157,1779661596.57075,1,1680,1050
17,2,158,1779661596.59157,1,1680,1050
17,2,159,1779661596.61239,1,1680,1050
17,2,160,1779661596.63321,1,1680,1050
17,2,161,1779661596.65403,1,1680,1050
17,2,162,1779661596.67485,1,1680,1050
17,2,163,1779661596.69567,1,1680,1050
17,2,164,1779661596.71648,1,1680,1050
17,2,165,1779661596.7373,1,1680,1050
17,2,166,1779661596.75812,1,1680,1050
17,2,167,1779661596.77894,1,1680,1050
17,2,168,1779661596.79976,1,1680,1050
17,2,169,1779661596.82058,1,1680,1050
17,2,170,1779661596.8414,1,1680,1050
17,2,171,1779661596.86222,1,1680,1050
17,2,172,1779661596.88304,1,1680,1050
17,2,173,1779661596.90386,1,1680,1050
17,2,174,1779661596.92468,1,1680,1050
17,2,175,1779661596.9455,1,1680,1050
17,2,176,1779661596.96632,1,1680,1050
17,2,177,1779661596.98714,1,1680,1050
17,2,178,1779661597.00796,1,1680,1050
17,2,179,1779661597.02878,1,1680,1050
17,2,180,1779661597.0496,1,1680,1050
17,2,181,1779661597.07042,1,1680,1050
17,2,182,1779661597.09123,1,1680,1050
17,2,183,1779661597.11205,1,1680,1050
17,2,184,1779661597.13287,1,1680,1050
17,2,185,1779661597.15369,1,1680,1050
17,2,186,1779661597.17451,1,1680,1050
17,2,187,1779661597.19533,1,1680,1050
17,2,188,1779661597.21615,1,1680,1050
17,2,189,1779661597.23697,1,1680,1050
17,2,190,1779661597.25779,1,1680,1050
17,2,191,1779661597.27861,1,1680,1050
17,2,192,1779661597.29943,1,1680,1050
17,2,193,1779661597.32025,1,1680,1050
17,2,194,1779661597.34107,1,1680,1050
17,2,195,1779661597.36189,1,1680,1050
17,2,196,1779661597.38271,1,1680,1050
17,2,197,1779661597.40353,1,1680,1050
17,2,198,1779661597.42435,1,1680,1050
17,2,199,1779661597.44516,1,1680,1050
17,2,200,1779661597.46598,1,1680,1050
17,2,201,1779661597.4868,1,1680,1050
17,2,202,1779661597.50762,1,1680,1050
17,2,203,1779661597.52844,1,1680,1050
17,2,204,1779661597.54926,1,1680,1050
17,2,205,1779661597.57008,1,1680,1050
17,2,206,1779661597.5909,1,1680,1050
17,2,207,1779661597.61172,1,1680,1050
17,2,208,1779661597.63254,1,1680,1050
17,2,209,1779661597.65336,1,1680,1050
17,2,210,1779661597.67418,1,1680,1050
17,2,211,1779661597.695,1,1680,1050
17,2,212,1779661597.71582,1,1680,1050
17,2,213,1779661597.73664,1,1680,1050
17,2,214,1779661597.75746,1,1680,1050
17,2,215,1779661597.77828,1,1680,1050
17,2,216,1779661597.7991,1,1680,1050
17,2,217,1779661597.81992,1,1680,1050
17,2,218,1779661597.84073,1,1680,1050
17,2,219,1779661597.86155,1,1680,1050
17,2,220,1779661597.88237,1,1680,1050
17,2,221,1779661597.90319,1,1680,1050
17,2,222,1779661597.92401,1,1680,1050
17,2,223,1779661597.94483,1,1680,1050
17,2,224,1779661597.96565,1,1680,1050
17,2,225,1779661597.98647,1,1680,1050
17,2,226,1779661598.00729,1,1680,1050
17,2,227,1779661598.02811,1,1680,1050
17,2,228,1779661598.04893,1,1680,1050
17,2,229,1779661598.06975,1,1680,1050
17,2,230,1779661598.09057,1,1680,1050
17,2,231,1779661598.11139,1,1680,1050
17,2,232,1779661598.13221,1,1680,1050
17,2,233,1779661598.15303,1,1680,1050
17,2,234,1779661598.17384,1,1680,1050
17,2,235,1779661598.19466,1,1680,1050
17,2,236,1779661598.21548,1,1680,1050
17,2,237,1779661598.2363,1,1680,1050
17,2,238,1779661598.25712,1,1680,1050
17,2,239,1779661598.27794,1,1680,1050
17,2,240,1779661598.29876,1,1680,1050
17,2,241,1779661598.31958,1,1680,1050
17,2,242,1779661598.3404,1,1680,1050
17,2,243,1779661598.36122,1,1680,1050
17,2,244,1779661598.38204,1,1680,1050
17,2,245,1779661598.40286,1,1680,1050
17,2,246,1779661598.42368,1,1680,1050
17,2,247,1779661598.4445,1,1680,1050
17,2,248,1779661598.46532,1,1680,1050
17,2,249,1779661598.48614,1,1680,1050
17,2,250,1779661598.50696,1,1680,1050
17,2,251,1779661598.52778,1,1680,1050
17,2,252,1779661598.54859,1,1680,1050
17,2,253,1779661598.56942,1,1680,1050
17,2,254,1779661598.59023,1,1680,1050
17,2,255,1779661598.61105,1,1680,1050
17,2,256,1779661598.63187,1,1680,1050
17,2,257,1779661598.65269,1,1680,1050
17,2,258,1779661598.67351,1,1680,1050
17,2,259,1779661598.69433,1,1680,1050
17,2,260,1779661598.71515,1,1680,1050
17,2,261,1779661598.73597,1,1680,1050
17,2,262,1779661598.75679,1,1680,1050
17,2,263,1779661598.77761,1,1680,1050
17,2,264,1779661598.79843,1,1680,1050
17,2,265,1779661598.81925,1,1680,1050
17,2,266,1779661598.84007,1,1680,1050
17,2,267,1779661598.86089,1,1680,1050
17,2,268,1779661598.88171,1,1680,1050
17,2,269,1779661598.90253,1,1680,1050
17,2,270,1779661598.92334,1,1680,1050
17,2,271,1779661598.94416,1,1680,1050
17,2,272,1779661598.96498,1,1680,1050
17,2,273,1779661598.9858,1,1680,1050
17,2,274,1779661599.00662,1,1680,1050
17,2,275,1779661599.02744,1,1680,1050
17,2,276,1779661599.04826,1,1680,1050
17,2,277,1779661599.06908,1,1680,1050
17,2,278,1779661599.0899,1,1680,1050
17,2,279,1779661599.11072,1,1680,1050
17,2,280,1779661599.13154,1,1680,1050
17,2,281,1779661599.15236,1,1680,1050
17,2,282,1779661599.17318,1,1680,1050
17,2,283,1779661599.194,1,1680,1050
17,2,284,1779661599.21482,1,1680,1050
17,2,285,1779661599.23564,1,1680,1050
17,2,286,1779661599.25646,1,1680,1050
17,2,287,1779661599.27728,1,1680,1050
17,2,288,1779661599.29809,1,1680,1050
17,2,289,1779661599.31891,1,1680,1050
17,2,290,1779661599.33973,1,1680,1050
17,2,291,1779661599.36055,1,1680,1050
17,2,292,1779661599.38137,1,1680,1050
17,2,293,1779661599.40219,1,1680,1050
17,2,294,1779661599.42301,1,1680,1050
17,2,295,1779661599.44383,1,1680,1050
17,2,296,1779661599.46465,1,1680,1050
17,2,297,1779661599.48547,1,1680,1050
17,2,298,1779661599.50629,1,1680,1050
17,2,299,1779661599.52711,1,1680,1050
17,2,300,1779661599.54793,1,1680,1050
17,2,301,1779661599.56875,1,1680,1050
17,2,302,1779661599.58957,1,1680,1050
17,2,303,1779661599.61039,1,1680,1050
17,2,304,1779661599.63121,1,1680,1050
17,2,305,1779661599.65202,1,1680,1050
17,2,306,1779661599.67284,1,1680,1050
17,2,307,1779661599.69366,1,1680,1050
17,2,308,1779661599.71448,1,1680,1050
17,2,309,1779661599.7353,1,1680,1050
17,2,310,1779661599.75612,1,1680,1050
17,2,311,1779661599.77694,1,1680,1050
17,2,312,1779661599.79776,1,1680,1050
17,2,313,1779661599.81858,1,1680,1050
17,2,314,1779661599.8394,1,1680,1050
17,2,315,1779661599.86022,1,1680,1050
17,2,316,1779661599.88104,1,1680,1050
17,2,317,1779661599.90186,1,1680,1050
17,2,318,1779661599.92268,1,1680,1050
17,2,319,1779661599.9435,1,1680,1050
17,2,320,1779661599.96432,1,1680,1050
17,2,321,1779661599.98514,1,1680,1050
17,2,322,1779661600.00596,1,1680,1050
17,2,323,1779661600.02677,1,1680,1050
17,2,324,1779661600.04759,1,1680,1050
17,2,325,1779661600.06841,1,1680,1050
17,2,326,1779661600.08923,1,1680,1050
17,2,327,1779661600.11005,1,1680,1050
17,2,328,1779661600.13087,1,1680,1050
17,2,329,1779661600.15169,1,1680,1050
17,2,330,1779661600.17251,1,1680,1050
17,2,331,1779661600.19333,1,1680,1050
17,2,332,1779661600.21415,1,1680,1050
17,2,333,1779661600.23497,1,1680,1050
17,2,334,1779661600.25579,1,1680,1050
17,2,335,1779661600.27661,1,1680,1050
17,2,336,1779661600.29743,1,1680,1050
17,2,337,1779661600.31825,1,1680,1050
17,2,338,1779661600.33907,2,1680,1050
17,2,339,1779661600.35989,2,1680,1050
17,2,340,1779661600.38071,2,1680,1050
17,2,341,1779661600.40152,2,1680,1050
17,2,342,1779661600.42234,2,1680,1050
17,2,343,1779661600.44316,2,1680,1050
17,2,344,1779661600.46398,2,1680,1050
17,2,345,1779661600.4848,2,1680,1050
17,2,346,1779661600.50562,2,1680,1050
17,2,347,1779661600.52644,2,1680,1050
17,2,348,1779661600.54726,2,1680,1050
17,2,349,1779661600.56808,2,1680,1050
17,2,350,1779661600.5889,2,1680,1050
17,2,351,1779661600.60972,2,1680,1050
17,2,352,1779661600.63054,2,1680,1050
17,2,353,1779661600.65136,2,1680,1050
17,2,354,1779661600.67218,2,1680,1050
17,2,355,1779661600.693,2,1680,1050
17,2,356,1779661600.71382,2,1680,1050
17,2,357,1779661600.73463,2,1680,1050
17,2,358,1779661600.75545,2,1680,1050
17,2,359,1779661600.77627,2,1680,1050
17,2,360,1779661600.79709,2,1680,1050
17,2,361,1779661600.81791,2,1680,1050
17,2,362,1779661600.83873,2,1680,1050
17,2,363,1779661600.85955,2,1680,1050
17,2,364,1779661600.88037,2,1680,1050
17,2,365,1779661600.90119,2,1680,1050
17,2,366,1779661600.92201,2,1680,1050
17,2,367,1779661600.94283,2,1680,1050
17,2,368,1779661600.96365,2,1680,1050
17,2,369,1779661600.98447,2,1680,1050
17,2,370,1779661601.00529,2,1680,1050
17,2,371,1779661601.02611,2,1680,1050
17,2,372,1779661601.04693,2,1680,1050
17,2,373,1779661601.06775,2,1680,1050
17,2,374,1779661601.08857,2,1680,1050
17,2,375,1779661601.10939,2,1680,1050
17,2,376,1779661601.1302,2,1680,1050
17,2,377,1779661601.15102,2,1680,1050
17,2,378,1779661601.17184,2,1680,1050
17,2,379,1779661601.19266,2,1680,1050
17,2,380,1779661601.21348,2,1680,1050
17,2,381,1779661601.2343,2,1680,1050
17,2,382,1779661601.25512,2,1680,1050
17,2,383,1779661601.27594,2,1680,1050
17,2,384,1779661601.29676,2,1680,1050
17,2,385,1779661601.31758,2,1680,1050
17,2,386,1779661601.3384,2,1680,1050
17,2,387,1779661601.35922,2,1680,1050
17,2,388,1779661601.38004,2,1680,1050
17,2,389,1779661601.40086,2,1680,1050
17,2,390,1779661601.42168,2,1680,1050
17,2,391,1779661601.4425,2,1680,1050
17,2,392,1779661601.46332,2,1680,1050
17,2,393,1779661601.48413,2,1680,1050
17,2,394,1779661601.50495,2,1680,1050
17,2,395,1779661601.52577,2,1680,1050
17,2,396,1779661601.54659,2,1680,1050
17,2,397,1779661601.56741,2,1680,1050
17,2,398,1779661601.58823,2,1680,1050
17,2,399,1779661601.60905,2,1680,1050
17,2,400,1779661601.62987,2,1680,1050
17,2,401,1779661601.65069,2,1680,1050
17,2,402,1779661601.67151,2,1680,1050
17,2,403,1779661601.69233,2,1680,1050
17,2,404,1779661601.71315,2,1680,1050
17,2,405,1779661601.73397,2,1680,1050
17,2,406,1779661601.75479,2,1680,1050
17,2,407,1779661601.77561,2,1680,1050
17,2,408,1779661601.79643,2,1680,1050
17,2,409,1779661601.81725,2,1680,1050
17,2,410,1779661601.83807,2,1680,1050
17,2,411,1779661601.85888,2,1680,1050
17,2,412,1779661601.8797,2,1680,1050
17,2,413,1779661601.90052,2,1680,1050
17,2,414,1779661601.92134,2,1680,1050
17,2,415,1779661601.94216,2,1680,1050
17,2,416,1779661601.96298,2,1680,1050
17,2,417,1779661601.9838,2,1680,1050
17,2,418,1779661602.00462,2,1680,1050
17,2,419,1779661602.02544,2,1680,1050
17,2,420,1779661602.04626,2,1680,1050
17,2,421,1779661602.06708,2,1680,1050
17,2,422,1779661602.0879,2,1680,1050
17,2,423,1779661602.10872,2,1680,1050
17,2,424,1779661602.12954,2,1680,1050
17,2,425,1779661602.15036,2,1680,1050
17,2,426,1779661602.17118,2,1680,1050
17,2,427,1779661602.192,2,1680,1050
17,2,428,1779661602.21282,2,1680,1050
17,2,429,1779661602.23363,2,1680,1050
17,2,430,1779661602.25445,2,1680,1050
17,2,431,1779661602.27527,2,1680,1050
17,2,432,1779661602.29609,2,1680,1050
17,2,433,1779661602.31691,2,1680,1050
17,2,434,1779661602.33773,1,1680,1050
17,2,435,1779661602.35855,1,1680,1050
17,2,436,1779661602.37937,1,1680,1050
17,2,437,1779661602.40019,1,1680,1050
17,2,438,1779661602.42101,1,1680,1050
17,2,439,1779661602.44183,1,1680,1050
17,2,440,1779661602.46265,1,1680,1050
17,2,441,1779661602.48347,1,1680,1050
17,2,442,1779661602.50429,1,1680,1050
17,2,443,1779661602.52511,1,1680,1050
17,2,444,1779661602.54593,1,1680,1050
17,2,445,1779661602.56675,1,1680,1050
17,2,446,1779661602.58757,1,1680,1050
17,2,447,1779661602.60838,1,1680,1050
17,2,448,1779661602.6292,1,1680,1050
17,2,449,1779661602.65002,1,1680,1050
17,2,450,1779661602.67084,1,1680,1050
17,2,451,1779661602.69166,1,1680,1050
17,2,452,1779661602.71248,1,1680,1050
17,2,453,1779661602.7333,1,1680,1050
17,2,454,1779661602.75412,1,1680,1050
17,2,455,1779661602.77494,1,1680,1050
17,2,456,1779661602.79576,1,1680,1050
17,2,457,1779661602.81658,1,1680,1050
17,2,458,1779661602.8374,1,1680,1050
17,2,459,1779661602.85822,1,1680,1050
17,2,460,1779661602.87904,1,1680,1050
17,2,461,1779661602.89986,1,1680,1050
17,2,462,1779661602.92068,1,1680,1050
17,2,463,1779661602.9415,1,1680,1050
17,2,464,1779661602.96231,1,1680,1050
17,2,465,1779661602.98313,1,1680,1050
17,2,466,1779661603.00395,1,1680,1050
17,2,467,1779661603.02477,1,1680,1050
17,2,468,1779661603.04559,1,1680,1050
17,2,469,1779661603.06641,1,1680,1050
17,2,470,1779661603.08723,1,1680,1050
17,2,471,1779661603.10805,1,1680,1050
17,2,472,1779661603.12887,1,1680,1050
17,2,473,1779661603.14969,1,1680,1050
17,2,474,1779661603.17051,1,1680,1050
17,2,475,1779661603.19133,1,1680,1050
17,2,476,1779661603.21215,1,1680,1050
17,2,477,1779661603.23297,1,1680,1050
17,2,478,1779661603.25379,1,1680,1050
17,2,479,1779661603.27461,1,1680,1050
17,2,480,1779661603.29543,1,1680,1050
17,2,481,1779661603.31625,1,1680,1050
17,2,482,1779661603.33706,1,1680,1050
17,2,483,1779661603.35788,1,1680,1050
17,2,484,1779661603.3787,1,1680,1050
17,2,485,1779661603.39952,1,1680,1050
17,2,486,1779661603.42034,1,1680,1050
17,2,487,1779661603.44116,1,1680,1050
17,2,488,1779661603.46198,1,1680,1050
17,2,489,1779661603.4828,1,1680,1050
17,2,490,1779661603.50362,1,1680,1050
17,2,491,1779661603.52444,1,1680,1050
17,2,492,1779661603.54526,1,1680,1050
17,2,493,1779661603.56608,1,1680,1050
17,2,494,1779661603.5869,1,1680,1050
17,2,495,1779661603.60772,1,1680,1050
17,2,496,1779661603.62854,1,1680,1050
17,2,497,1779661603.64936,1,1680,1050
17,2,498,1779661603.67017,1,1680,1050
17,2,499,1779661603.691,1,1680,1050
17,2,500,1779661603.71181,1,1680,1050
17,2,501,1779661603.73263,1,1680,1050
17,2,502,1779661603.75345,1,1680,1050
17,2,503,1779661603.77427,1,1680,1050
17,2,504,1779661603.79509,1,1680,1050
17,2,505,1779661603.81591,1,1680,1050
17,2,506,1779661603.83673,1,1680,1050
17,2,507,1779661603.85755,1,1680,1050
17,2,508,1779661603.87837,1,1680,1050
17,2,509,1779661603.89919,1,1680,1050
17,2,510,1779661603.92001,1,1680,1050
17,2,511,1779661603.94083,1,1680,1050
17,2,512,1779661603.96165,1,1680,1050
17,2,513,1779661603.98247,1,1680,1050
17,2,514,1779661604.00329,1,1680,1050
17,2,515,1779661604.02411,1,1680,1050
17,2,516,1779661604.04492,1,1680,1050
17,2,517,1779661604.06574,1,1680,1050
17,2,518,1779661604.08656,1,1680,1050
17,2,519,1779661604.10738,1,1680,1050
17,2,520,1779661604.1282,1,1680,1050
17,2,521,1779661604.14902,1,1680,1050
17,2,522,1779661604.16984,1,1680,1050
17,2,523,1779661604.19066,1,1680,1050
17,2,524,1779661604.21148,1,1680,1050
17,2,525,1779661604.2323,1,1680,1050
17,2,526,1779661604.25312,1,1680,1050
17,2,527,1779661604.27394,1,1680,1050
17,2,528,1779661604.29476,1,1680,1050
17,2,529,1779661604.31558,1,1680,1050
17,2,530,1779661604.3364,1,1680,1050
17,2,531,1779661604.35722,1,1680,1050
17,2,532,1779661604.37804,1,1680,1050
17,2,533,1779661604.39886,1,1680,1050
17,2,534,1779661604.41968,1,1680,1050
17,2,535,1779661604.44049,1,1680,1050
17,2,536,1779661604.46131,1,1680,1050
17,2,537,1779661604.48213,1,1680,1050
17,2,538,1779661604.50295,1,1680,1050
17,2,539,1779661604.52377,1,1680,1050
17,2,540,1779661604.54459,1,1680,1050
17,2,541,1779661604.56541,1,1680,1050
17,2,542,1779661604.58623,1,1680,1050
17,2,543,1779661604.60705,1,1680,1050
17,2,544,1779661604.62787,1,1680,1050
17,2,545,1779661604.64869,1,1680,1050
17,2,546,1779661604.66951,1,1680,1050
17,2,547,1779661604.69033,1,1680,1050
17,2,548,1779661604.71115,1,1680,1050
17,2,549,1779661604.73197,1,1680,1050
17,2,550,1779661604.75279,1,1680,1050
17,2,551,1779661604.7736,1,1680,1050
17,2,552,1779661604.79442,1,1680,1050
17,2,553,1779661604.81524,1,1680,1050
17,2,554,1779661604.83606,1,1680,1050
17,2,555,1779661604.85688,1,1680,1050
17,2,556,1779661604.8777,1,1680,1050
17,2,557,1779661604.89852,1,1680,1050
17,2,558,1779661604.91934,1,1680,1050
17,2,559,1779661604.94016,1,1680,1050
17,2,560,1779661604.96098,1,1680,1050
17,2,561,1779661604.9818,1,1680,1050
17,2,562,1779661605.00262,1,1680,1050
17,2,563,1779661605.02344,1,1680,1050
17,2,564,1779661605.04426,1,1680,1050
17,2,565,1779661605.06508,1,1680,1050
17,2,566,1779661605.0859,1,1680,1050
17,2,567,1779661605.10671,1,1680,1050
17,2,568,1779661605.12753,1,1680,1050
17,2,569,1779661605.14836,1,1680,1050
17,2,570,1779661605.16917,1,1680,1050
17,2,571,1779661605.18999,1,1680,1050
17,2,572,1779661605.21081,1,1680,1050
17,2,573,1779661605.23163,1,1680,1050
17,2,574,1779661605.25245,1,1680,1050
17,2,575,1779661605.27327,1,1680,1050
17,2,576,1779661605.29409,1,1680,1050
17,2,577,1779661605.31491,1,1680,1050
17,2,578,1779661605.33573,1,1680,1050
17,2,579,1779661605.35655,1,1680,1050
17,2,580,1779661605.37737,1,1680,1050
17,2,581,1779661605.39819,1,1680,1050
17,2,582,1779661605.41901,1,1680,1050
17,2,583,1779661605.43983,1,1680,1050
17,2,584,1779661605.46065,1,1680,1050
17,2,585,1779661605.48147,1,1680,1050
17,2,586,1779661605.50229,1,1680,1050
17,2,587,1779661605.5231,1,1680,1050
17,2,588,1779661605.54392,1,1680,1050
17,2,589,1779661605.56474,1,1680,1050
17,2,590,1779661605.58556,1,1680,1050
17,2,591,1779661605.60638,1,1680,1050
17,2,592,1779661605.6272,1,1680,1050
17,2,593,1779661605.64802,1,1680,1050
17,2,594,1779661605.66884,1,1680,1050
17,2,595,1779661605.68966,1,1680,1050
17,2,596,1779661605.71048,1,1680,1050
17,2,597,1779661605.7313,1,1680,1050
17,2,598,1779661605.75212,1,1680,1050
17,2,599,1779661605.77294,1,1680,1050
17,2,600,1779661605.79376,1,1680,1050
17,2,601,1779661605.81458,1,1680,1050
17,2,602,1779661605.8354,1,1680,1050
17,2,603,1779661605.85622,1,1680,1050
17,2,604,1779661605.87704,1,1680,1050
17,2,605,1779661605.89785,1,1680,1050
17,2,606,1779661605.91867,1,1680,1050
17,2,607,1779661605.93949,1,1680,1050
17,2,608,1779661605.96031,1,1680,1050
17,2,609,1779661605.98113,1,1680,1050
17,2,610,1779661606.00195,1,1680,1050
17,2,611,1779661606.02277,1,1680,1050
17,2,612,1779661606.04359,1,1680,1050
17,2,613,1779661606.06441,1,1680,1050
17,2,614,1779661606.08523,1,1680,1050
17,2,615,1779661606.10605,1,1680,1050
17,2,616,1779661606.12687,1,1680,1050
17,2,617,1779661606.14769,1,1680,1050
17,2,618,1779661606.16851,1,1680,1050
17,2,619,1779661606.18933,1,1680,1050
17,2,620,1779661606.21015,1,1680,1050
17,2,621,1779661606.23096,1,1680,1050
17,2,622,1779661606.25178,1,1680,1050
17,2,623,1779661606.2726,1,1680,1050
17,2,624,1779661606.29342,1,1680,1050
17,2,625,1779661606.31424,1,1680,1050
17,2,626,1779661606.33506,2,1680,1050
17,2,627,1779661606.35588,2,1680,1050
17,2,628,1779661606.3767,2,1680,1050
17,2,629,1779661606.39752,2,1680,1050
17,2,630,1779661606.41834,2,1680,1050
17,2,631,1779661606.43916,2,1680,1050
17,2,632,1779661606.45998,2,1680,1050
17,2,633,1779661606.4808,2,1680,1050
17,2,634,1779661606.50162,2,1680,1050
17,2,635,1779661606.52244,2,1680,1050
17,2,636,1779661606.54326,2,1680,1050
17,2,637,1779661606.56408,2,1680,1050
17,2,638,1779661606.5849,2,1680,1050
17,2,639,1779661606.60571,2,1680,1050
17,2,640,1779661606.62653,2,1680,1050
17,2,641,1779661606.64735,2,1680,1050
17,2,642,1779661606.66817,2,1680,1050
17,2,643,1779661606.68899,2,1680,1050
17,2,644,1779661606.70981,2,1680,1050
17,2,645,1779661606.73063,2,1680,1050
17,2,646,1779661606.75145,2,1680,1050
17,2,647,1779661606.77227,2,1680,1050
17,2,648,1779661606.79309,2,1680,1050
17,2,649,1779661606.81391,2,1680,1050
17,2,650,1779661606.83473,2,1680,1050
17,2,651,1779661606.85555,2,1680,1050
17,2,652,1779661606.87637,2,1680,1050
17,2,653,1779661606.89719,2,1680,1050
17,2,654,1779661606.91801,2,1680,1050
17,2,655,1779661606.93883,2,1680,1050
17,2,656,1779661606.95964,2,1680,1050
17,2,657,1779661606.98047,2,1680,1050
17,2,658,1779661607.00128,2,1680,1050
17,2,659,1779661607.0221,2,1680,1050
17,2,660,1779661607.04292,2,1680,1050
17,2,661,1779661607.06374,2,1680,1050
17,2,662,1779661607.08456,2,1680,1050
17,2,663,1779661607.10538,2,1680,1050
17,2,664,1779661607.1262,2,1680,1050
17,2,665,1779661607.14702,2,1680,1050
17,2,666,1779661607.16784,2,1680,1050
17,2,667,1779661607.18866,2,1680,1050
17,2,668,1779661607.20948,2,1680,1050
17,2,669,1779661607.2303,2,1680,1050
17,2,670,1779661607.25112,2,1680,1050
17,2,671,1779661607.27194,2,1680,1050
17,2,672,1779661607.29276,2,1680,1050
17,2,673,1779661607.31357,2,1680,1050
17,2,674,1779661607.3344,2,1680,1050
17,2,675,1779661607.35521,2,1680,1050
17,2,676,1779661607.37603,2,1680,1050
17,2,677,1779661607.39685,2,1680,1050
17,2,678,1779661607.41767,2,1680,1050
17,2,679,1779661607.43849,2,1680,1050
17,2,680,1779661607.45931,2,1680,1050
17,2,681,1779661607.48013,2,1680,1050
17,2,682,1779661607.50095,2,1680,1050
17,2,683,1779661607.52177,2,1680,1050
17,2,684,1779661607.54259,2,1680,1050
17,2,685,1779661607.56341,2,1680,1050
17,2,686,1779661607.58423,2,1680,1050
17,2,687,1779661607.60505,2,1680,1050
17,2,688,1779661607.62587,2,1680,1050
17,2,689,1779661607.64669,2,1680,1050
17,2,690,1779661607.66751,2,1680,1050
17,2,691,1779661607.68832,2,1680,1050
17,2,692,1779661607.70914,2,1680,1050
17,2,693,1779661607.72996,2,1680,1050
17,2,694,1779661607.75078,2,1680,1050
17,2,695,1779661607.7716,2,1680,1050
17,2,696,1779661607.79242,2,1680,1050
17,2,697,1779661607.81324,2,1680,1050
17,2,698,1779661607.83406,2,1680,1050
17,2,699,1779661607.85488,2,1680,1050
17,2,700,1779661607.8757,2,1680,1050
17,2,701,1779661607.89652,2,1680,1050
17,2,702,1779661607.91734,2,1680,1050
17,2,703,1779661607.93816,2,1680,1050
17,2,704,1779661607.95898,2,1680,1050
17,2,705,1779661607.9798,2,1680,1050
17,2,706,1779661608.00062,2,1680,1050
17,2,707,1779661608.02144,2,1680,1050
17,2,708,1779661608.04226,2,1680,1050
17,2,709,1779661608.06308,2,1680,1050
17,2,710,1779661608.08389,2,1680,1050
17,2,711,1779661608.10471,2,1680,1050
17,2,712,1779661608.12553,2,1680,1050
17,2,713,1779661608.14635,2,1680,1050
17,2,714,1779661608.16717,2,1680,1050
17,2,715,1779661608.18799,2,1680,1050
17,2,716,1779661608.20881,2,1680,1050
17,2,717,1779661608.22963,2,1680,1050
17,2,718,1779661608.25045,2,1680,1050
17,2,719,1779661608.27127,2,1680,1050
17,2,720,1779661608.29209,2,1680,1050
17,2,721,1779661608.31291,2,1680,1050
17,2,722,1779661608.33373,2,1680,1050
17,2,723,1779661608.35455,2,1680,1050
17,2,724,1779661608.37537,2,1680,1050
17,2,725,1779661608.39619,2,1680,1050
17,2,726,1779661608.41701,2,1680,1050
17,2,727,1779661608.43783,2,1680,1050
17,2,728,1779661608.45864,2,1680,1050
17,2,729,1779661608.47946,2,1680,1050
17,2,730,1779661608.50028,2,1680,1050
17,2,731,1779661608.5211,2,1680,1050
17,2,732,1779661608.54192,2,1680,1050
17,2,733,1779661608.56274,2,1680,1050
17,2,734,1779661608.58356,2,1680,1050
17,2,735,1779661608.60438,2,1680,1050
17,2,736,1779661608.6252,2,1680,1050
17,2,737,1779661608.64602,2,1680,1050
17,2,738,1779661608.66684,2,1680,1050
17,2,739,1779661608.68766,2,1680,1050
17,2,740,1779661608.70848,2,1680,1050
17,2,741,1779661608.7293,2,1680,1050
17,2,742,1779661608.75012,2,1680,1050
17,2,743,1779661608.77094,2,1680,1050
17,2,744,1779661608.79175,2,1680,1050
17,2,745,1779661608.81257,2,1680,1050
17,2,746,1779661608.83339,2,1680,1050
17,2,747,1779661608.85421,2,1680,1050
17,2,748,1779661608.87503,2,1680,1050
17,2,749,1779661608.89585,2,1680,1050
17,2,750,1779661608.91667,2,1680,1050
17,2,751,1779661608.93749,2,1680,1050
17,2,752,1779661608.95831,2,1680,1050
17,2,753,1779661608.97913,2,1680,1050
17,2,754,1779661608.99995,2,1680,1050
17,2,755,1779661609.02077,2,1680,1050
17,2,756,1779661609.04159,2,1680,1050
17,2,757,1779661609.06241,2,1680,1050
17,2,758,1779661609.08323,2,1680,1050
17,2,759,1779661609.10405,2,1680,1050
17,2,760,1779661609.12487,2,1680,1050
17,2,761,1779661609.14569,2,1680,1050
17,2,762,1779661609.16651,2,1680,1050
17,2,763,1779661609.18732,2,1680,1050
17,2,764,1779661609.20814,2,1680,1050
17,2,765,1779661609.22896,2,1680,1050
17,2,766,1779661609.24978,2,1680,1050
17,2,767,1779661609.2706,2,1680,1050
17,2,768,1779661609.29142,2,1680,1050
17,2,769,1779661609.31224,2,1680,1050
17,2,770,1779661609.33306,2,1680,1050
17,2,771,1779661609.35388,2,1680,1050
17,2,772,1779661609.3747,2,1680,1050
17,2,773,1779661609.39552,2,1680,1050
17,2,774,1779661609.41634,2,1680,1050
17,2,775,1779661609.43716,2,1680,1050
17,2,776,1779661609.45798,2,1680,1050
17,2,777,1779661609.4788,2,1680,1050
17,2,778,1779661609.49962,2,1680,1050
17,2,779,1779661609.52044,2,1680,1050
17,2,780,1779661609.54126,2,1680,1050
17,2,781,1779661609.56207,2,1680,1050
17,2,782,1779661609.58289,2,1680,1050
17,2,783,1779661609.60371,2,1680,1050
17,2,784,1779661609.62453,2,1680,1050
17,2,785,1779661609.64535,2,1680,1050
17,2,786,1779661609.66617,2,1680,1050
17,2,787,1779661609.68699,2,1680,1050
17,2,788,1779661609.70781,2,1680,1050
17,2,789,1779661609.72863,2,1680,1050
17,2,790,1779661609.74945,2,1680,1050
17,2,791,1779661609.77027,2,1680,1050
17,2,792,1779661609.79109,2,1680,1050
17,2,793,1779661609.81191,2,1680,1050
17,2,794,1779661609.83273,2,1680,1050
17,2,795,1779661609.85355,2,1680,1050
17,2,796,1779661609.87437,2,1680,1050
17,2,797,1779661609.89518,2,1680,1050
17,2,798,1779661609.916,2,1680,1050
17,2,799,1779661609.93682,2,1680,1050
17,2,800,1779661609.95764,2,1680,1050
17,2,801,1779661609.97846,2,1680,1050
17,2,802,1779661609.99928,2,1680,1050
17,2,803,1779661610.0201,2,1680,1050
17,2,804,1779661610.04092,2,1680,1050
17,2,805,1779661610.06174,2,1680,1050
17,2,806,1779661610.08256,2,1680,1050
17,2,807,1779661610.10338,2,1680,1050
17,2,808,1779661610.1242,2,1680,1050
17,2,809,1779661610.14502,2,1680,1050
17,2,810,1779661610.16584,2,1680,1050
17,2,811,1779661610.18666,2,1680,1050
17,2,812,1779661610.20748,2,1680,1050
17,2,813,1779661610.2283,2,1680,1050
17,2,814,1779661610.24912,2,1680,1050
17,2,815,1779661610.26993,2,1680,1050
17,2,816,1779661610.29075,2,1680,1050
17,2,817,1779661610.31157,2,1680,1050
17,2,818,1779661610.33239,2,1680,1050
17,2,819,1779661610.35321,2,1680,1050
17,2,820,1779661610.37403,2,1680,1050
17,2,821,1779661610.39485,2,1680,1050
17,2,822,1779661610.41567,2,1680,1050
17,2,823,1779661610.43649,2,1680,1050
17,2,824,1779661610.45731,2,1680,1050
17,2,825,1779661610.47813,2,1680,1050
17,2,826,1779661610.49895,2,1680,1050
17,2,827,1779661610.51977,2,1680,1050
17,2,828,1779661610.54059,2,1680,1050
17,2,829,1779661610.56141,2,1680,1050
17,2,830,1779661610.58223,2,1680,1050
17,2,831,1779661610.60305,2,1680,1050
17,2,832,1779661610.62387,2,1680,1050
17,2,833,1779661610.64468,2,1680,1050
17,2,834,1779661610.6655,2,1680,1050
17,2,835,1779661610.68632,2,1680,1050
17,2,836,1779661610.70714,2,1680,1050
17,2,837,1779661610.72796,2,1680,1050
17,2,838,1779661610.74878,2,1680,1050
17,2,839,1779661610.7696,2,1680,1050
17,2,840,1779661610.79042,2,1680,1050
17,2,841,1779661610.81124,2,1680,1050
17,2,842,1779661610.83206,2,1680,1050
17,2,843,1779661610.85288,2,1680,1050
17,2,844,1779661610.8737,2,1680,1050
17,2,845,1779661610.89452,2,1680,1050
17,2,846,1779661610.91534,2,1680,1050
17,2,847,1779661610.93616,2,1680,1050
17,2,848,1779661610.95698,2,1680,1050
17,2,849,1779661610.9778,2,1680,1050
17,2,850,1779661610.99862,2,1680,1050
17,2,851,1779661611.01943,2,1680,1050
17,2,852,1779661611.04025,2,1680,1050
17,2,853,1779661611.06107,2,1680,1050
17,2,854,1779661611.08189,2,1680,1050
17,2,855,1779661611.10271,2,1680,1050
17,2,856,1779661611.12353,2,1680,1050
17,2,857,1779661611.14435,2,1680,1050
17,2,858,1779661611.16517,2,1680,1050
17,2,859,1779661611.18599,2,1680,1050
17,2,860,1779661611.20681,2,1680,1050
17,2,861,1779661611.22763,2,1680,1050
17,2,862,1779661611.24845,2,1680,1050
17,2,863,1779661611.26927,2,1680,1050
17,2,864,1779661611.29009,2,1680,1050
17,2,865,1779661611.31091,2,1680,1050
17,2,866,1779661611.33173,2,1680,1050
17,2,867,1779661611.35254,2,1680,1050
17,2,868,1779661611.37336,2,1680,1050
17,2,869,1779661611.39418,2,1680,1050
17,2,870,1779661611.415,2,1680,1050
17,2,871,1779661611.43582,2,1680,1050
17,2,872,1779661611.45664,2,1680,1050
17,2,873,1779661611.47746,2,1680,1050
17,2,874,1779661611.49828,2,1680,1050
17,2,875,1779661611.5191,2,1680,1050
17,2,876,1779661611.53992,2,1680,1050
17,2,877,1779661611.56074,2,1680,1050
17,2,878,1779661611.58156,2,1680,1050
17,2,879,1779661611.60238,2,1680,1050
17,2,880,1779661611.6232,2,1680,1050
17,2,881,1779661611.64402,2,1680,1050
17,2,882,1779661611.66484,2,1680,1050
17,2,883,1779661611.68566,2,1680,1050
17,2,884,1779661611.70648,2,1680,1050
17,2,885,1779661611.72729,2,1680,1050
17,2,886,1779661611.74811,2,1680,1050
17,2,887,1779661611.76893,2,1680,1050
17,2,888,1779661611.78975,2,1680,1050
17,2,889,1779661611.81057,2,1680,1050
17,2,890,1779661611.83139,2,1680,1050
17,2,891,1779661611.85221,2,1680,1050
17,2,892,1779661611.87303,2,1680,1050
17,2,893,1779661611.89385,2,1680,1050
17,2,894,1779661611.91467,2,1680,1050
17,2,895,1779661611.93549,2,1680,1050
17,2,896,1779661611.95631,2,1680,1050
17,2,897,1779661611.97713,2,1680,1050
17,2,898,1779661611.99795,2,1680,1050
17,2,899,1779661612.01877,2,1680,1050
17,2,900,1779661612.03959,2,1680,1050
17,2,901,1779661612.06041,2,1680,1050
17,2,902,1779661612.08123,2,1680,1050
17,2,903,1779661612.10205,2,1680,1050
17,2,904,1779661612.12286,2,1680,1050
17,2,905,1779661612.14368,2,1680,1050
17,2,906,1779661612.1645,2,1680,1050
17,2,907,1779661612.18532,2,1680,1050
17,2,908,1779661612.20614,2,1680,1050
17,2,909,1779661612.22696,2,1680,1050
17,2,910,1779661612.24778,2,1680,1050
17,2,911,1779661612.2686,2,1680,1050
17,2,912,1779661612.28942,2,1680,1050
17,2,913,1779661612.31024,2,1680,1050
17,2,914,1779661612.33106,1,1680,1050
17,2,915,1779661612.35188,1,1680,1050
17,2,916,1779661612.3727,1,1680,1050
17,2,917,1779661612.39352,1,1680,1050
17,2,918,1779661612.41434,1,1680,1050
17,2,919,1779661612.43516,1,1680,1050
17,2,920,1779661612.45598,1,1680,1050
17,2,921,1779661612.47679,1,1680,1050
17,2,922,1779661612.49761,1,1680,1050
17,2,923,1779661612.51843,1,1680,1050
17,2,924,1779661612.53925,1,1680,1050
17,2,925,1779661612.56007,1,1680,1050
17,2,926,1779661612.58089,1,1680,1050
17,2,927,1779661612.60171,1,1680,1050
17,2,928,1779661612.62253,1,1680,1050
17,2,929,1779661612.64335,1,1680,1050
17,2,930,1779661612.66417,1,1680,1050
17,2,931,1779661612.68499,1,1680,1050
17,2,932,1779661612.70581,1,1680,1050
17,2,933,1779661612.72663,1,1680,1050
17,2,934,1779661612.74745,1,1680,1050
17,2,935,1779661612.76827,1,1680,1050
17,2,936,1779661612.78909,1,1680,1050
17,2,937,1779661612.80991,1,1680,1050
17,2,938,1779661612.83072,1,1680,1050
17,2,939,1779661612.85154,1,1680,1050
17,2,940,1779661612.87236,1,1680,1050
17,2,941,1779661612.89318,1,1680,1050
17,2,942,1779661612.914,1,1680,1050
17,2,943,1779661612.93482,1,1680,1050
17,2,944,1779661612.95564,1,1680,1050
17,2,945,1779661612.97646,1,1680,1050
17,2,946,1779661612.99728,1,1680,1050
17,2,947,1779661613.0181,1,1680,1050
17,2,948,1779661613.03892,1,1680,1050
17,2,949,1779661613.05974,1,1680,1050
17,2,950,1779661613.08056,1,1680,1050
17,2,951,1779661613.10138,1,1680,1050
17,2,952,1779661613.1222,1,1680,1050
17,2,953,1779661613.14302,1,1680,1050
17,2,954,1779661613.16384,1,1680,1050
17,2,955,1779661613.18466,1,1680,1050
17,2,956,1779661613.20547,1,1680,1050
17,2,957,1779661613.22629,1,1680,1050
17,2,958,1779661613.24711,1,1680,1050
17,2,959,1779661613.26793,1,1680,1050
17,2,960,1779661613.28875,1,1680,1050
17,2,961,1779661613.30957,1,1680,1050
17,2,962,1779661613.33039,1,1680,1050
17,2,963,1779661613.35121,1,1680,1050
17,2,964,1779661613.37203,1,1680,1050
17,2,965,1779661613.39285,1,1680,1050
17,2,966,1779661613.41367,1,1680,1050
17,2,967,1779661613.43449,1,1680,1050
17,2,968,1779661613.45531,1,1680,1050
17,2,969,1779661613.47613,1,1680,1050
17,2,970,1779661613.49695,1,1680,1050
17,2,971,1779661613.51777,1,1680,1050
17,2,972,1779661613.53859,1,1680,1050
17,2,973,1779661613.5594,1,1680,1050
17,2,974,1779661613.58022,1,1680,1050
17,2,975,1779661613.60104,1,1680,1050
17,2,976,1779661613.62186,1,1680,1050
17,2,977,1779661613.64268,1,1680,1050
17,2,978,1779661613.6635,1,1680,1050
17,2,979,1779661613.68432,1,1680,1050
17,2,980,1779661613.70514,1,1680,1050
17,2,981,1779661613.72596,1,1680,1050
17,2,982,1779661613.74678,1,1680,1050
17,2,983,1779661613.7676,1,1680,1050
17,2,984,1779661613.78842,1,1680,1050
17,2,985,1779661613.80924,1,1680,1050
17,2,986,1779661613.83006,1,1680,1050
17,2,987,1779661613.85088,1,1680,1050
17,2,988,1779661613.8717,1,1680,1050
17,2,989,1779661613.89252,1,1680,1050
17,2,990,1779661613.91334,1,1680,1050
17,2,991,1779661613.93415,1,1680,1050
17,2,992,1779661613.95497,1,1680,1050
17,2,993,1779661613.97579,1,1680,1050
17,2,994,1779661613.99661,1,1680,1050
17,2,995,1779661614.01743,1,1680,1050
17,2,996,1779661614.03825,1,1680,1050
17,2,997,1779661614.05907,1,1680,1050
17,2,998,1779661614.07989,1,1680,1050
17,2,999,1779661614.10071,1,1680,1050
17,2,1000,1779661614.12153,1,1680,1050
17,2,1001,1779661614.14235,1,1680,1050
17,2,1002,1779661614.16317,1,1680,1050
17,2,1003,1779661614.18399,1,1680,1050
17,2,1004,1779661614.20481,1,1680,1050
17,2,1005,1779661614.22563,1,1680,1050
17,2,1006,1779661614.24645,1,1680,1050
17,2,1007,1779661614.26727,1,1680,1050
17,2,1008,1779661614.28808,1,1680,1050
17,2,1009,1779661614.3089,1,1680,1050
17,2,1010,1779661614.32972,1,1680,1050
17,2,1011,1779661614.35054,1,1680,1050
17,2,1012,1779661614.37136,1,1680,1050
17,2,1013,1779661614.39218,1,1680,1050
17,2,1014,1779661614.413,1,1680,1050
17,2,1015,1779661614.43382,1,1680,1050
17,2,1016,1779661614.45464,1,1680,1050
17,2,1017,1779661614.47546,1,1680,1050
17,2,1018,1779661614.49628,1,1680,1050
17,2,1019,1779661614.5171,1,1680,1050
17,2,1020,1779661614.53792,1,1680,1050
17,2,1021,1779661614.55874,1,1680,1050
17,2,1022,1779661614.57956,1,1680,1050
17,2,1023,1779661614.60038,1,1680,1050
17,2,1024,1779661614.6212,1,1680,1050
17,2,1025,1779661614.64201,1,1680,1050
17,2,1026,1779661614.66284,1,1680,1050
17,2,1027,1779661614.68365,1,1680,1050
17,2,1028,1779661614.70447,1,1680,1050
17,2,1029,1779661614.72529,1,1680,1050
17,2,1030,1779661614.74611,1,1680,1050
17,2,1031,1779661614.76693,1,1680,1050
17,2,1032,1779661614.78775,1,1680,1050
17,2,1033,1779661614.80857,1,1680,1050
17,2,1034,1779661614.82939,1,1680,1050
17,2,1035,1779661614.85021,1,1680,1050
17,2,1036,1779661614.87103,1,1680,1050
17,2,1037,1779661614.89185,1,1680,1050
17,2,1038,1779661614.91267,1,1680,1050
17,2,1039,1779661614.93349,1,1680,1050
17,2,1040,1779661614.95431,1,1680,1050
17,2,1041,1779661614.97513,1,1680,1050
17,2,1042,1779661614.99595,1,1680,1050
17,2,1043,1779661615.01676,1,1680,1050
17,2,1044,1779661615.03758,1,1680,1050
17,2,1045,1779661615.0584,1,1680,1050
17,2,1046,1779661615.07922,1,1680,1050
17,2,1047,1779661615.10004,1,1680,1050
17,2,1048,1779661615.12086,1,1680,1050
17,2,1049,1779661615.14168,1,1680,1050
17,2,1050,1779661615.1625,1,1680,1050
17,2,1051,1779661615.18332,1,1680,1050
17,2,1052,1779661615.20414,1,1680,1050
17,2,1053,1779661615.22496,1,1680,1050
17,2,1054,1779661615.24578,1,1680,1050
17,2,1055,1779661615.2666,1,1680,1050
17,2,1056,1779661615.28742,1,1680,1050
17,2,1057,1779661615.30824,1,1680,1050
17,2,1058,1779661615.32906,1,1680,1050
17,2,1059,1779661615.34987,1,1680,1050
17,2,1060,1779661615.3707,1,1680,1050
17,2,1061,1779661615.39151,1,1680,1050
17,2,1062,1779661615.41233,1,1680,1050
17,2,1063,1779661615.43315,1,1680,1050
17,2,1064,1779661615.45397,1,1680,1050
17,2,1065,1779661615.47479,1,1680,1050
17,2,1066,1779661615.49561,1,1680,1050
17,2,1067,1779661615.51643,1,1680,1050
17,2,1068,1779661615.53725,1,1680,1050
17,2,1069,1779661615.55807,1,1680,1050
17,2,1070,1779661615.57889,1,1680,1050
17,2,1071,1779661615.59971,1,1680,1050
17,2,1072,1779661615.62053,1,1680,1050
17,2,1073,1779661615.64135,1,1680,1050
17,2,1074,1779661615.66217,1,1680,1050
17,2,1075,1779661615.68299,1,1680,1050
17,2,1076,1779661615.70381,1,1680,1050
17,2,1077,1779661615.72463,1,1680,1050
17,2,1078,1779661615.74545,1,1680,1050
17,2,1079,1779661615.76626,1,1680,1050
17,2,1080,1779661615.78708,1,1680,1050
17,2,1081,1779661615.8079,1,1680,1050
17,2,1082,1779661615.82872,1,1680,1050
17,2,1083,1779661615.84954,1,1680,1050
17,2,1084,1779661615.87036,1,1680,1050
17,2,1085,1779661615.89118,1,1680,1050
17,2,1086,1779661615.912,1,1680,1050
17,2,1087,1779661615.93282,1,1680,1050
17,2,1088,1779661615.95364,1,1680,1050
17,2,1089,1779661615.97446,1,1680,1050
17,2,1090,1779661615.99528,1,1680,1050
17,2,1091,1779661616.0161,1,1680,1050
17,2,1092,1779661616.03692,1,1680,1050
17,2,1093,1779661616.05774,1,1680,1050
17,2,1094,1779661616.07856,1,1680,1050
17,2,1095,1779661616.09938,1,1680,1050
17,2,1096,1779661616.12019,1,1680,1050
17,2,1097,1779661616.14101,1,1680,1050
17,2,1098,1779661616.16183,1,1680,1050
17,2,1099,1779661616.18265,1,1680,1050
17,2,1100,1779661616.20347,1,1680,1050
17,2,1101,1779661616.22429,1,1680,1050
17,2,1102,1779661616.24511,1,1680,1050
17,2,1103,1779661616.26593,1,1680,1050
17,2,1104,1779661616.28675,1,1680,1050
17,2,1105,1779661616.30757,1,1680,1050
17,2,1106,1779661616.32839,2,1680,1050
17,2,1107,1779661616.34921,2,1680,1050
17,2,1108,1779661616.37003,2,1680,1050
17,2,1109,1779661616.39085,2,1680,1050
17,2,1110,1779661616.41167,2,1680,1050
17,2,1111,1779661616.43249,2,1680,1050
17,2,1112,1779661616.45331,2,1680,1050
17,2,1113,1779661616.47413,2,1680,1050
17,2,1114,1779661616.49494,2,1680,1050
17,2,1115,1779661616.51576,2,1680,1050
17,2,1116,1779661616.53658,2,1680,1050
17,2,1117,1779661616.5574,2,1680,1050
17,2,1118,1779661616.57822,2,1680,1050
17,2,1119,1779661616.59904,2,1680,1050
17,2,1120,1779661616.61986,2,1680,1050
17,2,1121,1779661616.64068,2,1680,1050
17,2,1122,1779661616.6615,2,1680,1050
17,2,1123,1779661616.68232,2,1680,1050
17,2,1124,1779661616.70314,2,1680,1050
17,2,1125,1779661616.72396,2,1680,1050
17,2,1126,1779661616.74478,2,1680,1050
17,2,1127,1779661616.7656,2,1680,1050
17,2,1128,1779661616.78642,2,1680,1050
17,2,1129,1779661616.80724,2,1680,1050
17,2,1130,1779661616.82806,2,1680,1050
17,2,1131,1779661616.84887,2,1680,1050
17,2,1132,1779661616.86969,2,1680,1050
17,2,1133,1779661616.89051,2,1680,1050
17,2,1134,1779661616.91133,2,1680,1050
17,2,1135,1779661616.93215,2,1680,1050
17,2,1136,1779661616.95297,2,1680,1050
17,2,1137,1779661616.97379,2,1680,1050
17,2,1138,1779661616.99461,2,1680,1050
17,2,1139,1779661617.01543,2,1680,1050
17,2,1140,1779661617.03625,2,1680,1050
17,2,1141,1779661617.05707,2,1680,1050
17,2,1142,1779661617.07789,2,1680,1050
17,2,1143,1779661617.09871,2,1680,1050
17,2,1144,1779661617.11953,2,1680,1050
17,2,1145,1779661617.14035,2,1680,1050
17,2,1146,1779661617.16117,2,1680,1050
17,2,1147,1779661617.18199,2,1680,1050
17,2,1148,1779661617.2028,2,1680,1050
17,2,1149,1779661617.22363,2,1680,1050
17,2,1150,1779661617.24444,2,1680,1050
17,2,1151,1779661617.26526,2,1680,1050
17,2,1152,1779661617.28608,2,1680,1050
17,2,1153,1779661617.3069,2,1680,1050
17,2,1154,1779661617.32772,2,1680,1050
17,2,1155,1779661617.34854,2,1680,1050
17,2,1156,1779661617.36936,2,1680,1050
17,2,1157,1779661617.39018,2,1680,1050
17,2,1158,1779661617.411,2,1680,1050
17,2,1159,1779661617.43182,2,1680,1050
17,2,1160,1779661617.45264,2,1680,1050
17,2,1161,1779661617.47346,2,1680,1050
17,2,1162,1779661617.49428,2,1680,1050
17,2,1163,1779661617.5151,2,1680,1050
17,2,1164,1779661617.53592,2,1680,1050
17,2,1165,1779661617.55674,2,1680,1050
17,2,1166,1779661617.57755,2,1680,1050
17,2,1167,1779661617.59837,2,1680,1050
17,2,1168,1779661617.61919,2,1680,1050
17,2,1169,1779661617.64001,2,1680,1050
17,2,1170,1779661617.66083,2,1680,1050
17,2,1171,1779661617.68165,2,1680,1050
17,2,1172,1779661617.70247,2,1680,1050
17,2,1173,1779661617.72329,2,1680,1050
17,2,1174,1779661617.74411,2,1680,1050
17,2,1175,1779661617.76493,2,1680,1050
17,2,1176,1779661617.78575,2,1680,1050
17,2,1177,1779661617.80657,2,1680,1050
17,2,1178,1779661617.82739,2,1680,1050
17,2,1179,1779661617.84821,2,1680,1050
17,2,1180,1779661617.86903,2,1680,1050
17,2,1181,1779661617.88985,2,1680,1050
17,2,1182,1779661617.91067,2,1680,1050
17,2,1183,1779661617.93149,2,1680,1050
17,2,1184,1779661617.95231,2,1680,1050
17,2,1185,1779661617.97312,2,1680,1050
17,2,1186,1779661617.99394,2,1680,1050
17,2,1187,1779661618.01476,2,1680,1050
17,2,1188,1779661618.03558,2,1680,1050
17,2,1189,1779661618.0564,2,1680,1050
17,2,1190,1779661618.07722,2,1680,1050
17,2,1191,1779661618.09804,2,1680,1050
17,2,1192,1779661618.11886,2,1680,1050
17,2,1193,1779661618.13968,2,1680,1050
17,2,1194,1779661618.1605,2,1680,1050
17,2,1195,1779661618.18132,2,1680,1050
17,2,1196,1779661618.20214,2,1680,1050
17,2,1197,1779661618.22296,2,1680,1050
17,2,1198,1779661618.24378,2,1680,1050
17,2,1199,1779661618.2646,2,1680,1050
17,2,1200,1779661618.28542,2,1680,1050
17,2,1201,1779661618.30623,2,1680,1050
17,2,1202,1779661618.32705,1,1680,1050
17,2,1203,1779661618.34787,1,1680,1050
17,2,1204,1779661618.36869,1,1680,1050
17,2,1205,1779661618.38951,1,1680,1050
17,2,1206,1779661618.41033,1,1680,1050
17,2,1207,1779661618.43115,1,1680,1050
17,2,1208,1779661618.45197,1,1680,1050
17,2,1209,1779661618.47279,1,1680,1050
17,2,1210,1779661618.49361,1,1680,1050
17,2,1211,1779661618.51443,1,1680,1050
17,2,1212,1779661618.53525,1,1680,1050
17,2,1213,1779661618.55607,1,1680,1050
17,2,1214,1779661618.57689,1,1680,1050
17,2,1215,1779661618.59771,1,1680,1050
17,2,1216,1779661618.61853,1,1680,1050
17,2,1217,1779661618.63935,1,1680,1050
17,2,1218,1779661618.66016,1,1680,1050
17,2,1219,1779661618.68098,1,1680,1050
17,2,1220,1779661618.7018,1,1680,1050
17,2,1221,1779661618.72262,1,1680,1050
17,2,1222,1779661618.74344,1,1680,1050
17,2,1223,1779661618.76426,1,1680,1050
17,2,1224,1779661618.78508,1,1680,1050
17,2,1225,1779661618.8059,1,1680,1050
17,2,1226,1779661618.82672,1,1680,1050
17,2,1227,1779661618.84754,1,1680,1050
17,2,1228,1779661618.86836,1,1680,1050
17,2,1229,1779661618.88918,1,1680,1050
17,2,1230,1779661618.91,1,1680,1050
17,2,1231,1779661618.93082,1,1680,1050
17,2,1232,1779661618.95164,1,1680,1050
17,2,1233,1779661618.97246,1,1680,1050
17,2,1234,1779661618.99328,1,1680,1050
17,2,1235,1779661619.0141,1,1680,1050
17,2,1236,1779661619.03492,1,1680,1050
17,2,1237,1779661619.05573,1,1680,1050
17,2,1238,1779661619.07655,1,1680,1050
17,2,1239,1779661619.09737,1,1680,1050
17,2,1240,1779661619.11819,1,1680,1050
17,2,1241,1779661619.13901,1,1680,1050
17,2,1242,1779661619.15983,1,1680,1050
17,2,1243,1779661619.18065,1,1680,1050
17,2,1244,1779661619.20147,1,1680,1050
17,2,1245,1779661619.22229,1,1680,1050
17,2,1246,1779661619.24311,1,1680,1050
17,2,1247,1779661619.26393,1,1680,1050
17,2,1248,1779661619.28475,1,1680,1050
17,2,1249,1779661619.30557,1,1680,1050
17,2,1250,1779661619.32639,1,1680,1050
17,2,1251,1779661619.34721,1,1680,1050
17,2,1252,1779661619.36803,1,1680,1050
17,2,1253,1779661619.38884,1,1680,1050
17,2,1254,1779661619.40966,1,1680,1050
17,2,1255,1779661619.43049,1,1680,1050
17,2,1256,1779661619.4513,1,1680,1050
17,2,1257,1779661619.47212,1,1680,1050
17,2,1258,1779661619.49294,1,1680,1050
17,2,1259,1779661619.51376,1,1680,1050
17,2,1260,1779661619.53458,1,1680,1050
17,2,1261,1779661619.5554,1,1680,1050
17,2,1262,1779661619.57622,1,1680,1050
17,2,1263,1779661619.59704,1,1680,1050
17,2,1264,1779661619.61786,1,1680,1050
17,2,1265,1779661619.63868,1,1680,1050
17,2,1266,1779661619.6595,1,1680,1050
17,2,1267,1779661619.68032,1,1680,1050
17,2,1268,1779661619.70114,1,1680,1050
17,2,1269,1779661619.72196,1,1680,1050
17,2,1270,1779661619.74278,1,1680,1050
17,2,1271,1779661619.7636,1,1680,1050
17,2,1272,1779661619.78441,1,1680,1050
17,2,1273,1779661619.80524,1,1680,1050
17,2,1274,1779661619.82605,1,1680,1050
17,2,1275,1779661619.84687,1,1680,1050
17,2,1276,1779661619.86769,1,1680,1050
17,2,1277,1779661619.88851,1,1680,1050
17,2,1278,1779661619.90933,1,1680,1050
17,2,1279,1779661619.93015,1,1680,1050
17,2,1280,1779661619.95097,1,1680,1050
17,2,1281,1779661619.97179,1,1680,1050
17,2,1282,1779661619.99261,1,1680,1050
17,2,1283,1779661620.01343,1,1680,1050
17,2,1284,1779661620.03425,1,1680,1050
17,2,1285,1779661620.05507,1,1680,1050
17,2,1286,1779661620.07589,1,1680,1050
17,2,1287,1779661620.09671,1,1680,1050
17,2,1288,1779661620.11753,1,1680,1050
17,2,1289,1779661620.13835,1,1680,1050
17,2,1290,1779661620.15916,1,1680,1050
17,2,1291,1779661620.17998,1,1680,1050
17,2,1292,1779661620.2008,1,1680,1050
17,2,1293,1779661620.22162,1,1680,1050
17,2,1294,1779661620.24244,1,1680,1050
17,2,1295,1779661620.26326,1,1680,1050
17,2,1296,1779661620.28408,1,1680,1050
17,2,1297,1779661620.3049,1,1680,1050
17,2,1298,1779661620.32572,1,1680,1050
17,2,1299,1779661620.34654,1,1680,1050
17,2,1300,1779661620.36736,1,1680,1050
17,2,1301,1779661620.38818,1,1680,1050
17,2,1302,1779661620.409,1,1680,1050
17,2,1303,1779661620.42982,1,1680,1050
17,2,1304,1779661620.45064,1,1680,1050
17,2,1305,1779661620.47146,1,1680,1050
17,2,1306,1779661620.49228,1,1680,1050
17,2,1307,1779661620.51309,1,1680,1050
17,2,1308,1779661620.53391,1,1680,1050
17,2,1309,1779661620.55473,1,1680,1050
17,2,1310,1779661620.57555,1,1680,1050
17,2,1311,1779661620.59637,1,1680,1050
17,2,1312,1779661620.61719,1,1680,1050
17,2,1313,1779661620.63801,1,1680,1050
17,2,1314,1779661620.65883,1,1680,1050
17,2,1315,1779661620.67965,1,1680,1050
17,2,1316,1779661620.70047,1,1680,1050
17,2,1317,1779661620.72129,1,1680,1050
17,2,1318,1779661620.74211,1,1680,1050
17,2,1319,1779661620.76293,1,1680,1050
17,2,1320,1779661620.78375,1,1680,1050
17,2,1321,1779661620.80457,1,1680,1050
17,2,1322,1779661620.82539,1,1680,1050
17,2,1323,1779661620.84621,1,1680,1050
17,2,1324,1779661620.86703,1,1680,1050
17,2,1325,1779661620.88784,1,1680,1050
17,2,1326,1779661620.90866,1,1680,1050
17,2,1327,1779661620.92948,1,1680,1050
17,2,1328,1779661620.9503,1,1680,1050
17,2,1329,1779661620.97112,1,1680,1050
17,2,1330,1779661620.99194,1,1680,1050
17,2,1331,1779661621.01276,1,1680,1050
17,2,1332,1779661621.03358,1,1680,1050
17,2,1333,1779661621.0544,1,1680,1050
17,2,1334,1779661621.07522,1,1680,1050
17,2,1335,1779661621.09604,1,1680,1050
17,2,1336,1779661621.11686,1,1680,1050
17,2,1337,1779661621.13768,1,1680,1050
17,2,1338,1779661621.1585,1,1680,1050
17,2,1339,1779661621.17932,1,1680,1050
17,2,1340,1779661621.20014,1,1680,1050
17,2,1341,1779661621.22096,1,1680,1050
17,2,1342,1779661621.24178,1,1680,1050
17,2,1343,1779661621.2626,1,1680,1050
17,2,1344,1779661621.28341,1,1680,1050
17,2,1345,1779661621.30423,1,1680,1050
17,2,1346,1779661621.32505,1,1680,1050
17,2,1347,1779661621.34587,1,1680,1050
17,2,1348,1779661621.36669,1,1680,1050
17,2,1349,1779661621.38751,1,1680,1050
17,2,1350,1779661621.40833,1,1680,1050
17,2,1351,1779661621.42915,1,1680,1050
17,2,1352,1779661621.44997,1,1680,1050
17,2,1353,1779661621.47079,1,1680,1050
17,2,1354,1779661621.49161,1,1680,1050
17,2,1355,1779661621.51243,1,1680,1050
17,2,1356,1779661621.53325,1,1680,1050
17,2,1357,1779661621.55407,1,1680,1050
17,2,1358,1779661621.57489,1,1680,1050
17,2,1359,1779661621.5957,1,1680,1050
17,2,1360,1779661621.61652,1,1680,1050
17,2,1361,1779661621.63734,1,1680,1050
17,2,1362,1779661621.65816,1,1680,1050
17,2,1363,1779661621.67898,1,1680,1050
17,2,1364,1779661621.6998,1,1680,1050
17,2,1365,1779661621.72062,1,1680,1050
17,2,1366,1779661621.74144,1,1680,1050
17,2,1367,1779661621.76226,1,1680,1050
17,2,1368,1779661621.78308,1,1680,1050
17,2,1369,1779661621.8039,1,1680,1050
17,2,1370,1779661621.82472,1,1680,1050
17,2,1371,1779661621.84554,1,1680,1050
17,2,1372,1779661621.86636,1,1680,1050
17,2,1373,1779661621.88718,1,1680,1050
17,2,1374,1779661621.908,1,1680,1050
17,2,1375,1779661621.92882,1,1680,1050
17,2,1376,1779661621.94964,1,1680,1050
17,2,1377,1779661621.97045,1,1680,1050
17,2,1378,1779661621.99127,1,1680,1050
17,2,1379,1779661622.01209,1,1680,1050
17,2,1380,1779661622.03291,1,1680,1050
17,2,1381,1779661622.05373,1,1680,1050
17,2,1382,1779661622.07455,1,1680,1050
17,2,1383,1779661622.09537,1,1680,1050
17,2,1384,1779661622.11619,1,1680,1050
17,2,1385,1779661622.13701,1,1680,1050
17,2,1386,1779661622.15783,1,1680,1050
17,2,1387,1779661622.17865,1,1680,1050
17,2,1388,1779661622.19947,1,1680,1050
17,2,1389,1779661622.22029,1,1680,1050
17,2,1390,1779661622.24111,1,1680,1050
17,2,1391,1779661622.26193,1,1680,1050
17,2,1392,1779661622.28275,1,1680,1050
17,2,1393,1779661622.30357,1,1680,1050
17,2,1394,1779661622.32438,2,1680,1050
17,2,1395,1779661622.3452,2,1680,1050
17,2,1396,1779661622.36602,2,1680,1050
17,2,1397,1779661622.38684,2,1680,1050
17,2,1398,1779661622.40766,2,1680,1050
17,2,1399,1779661622.42848,2,1680,1050
17,2,1400,1779661622.4493,2,1680,1050
17,2,1401,1779661622.47012,2,1680,1050
17,2,1402,1779661622.49094,2,1680,1050
17,2,1403,1779661622.51176,2,1680,1050
17,2,1404,1779661622.53258,2,1680,1050
17,2,1405,1779661622.5534,2,1680,1050
17,2,1406,1779661622.57422,2,1680,1050
17,2,1407,1779661622.59504,2,1680,1050
17,2,1408,1779661622.61586,2,1680,1050
17,2,1409,1779661622.63668,2,1680,1050
17,2,1410,1779661622.6575,2,1680,1050
17,2,1411,1779661622.67832,2,1680,1050
17,2,1412,1779661622.69913,2,1680,1050
17,2,1413,1779661622.71995,2,1680,1050
17,2,1414,1779661622.74077,2,1680,1050
17,2,1415,1779661622.76159,2,1680,1050
17,2,1416,1779661622.78241,2,1680,1050
17,2,1417,1779661622.80323,2,1680,1050
17,2,1418,1779661622.82405,2,1680,1050
17,2,1419,1779661622.84487,2,1680,1050
17,2,1420,1779661622.86569,2,1680,1050
17,2,1421,1779661622.88651,2,1680,1050
17,2,1422,1779661622.90733,2,1680,1050
17,2,1423,1779661622.92815,2,1680,1050
17,2,1424,1779661622.94897,2,1680,1050
17,2,1425,1779661622.96979,2,1680,1050
17,2,1426,1779661622.99061,2,1680,1050
17,2,1427,1779661623.01143,2,1680,1050
17,2,1428,1779661623.03225,2,1680,1050
17,2,1429,1779661623.05307,2,1680,1050
17,2,1430,1779661623.07389,2,1680,1050
17,2,1431,1779661623.0947,2,1680,1050
17,2,1432,1779661623.11552,2,1680,1050
17,2,1433,1779661623.13634,2,1680,1050
17,2,1434,1779661623.15716,2,1680,1050
17,2,1435,1779661623.17798,2,1680,1050
17,2,1436,1779661623.1988,2,1680,1050
17,2,1437,1779661623.21962,2,1680,1050
17,2,1438,1779661623.24044,2,1680,1050
17,2,1439,1779661623.26126,2,1680,1050
17,2,1440,1779661623.28208,2,1680,1050
17,2,1441,1779661623.3029,2,1680,1050
17,2,1442,1779661623.32372,2,1680,1050
17,2,1443,1779661623.34454,2,1680,1050
17,2,1444,1779661623.36536,2,1680,1050
17,2,1445,1779661623.38618,2,1680,1050
17,2,1446,1779661623.407,2,1680,1050
17,2,1447,1779661623.42781,2,1680,1050
17,2,1448,1779661623.44863,2,1680,1050
17,2,1449,1779661623.46945,2,1680,1050
17,2,1450,1779661623.49027,2,1680,1050
17,2,1451,1779661623.51109,2,1680,1050
17,2,1452,1779661623.53191,2,1680,1050
17,2,1453,1779661623.55273,2,1680,1050
17,2,1454,1779661623.57355,2,1680,1050
17,2,1455,1779661623.59437,2,1680,1050
17,2,1456,1779661623.61519,2,1680,1050
17,2,1457,1779661623.63601,2,1680,1050
17,2,1458,1779661623.65683,2,1680,1050
17,2,1459,1779661623.67765,2,1680,1050
17,2,1460,1779661623.69847,2,1680,1050
17,2,1461,1779661623.71929,2,1680,1050
17,2,1462,1779661623.74011,2,1680,1050
17,2,1463,1779661623.76093,2,1680,1050
17,2,1464,1779661623.78175,2,1680,1050
17,2,1465,1779661623.80256,2,1680,1050
17,2,1466,1779661623.82339,2,1680,1050
17,2,1467,1779661623.8442,2,1680,1050
17,2,1468,1779661623.86502,2,1680,1050
17,2,1469,1779661623.88584,2,1680,1050
17,2,1470,1779661623.90666,2,1680,1050
17,2,1471,1779661623.92748,2,1680,1050
17,2,1472,1779661623.9483,2,1680,1050
17,2,1473,1779661623.96912,2,1680,1050
17,2,1474,1779661623.98994,2,1680,1050
17,2,1475,1779661624.01076,2,1680,1050
17,2,1476,1779661624.03158,2,1680,1050
17,2,1477,1779661624.0524,2,1680,1050
17,2,1478,1779661624.07322,2,1680,1050
17,2,1479,1779661624.09404,2,1680,1050
17,2,1480,1779661624.11486,2,1680,1050
17,2,1481,1779661624.13568,2,1680,1050
17,2,1482,1779661624.1565,2,1680,1050
17,2,1483,1779661624.17731,2,1680,1050
17,2,1484,1779661624.19813,2,1680,1050
17,2,1485,1779661624.21895,2,1680,1050
17,2,1486,1779661624.23977,2,1680,1050
17,2,1487,1779661624.26059,2,1680,1050
17,2,1488,1779661624.28141,2,1680,1050
17,2,1489,1779661624.30223,2,1680,1050
17,2,1490,1779661624.32305,2,1680,1050
17,2,1491,1779661624.34387,2,1680,1050
17,2,1492,1779661624.36469,2,1680,1050
17,2,1493,1779661624.38551,2,1680,1050
17,2,1494,1779661624.40633,2,1680,1050
17,2,1495,1779661624.42715,2,1680,1050
17,2,1496,1779661624.44797,2,1680,1050
17,2,1497,1779661624.46879,2,1680,1050
17,2,1498,1779661624.48961,2,1680,1050
17,2,1499,1779661624.51043,2,1680,1050
17,2,1500,1779661624.53125,2,1680,1050
17,2,1501,1779661624.55206,2,1680,1050
17,2,1502,1779661624.57288,2,1680,1050
17,2,1503,1779661624.5937,2,1680,1050
17,2,1504,1779661624.61452,2,1680,1050
17,2,1505,1779661624.63534,2,1680,1050
17,2,1506,1779661624.65616,2,1680,1050
17,2,1507,1779661624.67698,2,1680,1050
17,2,1508,1779661624.6978,2,1680,1050
17,2,1509,1779661624.71862,2,1680,1050
17,2,1510,1779661624.73944,2,1680,1050
17,2,1511,1779661624.76026,2,1680,1050
17,2,1512,1779661624.78108,2,1680,1050
17,2,1513,1779661624.8019,2,1680,1050
17,2,1514,1779661624.82272,2,1680,1050
17,2,1515,1779661624.84354,2,1680,1050
17,2,1516,1779661624.86436,2,1680,1050
17,2,1517,1779661624.88518,2,1680,1050
17,2,1518,1779661624.90599,2,1680,1050
17,2,1519,1779661624.92681,2,1680,1050
17,2,1520,1779661624.94763,2,1680,1050
17,2,1521,1779661624.96845,2,1680,1050
17,2,1522,1779661624.98927,2,1680,1050
17,2,1523,1779661625.01009,2,1680,1050
17,2,1524,1779661625.03091,2,1680,1050
17,2,1525,1779661625.05173,2,1680,1050
17,2,1526,1779661625.07255,2,1680,1050
17,2,1527,1779661625.09337,2,1680,1050
17,2,1528,1779661625.11419,2,1680,1050
17,2,1529,1779661625.13501,2,1680,1050
17,2,1530,1779661625.15583,2,1680,1050
17,2,1531,1779661625.17665,2,1680,1050
17,2,1532,1779661625.19747,2,1680,1050
17,2,1533,1779661625.21829,2,1680,1050
17,2,1534,1779661625.23911,2,1680,1050
17,2,1535,1779661625.25992,2,1680,1050
17,2,1536,1779661625.28074,2,1680,1050
17,2,1537,1779661625.30156,2,1680,1050
17,2,1538,1779661625.32238,2,1680,1050
17,2,1539,1779661625.3432,2,1680,1050
17,2,1540,1779661625.36402,2,1680,1050
17,2,1541,1779661625.38484,2,1680,1050
17,2,1542,1779661625.40566,2,1680,1050
17,2,1543,1779661625.42648,2,1680,1050
17,2,1544,1779661625.4473,2,1680,1050
17,2,1545,1779661625.46812,2,1680,1050
17,2,1546,1779661625.48894,2,1680,1050
17,2,1547,1779661625.50976,2,1680,1050
17,2,1548,1779661625.53058,2,1680,1050
17,2,1549,1779661625.5514,2,1680,1050
17,2,1550,1779661625.57222,2,1680,1050
17,2,1551,1779661625.59304,2,1680,1050
17,2,1552,1779661625.61386,2,1680,1050
17,2,1553,1779661625.63467,2,1680,1050
17,2,1554,1779661625.65549,2,1680,1050
17,2,1555,1779661625.67631,2,1680,1050
17,2,1556,1779661625.69713,2,1680,1050
17,2,1557,1779661625.71795,2,1680,1050
17,2,1558,1779661625.73877,2,1680,1050
17,2,1559,1779661625.75959,2,1680,1050
17,2,1560,1779661625.78041,2,1680,1050
17,2,1561,1779661625.80123,2,1680,1050
17,2,1562,1779661625.82205,2,1680,1050
17,2,1563,1779661625.84287,2,1680,1050
17,2,1564,1779661625.86369,2,1680,1050
17,2,1565,1779661625.88451,2,1680,1050
17,2,1566,1779661625.90533,2,1680,1050
17,2,1567,1779661625.92615,2,1680,1050
17,2,1568,1779661625.94697,2,1680,1050
17,2,1569,1779661625.96779,2,1680,1050
17,2,1570,1779661625.9886,2,1680,1050
17,2,1571,1779661626.00942,2,1680,1050
17,2,1572,1779661626.03024,2,1680,1050
17,2,1573,1779661626.05106,2,1680,1050
17,2,1574,1779661626.07188,2,1680,1050
17,2,1575,1779661626.0927,2,1680,1050
17,2,1576,1779661626.11352,2,1680,1050
17,2,1577,1779661626.13434,2,1680,1050
17,2,1578,1779661626.15516,2,1680,1050
17,2,1579,1779661626.17598,2,1680,1050
17,2,1580,1779661626.1968,2,1680,1050
17,2,1581,1779661626.21762,2,1680,1050
17,2,1582,1779661626.23844,2,1680,1050
17,2,1583,1779661626.25926,2,1680,1050
17,2,1584,1779661626.28008,2,1680,1050
17,2,1585,1779661626.3009,2,1680,1050
17,2,1586,1779661626.32172,2,1680,1050
17,2,1587,1779661626.34253,2,1680,1050
17,2,1588,1779661626.36336,2,1680,1050
17,2,1589,1779661626.38417,2,1680,1050
17,2,1590,1779661626.40499,2,1680,1050
17,2,1591,1779661626.42581,2,1680,1050
17,2,1592,1779661626.44663,2,1680,1050
17,2,1593,1779661626.46745,2,1680,1050
17,2,1594,1779661626.48827,2,1680,1050
17,2,1595,1779661626.50909,2,1680,1050
17,2,1596,1779661626.52991,2,1680,1050
17,2,1597,1779661626.55073,2,1680,1050
17,2,1598,1779661626.57155,2,1680,1050
17,2,1599,1779661626.59237,2,1680,1050
17,2,1600,1779661626.61319,2,1680,1050
17,2,1601,1779661626.63401,2,1680,1050
17,2,1602,1779661626.65483,2,1680,1050
17,2,1603,1779661626.67565,2,1680,1050
17,2,1604,1779661626.69647,2,1680,1050
17,2,1605,1779661626.71728,2,1680,1050
17,2,1606,1779661626.73811,2,1680,1050
17,2,1607,1779661626.75892,2,1680,1050
17,2,1608,1779661626.77974,2,1680,1050
17,2,1609,1779661626.80056,2,1680,1050
17,2,1610,1779661626.82138,2,1680,1050
17,2,1611,1779661626.8422,2,1680,1050
17,2,1612,1779661626.86302,2,1680,1050
17,2,1613,1779661626.88384,2,1680,1050
17,2,1614,1779661626.90466,2,1680,1050
17,2,1615,1779661626.92548,2,1680,1050
17,2,1616,1779661626.9463,2,1680,1050
17,2,1617,1779661626.96712,2,1680,1050
17,2,1618,1779661626.98794,2,1680,1050
17,2,1619,1779661627.00876,2,1680,1050
17,2,1620,1779661627.02958,2,1680,1050
17,2,1621,1779661627.0504,2,1680,1050
17,2,1622,1779661627.07122,2,1680,1050
17,2,1623,1779661627.09203,2,1680,1050
17,2,1624,1779661627.11286,2,1680,1050
17,2,1625,1779661627.13367,2,1680,1050
17,2,1626,1779661627.15449,2,1680,1050
17,2,1627,1779661627.17531,2,1680,1050
17,2,1628,1779661627.19613,2,1680,1050
17,2,1629,1779661627.21695,2,1680,1050
17,2,1630,1779661627.23777,2,1680,1050
17,2,1631,1779661627.25859,2,1680,1050
17,2,1632,1779661627.27941,2,1680,1050
17,2,1633,1779661627.30023,2,1680,1050
17,2,1634,1779661627.32105,2,1680,1050
17,2,1635,1779661627.34187,2,1680,1050
17,2,1636,1779661627.36269,2,1680,1050
17,2,1637,1779661627.38351,2,1680,1050
17,2,1638,1779661627.40433,2,1680,1050
17,2,1639,1779661627.42515,2,1680,1050
17,2,1640,1779661627.44597,2,1680,1050
17,2,1641,1779661627.46679,2,1680,1050
17,2,1642,1779661627.4876,2,1680,1050
17,2,1643,1779661627.50842,2,1680,1050
17,2,1644,1779661627.52924,2,1680,1050
17,2,1645,1779661627.55006,2,1680,1050
17,2,1646,1779661627.57088,2,1680,1050
17,2,1647,1779661627.5917,2,1680,1050
17,2,1648,1779661627.61252,2,1680,1050
17,2,1649,1779661627.63334,2,1680,1050
17,2,1650,1779661627.65416,2,1680,1050
17,2,1651,1779661627.67498,2,1680,1050
17,2,1652,1779661627.6958,2,1680,1050
17,2,1653,1779661627.71662,2,1680,1050
17,2,1654,1779661627.73744,2,1680,1050
17,2,1655,1779661627.75826,2,1680,1050
17,2,1656,1779661627.77908,2,1680,1050
17,2,1657,1779661627.7999,2,1680,1050
17,2,1658,1779661627.82072,2,1680,1050
17,2,1659,1779661627.84154,2,1680,1050
17,2,1660,1779661627.86235,2,1680,1050
17,2,1661,1779661627.88317,2,1680,1050
17,2,1662,1779661627.90399,2,1680,1050
17,2,1663,1779661627.92481,2,1680,1050
17,2,1664,1779661627.94563,2,1680,1050
17,2,1665,1779661627.96645,2,1680,1050
17,2,1666,1779661627.98727,2,1680,1050
17,2,1667,1779661628.00809,2,1680,1050
17,2,1668,1779661628.02891,2,1680,1050
17,2,1669,1779661628.04973,2,1680,1050
17,2,1670,1779661628.07055,2,1680,1050
17,2,1671,1779661628.09137,2,1680,1050
17,2,1672,1779661628.11219,2,1680,1050
17,2,1673,1779661628.13301,2,1680,1050
17,2,1674,1779661628.15383,2,1680,1050
17,2,1675,1779661628.17465,2,1680,1050
17,2,1676,1779661628.19546,2,1680,1050
17,2,1677,1779661628.21628,2,1680,1050
17,2,1678,1779661628.2371,2,1680,1050
17,2,1679,1779661628.25792,2,1680,1050
17,2,1680,1779661628.27874,2,1680,1050
17,2,1681,1779661628.29956,2,1680,1050
17,2,1682,1779661628.32038,1,1680,1050
17,2,1683,1779661628.3412,1,1680,1050
17,2,1684,1779661628.36202,1,1680,1050
17,2,1685,1779661628.38284,1,1680,1050
17,2,1686,1779661628.40366,1,1680,1050
17,2,1687,1779661628.42448,1,1680,1050
17,2,1688,1779661628.4453,1,1680,1050
17,2,1689,1779661628.46612,1,1680,1050
17,2,1690,1779661628.48694,1,1680,1050
17,2,1691,1779661628.50776,1,1680,1050
17,2,1692,1779661628.52858,1,1680,1050
17,2,1693,1779661628.5494,1,1680,1050
17,2,1694,1779661628.57022,1,1680,1050
17,2,1695,1779661628.59103,1,1680,1050
17,2,1696,1779661628.61185,1,1680,1050
17,2,1697,1779661628.63267,1,1680,1050
17,2,1698,1779661628.65349,1,1680,1050
17,2,1699,1779661628.67431,1,1680,1050
17,2,1700,1779661628.69513,1,1680,1050
17,2,1701,1779661628.71595,1,1680,1050
17,2,1702,1779661628.73677,1,1680,1050
17,2,1703,1779661628.75759,1,1680,1050
17,2,1704,1779661628.77841,1,1680,1050
17,2,1705,1779661628.79923,1,1680,1050
17,2,1706,1779661628.82005,1,1680,1050
17,2,1707,1779661628.84087,1,1680,1050
17,2,1708,1779661628.86169,1,1680,1050
17,2,1709,1779661628.88251,1,1680,1050
17,2,1710,1779661628.90333,1,1680,1050
17,2,1711,1779661628.92414,1,1680,1050
17,2,1712,1779661628.94496,1,1680,1050
17,2,1713,1779661628.96578,1,1680,1050
17,2,1714,1779661628.9866,1,1680,1050
17,2,1715,1779661629.00742,1,1680,1050
17,2,1716,1779661629.02824,1,1680,1050
17,2,1717,1779661629.04906,1,1680,1050
17,2,1718,1779661629.06988,1,1680,1050
17,2,1719,1779661629.0907,1,1680,1050
17,2,1720,1779661629.11152,1,1680,1050
17,2,1721,1779661629.13234,1,1680,1050
17,2,1722,1779661629.15316,1,1680,1050
17,2,1723,1779661629.17398,1,1680,1050
17,2,1724,1779661629.1948,1,1680,1050
17,2,1725,1779661629.21562,1,1680,1050
17,2,1726,1779661629.23644,1,1680,1050
17,2,1727,1779661629.25726,1,1680,1050
17,2,1728,1779661629.27807,1,1680,1050
17,2,1729,1779661629.29889,1,1680,1050
17,2,1730,1779661629.31971,1,1680,1050
17,2,1731,1779661629.34053,1,1680,1050
17,2,1732,1779661629.36135,1,1680,1050
17,2,1733,1779661629.38217,1,1680,1050
17,2,1734,1779661629.40299,1,1680,1050
17,2,1735,1779661629.42381,1,1680,1050
17,2,1736,1779661629.44463,1,1680,1050
17,2,1737,1779661629.46545,1,1680,1050
17,2,1738,1779661629.48627,1,1680,1050
17,2,1739,1779661629.50709,1,1680,1050
17,2,1740,1779661629.52791,1,1680,1050
17,2,1741,1779661629.54873,1,1680,1050
17,2,1742,1779661629.56955,1,1680,1050
17,2,1743,1779661629.59037,1,1680,1050
17,2,1744,1779661629.61119,1,1680,1050
17,2,1745,1779661629.63201,1,1680,1050
17,2,1746,1779661629.65283,1,1680,1050
17,2,1747,1779661629.67364,1,1680,1050
17,2,1748,1779661629.69446,1,1680,1050
17,2,1749,1779661629.71528,1,1680,1050
17,2,1750,1779661629.7361,1,1680,1050
17,2,1751,1779661629.75692,1,1680,1050
17,2,1752,1779661629.77774,1,1680,1050
17,2,1753,1779661629.79856,1,1680,1050
17,2,1754,1779661629.81938,1,1680,1050
17,2,1755,1779661629.8402,1,1680,1050
17,2,1756,1779661629.86102,1,1680,1050
17,2,1757,1779661629.88184,1,1680,1050
17,2,1758,1779661629.90266,1,1680,1050
17,2,1759,1779661629.92348,1,1680,1050
17,2,1760,1779661629.9443,1,1680,1050
17,2,1761,1779661629.96512,1,1680,1050
17,2,1762,1779661629.98594,1,1680,1050
17,2,1763,1779661630.00676,1,1680,1050
17,2,1764,1779661630.02757,1,1680,1050
17,2,1765,1779661630.04839,1,1680,1050
17,2,1766,1779661630.06921,1,1680,1050
17,2,1767,1779661630.09003,1,1680,1050
17,2,1768,1779661630.11085,1,1680,1050
17,2,1769,1779661630.13167,1,1680,1050
17,2,1770,1779661630.15249,1,1680,1050
17,2,1771,1779661630.17331,1,1680,1050
17,2,1772,1779661630.19413,1,1680,1050
17,2,1773,1779661630.21495,1,1680,1050
17,2,1774,1779661630.23577,1,1680,1050
17,2,1775,1779661630.25659,1,1680,1050
17,2,1776,1779661630.27741,1,1680,1050
17,2,1777,1779661630.29823,1,1680,1050
17,2,1778,1779661630.31905,1,1680,1050
17,2,1779,1779661630.33987,1,1680,1050
17,2,1780,1779661630.36069,1,1680,1050
17,2,1781,1779661630.38151,1,1680,1050
17,2,1782,1779661630.40232,1,1680,1050
17,2,1783,1779661630.42314,1,1680,1050
17,2,1784,1779661630.44396,1,1680,1050
17,2,1785,1779661630.46478,1,1680,1050
17,2,1786,1779661630.4856,1,1680,1050
17,2,1787,1779661630.50642,1,1680,1050
17,2,1788,1779661630.52724,1,1680,1050
17,2,1789,1779661630.54806,1,1680,1050
17,2,1790,1779661630.56888,1,1680,1050
17,2,1791,1779661630.5897,1,1680,1050
17,2,1792,1779661630.61052,1,1680,1050
17,2,1793,1779661630.63134,1,1680,1050
17,2,1794,1779661630.65216,1,1680,1050
17,2,1795,1779661630.67298,1,1680,1050
17,2,1796,1779661630.6938,1,1680,1050
17,2,1797,1779661630.71462,1,1680,1050
17,2,1798,1779661630.73544,1,1680,1050
17,2,1799,1779661630.75625,1,1680,1050
17,2,1800,1779661630.77707,1,1680,1050
17,2,1801,1779661630.79789,1,1680,1050
17,2,1802,1779661630.81871,1,1680,1050
17,2,1803,1779661630.83953,1,1680,1050
17,2,1804,1779661630.86035,1,1680,1050
17,2,1805,1779661630.88117,1,1680,1050
17,2,1806,1779661630.90199,1,1680,1050
17,2,1807,1779661630.92281,1,1680,1050
17,2,1808,1779661630.94363,1,1680,1050
17,2,1809,1779661630.96445,1,1680,1050
17,2,1810,1779661630.98527,1,1680,1050
17,2,1811,1779661631.00609,1,1680,1050
17,2,1812,1779661631.02691,1,1680,1050
17,2,1813,1779661631.04773,1,1680,1050
17,2,1814,1779661631.06855,1,1680,1050
17,2,1815,1779661631.08937,1,1680,1050
17,2,1816,1779661631.11019,1,1680,1050
17,2,1817,1779661631.131,1,1680,1050
17,2,1818,1779661631.15182,1,1680,1050
17,2,1819,1779661631.17264,1,1680,1050
17,2,1820,1779661631.19346,1,1680,1050
17,2,1821,1779661631.21428,1,1680,1050
17,2,1822,1779661631.2351,1,1680,1050
17,2,1823,1779661631.25592,1,1680,1050
17,2,1824,1779661631.27674,1,1680,1050
17,2,1825,1779661631.29756,1,1680,1050
17,2,1826,1779661631.31838,1,1680,1050
17,2,1827,1779661631.3392,1,1680,1050
17,2,1828,1779661631.36002,1,1680,1050
17,2,1829,1779661631.38084,1,1680,1050
17,2,1830,1779661631.40166,1,1680,1050
17,2,1831,1779661631.42248,1,1680,1050
17,2,1832,1779661631.4433,1,1680,1050
17,2,1833,1779661631.46412,1,1680,1050
17,2,1834,1779661631.48493,1,1680,1050
17,2,1835,1779661631.50575,1,1680,1050
17,2,1836,1779661631.52657,1,1680,1050
17,2,1837,1779661631.54739,1,1680,1050
17,2,1838,1779661631.56821,1,1680,1050
17,2,1839,1779661631.58903,1,1680,1050
17,2,1840,1779661631.60985,1,1680,1050
17,2,1841,1779661631.63067,1,1680,1050
17,2,1842,1779661631.65149,1,1680,1050
17,2,1843,1779661631.67231,1,1680,1050
17,2,1844,1779661631.69313,1,1680,1050
17,2,1845,1779661631.71395,1,1680,1050
17,2,1846,1779661631.73477,1,1680,1050
17,2,1847,1779661631.75559,1,1680,1050
17,2,1848,1779661631.77641,1,1680,1050
17,2,1849,1779661631.79723,1,1680,1050
17,2,1850,1779661631.81805,1,1680,1050
17,2,1851,1779661631.83887,1,1680,1050
17,2,1852,1779661631.85968,1,1680,1050
17,2,1853,1779661631.8805,1,1680,1050
17,2,1854,1779661631.90132,1,1680,1050
17,2,1855,1779661631.92214,1,1680,1050
17,2,1856,1779661631.94296,1,1680,1050
17,2,1857,1779661631.96378,1,1680,1050
17,2,1858,1779661631.9846,1,1680,1050
17,2,1859,1779661632.00542,1,1680,1050
17,2,1860,1779661632.02624,1,1680,1050
17,2,1861,1779661632.04706,1,1680,1050
17,2,1862,1779661632.06788,1,1680,1050
17,2,1863,1779661632.0887,1,1680,1050
17,2,1864,1779661632.10952,1,1680,1050
17,2,1865,1779661632.13034,1,1680,1050
17,2,1866,1779661632.15116,1,1680,1050
17,2,1867,1779661632.17198,1,1680,1050
17,2,1868,1779661632.1928,1,1680,1050
17,2,1869,1779661632.21361,1,1680,1050
17,2,1870,1779661632.23443,1,1680,1050
17,2,1871,1779661632.25525,1,1680,1050
17,2,1872,1779661632.27607,1,1680,1050
17,2,1873,1779661632.29689,1,1680,1050
17,2,1874,1779661632.31771,2,1680,1050
17,2,1875,1779661632.33853,2,1680,1050
17,2,1876,1779661632.35935,2,1680,1050
17,2,1877,1779661632.38017,2,1680,1050
17,2,1878,1779661632.40099,2,1680,1050
17,2,1879,1779661632.42181,2,1680,1050
17,2,1880,1779661632.44263,2,1680,1050
17,2,1881,1779661632.46345,2,1680,1050
17,2,1882,1779661632.48427,2,1680,1050
17,2,1883,1779661632.50509,2,1680,1050
17,2,1884,1779661632.52591,2,1680,1050
17,2,1885,1779661632.54673,2,1680,1050
17,2,1886,1779661632.56755,2,1680,1050
17,2,1887,1779661632.58836,2,1680,1050
17,2,1888,1779661632.60919,2,1680,1050
17,2,1889,1779661632.63,2,1680,1050
17,2,1890,1779661632.65082,2,1680,1050
17,2,1891,1779661632.67164,2,1680,1050
17,2,1892,1779661632.69246,2,1680,1050
17,2,1893,1779661632.71328,2,1680,1050
17,2,1894,1779661632.7341,2,1680,1050
17,2,1895,1779661632.75492,2,1680,1050
17,2,1896,1779661632.77574,2,1680,1050
17,2,1897,1779661632.79656,2,1680,1050
17,2,1898,1779661632.81738,2,1680,1050
17,2,1899,1779661632.8382,2,1680,1050
17,2,1900,1779661632.85902,2,1680,1050
17,2,1901,1779661632.87984,2,1680,1050
17,2,1902,1779661632.90066,2,1680,1050
17,2,1903,1779661632.92148,2,1680,1050
17,2,1904,1779661632.9423,2,1680,1050
17,2,1905,1779661632.96311,2,1680,1050
17,2,1906,1779661632.98393,2,1680,1050
17,2,1907,1779661633.00475,2,1680,1050
17,2,1908,1779661633.02557,2,1680,1050
17,2,1909,1779661633.04639,2,1680,1050
17,2,1910,1779661633.06721,2,1680,1050
17,2,1911,1779661633.08803,2,1680,1050
17,2,1912,1779661633.10885,2,1680,1050
17,2,1913,1779661633.12967,2,1680,1050
17,2,1914,1779661633.15049,2,1680,1050
17,2,1915,1779661633.17131,2,1680,1050
17,2,1916,1779661633.19213,2,1680,1050
17,2,1917,1779661633.21295,2,1680,1050
17,2,1918,1779661633.23377,2,1680,1050
17,2,1919,1779661633.25459,2,1680,1050
17,2,1920,1779661633.27541,2,1680,1050
17,2,1921,1779661633.29623,2,1680,1050
17,2,1922,1779661633.31704,2,1680,1050
17,2,1923,1779661633.33786,2,1680,1050
17,2,1924,1779661633.35868,2,1680,1050
17,2,1925,1779661633.3795,2,1680,1050
17,2,1926,1779661633.40032,2,1680,1050
17,2,1927,1779661633.42114,2,1680,1050
17,2,1928,1779661633.44196,2,1680,1050
17,2,1929,1779661633.46278,2,1680,1050
17,2,1930,1779661633.4836,2,1680,1050
17,2,1931,1779661633.50442,2,1680,1050
17,2,1932,1779661633.52524,2,1680,1050
17,2,1933,1779661633.54606,2,1680,1050
17,2,1934,1779661633.56688,2,1680,1050
17,2,1935,1779661633.5877,2,1680,1050
17,2,1936,1779661633.60852,2,1680,1050
17,2,1937,1779661633.62934,2,1680,1050
17,2,1938,1779661633.65016,2,1680,1050
17,2,1939,1779661633.67098,2,1680,1050
17,2,1940,1779661633.69179,2,1680,1050
17,2,1941,1779661633.71261,2,1680,1050
17,2,1942,1779661633.73343,2,1680,1050
17,2,1943,1779661633.75425,2,1680,1050
17,2,1944,1779661633.77507,2,1680,1050
17,2,1945,1779661633.79589,2,1680,1050
17,2,1946,1779661633.81671,2,1680,1050
17,2,1947,1779661633.83753,2,1680,1050
17,2,1948,1779661633.85835,2,1680,1050
17,2,1949,1779661633.87917,2,1680,1050
17,2,1950,1779661633.89999,2,1680,1050
17,2,1951,1779661633.92081,2,1680,1050
17,2,1952,1779661633.94163,2,1680,1050
17,2,1953,1779661633.96245,2,1680,1050
17,2,1954,1779661633.98327,2,1680,1050
17,2,1955,1779661634.00409,2,1680,1050
17,2,1956,1779661634.02491,2,1680,1050
17,2,1957,1779661634.04572,2,1680,1050
17,2,1958,1779661634.06654,2,1680,1050
17,2,1959,1779661634.08736,2,1680,1050
17,2,1960,1779661634.10818,2,1680,1050
17,2,1961,1779661634.129,2,1680,1050
17,2,1962,1779661634.14982,2,1680,1050
17,2,1963,1779661634.17064,2,1680,1050
17,2,1964,1779661634.19146,2,1680,1050
17,2,1965,1779661634.21228,2,1680,1050
17,2,1966,1779661634.2331,2,1680,1050
17,2,1967,1779661634.25392,2,1680,1050
17,2,1968,1779661634.27474,2,1680,1050
17,2,1969,1779661634.29556,2,1680,1050
17,2,1970,1779661634.31638,2,1680,1050
17,2,1971,1779661634.3372,2,1680,1050
17,2,1972,1779661634.35802,2,1680,1050
17,2,1973,1779661634.37884,2,1680,1050
17,2,1974,1779661634.39965,2,1680,1050
17,2,1975,1779661634.42047,2,1680,1050
17,2,1976,1779661634.4413,2,1680,1050
17,2,1977,1779661634.46211,2,1680,1050
17,2,1978,1779661634.48293,2,1680,1050
17,2,1979,1779661634.50375,2,1680,1050
17,2,1980,1779661634.52457,2,1680,1050
17,2,1981,1779661634.54539,2,1680,1050
17,2,1982,1779661634.56621,2,1680,1050
17,2,1983,1779661634.58703,2,1680,1050
17,2,1984,1779661634.60785,2,1680,1050
17,2,1985,1779661634.62867,2,1680,1050
17,2,1986,1779661634.64949,2,1680,1050
17,2,1987,1779661634.67031,2,1680,1050
17,2,1988,1779661634.69113,2,1680,1050
17,2,1989,1779661634.71195,2,1680,1050
17,2,1990,1779661634.73277,2,1680,1050
17,2,1991,1779661634.75359,2,1680,1050
17,2,1992,1779661634.77441,2,1680,1050
17,2,1993,1779661634.79522,2,1680,1050
17,2,1994,1779661634.81604,2,1680,1050
17,2,1995,1779661634.83686,2,1680,1050
17,2,1996,1779661634.85768,2,1680,1050
17,2,1997,1779661634.8785,2,1680,1050
17,2,1998,1779661634.89932,2,1680,1050
17,2,1999,1779661634.92014,2,1680,1050
17,2,2000,1779661634.94096,2,1680,1050
17,2,2001,1779661634.96178,2,1680,1050
17,2,2002,1779661634.9826,2,1680,1050
17,2,2003,1779661635.00342,2,1680,1050
17,2,2004,1779661635.02424,2,1680,1050
17,2,2005,1779661635.04506,2,1680,1050
17,2,2006,1779661635.06588,2,1680,1050
17,2,2007,1779661635.0867,2,1680,1050
17,2,2008,1779661635.10752,2,1680,1050
17,2,2009,1779661635.12834,2,1680,1050
17,2,2010,1779661635.14915,2,1680,1050
17,2,2011,1779661635.16997,2,1680,1050
17,2,2012,1779661635.19079,2,1680,1050
17,2,2013,1779661635.21161,2,1680,1050
17,2,2014,1779661635.23243,2,1680,1050
17,2,2015,1779661635.25325,2,1680,1050
17,2,2016,1779661635.27407,2,1680,1050
17,2,2017,1779661635.29489,2,1680,1050
17,2,2018,1779661635.31571,2,1680,1050
17,2,2019,1779661635.33653,2,1680,1050
17,2,2020,1779661635.35735,2,1680,1050
17,2,2021,1779661635.37817,2,1680,1050
17,2,2022,1779661635.39899,2,1680,1050
17,2,2023,1779661635.41981,2,1680,1050
17,2,2024,1779661635.44063,2,1680,1050
17,2,2025,1779661635.46145,2,1680,1050
17,2,2026,1779661635.48227,2,1680,1050
17,2,2027,1779661635.50308,2,1680,1050
17,2,2028,1779661635.5239,2,1680,1050
17,2,2029,1779661635.54472,2,1680,1050
17,2,2030,1779661635.56554,2,1680,1050
17,2,2031,1779661635.58636,2,1680,1050
17,2,2032,1779661635.60718,2,1680,1050
17,2,2033,1779661635.628,2,1680,1050
17,2,2034,1779661635.64882,2,1680,1050
17,2,2035,1779661635.66964,2,1680,1050
17,2,2036,1779661635.69046,2,1680,1050
17,2,2037,1779661635.71128,2,1680,1050
17,2,2038,1779661635.7321,2,1680,1050
17,2,2039,1779661635.75292,2,1680,1050
17,2,2040,1779661635.77374,2,1680,1050
17,2,2041,1779661635.79456,2,1680,1050
17,2,2042,1779661635.81538,2,1680,1050
17,2,2043,1779661635.8362,2,1680,1050
17,2,2044,1779661635.85702,2,1680,1050
17,2,2045,1779661635.87783,2,1680,1050
17,2,2046,1779661635.89866,2,1680,1050
17,2,2047,1779661635.91947,2,1680,1050
17,2,2048,1779661635.94029,2,1680,1050
17,2,2049,1779661635.96111,2,1680,1050
17,2,2050,1779661635.98193,2,1680,1050
17,2,2051,1779661636.00275,2,1680,1050
17,2,2052,1779661636.02357,2,1680,1050
17,2,2053,1779661636.04439,2,1680,1050
17,2,2054,1779661636.06521,2,1680,1050
17,2,2055,1779661636.08603,2,1680,1050
17,2,2056,1779661636.10685,2,1680,1050
17,2,2057,1779661636.12767,2,1680,1050
17,2,2058,1779661636.14849,2,1680,1050
17,2,2059,1779661636.16931,2,1680,1050
17,2,2060,1779661636.19013,2,1680,1050
17,2,2061,1779661636.21095,2,1680,1050
17,2,2062,1779661636.23177,2,1680,1050
17,2,2063,1779661636.25258,2,1680,1050
17,2,2064,1779661636.2734,2,1680,1050
17,2,2065,1779661636.29422,2,1680,1050
17,2,2066,1779661636.31504,-1,1680,1050
17,2,2067,1779661636.33586,-1,1680,1050
17,2,2068,1779661636.35668,-1,1680,1050
17,2,2069,1779661636.3775,-1,1680,1050
17,2,2070,1779661636.39832,-1,1680,1050
17,2,2071,1779661636.41914,-1,1680,1050
17,2,2072,1779661636.43996,-1,1680,1050
17,2,2073,1779661636.46078,-1,1680,1050
17,2,2074,1779661636.4816,-1,1680,1050
17,2,2075,1779661636.50242,-1,1680,1050
17,2,2076,1779661636.52324,-1,1680,1050
17,2,2077,1779661636.54406,-1,1680,1050
17,2,2078,1779661636.56488,-1,1680,1050
17,2,2079,1779661636.5857,-1,1680,1050
17,2,2080,1779661636.60652,-1,1680,1050
17,2,2081,1779661636.62733,-1,1680,1050
17,2,2082,1779661636.64815,-1,1680,1050
17,2,2083,1779661636.66897,-1,1680,1050
17,2,2084,1779661636.68979,-1,1680,1050
17,2,2085,1779661636.71061,-1,1680,1050
17,2,2086,1779661636.73143,-1,1680,1050
17,2,2087,1779661636.75225,-1,1680,1050
17,2,2088,1779661636.77307,-1,1680,1050
17,2,2089,1779661636.79389,-1,1680,1050
17,2,2090,1779661636.81471,-1,1680,1050
17,2,2091,1779661636.83553,-1,1680,1050
17,2,2092,1779661636.85635,-1,1680,1050
17,2,2093,1779661636.87717,-1,1680,1050
17,2,2094,1779661636.89799,-1,1680,1050
17,2,2095,1779661636.91881,-1,1680,1050
17,2,2096,1779661636.93963,-1,1680,1050
17,2,2097,1779661636.96045,-1,1680,1050
17,2,2098,1779661636.98126,-1,1680,1050
17,2,2099,1779661637.00208,-1,1680,1050
17,2,2100,1779661637.0229,-1,1680,1050
17,2,2101,1779661637.04372,-1,1680,1050
17,2,2102,1779661637.06454,-1,1680,1050
17,2,2103,1779661637.08536,-1,1680,1050
17,2,2104,1779661637.10618,-1,1680,1050
17,2,2105,1779661637.127,-1,1680,1050
17,2,2106,1779661637.14782,-1,1680,1050
17,2,2107,1779661637.16864,-1,1680,1050
17,2,2108,1779661637.18946,-1,1680,1050
17,2,2109,1779661637.21028,-1,1680,1050
17,2,2110,1779661637.2311,-1,1680,1050
17,2,2111,1779661637.25192,-1,1680,1050
17,2,2112,1779661637.27274,-1,1680,1050
17,2,2113,1779661637.29356,-1,1680,1050
17,2,2114,1779661637.31438,-1,1680,1050
17,2,2115,1779661637.3352,-1,1680,1050
17,2,2116,1779661637.35602,-1,1680,1050
17,2,2117,1779661637.37683,-1,1680,1050
17,2,2118,1779661637.39765,-1,1680,1050
17,2,2119,1779661637.41847,-1,1680,1050
17,2,2120,1779661637.43929,-1,1680,1050
17,2,2121,1779661637.46011,-1,1680,1050
17,2,2122,1779661637.48093,-1,1680,1050
17,2,2123,1779661637.50175,-1,1680,1050
17,2,2124,1779661637.52257,-1,1680,1050
17,2,2125,1779661637.54339,-1,1680,1050
17,2,2126,1779661637.56421,-1,1680,1050
17,2,2127,1779661637.58503,-1,1680,1050
17,2,2128,1779661637.60585,-1,1680,1050
17,2,2129,1779661637.62667,-1,1680,1050
17,2,2130,1779661637.64749,-1,1680,1050
17,2,2131,1779661637.66831,-1,1680,1050
17,2,2132,1779661637.68913,-1,1680,1050
17,2,2133,1779661637.70995,-1,1680,1050
17,2,2134,1779661637.73076,-1,1680,1050
17,2,2135,1779661637.75158,-1,1680,1050
17,2,2136,1779661637.7724,-1,1680,1050
17,2,2137,1779661637.79322,-1,1680,1050
17,2,2138,1779661637.81404,-1,1680,1050
17,2,2139,1779661637.83486,-1,1680,1050
17,2,2140,1779661637.85568,-1,1680,1050
17,2,2141,1779661637.8765,-1,1680,1050
17,2,2142,1779661637.89732,-1,1680,1050
17,2,2143,1779661637.91814,-1,1680,1050
17,2,2144,1779661637.93896,-1,1680,1050
17,2,2145,1779661637.95978,-1,1680,1050
17,2,2146,1779661637.9806,-1,1680,1050
17,2,2147,1779661638.00142,-1,1680,1050
17,2,2148,1779661638.02224,-1,1680,1050
17,2,2149,1779661638.04306,-1,1680,1050
17,2,2150,1779661638.06387,-1,1680,1050
17,2,2151,1779661638.08469,-1,1680,1050
17,2,2152,1779661638.10551,-1,1680,1050
17,2,2153,1779661638.12633,-1,1680,1050
17,2,2154,1779661638.14715,-1,1680,1050
17,2,2155,1779661638.16797,-1,1680,1050
17,2,2156,1779661638.18879,-1,1680,1050
17,2,2157,1779661638.20961,-1,1680,1050
17,2,2158,1779661638.23043,-1,1680,1050
17,2,2159,1779661638.25125,-1,1680,1050
17,2,2160,1779661638.27207,-1,1680,1050
17,2,2161,1779661638.29289,-1,1680,1050
17,2,2162,1779661638.31371,-1,1680,1050
17,2,2163,1779661638.33453,-1,1680,1050
17,2,2164,1779661638.35535,-1,1680,1050
17,2,2165,1779661638.37617,-1,1680,1050
17,2,2166,1779661638.39699,-1,1680,1050
17,2,2167,1779661638.41781,-1,1680,1050
17,2,2168,1779661638.43862,-1,1680,1050
17,2,2169,1779661638.45944,-1,1680,1050
17,2,2170,1779661638.48027,-1,1680,1050
17,2,2171,1779661638.50108,-1,1680,1050
17,2,2172,1779661638.5219,-1,1680,1050
17,2,2173,1779661638.54272,-1,1680,1050
17,2,2174,1779661638.56354,-1,1680,1050
17,2,2175,1779661638.58436,-1,1680,1050
17,2,2176,1779661638.60518,-1,1680,1050
17,2,2177,1779661638.626,-1,1680,1050
17,2,2178,1779661638.64682,-1,1680,1050
17,2,2179,1779661638.66764,-1,1680,1050
17,2,2180,1779661638.68846,-1,1680,1050
17,2,2181,1779661638.70928,-1,1680,1050
17,2,2182,1779661638.7301,-1,1680,1050
17,2,2183,1779661638.75092,-1,1680,1050
17,2,2184,1779661638.77174,-1,1680,1050
17,2,2185,1779661638.79256,-1,1680,1050
17,2,2186,1779661638.81337,-1,1680,1050
17,2,2187,1779661638.83419,-1,1680,1050
17,2,2188,1779661638.85501,-1,1680,1050
17,2,2189,1779661638.87583,-1,1680,1050
17,2,2190,1779661638.89665,-1,1680,1050
17,2,2191,1779661638.91747,-1,1680,1050
17,2,2192,1779661638.93829,-1,1680,1050
17,2,2193,1779661638.95911,-1,1680,1050
17,2,2194,1779661638.97993,-1,1680,1050
17,2,2195,1779661639.00075,-1,1680,1050
17,2,2196,1779661639.02157,-1,1680,1050
17,2,2197,1779661639.04239,-1,1680,1050
17,2,2198,1779661639.06321,-1,1680,1050
17,2,2199,1779661639.08403,-1,1680,1050
17,2,2200,1779661639.10485,-1,1680,1050
17,2,2201,1779661639.12567,-1,1680,1050
17,2,2202,1779661639.14649,-1,1680,1050
17,2,2203,1779661639.1673,-1,1680,1050
17,2,2204,1779661639.18813,-1,1680,1050
17,2,2205,1779661639.20894,-1,1680,1050
17,2,2206,1779661639.22976,-1,1680,1050
17,2,2207,1779661639.25058,-1,1680,1050
17,2,2208,1779661639.2714,-1,1680,1050
17,2,2209,1779661639.29222,-1,1680,1050
17,2,2210,1779661639.31304,1,1680,1050
17,2,2211,1779661639.33386,1,1680,1050
17,2,2212,1779661639.35468,1,1680,1050
17,2,2213,1779661639.3755,1,1680,1050
17,2,2214,1779661639.39632,1,1680,1050
17,2,2215,1779661639.41714,1,1680,1050
17,2,2216,1779661639.43796,1,1680,1050
17,2,2217,1779661639.45878,1,1680,1050
17,2,2218,1779661639.4796,1,1680,1050
17,2,2219,1779661639.50042,1,1680,1050
17,2,2220,1779661639.52124,1,1680,1050
17,2,2221,1779661639.54206,1,1680,1050
17,2,2222,1779661639.56287,1,1680,1050
17,2,2223,1779661639.58369,1,1680,1050
17,2,2224,1779661639.60451,1,1680,1050
17,2,2225,1779661639.62533,1,1680,1050
17,2,2226,1779661639.64615,1,1680,1050
17,2,2227,1779661639.66697,1,1680,1050
17,2,2228,1779661639.68779,1,1680,1050
17,2,2229,1779661639.70861,1,1680,1050
17,2,2230,1779661639.72943,1,1680,1050
17,2,2231,1779661639.75025,1,1680,1050
17,2,2232,1779661639.77107,1,1680,1050
17,2,2233,1779661639.79189,1,1680,1050
17,2,2234,1779661639.81271,1,1680,1050
17,2,2235,1779661639.83353,1,1680,1050
17,2,2236,1779661639.85435,1,1680,1050
17,2,2237,1779661639.87517,1,1680,1050
17,2,2238,1779661639.89598,1,1680,1050
17,2,2239,1779661639.91681,1,1680,1050
17,2,2240,1779661639.93762,1,1680,1050
17,2,2241,1779661639.95844,1,1680,1050
17,2,2242,1779661639.97926,1,1680,1050
17,2,2243,1779661640.00008,1,1680,1050
17,2,2244,1779661640.0209,1,1680,1050
17,2,2245,1779661640.04172,1,1680,1050
17,2,2246,1779661640.06254,1,1680,1050
17,2,2247,1779661640.08336,1,1680,1050
17,2,2248,1779661640.10418,1,1680,1050
17,2,2249,1779661640.125,1,1680,1050
17,2,2250,1779661640.14582,1,1680,1050
17,2,2251,1779661640.16664,1,1680,1050
17,2,2252,1779661640.18746,1,1680,1050
17,2,2253,1779661640.20828,1,1680,1050
17,2,2254,1779661640.2291,1,1680,1050
17,2,2255,1779661640.24992,1,1680,1050
17,2,2256,1779661640.27074,1,1680,1050
17,2,2257,1779661640.29155,1,1680,1050
17,2,2258,1779661640.31237,1,1680,1050
17,2,2259,1779661640.33319,1,1680,1050
17,2,2260,1779661640.35401,1,1680,1050
17,2,2261,1779661640.37483,1,1680,1050
17,2,2262,1779661640.39565,1,1680,1050
17,2,2263,1779661640.41647,1,1680,1050
17,2,2264,1779661640.43729,1,1680,1050
17,2,2265,1779661640.45811,1,1680,1050
17,2,2266,1779661640.47893,1,1680,1050
17,2,2267,1779661640.49975,1,1680,1050
17,2,2268,1779661640.52057,1,1680,1050
17,2,2269,1779661640.54139,1,1680,1050
17,2,2270,1779661640.56221,1,1680,1050
17,2,2271,1779661640.58303,1,1680,1050
17,2,2272,1779661640.60385,1,1680,1050
17,2,2273,1779661640.62466,1,1680,1050
17,2,2274,1779661640.64548,1,1680,1050
17,2,2275,1779661640.6663,1,1680,1050
17,2,2276,1779661640.68712,1,1680,1050
17,2,2277,1779661640.70794,1,1680,1050
17,2,2278,1779661640.72876,1,1680,1050
17,2,2279,1779661640.74958,1,1680,1050
17,2,2280,1779661640.7704,1,1680,1050
17,2,2281,1779661640.79122,1,1680,1050
17,2,2282,1779661640.81204,1,1680,1050
17,2,2283,1779661640.83286,1,1680,1050
17,2,2284,1779661640.85368,1,1680,1050
17,2,2285,1779661640.8745,1,1680,1050
17,2,2286,1779661640.89532,1,1680,1050
17,2,2287,1779661640.91614,1,1680,1050
17,2,2288,1779661640.93696,1,1680,1050
17,2,2289,1779661640.95778,1,1680,1050
17,2,2290,1779661640.9786,1,1680,1050
17,2,2291,1779661640.99941,1,1680,1050
17,2,2292,1779661641.02023,1,1680,1050
17,2,2293,1779661641.04105,1,1680,1050
17,2,2294,1779661641.06187,1,1680,1050
17,2,2295,1779661641.08269,1,1680,1050
17,2,2296,1779661641.10351,1,1680,1050
17,2,2297,1779661641.12433,1,1680,1050
17,2,2298,1779661641.14515,1,1680,1050
17,2,2299,1779661641.16597,1,1680,1050
17,2,2300,1779661641.18679,1,1680,1050
17,2,2301,1779661641.20761,1,1680,1050
17,2,2302,1779661641.22843,1,1680,1050
17,2,2303,1779661641.24925,1,1680,1050
17,2,2304,1779661641.27007,1,1680,1050
17,2,2305,1779661641.29089,1,1680,1050
17,2,2306,1779661641.31171,1,1680,1050
17,2,2307,1779661641.33253,1,1680,1050
17,2,2308,1779661641.35334,1,1680,1050
17,2,2309,1779661641.37416,1,1680,1050
17,2,2310,1779661641.39498,1,1680,1050
17,2,2311,1779661641.4158,1,1680,1050
17,2,2312,1779661641.43662,1,1680,1050
17,2,2313,1779661641.45744,1,1680,1050
17,2,2314,1779661641.47826,1,1680,1050
17,2,2315,1779661641.49908,1,1680,1050
17,2,2316,1779661641.5199,1,1680,1050
17,2,2317,1779661641.54072,1,1680,1050
17,2,2318,1779661641.56154,1,1680,1050
17,2,2319,1779661641.58236,1,1680,1050
17,2,2320,1779661641.60318,1,1680,1050
17,2,2321,1779661641.624,1,1680,1050
17,2,2322,1779661641.64482,1,1680,1050
17,2,2323,1779661641.66564,1,1680,1050
17,2,2324,1779661641.68646,1,1680,1050
17,2,2325,1779661641.70728,1,1680,1050
17,2,2326,1779661641.7281,1,1680,1050
17,2,2327,1779661641.74891,1,1680,1050
17,2,2328,1779661641.76973,1,1680,1050
17,2,2329,1779661641.79055,1,1680,1050
17,2,2330,1779661641.81137,1,1680,1050
17,2,2331,1779661641.83219,1,1680,1050
17,2,2332,1779661641.85301,1,1680,1050
17,2,2333,1779661641.87383,1,1680,1050
17,2,2334,1779661641.89465,1,1680,1050
17,2,2335,1779661641.91547,1,1680,1050
17,2,2336,1779661641.93629,1,1680,1050
17,2,2337,1779661641.95711,1,1680,1050
17,2,2338,1779661641.97793,1,1680,1050
17,2,2339,1779661641.99875,1,1680,1050
17,2,2340,1779661642.01957,1,1680,1050
17,2,2341,1779661642.04039,1,1680,1050
17,2,2342,1779661642.06121,1,1680,1050
17,2,2343,1779661642.08203,1,1680,1050
17,2,2344,1779661642.10284,1,1680,1050
17,2,2345,1779661642.12366,1,1680,1050
17,2,2346,1779661642.14448,1,1680,1050
17,2,2347,1779661642.1653,1,1680,1050
17,2,2348,1779661642.18612,1,1680,1050
17,2,2349,1779661642.20694,1,1680,1050
17,2,2350,1779661642.22776,1,1680,1050
17,2,2351,1779661642.24858,1,1680,1050
17,2,2352,1779661642.2694,1,1680,1050
17,2,2353,1779661642.29022,1,1680,1050
17,2,2354,1779661642.31104,1,1680,1050
17,2,2355,1779661642.33186,1,1680,1050
17,2,2356,1779661642.35268,1,1680,1050
17,2,2357,1779661642.3735,1,1680,1050
17,2,2358,1779661642.39432,1,1680,1050
17,2,2359,1779661642.41514,1,1680,1050
17,2,2360,1779661642.43596,1,1680,1050
17,2,2361,1779661642.45678,1,1680,1050
17,2,2362,1779661642.47759,1,1680,1050
17,2,2363,1779661642.49841,1,1680,1050
17,2,2364,1779661642.51923,1,1680,1050
17,2,2365,1779661642.54005,1,1680,1050
17,2,2366,1779661642.56087,1,1680,1050
17,2,2367,1779661642.58169,1,1680,1050
17,2,2368,1779661642.60251,1,1680,1050
17,2,2369,1779661642.62333,1,1680,1050
17,2,2370,1779661642.64415,1,1680,1050
17,2,2371,1779661642.66497,1,1680,1050
17,2,2372,1779661642.68579,1,1680,1050
17,2,2373,1779661642.70661,1,1680,1050
17,2,2374,1779661642.72743,1,1680,1050
17,2,2375,1779661642.74825,1,1680,1050
17,2,2376,1779661642.76907,1,1680,1050
17,2,2377,1779661642.78989,1,1680,1050
17,2,2378,1779661642.81071,1,1680,1050
17,2,2379,1779661642.83152,1,1680,1050
17,2,2380,1779661642.85234,1,1680,1050
17,2,2381,1779661642.87316,1,1680,1050
17,2,2382,1779661642.89398,1,1680,1050
17,2,2383,1779661642.9148,1,1680,1050
17,2,2384,1779661642.93562,1,1680,1050
17,2,2385,1779661642.95644,1,1680,1050
17,2,2386,1779661642.97726,1,1680,1050
17,2,2387,1779661642.99808,1,1680,1050
17,2,2388,1779661643.0189,1,1680,1050
17,2,2389,1779661643.03972,1,1680,1050
17,2,2390,1779661643.06054,1,1680,1050
17,2,2391,1779661643.08136,1,1680,1050
17,2,2392,1779661643.10218,1,1680,1050
17,2,2393,1779661643.123,1,1680,1050
17,2,2394,1779661643.14382,1,1680,1050
17,2,2395,1779661643.16464,1,1680,1050
17,2,2396,1779661643.18546,1,1680,1050
17,2,2397,1779661643.20627,1,1680,1050
17,2,2398,1779661643.2271,1,1680,1050
17,2,2399,1779661643.24791,1,1680,1050
17,2,2400,1779661643.26873,1,1680,1050
17,2,2401,1779661643.28955,1,1680,1050
17,2,2402,1779661643.31037,2,1680,1050
17,2,2403,1779661643.33119,2,1680,1050
17,2,2404,1779661643.35201,2,1680,1050
17,2,2405,1779661643.37283,2,1680,1050
17,2,2406,1779661643.39365,2,1680,1050
17,2,2407,1779661643.41447,2,1680,1050
17,2,2408,1779661643.43529,2,1680,1050
17,2,2409,1779661643.45611,2,1680,1050
17,2,2410,1779661643.47693,2,1680,1050
17,2,2411,1779661643.49775,2,1680,1050
17,2,2412,1779661643.51857,2,1680,1050
17,2,2413,1779661643.53939,2,1680,1050
17,2,2414,1779661643.5602,2,1680,1050
17,2,2415,1779661643.58102,2,1680,1050
17,2,2416,1779661643.60184,2,1680,1050
17,2,2417,1779661643.62266,2,1680,1050
17,2,2418,1779661643.64348,2,1680,1050
17,2,2419,1779661643.6643,2,1680,1050
17,2,2420,1779661643.68512,2,1680,1050
17,2,2421,1779661643.70594,2,1680,1050
17,2,2422,1779661643.72676,2,1680,1050
17,2,2423,1779661643.74758,2,1680,1050
17,2,2424,1779661643.7684,2,1680,1050
17,2,2425,1779661643.78922,2,1680,1050
17,2,2426,1779661643.81004,2,1680,1050
17,2,2427,1779661643.83086,2,1680,1050
17,2,2428,1779661643.85168,2,1680,1050
17,2,2429,1779661643.8725,2,1680,1050
17,2,2430,1779661643.89332,2,1680,1050
17,2,2431,1779661643.91414,2,1680,1050
17,2,2432,1779661643.93496,2,1680,1050
17,2,2433,1779661643.95577,2,1680,1050
17,2,2434,1779661643.97659,2,1680,1050
17,2,2435,1779661643.99741,2,1680,1050
17,2,2436,1779661644.01823,2,1680,1050
17,2,2437,1779661644.03905,2,1680,1050
17,2,2438,1779661644.05987,2,1680,1050
17,2,2439,1779661644.08069,2,1680,1050
17,2,2440,1779661644.10151,2,1680,1050
17,2,2441,1779661644.12233,2,1680,1050
17,2,2442,1779661644.14315,2,1680,1050
17,2,2443,1779661644.16397,2,1680,1050
17,2,2444,1779661644.18479,2,1680,1050
17,2,2445,1779661644.20561,2,1680,1050
17,2,2446,1779661644.22643,2,1680,1050
17,2,2447,1779661644.24725,2,1680,1050
17,2,2448,1779661644.26807,2,1680,1050
17,2,2449,1779661644.28888,2,1680,1050
17,2,2450,1779661644.3097,2,1680,1050
17,2,2451,1779661644.33052,2,1680,1050
17,2,2452,1779661644.35134,2,1680,1050
17,2,2453,1779661644.37216,2,1680,1050
17,2,2454,1779661644.39298,2,1680,1050
17,2,2455,1779661644.4138,2,1680,1050
17,2,2456,1779661644.43462,2,1680,1050
17,2,2457,1779661644.45544,2,1680,1050
17,2,2458,1779661644.47626,2,1680,1050
17,2,2459,1779661644.49708,2,1680,1050
17,2,2460,1779661644.5179,2,1680,1050
17,2,2461,1779661644.53872,2,1680,1050
17,2,2462,1779661644.55954,2,1680,1050
17,2,2463,1779661644.58036,2,1680,1050
17,2,2464,1779661644.60118,2,1680,1050
17,2,2465,1779661644.622,2,1680,1050
17,2,2466,1779661644.64281,2,1680,1050
17,2,2467,1779661644.66363,2,1680,1050
17,2,2468,1779661644.68445,2,1680,1050
17,2,2469,1779661644.70527,2,1680,1050
17,2,2470,1779661644.72609,2,1680,1050
17,2,2471,1779661644.74691,2,1680,1050
17,2,2472,1779661644.76773,2,1680,1050
17,2,2473,1779661644.78855,2,1680,1050
17,2,2474,1779661644.80937,2,1680,1050
17,2,2475,1779661644.83019,2,1680,1050
17,2,2476,1779661644.85101,2,1680,1050
17,2,2477,1779661644.87183,2,1680,1050
17,2,2478,1779661644.89265,2,1680,1050
17,2,2479,1779661644.91347,2,1680,1050
17,2,2480,1779661644.93429,2,1680,1050
17,2,2481,1779661644.95511,2,1680,1050
17,2,2482,1779661644.97593,2,1680,1050
17,2,2483,1779661644.99675,2,1680,1050
17,2,2484,1779661645.01756,2,1680,1050
17,2,2485,1779661645.03838,2,1680,1050
17,2,2486,1779661645.0592,2,1680,1050
17,2,2487,1779661645.08002,2,1680,1050
17,2,2488,1779661645.10084,2,1680,1050
17,2,2489,1779661645.12166,2,1680,1050
17,2,2490,1779661645.14248,2,1680,1050
17,2,2491,1779661645.1633,2,1680,1050
17,2,2492,1779661645.18412,2,1680,1050
17,2,2493,1779661645.20494,2,1680,1050
17,2,2494,1779661645.22576,2,1680,1050
17,2,2495,1779661645.24658,2,1680,1050
17,2,2496,1779661645.2674,2,1680,1050
17,2,2497,1779661645.28822,2,1680,1050
17,2,2498,1779661645.30904,1,1680,1050
17,2,2499,1779661645.32986,1,1680,1050
17,2,2500,1779661645.35068,1,1680,1050
17,2,2501,1779661645.3715,1,1680,1050
17,2,2502,1779661645.39231,1,1680,1050
17,2,2503,1779661645.41313,1,1680,1050
17,2,2504,1779661645.43395,1,1680,1050
17,2,2505,1779661645.45477,1,1680,1050
17,2,2506,1779661645.47559,1,1680,1050
17,2,2507,1779661645.49641,1,1680,1050
17,2,2508,1779661645.51723,1,1680,1050
17,2,2509,1779661645.53805,1,1680,1050
17,2,2510,1779661645.55887,1,1680,1050
17,2,2511,1779661645.57969,1,1680,1050
17,2,2512,1779661645.60051,1,1680,1050
17,2,2513,1779661645.62133,1,1680,1050
17,2,2514,1779661645.64215,1,1680,1050
17,2,2515,1779661645.66297,1,1680,1050
17,2,2516,1779661645.68379,1,1680,1050
17,2,2517,1779661645.70461,1,1680,1050
17,2,2518,1779661645.72543,1,1680,1050
17,2,2519,1779661645.74625,1,1680,1050
17,2,2520,1779661645.76707,1,1680,1050
17,2,2521,1779661645.78788,1,1680,1050
17,2,2522,1779661645.8087,1,1680,1050
17,2,2523,1779661645.82952,1,1680,1050
17,2,2524,1779661645.85034,1,1680,1050
17,2,2525,1779661645.87116,1,1680,1050
17,2,2526,1779661645.89198,1,1680,1050
17,2,2527,1779661645.9128,1,1680,1050
17,2,2528,1779661645.93362,1,1680,1050
17,2,2529,1779661645.95444,1,1680,1050
17,2,2530,1779661645.97526,1,1680,1050
17,2,2531,1779661645.99608,1,1680,1050
17,2,2532,1779661646.0169,1,1680,1050
17,2,2533,1779661646.03772,1,1680,1050
17,2,2534,1779661646.05854,1,1680,1050
17,2,2535,1779661646.07936,1,1680,1050
17,2,2536,1779661646.10018,1,1680,1050
17,2,2537,1779661646.121,1,1680,1050
17,2,2538,1779661646.14182,1,1680,1050
17,2,2539,1779661646.16263,1,1680,1050
17,2,2540,1779661646.18345,1,1680,1050
17,2,2541,1779661646.20427,1,1680,1050
17,2,2542,1779661646.22509,1,1680,1050
17,2,2543,1779661646.24591,1,1680,1050
17,2,2544,1779661646.26673,1,1680,1050
17,2,2545,1779661646.28755,1,1680,1050
17,2,2546,1779661646.30837,1,1680,1050
17,2,2547,1779661646.32919,1,1680,1050
17,2,2548,1779661646.35001,1,1680,1050
17,2,2549,1779661646.37083,1,1680,1050
17,2,2550,1779661646.39165,1,1680,1050
17,2,2551,1779661646.41247,1,1680,1050
17,2,2552,1779661646.43329,1,1680,1050
17,2,2553,1779661646.45411,1,1680,1050
17,2,2554,1779661646.47493,1,1680,1050
17,2,2555,1779661646.49574,1,1680,1050
17,2,2556,1779661646.51656,1,1680,1050
17,2,2557,1779661646.53738,1,1680,1050
17,2,2558,1779661646.5582,1,1680,1050
17,2,2559,1779661646.57902,1,1680,1050
17,2,2560,1779661646.59984,1,1680,1050
17,2,2561,1779661646.62066,1,1680,1050
17,2,2562,1779661646.64148,1,1680,1050
17,2,2563,1779661646.6623,1,1680,1050
17,2,2564,1779661646.68312,1,1680,1050
17,2,2565,1779661646.70394,1,1680,1050
17,2,2566,1779661646.72476,1,1680,1050
17,2,2567,1779661646.74558,1,1680,1050
17,2,2568,1779661646.7664,1,1680,1050
17,2,2569,1779661646.78722,1,1680,1050
17,2,2570,1779661646.80804,1,1680,1050
17,2,2571,1779661646.82886,1,1680,1050
17,2,2572,1779661646.84967,1,1680,1050
17,2,2573,1779661646.8705,1,1680,1050
17,2,2574,1779661646.89131,1,1680,1050
17,2,2575,1779661646.91213,1,1680,1050
17,2,2576,1779661646.93295,1,1680,1050
17,2,2577,1779661646.95377,1,1680,1050
17,2,2578,1779661646.97459,1,1680,1050
17,2,2579,1779661646.99541,1,1680,1050
17,2,2580,1779661647.01623,1,1680,1050
17,2,2581,1779661647.03705,1,1680,1050
17,2,2582,1779661647.05787,1,1680,1050
17,2,2583,1779661647.07869,1,1680,1050
17,2,2584,1779661647.09951,1,1680,1050
17,2,2585,1779661647.12033,1,1680,1050
17,2,2586,1779661647.14115,1,1680,1050
17,2,2587,1779661647.16197,1,1680,1050
17,2,2588,1779661647.18279,1,1680,1050
17,2,2589,1779661647.20361,1,1680,1050
17,2,2590,1779661647.22443,1,1680,1050
17,2,2591,1779661647.24524,1,1680,1050
17,2,2592,1779661647.26606,1,1680,1050
17,2,2593,1779661647.28688,1,1680,1050
17,2,2594,1779661647.3077,1,1680,1050
17,2,2595,1779661647.32852,1,1680,1050
17,2,2596,1779661647.34934,1,1680,1050
17,2,2597,1779661647.37016,1,1680,1050
17,2,2598,1779661647.39098,1,1680,1050
17,2,2599,1779661647.4118,1,1680,1050
17,2,2600,1779661647.43262,1,1680,1050
17,2,2601,1779661647.45344,1,1680,1050
17,2,2602,1779661647.47426,1,1680,1050
17,2,2603,1779661647.49508,1,1680,1050
17,2,2604,1779661647.5159,1,1680,1050
17,2,2605,1779661647.53672,1,1680,1050
17,2,2606,1779661647.55754,1,1680,1050
17,2,2607,1779661647.57836,1,1680,1050
17,2,2608,1779661647.59917,1,1680,1050
17,2,2609,1779661647.61999,1,1680,1050
17,2,2610,1779661647.64081,1,1680,1050
17,2,2611,1779661647.66163,1,1680,1050
17,2,2612,1779661647.68245,1,1680,1050
17,2,2613,1779661647.70327,1,1680,1050
17,2,2614,1779661647.72409,1,1680,1050
17,2,2615,1779661647.74491,1,1680,1050
17,2,2616,1779661647.76573,1,1680,1050
17,2,2617,1779661647.78655,1,1680,1050
17,2,2618,1779661647.80737,1,1680,1050
17,2,2619,1779661647.82819,1,1680,1050
17,2,2620,1779661647.84901,1,1680,1050
17,2,2621,1779661647.86983,1,1680,1050
17,2,2622,1779661647.89065,1,1680,1050
17,2,2623,1779661647.91147,1,1680,1050
17,2,2624,1779661647.93229,1,1680,1050
17,2,2625,1779661647.95311,1,1680,1050
17,2,2626,1779661647.97392,1,1680,1050
17,2,2627,1779661647.99474,1,1680,1050
17,2,2628,1779661648.01556,1,1680,1050
17,2,2629,1779661648.03638,1,1680,1050
17,2,2630,1779661648.0572,1,1680,1050
17,2,2631,1779661648.07802,1,1680,1050
17,2,2632,1779661648.09884,1,1680,1050
17,2,2633,1779661648.11966,1,1680,1050
17,2,2634,1779661648.14048,1,1680,1050
17,2,2635,1779661648.1613,1,1680,1050
17,2,2636,1779661648.18212,1,1680,1050
17,2,2637,1779661648.20296,1,1680,1050
17,2,2638,1779661648.22376,1,1680,1050
17,2,2639,1779661648.24458,1,1680,1050
17,2,2640,1779661648.2654,1,1680,1050
17,2,2641,1779661648.28622,1,1680,1050
17,2,2642,1779661648.30703,1,1680,1050
17,2,2643,1779661648.32786,1,1680,1050
17,2,2644,1779661648.34867,1,1680,1050
17,2,2645,1779661648.36949,1,1680,1050
17,2,2646,1779661648.39031,1,1680,1050
17,2,2647,1779661648.41113,1,1680,1050
17,2,2648,1779661648.43195,1,1680,1050
17,2,2649,1779661648.45277,1,1680,1050
17,2,2650,1779661648.47359,1,1680,1050
17,2,2651,1779661648.49441,1,1680,1050
17,2,2652,1779661648.51523,1,1680,1050
17,2,2653,1779661648.53605,1,1680,1050
17,2,2654,1779661648.55687,1,1680,1050
17,2,2655,1779661648.57769,1,1680,1050
17,2,2656,1779661648.59851,1,1680,1050
17,2,2657,1779661648.61933,1,1680,1050
17,2,2658,1779661648.64015,1,1680,1050
17,2,2659,1779661648.66097,1,1680,1050
17,2,2660,1779661648.68179,1,1680,1050
17,2,2661,1779661648.7026,1,1680,1050
17,2,2662,1779661648.72342,1,1680,1050
17,2,2663,1779661648.74424,1,1680,1050
17,2,2664,1779661648.76506,1,1680,1050
17,2,2665,1779661648.78588,1,1680,1050
17,2,2666,1779661648.8067,1,1680,1050
17,2,2667,1779661648.82752,1,1680,1050
17,2,2668,1779661648.84834,1,1680,1050
17,2,2669,1779661648.86916,1,1680,1050
17,2,2670,1779661648.88998,1,1680,1050
17,2,2671,1779661648.9108,1,1680,1050
17,2,2672,1779661648.93162,1,1680,1050
17,2,2673,1779661648.95244,1,1680,1050
17,2,2674,1779661648.97326,1,1680,1050
17,2,2675,1779661648.99408,1,1680,1050
17,2,2676,1779661649.0149,1,1680,1050
17,2,2677,1779661649.03572,1,1680,1050
17,2,2678,1779661649.05653,1,1680,1050
17,2,2679,1779661649.07735,1,1680,1050
17,2,2680,1779661649.09817,1,1680,1050
17,2,2681,1779661649.11899,1,1680,1050
17,2,2682,1779661649.13981,1,1680,1050
17,2,2683,1779661649.16063,1,1680,1050
17,2,2684,1779661649.18145,1,1680,1050
17,2,2685,1779661649.20227,1,1680,1050
17,2,2686,1779661649.22309,1,1680,1050
17,2,2687,1779661649.24391,1,1680,1050
17,2,2688,1779661649.26473,1,1680,1050
17,2,2689,1779661649.28555,1,1680,1050
17,2,2690,1779661649.30637,2,1680,1050
17,2,2691,1779661649.32719,2,1680,1050
17,2,2692,1779661649.34801,2,1680,1050
17,2,2693,1779661649.36883,2,1680,1050
17,2,2694,1779661649.38965,2,1680,1050
17,2,2695,1779661649.41047,2,1680,1050
17,2,2696,1779661649.43129,2,1680,1050
17,2,2697,1779661649.4521,2,1680,1050
17,2,2698,1779661649.47292,2,1680,1050
17,2,2699,1779661649.49374,2,1680,1050
17,2,2700,1779661649.51456,2,1680,1050
17,2,2701,1779661649.53538,2,1680,1050
17,2,2702,1779661649.5562,2,1680,1050
17,2,2703,1779661649.57702,2,1680,1050
17,2,2704,1779661649.59784,2,1680,1050
17,2,2705,1779661649.61866,2,1680,1050
17,2,2706,1779661649.63948,2,1680,1050
17,2,2707,1779661649.6603,2,1680,1050
17,2,2708,1779661649.68112,2,1680,1050
17,2,2709,1779661649.70194,2,1680,1050
17,2,2710,1779661649.72276,2,1680,1050
17,2,2711,1779661649.74358,2,1680,1050
17,2,2712,1779661649.7644,2,1680,1050
17,2,2713,1779661649.78521,2,1680,1050
17,2,2714,1779661649.80604,2,1680,1050
17,2,2715,1779661649.82685,2,1680,1050
17,2,2716,1779661649.84767,2,1680,1050
17,2,2717,1779661649.86849,2,1680,1050
17,2,2718,1779661649.88931,2,1680,1050
17,2,2719,1779661649.91013,2,1680,1050
17,2,2720,1779661649.93095,2,1680,1050
17,2,2721,1779661649.95177,2,1680,1050
17,2,2722,1779661649.97259,2,1680,1050
17,2,2723,1779661649.99341,2,1680,1050
17,2,2724,1779661650.01423,2,1680,1050
17,2,2725,1779661650.03505,2,1680,1050
17,2,2726,1779661650.05587,2,1680,1050
17,2,2727,1779661650.07669,2,1680,1050
17,2,2728,1779661650.09751,2,1680,1050
17,2,2729,1779661650.11833,2,1680,1050
17,2,2730,1779661650.13915,2,1680,1050
17,2,2731,1779661650.15997,2,1680,1050
17,2,2732,1779661650.18078,2,1680,1050
17,2,2733,1779661650.2016,2,1680,1050
17,2,2734,1779661650.22242,2,1680,1050
17,2,2735,1779661650.24324,2,1680,1050
17,2,2736,1779661650.26406,2,1680,1050
17,2,2737,1779661650.28488,2,1680,1050
17,2,2738,1779661650.3057,2,1680,1050
17,2,2739,1779661650.32652,2,1680,1050
17,2,2740,1779661650.34734,2,1680,1050
17,2,2741,1779661650.36816,2,1680,1050
17,2,2742,1779661650.38898,2,1680,1050
17,2,2743,1779661650.4098,2,1680,1050
17,2,2744,1779661650.43062,2,1680,1050
17,2,2745,1779661650.45144,2,1680,1050
17,2,2746,1779661650.47226,2,1680,1050
17,2,2747,1779661650.49308,2,1680,1050
17,2,2748,1779661650.5139,2,1680,1050
17,2,2749,1779661650.53472,2,1680,1050
17,2,2750,1779661650.55553,2,1680,1050
17,2,2751,1779661650.57635,2,1680,1050
17,2,2752,1779661650.59717,2,1680,1050
17,2,2753,1779661650.61799,2,1680,1050
17,2,2754,1779661650.63881,2,1680,1050
17,2,2755,1779661650.65963,2,1680,1050
17,2,2756,1779661650.68045,2,1680,1050
17,2,2757,1779661650.70127,2,1680,1050
17,2,2758,1779661650.72209,2,1680,1050
17,2,2759,1779661650.74291,2,1680,1050
17,2,2760,1779661650.76373,2,1680,1050
17,2,2761,1779661650.78455,2,1680,1050
17,2,2762,1779661650.80537,2,1680,1050
17,2,2763,1779661650.82619,2,1680,1050
17,2,2764,1779661650.84701,2,1680,1050
17,2,2765,1779661650.86783,2,1680,1050
17,2,2766,1779661650.88865,2,1680,1050
17,2,2767,1779661650.90946,2,1680,1050
17,2,2768,1779661650.93028,2,1680,1050
17,2,2769,1779661650.9511,2,1680,1050
17,2,2770,1779661650.97192,2,1680,1050
17,2,2771,1779661650.99274,2,1680,1050
17,2,2772,1779661651.01356,2,1680,1050
17,2,2773,1779661651.03438,2,1680,1050
17,2,2774,1779661651.0552,2,1680,1050
17,2,2775,1779661651.07602,2,1680,1050
17,2,2776,1779661651.09684,2,1680,1050
17,2,2777,1779661651.11766,2,1680,1050
17,2,2778,1779661651.13848,2,1680,1050
17,2,2779,1779661651.1593,2,1680,1050
17,2,2780,1779661651.18012,2,1680,1050
17,2,2781,1779661651.20094,2,1680,1050
17,2,2782,1779661651.22176,2,1680,1050
17,2,2783,1779661651.24258,2,1680,1050
17,2,2784,1779661651.26339,2,1680,1050
17,2,2785,1779661651.28421,2,1680,1050
17,2,2786,1779661651.30503,1,1680,1050
17,2,2787,1779661651.32585,1,1680,1050
17,2,2788,1779661651.34667,1,1680,1050
17,2,2789,1779661651.36749,1,1680,1050
17,2,2790,1779661651.38831,1,1680,1050
17,2,2791,1779661651.40913,1,1680,1050
17,2,2792,1779661651.42995,1,1680,1050
17,2,2793,1779661651.45077,1,1680,1050
17,2,2794,1779661651.47159,1,1680,1050
17,2,2795,1779661651.49241,1,1680,1050
17,2,2796,1779661651.51323,1,1680,1050
17,2,2797,1779661651.53405,1,1680,1050
17,2,2798,1779661651.55487,1,1680,1050
17,2,2799,1779661651.57569,1,1680,1050
17,2,2800,1779661651.59651,1,1680,1050
17,2,2801,1779661651.61732,1,1680,1050
17,2,2802,1779661651.63814,1,1680,1050
17,2,2803,1779661651.65896,1,1680,1050
17,2,2804,1779661651.67978,1,1680,1050
17,2,2805,1779661651.7006,1,1680,1050
17,2,2806,1779661651.72142,1,1680,1050
17,2,2807,1779661651.74224,1,1680,1050
17,2,2808,1779661651.76306,1,1680,1050
17,2,2809,1779661651.78388,1,1680,1050
17,2,2810,1779661651.8047,1,1680,1050
17,2,2811,1779661651.82552,1,1680,1050
17,2,2812,1779661651.84634,1,1680,1050
17,2,2813,1779661651.86716,1,1680,1050
17,2,2814,1779661651.88798,1,1680,1050
17,2,2815,1779661651.9088,1,1680,1050
17,2,2816,1779661651.92962,1,1680,1050
17,2,2817,1779661651.95044,1,1680,1050
17,2,2818,1779661651.97125,1,1680,1050
17,2,2819,1779661651.99207,1,1680,1050
17,2,2820,1779661652.01289,1,1680,1050
17,2,2821,1779661652.03371,1,1680,1050
17,2,2822,1779661652.05453,1,1680,1050
17,2,2823,1779661652.07535,1,1680,1050
17,2,2824,1779661652.09617,1,1680,1050
17,2,2825,1779661652.11699,1,1680,1050
17,2,2826,1779661652.13781,1,1680,1050
17,2,2827,1779661652.15863,1,1680,1050
17,2,2828,1779661652.17945,1,1680,1050
17,2,2829,1779661652.20027,1,1680,1050
17,2,2830,1779661652.22109,1,1680,1050
17,2,2831,1779661652.24191,1,1680,1050
17,2,2832,1779661652.26273,1,1680,1050
17,2,2833,1779661652.28355,1,1680,1050
17,2,2834,1779661652.30437,1,1680,1050
17,2,2835,1779661652.32519,1,1680,1050
17,2,2836,1779661652.34601,1,1680,1050
17,2,2837,1779661652.36682,1,1680,1050
17,2,2838,1779661652.38764,1,1680,1050
17,2,2839,1779661652.40846,1,1680,1050
17,2,2840,1779661652.42928,1,1680,1050
17,2,2841,1779661652.4501,1,1680,1050
17,2,2842,1779661652.47092,1,1680,1050
17,2,2843,1779661652.49174,1,1680,1050
17,2,2844,1779661652.51256,1,1680,1050
17,2,2845,1779661652.53338,1,1680,1050
17,2,2846,1779661652.5542,1,1680,1050
17,2,2847,1779661652.57502,1,1680,1050
17,2,2848,1779661652.59584,1,1680,1050
17,2,2849,1779661652.61666,1,1680,1050
17,2,2850,1779661652.63748,1,1680,1050
17,2,2851,1779661652.6583,1,1680,1050
17,2,2852,1779661652.67912,1,1680,1050
17,2,2853,1779661652.69994,1,1680,1050
17,2,2854,1779661652.72075,1,1680,1050
17,2,2855,1779661652.74158,1,1680,1050
17,2,2856,1779661652.76239,1,1680,1050
17,2,2857,1779661652.78321,1,1680,1050
17,2,2858,1779661652.80403,1,1680,1050
17,2,2859,1779661652.82485,1,1680,1050
17,2,2860,1779661652.84567,1,1680,1050
17,2,2861,1779661652.86649,1,1680,1050
17,2,2862,1779661652.88731,1,1680,1050
17,2,2863,1779661652.90813,1,1680,1050
17,2,2864,1779661652.92895,1,1680,1050
17,2,2865,1779661652.94977,1,1680,1050
17,2,2866,1779661652.97059,1,1680,1050
17,2,2867,1779661652.99141,1,1680,1050
17,2,2868,1779661653.01223,1,1680,1050
17,2,2869,1779661653.03305,1,1680,1050
17,2,2870,1779661653.05387,1,1680,1050
17,2,2871,1779661653.07468,1,1680,1050
17,2,2872,1779661653.0955,1,1680,1050
17,2,2873,1779661653.11632,1,1680,1050
17,2,2874,1779661653.13714,1,1680,1050
17,2,2875,1779661653.15796,1,1680,1050
17,2,2876,1779661653.17878,1,1680,1050
17,2,2877,1779661653.1996,1,1680,1050
17,2,2878,1779661653.22042,1,1680,1050
17,2,2879,1779661653.24124,1,1680,1050
17,2,2880,1779661653.26206,1,1680,1050
17,2,2881,1779661653.28288,1,1680,1050
17,2,2882,1779661653.3037,1,1680,1050
17,2,2883,1779661653.32452,1,1680,1050
17,2,2884,1779661653.34534,1,1680,1050
17,2,2885,1779661653.36616,1,1680,1050
17,2,2886,1779661653.38698,1,1680,1050
17,2,2887,1779661653.4078,1,1680,1050
17,2,2888,1779661653.42862,1,1680,1050
17,2,2889,1779661653.44943,1,1680,1050
17,2,2890,1779661653.47025,1,1680,1050
17,2,2891,1779661653.49107,1,1680,1050
17,2,2892,1779661653.51189,1,1680,1050
17,2,2893,1779661653.53271,1,1680,1050
17,2,2894,1779661653.55353,1,1680,1050
17,2,2895,1779661653.57435,1,1680,1050
17,2,2896,1779661653.59517,1,1680,1050
17,2,2897,1779661653.61599,1,1680,1050
17,2,2898,1779661653.63681,1,1680,1050
17,2,2899,1779661653.65763,1,1680,1050
17,2,2900,1779661653.67845,1,1680,1050
17,2,2901,1779661653.69927,1,1680,1050
17,2,2902,1779661653.72009,1,1680,1050
17,2,2903,1779661653.74091,1,1680,1050
17,2,2904,1779661653.76173,1,1680,1050
17,2,2905,1779661653.78255,1,1680,1050
17,2,2906,1779661653.80336,1,1680,1050
17,2,2907,1779661653.82418,1,1680,1050
17,2,2908,1779661653.845,1,1680,1050
17,2,2909,1779661653.86582,1,1680,1050
17,2,2910,1779661653.88664,1,1680,1050
17,2,2911,1779661653.90746,1,1680,1050
17,2,2912,1779661653.92828,1,1680,1050
17,2,2913,1779661653.9491,1,1680,1050
17,2,2914,1779661653.96992,1,1680,1050
17,2,2915,1779661653.99074,1,1680,1050
17,2,2916,1779661654.01156,1,1680,1050
17,2,2917,1779661654.03238,1,1680,1050
17,2,2918,1779661654.0532,1,1680,1050
17,2,2919,1779661654.07402,1,1680,1050
17,2,2920,1779661654.09484,1,1680,1050
17,2,2921,1779661654.11566,1,1680,1050
17,2,2922,1779661654.13648,1,1680,1050
17,2,2923,1779661654.1573,1,1680,1050
17,2,2924,1779661654.17811,1,1680,1050
17,2,2925,1779661654.19893,1,1680,1050
17,2,2926,1779661654.21975,1,1680,1050
17,2,2927,1779661654.24057,1,1680,1050
17,2,2928,1779661654.26139,1,1680,1050
17,2,2929,1779661654.28221,1,1680,1050
17,2,2930,1779661654.30303,1,1680,1050
17,2,2931,1779661654.32385,1,1680,1050
17,2,2932,1779661654.34467,1,1680,1050
17,2,2933,1779661654.36549,1,1680,1050
17,2,2934,1779661654.38631,1,1680,1050
17,2,2935,1779661654.40713,1,1680,1050
17,2,2936,1779661654.42795,1,1680,1050
17,2,2937,1779661654.44877,1,1680,1050
17,2,2938,1779661654.46959,1,1680,1050
17,2,2939,1779661654.49041,1,1680,1050
17,2,2940,1779661654.51123,1,1680,1050
17,2,2941,1779661654.53204,1,1680,1050
17,2,2942,1779661654.55286,1,1680,1050
17,2,2943,1779661654.57368,1,1680,1050
17,2,2944,1779661654.5945,1,1680,1050
17,2,2945,1779661654.61532,1,1680,1050
17,2,2946,1779661654.63614,1,1680,1050
17,2,2947,1779661654.65696,1,1680,1050
17,2,2948,1779661654.67778,1,1680,1050
17,2,2949,1779661654.6986,1,1680,1050
17,2,2950,1779661654.71942,1,1680,1050
17,2,2951,1779661654.74024,1,1680,1050
17,2,2952,1779661654.76106,1,1680,1050
17,2,2953,1779661654.78188,1,1680,1050
17,2,2954,1779661654.8027,1,1680,1050
17,2,2955,1779661654.82352,1,1680,1050
17,2,2956,1779661654.84434,1,1680,1050
17,2,2957,1779661654.86516,1,1680,1050
17,2,2958,1779661654.88598,1,1680,1050
17,2,2959,1779661654.90679,1,1680,1050
17,2,2960,1779661654.92761,1,1680,1050
17,2,2961,1779661654.94843,1,1680,1050
17,2,2962,1779661654.96925,1,1680,1050
17,2,2963,1779661654.99007,1,1680,1050
17,2,2964,1779661655.01089,1,1680,1050
17,2,2965,1779661655.03171,1,1680,1050
17,2,2966,1779661655.05253,1,1680,1050
17,2,2967,1779661655.07335,1,1680,1050
17,2,2968,1779661655.09417,1,1680,1050
17,2,2969,1779661655.11499,1,1680,1050
17,2,2970,1779661655.13581,1,1680,1050
17,2,2971,1779661655.15663,1,1680,1050
17,2,2972,1779661655.17745,1,1680,1050
17,2,2973,1779661655.19827,1,1680,1050
17,2,2974,1779661655.21909,1,1680,1050
17,2,2975,1779661655.23991,1,1680,1050
17,2,2976,1779661655.26073,1,1680,1050
17,2,2977,1779661655.28154,1,1680,1050
17,2,2978,1779661655.30236,2,1680,1050
17,2,2979,1779661655.32318,2,1680,1050
17,2,2980,1779661655.344,2,1680,1050
17,2,2981,1779661655.36482,2,1680,1050
17,2,2982,1779661655.38564,2,1680,1050
17,2,2983,1779661655.40646,2,1680,1050
17,2,2984,1779661655.42728,2,1680,1050
17,2,2985,1779661655.4481,2,1680,1050
17,2,2986,1779661655.46892,2,1680,1050
17,2,2987,1779661655.48974,2,1680,1050
17,2,2988,1779661655.51056,2,1680,1050
17,2,2989,1779661655.53138,2,1680,1050
17,2,2990,1779661655.5522,2,1680,1050
17,2,2991,1779661655.57302,2,1680,1050
17,2,2992,1779661655.59384,2,1680,1050
17,2,2993,1779661655.61466,2,1680,1050
17,2,2994,1779661655.63548,2,1680,1050
17,2,2995,1779661655.65629,2,1680,1050
17,2,2996,1779661655.67711,2,1680,1050
17,2,2997,1779661655.69793,2,1680,1050
17,2,2998,1779661655.71875,2,1680,1050
17,2,2999,1779661655.73957,2,1680,1050
17,2,3000,1779661655.76039,2,1680,1050
17,2,3001,1779661655.78121,2,1680,1050
17,2,3002,1779661655.80203,2,1680,1050
17,2,3003,1779661655.82285,2,1680,1050
17,2,3004,1779661655.84367,2,1680,1050
17,2,3005,1779661655.86449,2,1680,1050
17,2,3006,1779661655.88531,2,1680,1050
17,2,3007,1779661655.90613,2,1680,1050
17,2,3008,1779661655.92695,2,1680,1050
17,2,3009,1779661655.94777,2,1680,1050
17,2,3010,1779661655.96859,2,1680,1050
17,2,3011,1779661655.98941,2,1680,1050
17,2,3012,1779661656.01022,2,1680,1050
17,2,3013,1779661656.03104,2,1680,1050
17,2,3014,1779661656.05186,2,1680,1050
17,2,3015,1779661656.07268,2,1680,1050
17,2,3016,1779661656.0935,2,1680,1050
17,2,3017,1779661656.11432,2,1680,1050
17,2,3018,1779661656.13514,2,1680,1050
17,2,3019,1779661656.15596,2,1680,1050
17,2,3020,1779661656.17678,2,1680,1050
17,2,3021,1779661656.1976,2,1680,1050
17,2,3022,1779661656.21842,2,1680,1050
17,2,3023,1779661656.23924,2,1680,1050
17,2,3024,1779661656.26006,2,1680,1050
17,2,3025,1779661656.28088,2,1680,1050
17,2,3026,1779661656.3017,2,1680,1050
17,2,3027,1779661656.32252,2,1680,1050
17,2,3028,1779661656.34334,2,1680,1050
17,2,3029,1779661656.36415,2,1680,1050
17,2,3030,1779661656.38498,2,1680,1050
17,2,3031,1779661656.40579,2,1680,1050
17,2,3032,1779661656.42661,2,1680,1050
17,2,3033,1779661656.44743,2,1680,1050
17,2,3034,1779661656.46825,2,1680,1050
17,2,3035,1779661656.48907,2,1680,1050
17,2,3036,1779661656.50989,2,1680,1050
17,2,3037,1779661656.53071,2,1680,1050
17,2,3038,1779661656.55153,2,1680,1050
17,2,3039,1779661656.57235,2,1680,1050
17,2,3040,1779661656.59317,2,1680,1050
17,2,3041,1779661656.61399,2,1680,1050
17,2,3042,1779661656.63481,2,1680,1050
17,2,3043,1779661656.65563,2,1680,1050
17,2,3044,1779661656.67645,2,1680,1050
17,2,3045,1779661656.69727,2,1680,1050
17,2,3046,1779661656.71809,2,1680,1050
17,2,3047,1779661656.73891,2,1680,1050
17,2,3048,1779661656.75972,2,1680,1050
17,2,3049,1779661656.78054,2,1680,1050
17,2,3050,1779661656.80136,2,1680,1050
17,2,3051,1779661656.82218,2,1680,1050
17,2,3052,1779661656.843,2,1680,1050
17,2,3053,1779661656.86382,2,1680,1050
17,2,3054,1779661656.88464,2,1680,1050
17,2,3055,1779661656.90546,2,1680,1050
17,2,3056,1779661656.92628,2,1680,1050
17,2,3057,1779661656.9471,2,1680,1050
17,2,3058,1779661656.96792,2,1680,1050
17,2,3059,1779661656.98874,2,1680,1050
17,2,3060,1779661657.00956,2,1680,1050
17,2,3061,1779661657.03038,2,1680,1050
17,2,3062,1779661657.0512,2,1680,1050
17,2,3063,1779661657.07202,2,1680,1050
17,2,3064,1779661657.09284,2,1680,1050
17,2,3065,1779661657.11365,2,1680,1050
17,2,3066,1779661657.13447,2,1680,1050
17,2,3067,1779661657.15529,2,1680,1050
17,2,3068,1779661657.17611,2,1680,1050
17,2,3069,1779661657.19693,2,1680,1050
17,2,3070,1779661657.21775,2,1680,1050
17,2,3071,1779661657.23857,2,1680,1050
17,2,3072,1779661657.25939,2,1680,1050
17,2,3073,1779661657.28021,2,1680,1050
17,2,3074,1779661657.30103,1,1680,1050
17,2,3075,1779661657.32185,1,1680,1050
17,2,3076,1779661657.34267,1,1680,1050
17,2,3077,1779661657.36349,1,1680,1050
17,2,3078,1779661657.38431,1,1680,1050
17,2,3079,1779661657.40513,1,1680,1050
17,2,3080,1779661657.42595,1,1680,1050
17,2,3081,1779661657.44677,1,1680,1050
17,2,3082,1779661657.46758,1,1680,1050
17,2,3083,1779661657.4884,1,1680,1050
17,2,3084,1779661657.50922,1,1680,1050
17,2,3085,1779661657.53004,1,1680,1050
17,2,3086,1779661657.55086,1,1680,1050
17,2,3087,1779661657.57168,1,1680,1050
17,2,3088,1779661657.5925,1,1680,1050
17,2,3089,1779661657.61332,1,1680,1050
17,2,3090,1779661657.63414,1,1680,1050
17,2,3091,1779661657.65496,1,1680,1050
17,2,3092,1779661657.67578,1,1680,1050
17,2,3093,1779661657.6966,1,1680,1050
17,2,3094,1779661657.71742,1,1680,1050
17,2,3095,1779661657.73824,1,1680,1050
17,2,3096,1779661657.75906,1,1680,1050
17,2,3097,1779661657.77988,1,1680,1050
17,2,3098,1779661657.8007,1,1680,1050
17,2,3099,1779661657.82152,1,1680,1050
17,2,3100,1779661657.84233,1,1680,1050
17,2,3101,1779661657.86315,1,1680,1050
17,2,3102,1779661657.88397,1,1680,1050
17,2,3103,1779661657.90479,1,1680,1050
17,2,3104,1779661657.92561,1,1680,1050
17,2,3105,1779661657.94643,1,1680,1050
17,2,3106,1779661657.96725,1,1680,1050
17,2,3107,1779661657.98807,1,1680,1050
17,2,3108,1779661658.00889,1,1680,1050
17,2,3109,1779661658.02971,1,1680,1050
17,2,3110,1779661658.05053,1,1680,1050
17,2,3111,1779661658.07135,1,1680,1050
17,2,3112,1779661658.09217,1,1680,1050
17,2,3113,1779661658.11299,1,1680,1050
17,2,3114,1779661658.13381,1,1680,1050
17,2,3115,1779661658.15463,1,1680,1050
17,2,3116,1779661658.17545,1,1680,1050
17,2,3117,1779661658.19626,1,1680,1050
17,2,3118,1779661658.21709,1,1680,1050
17,2,3119,1779661658.2379,1,1680,1050
17,2,3120,1779661658.25872,1,1680,1050
17,2,3121,1779661658.27954,1,1680,1050
17,2,3122,1779661658.30036,1,1680,1050
17,2,3123,1779661658.32118,1,1680,1050
17,2,3124,1779661658.342,1,1680,1050
17,2,3125,1779661658.36282,1,1680,1050
17,2,3126,1779661658.38364,1,1680,1050
17,2,3127,1779661658.40446,1,1680,1050
17,2,3128,1779661658.42528,1,1680,1050
17,2,3129,1779661658.4461,1,1680,1050
17,2,3130,1779661658.46692,1,1680,1050
17,2,3131,1779661658.48774,1,1680,1050
17,2,3132,1779661658.50856,1,1680,1050
17,2,3133,1779661658.52938,1,1680,1050
17,2,3134,1779661658.5502,1,1680,1050
17,2,3135,1779661658.57101,1,1680,1050
17,2,3136,1779661658.59184,1,1680,1050
17,2,3137,1779661658.61265,1,1680,1050
17,2,3138,1779661658.63347,1,1680,1050
17,2,3139,1779661658.65429,1,1680,1050
17,2,3140,1779661658.67511,1,1680,1050
17,2,3141,1779661658.69593,1,1680,1050
17,2,3142,1779661658.71675,1,1680,1050
17,2,3143,1779661658.73757,1,1680,1050
17,2,3144,1779661658.75839,1,1680,1050
17,2,3145,1779661658.77921,1,1680,1050
17,2,3146,1779661658.80003,1,1680,1050
17,2,3147,1779661658.82085,1,1680,1050
17,2,3148,1779661658.84167,1,1680,1050
17,2,3149,1779661658.86249,1,1680,1050
17,2,3150,1779661658.88331,1,1680,1050
17,2,3151,1779661658.90413,1,1680,1050
17,2,3152,1779661658.92495,1,1680,1050
17,2,3153,1779661658.94577,1,1680,1050
17,2,3154,1779661658.96658,1,1680,1050
17,2,3155,1779661658.9874,1,1680,1050
17,2,3156,1779661659.00822,1,1680,1050
17,2,3157,1779661659.02904,1,1680,1050
17,2,3158,1779661659.04986,1,1680,1050
17,2,3159,1779661659.07068,1,1680,1050
17,2,3160,1779661659.0915,1,1680,1050
17,2,3161,1779661659.11232,1,1680,1050
17,2,3162,1779661659.13314,1,1680,1050
17,2,3163,1779661659.15396,1,1680,1050
17,2,3164,1779661659.17478,1,1680,1050
17,2,3165,1779661659.1956,1,1680,1050
17,2,3166,1779661659.21642,1,1680,1050
17,2,3167,1779661659.23724,1,1680,1050
17,2,3168,1779661659.25806,1,1680,1050
17,2,3169,1779661659.27888,1,1680,1050
17,2,3170,1779661659.2997,1,1680,1050
17,2,3171,1779661659.32051,1,1680,1050
17,2,3172,1779661659.34133,1,1680,1050
17,2,3173,1779661659.36215,1,1680,1050
17,2,3174,1779661659.38297,1,1680,1050
17,2,3175,1779661659.40379,1,1680,1050
17,2,3176,1779661659.42461,1,1680,1050
17,2,3177,1779661659.44543,1,1680,1050
17,2,3178,1779661659.46625,1,1680,1050
17,2,3179,1779661659.48707,1,1680,1050
17,2,3180,1779661659.50789,1,1680,1050
17,2,3181,1779661659.52871,1,1680,1050
17,2,3182,1779661659.54953,1,1680,1050
17,2,3183,1779661659.57035,1,1680,1050
17,2,3184,1779661659.59117,1,1680,1050
17,2,3185,1779661659.61199,1,1680,1050
17,2,3186,1779661659.63281,1,1680,1050
17,2,3187,1779661659.65363,1,1680,1050
17,2,3188,1779661659.67444,1,1680,1050
17,2,3189,1779661659.69526,1,1680,1050
17,2,3190,1779661659.71608,1,1680,1050
17,2,3191,1779661659.7369,1,1680,1050
17,2,3192,1779661659.75772,1,1680,1050
17,2,3193,1779661659.77854,1,1680,1050
17,2,3194,1779661659.79936,1,1680,1050
17,2,3195,1779661659.82018,1,1680,1050
17,2,3196,1779661659.841,1,1680,1050
17,2,3197,1779661659.86182,1,1680,1050
17,2,3198,1779661659.88264,1,1680,1050
17,2,3199,1779661659.90346,1,1680,1050
17,2,3200,1779661659.92428,1,1680,1050
17,2,3201,1779661659.9451,1,1680,1050
17,2,3202,1779661659.96592,1,1680,1050
17,2,3203,1779661659.98674,1,1680,1050
17,2,3204,1779661660.00756,1,1680,1050
17,2,3205,1779661660.02838,1,1680,1050
17,2,3206,1779661660.0492,1,1680,1050
17,2,3207,1779661660.07001,1,1680,1050
17,2,3208,1779661660.09083,1,1680,1050
17,2,3209,1779661660.11165,1,1680,1050
17,2,3210,1779661660.13247,1,1680,1050
17,2,3211,1779661660.15329,1,1680,1050
17,2,3212,1779661660.17411,1,1680,1050
17,2,3213,1779661660.19493,1,1680,1050
17,2,3214,1779661660.21575,1,1680,1050
17,2,3215,1779661660.23657,1,1680,1050
17,2,3216,1779661660.25739,1,1680,1050
17,2,3217,1779661660.27821,1,1680,1050
17,2,3218,1779661660.29903,1,1680,1050
17,2,3219,1779661660.31985,1,1680,1050
17,2,3220,1779661660.34067,1,1680,1050
17,2,3221,1779661660.36149,1,1680,1050
17,2,3222,1779661660.38231,1,1680,1050
17,2,3223,1779661660.40313,1,1680,1050
17,2,3224,1779661660.42395,1,1680,1050
17,2,3225,1779661660.44476,1,1680,1050
17,2,3226,1779661660.46558,1,1680,1050
17,2,3227,1779661660.4864,1,1680,1050
17,2,3228,1779661660.50722,1,1680,1050
17,2,3229,1779661660.52804,1,1680,1050
17,2,3230,1779661660.54886,1,1680,1050
17,2,3231,1779661660.56968,1,1680,1050
17,2,3232,1779661660.5905,1,1680,1050
17,2,3233,1779661660.61132,1,1680,1050
17,2,3234,1779661660.63214,1,1680,1050
17,2,3235,1779661660.65296,1,1680,1050
17,2,3236,1779661660.67378,1,1680,1050
17,2,3237,1779661660.6946,1,1680,1050
17,2,3238,1779661660.71542,1,1680,1050
17,2,3239,1779661660.73624,1,1680,1050
17,2,3240,1779661660.75706,1,1680,1050
17,2,3241,1779661660.77787,1,1680,1050
17,2,3242,1779661660.79869,1,1680,1050
17,2,3243,1779661660.81951,1,1680,1050
17,2,3244,1779661660.84033,1,1680,1050
17,2,3245,1779661660.86115,1,1680,1050
17,2,3246,1779661660.88197,1,1680,1050
17,2,3247,1779661660.90279,1,1680,1050
17,2,3248,1779661660.92361,1,1680,1050
17,2,3249,1779661660.94443,1,1680,1050
17,2,3250,1779661660.96525,1,1680,1050
17,2,3251,1779661660.98607,1,1680,1050
17,2,3252,1779661661.00689,1,1680,1050
17,2,3253,1779661661.02771,1,1680,1050
17,2,3254,1779661661.04853,1,1680,1050
17,2,3255,1779661661.06935,1,1680,1050
17,2,3256,1779661661.09017,1,1680,1050
17,2,3257,1779661661.11098,1,1680,1050
17,2,3258,1779661661.13181,1,1680,1050
17,2,3259,1779661661.15262,1,1680,1050
17,2,3260,1779661661.17344,1,1680,1050
17,2,3261,1779661661.19426,1,1680,1050
17,2,3262,1779661661.21508,1,1680,1050
17,2,3263,1779661661.2359,1,1680,1050
17,2,3264,1779661661.25672,1,1680,1050
17,2,3265,1779661661.27754,1,1680,1050
17,2,3266,1779661661.29836,2,1680,1050
17,2,3267,1779661661.31918,2,1680,1050
17,2,3268,1779661661.34,2,1680,1050
17,2,3269,1779661661.36082,2,1680,1050
17,2,3270,1779661661.38164,2,1680,1050
17,2,3271,1779661661.40246,2,1680,1050
17,2,3272,1779661661.42328,2,1680,1050
17,2,3273,1779661661.4441,2,1680,1050
17,2,3274,1779661661.46492,2,1680,1050
17,2,3275,1779661661.48574,2,1680,1050
17,2,3276,1779661661.50656,2,1680,1050
17,2,3277,1779661661.52737,2,1680,1050
17,2,3278,1779661661.54819,2,1680,1050
17,2,3279,1779661661.56901,2,1680,1050
17,2,3280,1779661661.58983,2,1680,1050
17,2,3281,1779661661.61065,2,1680,1050
17,2,3282,1779661661.63147,2,1680,1050
17,2,3283,1779661661.65229,2,1680,1050
17,2,3284,1779661661.67311,2,1680,1050
17,2,3285,1779661661.69393,2,1680,1050
17,2,3286,1779661661.71475,2,1680,1050
17,2,3287,1779661661.73557,2,1680,1050
17,2,3288,1779661661.75639,2,1680,1050
17,2,3289,1779661661.77721,2,1680,1050
17,2,3290,1779661661.79803,2,1680,1050
17,2,3291,1779661661.81885,2,1680,1050
17,2,3292,1779661661.83967,2,1680,1050
17,2,3293,1779661661.86049,2,1680,1050
17,2,3294,1779661661.8813,2,1680,1050
17,2,3295,1779661661.90212,2,1680,1050
17,2,3296,1779661661.92294,2,1680,1050
17,2,3297,1779661661.94376,2,1680,1050
17,2,3298,1779661661.96458,2,1680,1050
17,2,3299,1779661661.9854,2,1680,1050
17,2,3300,1779661662.00622,2,1680,1050
17,2,3301,1779661662.02704,2,1680,1050
17,2,3302,1779661662.04786,2,1680,1050
17,2,3303,1779661662.06868,2,1680,1050
17,2,3304,1779661662.0895,2,1680,1050
17,2,3305,1779661662.11032,2,1680,1050
17,2,3306,1779661662.13114,2,1680,1050
17,2,3307,1779661662.15196,2,1680,1050
17,2,3308,1779661662.17278,2,1680,1050
17,2,3309,1779661662.1936,2,1680,1050
17,2,3310,1779661662.21442,2,1680,1050
17,2,3311,1779661662.23523,2,1680,1050
17,2,3312,1779661662.25605,2,1680,1050
17,2,3313,1779661662.27687,2,1680,1050
17,2,3314,1779661662.29769,2,1680,1050
17,2,3315,1779661662.31851,2,1680,1050
17,2,3316,1779661662.33933,2,1680,1050
17,2,3317,1779661662.36015,2,1680,1050
17,2,3318,1779661662.38097,2,1680,1050
17,2,3319,1779661662.40179,2,1680,1050
17,2,3320,1779661662.42261,2,1680,1050
17,2,3321,1779661662.44343,2,1680,1050
17,2,3322,1779661662.46425,2,1680,1050
17,2,3323,1779661662.48507,2,1680,1050
17,2,3324,1779661662.50589,2,1680,1050
17,2,3325,1779661662.52671,2,1680,1050
17,2,3326,1779661662.54753,2,1680,1050
17,2,3327,1779661662.56835,2,1680,1050
17,2,3328,1779661662.58917,2,1680,1050
17,2,3329,1779661662.60998,2,1680,1050
17,2,3330,1779661662.6308,2,1680,1050
17,2,3331,1779661662.65162,2,1680,1050
17,2,3332,1779661662.67244,2,1680,1050
17,2,3333,1779661662.69326,2,1680,1050
17,2,3334,1779661662.71408,2,1680,1050
17,2,3335,1779661662.7349,2,1680,1050
17,2,3336,1779661662.75572,2,1680,1050
17,2,3337,1779661662.77654,2,1680,1050
17,2,3338,1779661662.79736,2,1680,1050
17,2,3339,1779661662.81818,2,1680,1050
17,2,3340,1779661662.839,2,1680,1050
17,2,3341,1779661662.85982,2,1680,1050
17,2,3342,1779661662.88064,2,1680,1050
17,2,3343,1779661662.90146,2,1680,1050
17,2,3344,1779661662.92228,2,1680,1050
17,2,3345,1779661662.9431,2,1680,1050
17,2,3346,1779661662.96391,2,1680,1050
17,2,3347,1779661662.98473,2,1680,1050
17,2,3348,1779661663.00555,2,1680,1050
17,2,3349,1779661663.02637,2,1680,1050
17,2,3350,1779661663.04719,2,1680,1050
17,2,3351,1779661663.06801,2,1680,1050
17,2,3352,1779661663.08883,2,1680,1050
17,2,3353,1779661663.10965,2,1680,1050
17,2,3354,1779661663.13047,2,1680,1050
17,2,3355,1779661663.15129,2,1680,1050
17,2,3356,1779661663.17211,2,1680,1050
17,2,3357,1779661663.19293,2,1680,1050
17,2,3358,1779661663.21375,2,1680,1050
17,2,3359,1779661663.23457,2,1680,1050
17,2,3360,1779661663.25539,2,1680,1050
17,2,3361,1779661663.27621,2,1680,1050
17,2,3362,1779661663.29703,1,1680,1050
17,2,3363,1779661663.31784,1,1680,1050
17,2,3364,1779661663.33866,1,1680,1050
17,2,3365,1779661663.35948,1,1680,1050
17,2,3366,1779661663.3803,1,1680,1050
17,2,3367,1779661663.40112,1,1680,1050
17,2,3368,1779661663.42194,1,1680,1050
17,2,3369,1779661663.44276,1,1680,1050
17,2,3370,1779661663.46358,1,1680,1050
17,2,3371,1779661663.4844,1,1680,1050
17,2,3372,1779661663.50522,1,1680,1050
17,2,3373,1779661663.52604,1,1680,1050
17,2,3374,1779661663.54686,1,1680,1050
17,2,3375,1779661663.56768,1,1680,1050
17,2,3376,1779661663.5885,1,1680,1050
17,2,3377,1779661663.60932,1,1680,1050
17,2,3378,1779661663.63014,1,1680,1050
17,2,3379,1779661663.65096,1,1680,1050
17,2,3380,1779661663.67178,1,1680,1050
17,2,3381,1779661663.6926,1,1680,1050
17,2,3382,1779661663.71341,1,1680,1050
17,2,3383,1779661663.73423,1,1680,1050
17,2,3384,1779661663.75505,1,1680,1050
17,2,3385,1779661663.77587,1,1680,1050
17,2,3386,1779661663.79669,1,1680,1050
17,2,3387,1779661663.81751,1,1680,1050
17,2,3388,1779661663.83833,1,1680,1050
17,2,3389,1779661663.85915,1,1680,1050
17,2,3390,1779661663.87997,1,1680,1050
17,2,3391,1779661663.90079,1,1680,1050
17,2,3392,1779661663.92161,1,1680,1050
17,2,3393,1779661663.94243,1,1680,1050
17,2,3394,1779661663.96325,1,1680,1050
17,2,3395,1779661663.98407,1,1680,1050
17,2,3396,1779661664.00489,1,1680,1050
17,2,3397,1779661664.02571,1,1680,1050
17,2,3398,1779661664.04653,1,1680,1050
17,2,3399,1779661664.06734,1,1680,1050
17,2,3400,1779661664.08816,1,1680,1050
17,2,3401,1779661664.10898,1,1680,1050
17,2,3402,1779661664.1298,1,1680,1050
17,2,3403,1779661664.15062,1,1680,1050
17,2,3404,1779661664.17144,1,1680,1050
17,2,3405,1779661664.19226,1,1680,1050
17,2,3406,1779661664.21308,1,1680,1050
17,2,3407,1779661664.2339,1,1680,1050
17,2,3408,1779661664.25472,1,1680,1050
17,2,3409,1779661664.27554,1,1680,1050
17,2,3410,1779661664.29636,1,1680,1050
17,2,3411,1779661664.31718,1,1680,1050
17,2,3412,1779661664.338,1,1680,1050
17,2,3413,1779661664.35882,1,1680,1050
17,2,3414,1779661664.37964,1,1680,1050
17,2,3415,1779661664.40046,1,1680,1050
17,2,3416,1779661664.42127,1,1680,1050
17,2,3417,1779661664.44209,1,1680,1050
17,2,3418,1779661664.46291,1,1680,1050
17,2,3419,1779661664.48373,1,1680,1050
17,2,3420,1779661664.50455,1,1680,1050
17,2,3421,1779661664.52537,1,1680,1050
17,2,3422,1779661664.54619,1,1680,1050
17,2,3423,1779661664.56701,1,1680,1050
17,2,3424,1779661664.58783,1,1680,1050
17,2,3425,1779661664.60865,1,1680,1050
17,2,3426,1779661664.62947,1,1680,1050
17,2,3427,1779661664.65029,1,1680,1050
17,2,3428,1779661664.67111,1,1680,1050
17,2,3429,1779661664.69193,1,1680,1050
17,2,3430,1779661664.71275,1,1680,1050
17,2,3431,1779661664.73357,1,1680,1050
17,2,3432,1779661664.75439,1,1680,1050
17,2,3433,1779661664.77521,1,1680,1050
17,2,3434,1779661664.79603,1,1680,1050
17,2,3435,1779661664.81684,1,1680,1050
17,2,3436,1779661664.83766,1,1680,1050
17,2,3437,1779661664.85848,1,1680,1050
17,2,3438,1779661664.8793,1,1680,1050
17,2,3439,1779661664.90012,1,1680,1050
17,2,3440,1779661664.92094,1,1680,1050
17,2,3441,1779661664.94176,1,1680,1050
17,2,3442,1779661664.96258,1,1680,1050
17,2,3443,1779661664.9834,1,1680,1050
17,2,3444,1779661665.00422,1,1680,1050
17,2,3445,1779661665.02504,1,1680,1050
17,2,3446,1779661665.04586,1,1680,1050
17,2,3447,1779661665.06668,1,1680,1050
17,2,3448,1779661665.0875,1,1680,1050
17,2,3449,1779661665.10832,1,1680,1050
17,2,3450,1779661665.12914,1,1680,1050
17,2,3451,1779661665.14995,1,1680,1050
17,2,3452,1779661665.17078,1,1680,1050
17,2,3453,1779661665.19159,1,1680,1050
17,2,3454,1779661665.21241,1,1680,1050
17,2,3455,1779661665.23323,1,1680,1050
17,2,3456,1779661665.25405,1,1680,1050
17,2,3457,1779661665.27487,1,1680,1050
17,2,3458,1779661665.29569,1,1680,1050
17,2,3459,1779661665.31651,1,1680,1050
17,2,3460,1779661665.33733,1,1680,1050
17,2,3461,1779661665.35815,1,1680,1050
17,2,3462,1779661665.37897,1,1680,1050
17,2,3463,1779661665.39979,1,1680,1050
17,2,3464,1779661665.42061,1,1680,1050
17,2,3465,1779661665.44143,1,1680,1050
17,2,3466,1779661665.46225,1,1680,1050
17,2,3467,1779661665.48307,1,1680,1050
17,2,3468,1779661665.50389,1,1680,1050
17,2,3469,1779661665.52471,1,1680,1050
17,2,3470,1779661665.54552,1,1680,1050
17,2,3471,1779661665.56634,1,1680,1050
17,2,3472,1779661665.58716,1,1680,1050
17,2,3473,1779661665.60798,1,1680,1050
17,2,3474,1779661665.6288,1,1680,1050
17,2,3475,1779661665.64962,1,1680,1050
17,2,3476,1779661665.67044,1,1680,1050
17,2,3477,1779661665.69126,1,1680,1050
17,2,3478,1779661665.71208,1,1680,1050
17,2,3479,1779661665.7329,1,1680,1050
17,2,3480,1779661665.75372,1,1680,1050
17,2,3481,1779661665.77454,1,1680,1050
17,2,3482,1779661665.79536,1,1680,1050
17,2,3483,1779661665.81618,1,1680,1050
17,2,3484,1779661665.837,1,1680,1050
17,2,3485,1779661665.85782,1,1680,1050
17,2,3486,1779661665.87864,1,1680,1050
17,2,3487,1779661665.89945,1,1680,1050
17,2,3488,1779661665.92027,1,1680,1050
17,2,3489,1779661665.94109,1,1680,1050
17,2,3490,1779661665.96191,1,1680,1050
17,2,3491,1779661665.98273,1,1680,1050
17,2,3492,1779661666.00355,1,1680,1050
17,2,3493,1779661666.02437,1,1680,1050
17,2,3494,1779661666.04519,1,1680,1050
17,2,3495,1779661666.06601,1,1680,1050
17,2,3496,1779661666.08683,1,1680,1050
17,2,3497,1779661666.10765,1,1680,1050
17,2,3498,1779661666.12847,1,1680,1050
17,2,3499,1779661666.14929,1,1680,1050
17,2,3500,1779661666.17011,1,1680,1050
17,2,3501,1779661666.19093,1,1680,1050
17,2,3502,1779661666.21175,1,1680,1050
17,2,3503,1779661666.23257,1,1680,1050
17,2,3504,1779661666.25338,1,1680,1050
17,2,3505,1779661666.2742,1,1680,1050
17,2,3506,1779661666.29502,1,1680,1050
17,2,3507,1779661666.31584,1,1680,1050
17,2,3508,1779661666.33666,1,1680,1050
17,2,3509,1779661666.35748,1,1680,1050
17,2,3510,1779661666.3783,1,1680,1050
17,2,3511,1779661666.39912,1,1680,1050
17,2,3512,1779661666.41994,1,1680,1050
17,2,3513,1779661666.44076,1,1680,1050
17,2,3514,1779661666.46158,1,1680,1050
17,2,3515,1779661666.4824,1,1680,1050
17,2,3516,1779661666.50322,1,1680,1050
17,2,3517,1779661666.52404,1,1680,1050
17,2,3518,1779661666.54486,1,1680,1050
17,2,3519,1779661666.56568,1,1680,1050
17,2,3520,1779661666.5865,1,1680,1050
17,2,3521,1779661666.60732,1,1680,1050
17,2,3522,1779661666.62813,1,1680,1050
17,2,3523,1779661666.64895,1,1680,1050
17,2,3524,1779661666.66977,1,1680,1050
17,2,3525,1779661666.69059,1,1680,1050
17,2,3526,1779661666.71141,1,1680,1050
17,2,3527,1779661666.73223,1,1680,1050
17,2,3528,1779661666.75305,1,1680,1050
17,2,3529,1779661666.77387,1,1680,1050
17,2,3530,1779661666.79469,1,1680,1050
17,2,3531,1779661666.81551,1,1680,1050
17,2,3532,1779661666.83633,1,1680,1050
17,2,3533,1779661666.85715,1,1680,1050
17,2,3534,1779661666.87797,1,1680,1050
17,2,3535,1779661666.89879,1,1680,1050
17,2,3536,1779661666.91961,1,1680,1050
17,2,3537,1779661666.94043,1,1680,1050
17,2,3538,1779661666.96125,1,1680,1050
17,2,3539,1779661666.98206,1,1680,1050
17,2,3540,1779661667.00288,1,1680,1050
17,2,3541,1779661667.0237,1,1680,1050
17,2,3542,1779661667.04452,1,1680,1050
17,2,3543,1779661667.06534,1,1680,1050
17,2,3544,1779661667.08616,1,1680,1050
17,2,3545,1779661667.10698,1,1680,1050
17,2,3546,1779661667.1278,1,1680,1050
17,2,3547,1779661667.14862,1,1680,1050
17,2,3548,1779661667.16944,1,1680,1050
17,2,3549,1779661667.19026,1,1680,1050
17,2,3550,1779661667.21108,1,1680,1050
17,2,3551,1779661667.2319,1,1680,1050
17,2,3552,1779661667.25272,1,1680,1050
17,2,3553,1779661667.27354,1,1680,1050
17,2,3554,1779661667.29436,2,1680,1050
17,2,3555,1779661667.31518,2,1680,1050
17,2,3556,1779661667.33599,2,1680,1050
17,2,3557,1779661667.35681,2,1680,1050
17,2,3558,1779661667.37764,2,1680,1050
17,2,3559,1779661667.39845,2,1680,1050
17,2,3560,1779661667.41927,2,1680,1050
17,2,3561,1779661667.44009,2,1680,1050
17,2,3562,1779661667.46091,2,1680,1050
17,2,3563,1779661667.48173,2,1680,1050
17,2,3564,1779661667.50255,2,1680,1050
17,2,3565,1779661667.52337,2,1680,1050
17,2,3566,1779661667.54419,2,1680,1050
17,2,3567,1779661667.56501,2,1680,1050
17,2,3568,1779661667.58583,2,1680,1050
17,2,3569,1779661667.60665,2,1680,1050
17,2,3570,1779661667.62747,2,1680,1050
17,2,3571,1779661667.64829,2,1680,1050
17,2,3572,1779661667.66911,2,1680,1050
17,2,3573,1779661667.68993,2,1680,1050
17,2,3574,1779661667.71074,2,1680,1050
17,2,3575,1779661667.73156,2,1680,1050
17,2,3576,1779661667.75238,2,1680,1050
17,2,3577,1779661667.7732,2,1680,1050
17,2,3578,1779661667.79402,2,1680,1050
17,2,3579,1779661667.81484,2,1680,1050
17,2,3580,1779661667.83566,2,1680,1050
17,2,3581,1779661667.85648,2,1680,1050
17,2,3582,1779661667.8773,2,1680,1050
17,2,3583,1779661667.89812,2,1680,1050
17,2,3584,1779661667.91894,2,1680,1050
17,2,3585,1779661667.93976,2,1680,1050
17,2,3586,1779661667.96058,2,1680,1050
17,2,3587,1779661667.9814,2,1680,1050
17,2,3588,1779661668.00222,2,1680,1050
17,2,3589,1779661668.02304,2,1680,1050
17,2,3590,1779661668.04386,2,1680,1050
17,2,3591,1779661668.06468,2,1680,1050
17,2,3592,1779661668.0855,2,1680,1050
17,2,3593,1779661668.10631,2,1680,1050
17,2,3594,1779661668.12713,2,1680,1050
17,2,3595,1779661668.14795,2,1680,1050
17,2,3596,1779661668.16877,2,1680,1050
17,2,3597,1779661668.18959,2,1680,1050
17,2,3598,1779661668.21041,2,1680,1050
17,2,3599,1779661668.23123,2,1680,1050
17,2,3600,1779661668.25205,2,1680,1050
17,2,3601,1779661668.27287,2,1680,1050
17,2,3602,1779661668.29369,2,1680,1050
17,2,3603,1779661668.31451,2,1680,1050
17,2,3604,1779661668.33533,2,1680,1050
17,2,3605,1779661668.35615,2,1680,1050
17,2,3606,1779661668.37697,2,1680,1050
17,2,3607,1779661668.39779,2,1680,1050
17,2,3608,1779661668.41861,2,1680,1050
17,2,3609,1779661668.43943,2,1680,1050
17,2,3610,1779661668.46024,2,1680,1050
17,2,3611,1779661668.48106,2,1680,1050
17,2,3612,1779661668.50188,2,1680,1050
17,2,3613,1779661668.5227,2,1680,1050
17,2,3614,1779661668.54352,2,1680,1050
17,2,3615,1779661668.56434,2,1680,1050
17,2,3616,1779661668.58516,2,1680,1050
17,2,3617,1779661668.60598,2,1680,1050
17,2,3618,1779661668.6268,2,1680,1050
17,2,3619,1779661668.64762,2,1680,1050
17,2,3620,1779661668.66844,2,1680,1050
17,2,3621,1779661668.68926,2,1680,1050
17,2,3622,1779661668.71008,2,1680,1050
17,2,3623,1779661668.7309,2,1680,1050
17,2,3624,1779661668.75172,2,1680,1050
17,2,3625,1779661668.77254,2,1680,1050
17,2,3626,1779661668.79336,2,1680,1050
17,2,3627,1779661668.81418,2,1680,1050
17,2,3628,1779661668.835,2,1680,1050
17,2,3629,1779661668.85581,2,1680,1050
17,2,3630,1779661668.87663,2,1680,1050
17,2,3631,1779661668.89745,2,1680,1050
17,2,3632,1779661668.91827,2,1680,1050
17,2,3633,1779661668.93909,2,1680,1050
17,2,3634,1779661668.95991,2,1680,1050
17,2,3635,1779661668.98073,2,1680,1050
17,2,3636,1779661669.00155,2,1680,1050
17,2,3637,1779661669.02237,2,1680,1050
17,2,3638,1779661669.04319,2,1680,1050
17,2,3639,1779661669.06401,2,1680,1050
17,2,3640,1779661669.08483,2,1680,1050
17,2,3641,1779661669.10565,2,1680,1050
17,2,3642,1779661669.12647,2,1680,1050
17,2,3643,1779661669.14729,2,1680,1050
17,2,3644,1779661669.16811,2,1680,1050
17,2,3645,1779661669.18893,2,1680,1050
17,2,3646,1779661669.20974,2,1680,1050
17,2,3647,1779661669.23056,2,1680,1050
17,2,3648,1779661669.25138,2,1680,1050
17,2,3649,1779661669.2722,2,1680,1050
17,2,3650,1779661669.29302,-1,1680,1050
17,2,3651,1779661669.31384,-1,1680,1050
17,2,3652,1779661669.33466,-1,1680,1050
17,2,3653,1779661669.35548,-1,1680,1050
17,2,3654,1779661669.3763,-1,1680,1050
17,2,3655,1779661669.39712,-1,1680,1050
17,2,3656,1779661669.41794,-1,1680,1050
17,2,3657,1779661669.43876,-1,1680,1050
17,2,3658,1779661669.45958,-1,1680,1050
17,2,3659,1779661669.4804,-1,1680,1050
17,2,3660,1779661669.50122,-1,1680,1050
17,2,3661,1779661669.52204,-1,1680,1050
17,2,3662,1779661669.54285,-1,1680,1050
17,2,3663,1779661669.56368,-1,1680,1050
17,2,3664,1779661669.58449,-1,1680,1050
17,2,3665,1779661669.60531,-1,1680,1050
17,2,3666,1779661669.62613,-1,1680,1050
17,2,3667,1779661669.64695,-1,1680,1050
17,2,3668,1779661669.66777,-1,1680,1050
17,2,3669,1779661669.68859,-1,1680,1050
17,2,3670,1779661669.70941,-1,1680,1050
17,2,3671,1779661669.73023,-1,1680,1050
17,2,3672,1779661669.75105,-1,1680,1050
17,2,3673,1779661669.77187,-1,1680,1050
17,2,3674,1779661669.79269,-1,1680,1050
17,2,3675,1779661669.81351,-1,1680,1050
17,2,3676,1779661669.83433,-1,1680,1050
17,2,3677,1779661669.85515,-1,1680,1050
17,2,3678,1779661669.87597,-1,1680,1050
17,2,3679,1779661669.89679,-1,1680,1050
17,2,3680,1779661669.9176,-1,1680,1050
17,2,3681,1779661669.93842,-1,1680,1050
17,2,3682,1779661669.95924,-1,1680,1050
17,2,3683,1779661669.98006,-1,1680,1050
17,2,3684,1779661670.00088,-1,1680,1050
17,2,3685,1779661670.0217,-1,1680,1050
17,2,3686,1779661670.04252,-1,1680,1050
17,2,3687,1779661670.06334,-1,1680,1050
17,2,3688,1779661670.08416,-1,1680,1050
17,2,3689,1779661670.10498,-1,1680,1050
17,2,3690,1779661670.1258,-1,1680,1050
17,2,3691,1779661670.14662,-1,1680,1050
17,2,3692,1779661670.16744,-1,1680,1050
17,2,3693,1779661670.18826,-1,1680,1050
17,2,3694,1779661670.20908,-1,1680,1050
17,2,3695,1779661670.2299,-1,1680,1050
17,2,3696,1779661670.25072,-1,1680,1050
17,2,3697,1779661670.27153,-1,1680,1050
17,2,3698,1779661670.29235,-1,1680,1050
17,2,3699,1779661670.31317,-1,1680,1050
17,2,3700,1779661670.33399,-1,1680,1050
17,2,3701,1779661670.35481,-1,1680,1050
17,2,3702,1779661670.37563,-1,1680,1050
17,2,3703,1779661670.39645,-1,1680,1050
17,2,3704,1779661670.41727,-1,1680,1050
17,2,3705,1779661670.43809,-1,1680,1050
17,2,3706,1779661670.45891,-1,1680,1050
17,2,3707,1779661670.47973,-1,1680,1050
17,2,3708,1779661670.50055,-1,1680,1050
17,2,3709,1779661670.52137,-1,1680,1050
17,2,3710,1779661670.54219,-1,1680,1050
17,2,3711,1779661670.56301,-1,1680,1050
17,2,3712,1779661670.58383,-1,1680,1050
17,2,3713,1779661670.60465,-1,1680,1050
17,2,3714,1779661670.62547,-1,1680,1050
17,2,3715,1779661670.64629,-1,1680,1050
17,2,3716,1779661670.66711,-1,1680,1050
17,2,3717,1779661670.68792,-1,1680,1050
17,2,3718,1779661670.70874,-1,1680,1050
17,2,3719,1779661670.72956,-1,1680,1050
17,2,3720,1779661670.75038,-1,1680,1050
17,2,3721,1779661670.7712,-1,1680,1050
17,2,3722,1779661670.79202,-1,1680,1050
17,2,3723,1779661670.81284,-1,1680,1050
17,2,3724,1779661670.83366,-1,1680,1050
17,2,3725,1779661670.85448,-1,1680,1050
17,2,3726,1779661670.8753,-1,1680,1050
17,2,3727,1779661670.89612,-1,1680,1050
17,2,3728,1779661670.91694,-1,1680,1050
17,2,3729,1779661670.93776,-1,1680,1050
17,2,3730,1779661670.95858,-1,1680,1050
17,2,3731,1779661670.9794,-1,1680,1050
17,2,3732,1779661671.00021,-1,1680,1050
17,2,3733,1779661671.02104,-1,1680,1050
17,2,3734,1779661671.04186,-1,1680,1050
17,2,3735,1779661671.06267,-1,1680,1050
17,2,3736,1779661671.08349,-1,1680,1050
17,2,3737,1779661671.10431,-1,1680,1050
17,2,3738,1779661671.12513,-1,1680,1050
17,2,3739,1779661671.14595,-1,1680,1050
17,2,3740,1779661671.16677,-1,1680,1050
17,2,3741,1779661671.18759,-1,1680,1050
17,2,3742,1779661671.20841,-1,1680,1050
17,2,3743,1779661671.22923,-1,1680,1050
17,2,3744,1779661671.25005,-1,1680,1050
17,2,3745,1779661671.27087,-1,1680,1050
17,2,3746,1779661671.29169,-1,1680,1050
17,2,3747,1779661671.31251,-1,1680,1050
17,2,3748,1779661671.33333,-1,1680,1050
17,2,3749,1779661671.35415,-1,1680,1050
17,2,3750,1779661671.37497,-1,1680,1050
17,2,3751,1779661671.39578,-1,1680,1050
17,2,3752,1779661671.4166,-1,1680,1050
17,2,3753,1779661671.43742,-1,1680,1050
17,2,3754,1779661671.45824,-1,1680,1050
17,2,3755,1779661671.47906,-1,1680,1050
17,2,3756,1779661671.49988,-1,1680,1050
17,2,3757,1779661671.5207,-1,1680,1050
17,2,3758,1779661671.54152,-1,1680,1050
17,2,3759,1779661671.56234,-1,1680,1050
17,2,3760,1779661671.58316,-1,1680,1050
17,2,3761,1779661671.60398,-1,1680,1050
17,2,3762,1779661671.6248,-1,1680,1050
17,2,3763,1779661671.64562,-1,1680,1050
17,2,3764,1779661671.66644,-1,1680,1050
17,2,3765,1779661671.68726,-1,1680,1050
17,2,3766,1779661671.70808,-1,1680,1050
17,2,3767,1779661671.7289,-1,1680,1050
17,2,3768,1779661671.74971,-1,1680,1050
17,2,3769,1779661671.77053,-1,1680,1050
17,2,3770,1779661671.79135,-1,1680,1050
17,2,3771,1779661671.81217,-1,1680,1050
17,2,3772,1779661671.83299,-1,1680,1050
17,2,3773,1779661671.85381,-1,1680,1050
17,2,3774,1779661671.87463,-1,1680,1050
17,2,3775,1779661671.89545,-1,1680,1050
17,2,3776,1779661671.91627,-1,1680,1050
17,2,3777,1779661671.93709,-1,1680,1050
17,2,3778,1779661671.95791,-1,1680,1050
17,2,3779,1779661671.97873,-1,1680,1050
17,2,3780,1779661671.99955,-1,1680,1050
17,2,3781,1779661672.02037,-1,1680,1050
17,2,3782,1779661672.04119,-1,1680,1050
17,2,3783,1779661672.06201,-1,1680,1050
17,2,3784,1779661672.08283,-1,1680,1050
17,2,3785,1779661672.10364,-1,1680,1050
17,2,3786,1779661672.12447,-1,1680,1050
17,2,3787,1779661672.14528,-1,1680,1050
17,2,3788,1779661672.1661,-1,1680,1050
17,2,3789,1779661672.18692,-1,1680,1050
17,2,3790,1779661672.20774,-1,1680,1050
17,2,3791,1779661672.22856,-1,1680,1050
17,2,3792,1779661672.24938,-1,1680,1050
17,2,3793,1779661672.2702,-1,1680,1050
17,2,3794,1779661672.29102,1,1680,1050
17,2,3795,1779661672.31184,1,1680,1050
17,2,3796,1779661672.33266,1,1680,1050
17,2,3797,1779661672.35348,1,1680,1050
17,2,3798,1779661672.3743,1,1680,1050
17,2,3799,1779661672.39512,1,1680,1050
17,2,3800,1779661672.41594,1,1680,1050
17,2,3801,1779661672.43676,1,1680,1050
17,2,3802,1779661672.45758,1,1680,1050
17,2,3803,1779661672.4784,1,1680,1050
17,2,3804,1779661672.49921,1,1680,1050
17,2,3805,1779661672.52003,1,1680,1050
17,2,3806,1779661672.54085,1,1680,1050
17,2,3807,1779661672.56167,1,1680,1050
17,2,3808,1779661672.58249,1,1680,1050
17,2,3809,1779661672.60331,1,1680,1050
17,2,3810,1779661672.62413,1,1680,1050
17,2,3811,1779661672.64495,1,1680,1050
17,2,3812,1779661672.66577,1,1680,1050
17,2,3813,1779661672.68659,1,1680,1050
17,2,3814,1779661672.70741,1,1680,1050
17,2,3815,1779661672.72823,1,1680,1050
17,2,3816,1779661672.74905,1,1680,1050
17,2,3817,1779661672.76987,1,1680,1050
17,2,3818,1779661672.79069,1,1680,1050
17,2,3819,1779661672.81151,1,1680,1050
17,2,3820,1779661672.83233,1,1680,1050
17,2,3821,1779661672.85315,1,1680,1050
17,2,3822,1779661672.87396,1,1680,1050
17,2,3823,1779661672.89478,1,1680,1050
17,2,3824,1779661672.9156,1,1680,1050
17,2,3825,1779661672.93642,1,1680,1050
17,2,3826,1779661672.95724,1,1680,1050
17,2,3827,1779661672.97806,1,1680,1050
17,2,3828,1779661672.99888,1,1680,1050
17,2,3829,1779661673.0197,1,1680,1050
17,2,3830,1779661673.04052,1,1680,1050
17,2,3831,1779661673.06134,1,1680,1050
17,2,3832,1779661673.08216,1,1680,1050
17,2,3833,1779661673.10298,1,1680,1050
17,2,3834,1779661673.1238,1,1680,1050
17,2,3835,1779661673.14462,1,1680,1050
17,2,3836,1779661673.16544,1,1680,1050
17,2,3837,1779661673.18626,1,1680,1050
17,2,3838,1779661673.20707,1,1680,1050
17,2,3839,1779661673.22789,1,1680,1050
17,2,3840,1779661673.24871,1,1680,1050
17,2,3841,1779661673.26953,1,1680,1050
17,2,3842,1779661673.29035,1,1680,1050
17,2,3843,1779661673.31117,1,1680,1050
17,2,3844,1779661673.33199,1,1680,1050
17,2,3845,1779661673.35281,1,1680,1050
17,2,3846,1779661673.37363,1,1680,1050
17,2,3847,1779661673.39445,1,1680,1050
17,2,3848,1779661673.41527,1,1680,1050
17,2,3849,1779661673.43609,1,1680,1050
17,2,3850,1779661673.45691,1,1680,1050
17,2,3851,1779661673.47773,1,1680,1050
17,2,3852,1779661673.49855,1,1680,1050
17,2,3853,1779661673.51937,1,1680,1050
17,2,3854,1779661673.54019,1,1680,1050
17,2,3855,1779661673.56101,1,1680,1050
17,2,3856,1779661673.58182,1,1680,1050
17,2,3857,1779661673.60264,1,1680,1050
17,2,3858,1779661673.62346,1,1680,1050
17,2,3859,1779661673.64428,1,1680,1050
17,2,3860,1779661673.6651,1,1680,1050
17,2,3861,1779661673.68592,1,1680,1050
17,2,3862,1779661673.70674,1,1680,1050
17,2,3863,1779661673.72756,1,1680,1050
17,2,3864,1779661673.74838,1,1680,1050
17,2,3865,1779661673.7692,1,1680,1050
17,2,3866,1779661673.79002,1,1680,1050
17,2,3867,1779661673.81084,1,1680,1050
17,2,3868,1779661673.83166,1,1680,1050
17,2,3869,1779661673.85248,1,1680,1050
17,2,3870,1779661673.8733,1,1680,1050
17,2,3871,1779661673.89412,1,1680,1050
17,2,3872,1779661673.91494,1,1680,1050
17,2,3873,1779661673.93576,1,1680,1050
17,2,3874,1779661673.95657,1,1680,1050
17,2,3875,1779661673.97739,1,1680,1050
17,2,3876,1779661673.99821,1,1680,1050
17,2,3877,1779661674.01903,1,1680,1050
17,2,3878,1779661674.03985,1,1680,1050
17,2,3879,1779661674.06067,1,1680,1050
17,2,3880,1779661674.08149,1,1680,1050
17,2,3881,1779661674.10231,1,1680,1050
17,2,3882,1779661674.12313,1,1680,1050
17,2,3883,1779661674.14395,1,1680,1050
17,2,3884,1779661674.16477,1,1680,1050
17,2,3885,1779661674.18559,1,1680,1050
17,2,3886,1779661674.20641,1,1680,1050
17,2,3887,1779661674.22723,1,1680,1050
17,2,3888,1779661674.24805,1,1680,1050
17,2,3889,1779661674.26887,1,1680,1050
17,2,3890,1779661674.28968,1,1680,1050
17,2,3891,1779661674.31051,1,1680,1050
17,2,3892,1779661674.33132,1,1680,1050
17,2,3893,1779661674.35214,1,1680,1050
17,2,3894,1779661674.37296,1,1680,1050
17,2,3895,1779661674.39378,1,1680,1050
17,2,3896,1779661674.4146,1,1680,1050
17,2,3897,1779661674.43542,1,1680,1050
17,2,3898,1779661674.45624,1,1680,1050
17,2,3899,1779661674.47706,1,1680,1050
17,2,3900,1779661674.49788,1,1680,1050
17,2,3901,1779661674.5187,1,1680,1050
17,2,3902,1779661674.53952,1,1680,1050
17,2,3903,1779661674.56034,1,1680,1050
17,2,3904,1779661674.58116,1,1680,1050
17,2,3905,1779661674.60198,1,1680,1050
17,2,3906,1779661674.6228,1,1680,1050
17,2,3907,1779661674.64362,1,1680,1050
17,2,3908,1779661674.66443,1,1680,1050
17,2,3909,1779661674.68526,1,1680,1050
17,2,3910,1779661674.70607,1,1680,1050
17,2,3911,1779661674.72689,1,1680,1050
17,2,3912,1779661674.74771,1,1680,1050
17,2,3913,1779661674.76853,1,1680,1050
17,2,3914,1779661674.78935,1,1680,1050
17,2,3915,1779661674.81017,1,1680,1050
17,2,3916,1779661674.83099,1,1680,1050
17,2,3917,1779661674.85181,1,1680,1050
17,2,3918,1779661674.87263,1,1680,1050
17,2,3919,1779661674.89345,1,1680,1050
17,2,3920,1779661674.91427,1,1680,1050
17,2,3921,1779661674.93509,1,1680,1050
17,2,3922,1779661674.95591,1,1680,1050
17,2,3923,1779661674.97673,1,1680,1050
17,2,3924,1779661674.99755,1,1680,1050
17,2,3925,1779661675.01837,1,1680,1050
17,2,3926,1779661675.03918,1,1680,1050
17,2,3927,1779661675.06,1,1680,1050
17,2,3928,1779661675.08082,1,1680,1050
17,2,3929,1779661675.10164,1,1680,1050
17,2,3930,1779661675.12246,1,1680,1050
17,2,3931,1779661675.14328,1,1680,1050
17,2,3932,1779661675.1641,1,1680,1050
17,2,3933,1779661675.18492,1,1680,1050
17,2,3934,1779661675.20574,1,1680,1050
17,2,3935,1779661675.22656,1,1680,1050
17,2,3936,1779661675.24738,1,1680,1050
17,2,3937,1779661675.2682,1,1680,1050
17,2,3938,1779661675.28902,1,1680,1050
17,2,3939,1779661675.30984,1,1680,1050
17,2,3940,1779661675.33066,1,1680,1050
17,2,3941,1779661675.35148,1,1680,1050
17,2,3942,1779661675.3723,1,1680,1050
17,2,3943,1779661675.39312,1,1680,1050
17,2,3944,1779661675.41394,1,1680,1050
17,2,3945,1779661675.43475,1,1680,1050
17,2,3946,1779661675.45557,1,1680,1050
17,2,3947,1779661675.47639,1,1680,1050
17,2,3948,1779661675.49721,1,1680,1050
17,2,3949,1779661675.51803,1,1680,1050
17,2,3950,1779661675.53885,1,1680,1050
17,2,3951,1779661675.55967,1,1680,1050
17,2,3952,1779661675.58049,1,1680,1050
17,2,3953,1779661675.60131,1,1680,1050
17,2,3954,1779661675.62213,1,1680,1050
17,2,3955,1779661675.64295,1,1680,1050
17,2,3956,1779661675.66377,1,1680,1050
17,2,3957,1779661675.68459,1,1680,1050
17,2,3958,1779661675.70541,1,1680,1050
17,2,3959,1779661675.72623,1,1680,1050
17,2,3960,1779661675.74705,1,1680,1050
17,2,3961,1779661675.76786,1,1680,1050
17,2,3962,1779661675.78868,1,1680,1050
17,2,3963,1779661675.8095,1,1680,1050
17,2,3964,1779661675.83032,1,1680,1050
17,2,3965,1779661675.85114,1,1680,1050
17,2,3966,1779661675.87196,1,1680,1050
17,2,3967,1779661675.89278,1,1680,1050
17,2,3968,1779661675.9136,1,1680,1050
17,2,3969,1779661675.93442,1,1680,1050
17,2,3970,1779661675.95524,1,1680,1050
17,2,3971,1779661675.97606,1,1680,1050
17,2,3972,1779661675.99688,1,1680,1050
17,2,3973,1779661676.0177,1,1680,1050
17,2,3974,1779661676.03852,1,1680,1050
17,2,3975,1779661676.05934,1,1680,1050
17,2,3976,1779661676.08016,1,1680,1050
17,2,3977,1779661676.10098,1,1680,1050
17,2,3978,1779661676.1218,1,1680,1050
17,2,3979,1779661676.14261,1,1680,1050
17,2,3980,1779661676.16343,1,1680,1050
17,2,3981,1779661676.18425,1,1680,1050
17,2,3982,1779661676.20507,1,1680,1050
17,2,3983,1779661676.22589,1,1680,1050
17,2,3984,1779661676.24671,1,1680,1050
17,2,3985,1779661676.26753,1,1680,1050
17,2,3986,1779661676.28835,2,1680,1050
17,2,3987,1779661676.30917,2,1680,1050
17,2,3988,1779661676.32999,2,1680,1050
17,2,3989,1779661676.35081,2,1680,1050
17,2,3990,1779661676.37163,2,1680,1050
17,2,3991,1779661676.39245,2,1680,1050
17,2,3992,1779661676.41327,2,1680,1050
17,2,3993,1779661676.43409,2,1680,1050
17,2,3994,1779661676.45491,2,1680,1050
17,2,3995,1779661676.47573,2,1680,1050
17,2,3996,1779661676.49654,2,1680,1050
17,2,3997,1779661676.51736,2,1680,1050
17,2,3998,1779661676.53818,2,1680,1050
17,2,3999,1779661676.559,2,1680,1050
17,2,4000,1779661676.57982,2,1680,1050
17,2,4001,1779661676.60064,2,1680,1050
17,2,4002,1779661676.62146,2,1680,1050
17,2,4003,1779661676.64228,2,1680,1050
17,2,4004,1779661676.6631,2,1680,1050
17,2,4005,1779661676.68392,2,1680,1050
17,2,4006,1779661676.70474,2,1680,1050
17,2,4007,1779661676.72556,2,1680,1050
17,2,4008,1779661676.74638,2,1680,1050
17,2,4009,1779661676.7672,2,1680,1050
17,2,4010,1779661676.78802,2,1680,1050
17,2,4011,1779661676.80884,2,1680,1050
17,2,4012,1779661676.82965,2,1680,1050
17,2,4013,1779661676.85048,2,1680,1050
17,2,4014,1779661676.87129,2,1680,1050
17,2,4015,1779661676.89211,2,1680,1050
17,2,4016,1779661676.91293,2,1680,1050
17,2,4017,1779661676.93375,2,1680,1050
17,2,4018,1779661676.95457,2,1680,1050
17,2,4019,1779661676.97539,2,1680,1050
17,2,4020,1779661676.99621,2,1680,1050
17,2,4021,1779661677.01703,2,1680,1050
17,2,4022,1779661677.03785,2,1680,1050
17,2,4023,1779661677.05867,2,1680,1050
17,2,4024,1779661677.07949,2,1680,1050
17,2,4025,1779661677.10031,2,1680,1050
17,2,4026,1779661677.12113,2,1680,1050
17,2,4027,1779661677.14195,2,1680,1050
17,2,4028,1779661677.16277,2,1680,1050
17,2,4029,1779661677.18359,2,1680,1050
17,2,4030,1779661677.20441,2,1680,1050
17,2,4031,1779661677.22523,2,1680,1050
17,2,4032,1779661677.24605,2,1680,1050
17,2,4033,1779661677.26686,2,1680,1050
17,2,4034,1779661677.28768,2,1680,1050
17,2,4035,1779661677.3085,2,1680,1050
17,2,4036,1779661677.32932,2,1680,1050
17,2,4037,1779661677.35014,2,1680,1050
17,2,4038,1779661677.37096,2,1680,1050
17,2,4039,1779661677.39178,2,1680,1050
17,2,4040,1779661677.4126,2,1680,1050
17,2,4041,1779661677.43342,2,1680,1050
17,2,4042,1779661677.45424,2,1680,1050
17,2,4043,1779661677.47506,2,1680,1050
17,2,4044,1779661677.49588,2,1680,1050
17,2,4045,1779661677.5167,2,1680,1050
17,2,4046,1779661677.53752,2,1680,1050
17,2,4047,1779661677.55834,2,1680,1050
17,2,4048,1779661677.57916,2,1680,1050
17,2,4049,1779661677.59998,2,1680,1050
17,2,4050,1779661677.6208,2,1680,1050
17,2,4051,1779661677.64161,2,1680,1050
17,2,4052,1779661677.66243,2,1680,1050
17,2,4053,1779661677.68325,2,1680,1050
17,2,4054,1779661677.70407,2,1680,1050
17,2,4055,1779661677.72489,2,1680,1050
17,2,4056,1779661677.74571,2,1680,1050
17,2,4057,1779661677.76653,2,1680,1050
17,2,4058,1779661677.78735,2,1680,1050
17,2,4059,1779661677.80817,2,1680,1050
17,2,4060,1779661677.82899,2,1680,1050
17,2,4061,1779661677.84981,2,1680,1050
17,2,4062,1779661677.87063,2,1680,1050
17,2,4063,1779661677.89145,2,1680,1050
17,2,4064,1779661677.91227,2,1680,1050
17,2,4065,1779661677.93309,2,1680,1050
17,2,4066,1779661677.95391,2,1680,1050
17,2,4067,1779661677.97473,2,1680,1050
17,2,4068,1779661677.99554,2,1680,1050
17,2,4069,1779661678.01636,2,1680,1050
17,2,4070,1779661678.03718,2,1680,1050
17,2,4071,1779661678.058,2,1680,1050
17,2,4072,1779661678.07882,2,1680,1050
17,2,4073,1779661678.09964,2,1680,1050
17,2,4074,1779661678.12046,2,1680,1050
17,2,4075,1779661678.14128,2,1680,1050
17,2,4076,1779661678.1621,2,1680,1050
17,2,4077,1779661678.18292,2,1680,1050
17,2,4078,1779661678.20374,2,1680,1050
17,2,4079,1779661678.22456,2,1680,1050
17,2,4080,1779661678.24538,2,1680,1050
17,2,4081,1779661678.2662,2,1680,1050
17,2,4082,1779661678.28702,1,1680,1050
17,2,4083,1779661678.30784,1,1680,1050
17,2,4084,1779661678.32866,1,1680,1050
17,2,4085,1779661678.34948,1,1680,1050
17,2,4086,1779661678.37029,1,1680,1050
17,2,4087,1779661678.39111,1,1680,1050
17,2,4088,1779661678.41193,1,1680,1050
17,2,4089,1779661678.43275,1,1680,1050
17,2,4090,1779661678.45357,1,1680,1050
17,2,4091,1779661678.47439,1,1680,1050
17,2,4092,1779661678.49521,1,1680,1050
17,2,4093,1779661678.51603,1,1680,1050
17,2,4094,1779661678.53685,1,1680,1050
17,2,4095,1779661678.55767,1,1680,1050
17,2,4096,1779661678.57849,1,1680,1050
17,2,4097,1779661678.59931,1,1680,1050
17,2,4098,1779661678.62013,1,1680,1050
17,2,4099,1779661678.64095,1,1680,1050
17,2,4100,1779661678.66177,1,1680,1050
17,2,4101,1779661678.68259,1,1680,1050
17,2,4102,1779661678.7034,1,1680,1050
17,2,4103,1779661678.72422,1,1680,1050
17,2,4104,1779661678.74504,1,1680,1050
17,2,4105,1779661678.76586,1,1680,1050
17,2,4106,1779661678.78668,1,1680,1050
17,2,4107,1779661678.8075,1,1680,1050
17,2,4108,1779661678.82832,1,1680,1050
17,2,4109,1779661678.84914,1,1680,1050
17,2,4110,1779661678.86996,1,1680,1050
17,2,4111,1779661678.89078,1,1680,1050
17,2,4112,1779661678.9116,1,1680,1050
17,2,4113,1779661678.93242,1,1680,1050
17,2,4114,1779661678.95324,1,1680,1050
17,2,4115,1779661678.97406,1,1680,1050
17,2,4116,1779661678.99488,1,1680,1050
17,2,4117,1779661679.0157,1,1680,1050
17,2,4118,1779661679.03652,1,1680,1050
17,2,4119,1779661679.05733,1,1680,1050
17,2,4120,1779661679.07815,1,1680,1050
17,2,4121,1779661679.09897,1,1680,1050
17,2,4122,1779661679.11979,1,1680,1050
17,2,4123,1779661679.14061,1,1680,1050
17,2,4124,1779661679.16143,1,1680,1050
17,2,4125,1779661679.18225,1,1680,1050
17,2,4126,1779661679.20307,1,1680,1050
17,2,4127,1779661679.22389,1,1680,1050
17,2,4128,1779661679.24471,1,1680,1050
17,2,4129,1779661679.26553,1,1680,1050
17,2,4130,1779661679.28635,1,1680,1050
17,2,4131,1779661679.30717,1,1680,1050
17,2,4132,1779661679.32799,1,1680,1050
17,2,4133,1779661679.34881,1,1680,1050
17,2,4134,1779661679.36963,1,1680,1050
17,2,4135,1779661679.39045,1,1680,1050
17,2,4136,1779661679.41127,1,1680,1050
17,2,4137,1779661679.43209,1,1680,1050
17,2,4138,1779661679.4529,1,1680,1050
17,2,4139,1779661679.47372,1,1680,1050
17,2,4140,1779661679.49454,1,1680,1050
17,2,4141,1779661679.51536,1,1680,1050
17,2,4142,1779661679.53618,1,1680,1050
17,2,4143,1779661679.557,1,1680,1050
17,2,4144,1779661679.57782,1,1680,1050
17,2,4145,1779661679.59864,1,1680,1050
17,2,4146,1779661679.61946,1,1680,1050
17,2,4147,1779661679.64028,1,1680,1050
17,2,4148,1779661679.6611,1,1680,1050
17,2,4149,1779661679.68192,1,1680,1050
17,2,4150,1779661679.70274,1,1680,1050
17,2,4151,1779661679.72356,1,1680,1050
17,2,4152,1779661679.74438,1,1680,1050
17,2,4153,1779661679.7652,1,1680,1050
17,2,4154,1779661679.78602,1,1680,1050
17,2,4155,1779661679.80684,1,1680,1050
17,2,4156,1779661679.82765,1,1680,1050
17,2,4157,1779661679.84847,1,1680,1050
17,2,4158,1779661679.86929,1,1680,1050
17,2,4159,1779661679.89011,1,1680,1050
17,2,4160,1779661679.91093,1,1680,1050
17,2,4161,1779661679.93175,1,1680,1050
17,2,4162,1779661679.95257,1,1680,1050
17,2,4163,1779661679.97339,1,1680,1050
17,2,4164,1779661679.99421,1,1680,1050
17,2,4165,1779661680.01503,1,1680,1050
17,2,4166,1779661680.03585,1,1680,1050
17,2,4167,1779661680.05667,1,1680,1050
17,2,4168,1779661680.07749,1,1680,1050
17,2,4169,1779661680.09831,1,1680,1050
17,2,4170,1779661680.11913,1,1680,1050
17,2,4171,1779661680.13995,1,1680,1050
17,2,4172,1779661680.16077,1,1680,1050
17,2,4173,1779661680.18158,1,1680,1050
17,2,4174,1779661680.2024,1,1680,1050
17,2,4175,1779661680.22322,1,1680,1050
17,2,4176,1779661680.24404,1,1680,1050
17,2,4177,1779661680.26486,1,1680,1050
17,2,4178,1779661680.28568,1,1680,1050
17,2,4179,1779661680.3065,1,1680,1050
17,2,4180,1779661680.32732,1,1680,1050
17,2,4181,1779661680.34814,1,1680,1050
17,2,4182,1779661680.36896,1,1680,1050
17,2,4183,1779661680.38978,1,1680,1050
17,2,4184,1779661680.4106,1,1680,1050
17,2,4185,1779661680.43142,1,1680,1050
17,2,4186,1779661680.45224,1,1680,1050
17,2,4187,1779661680.47306,1,1680,1050
17,2,4188,1779661680.49388,1,1680,1050
17,2,4189,1779661680.5147,1,1680,1050
17,2,4190,1779661680.53552,1,1680,1050
17,2,4191,1779661680.55633,1,1680,1050
17,2,4192,1779661680.57715,1,1680,1050
17,2,4193,1779661680.59797,1,1680,1050
17,2,4194,1779661680.61879,1,1680,1050
17,2,4195,1779661680.63961,1,1680,1050
17,2,4196,1779661680.66043,1,1680,1050
17,2,4197,1779661680.68125,1,1680,1050
17,2,4198,1779661680.70207,1,1680,1050
17,2,4199,1779661680.72289,1,1680,1050
17,2,4200,1779661680.74371,1,1680,1050
17,2,4201,1779661680.76453,1,1680,1050
17,2,4202,1779661680.78535,1,1680,1050
17,2,4203,1779661680.80617,1,1680,1050
17,2,4204,1779661680.82699,1,1680,1050
17,2,4205,1779661680.84781,1,1680,1050
17,2,4206,1779661680.86863,1,1680,1050
17,2,4207,1779661680.88945,1,1680,1050
17,2,4208,1779661680.91027,1,1680,1050
17,2,4209,1779661680.93108,1,1680,1050
17,2,4210,1779661680.9519,1,1680,1050
17,2,4211,1779661680.97272,1,1680,1050
17,2,4212,1779661680.99354,1,1680,1050
17,2,4213,1779661681.01436,1,1680,1050
17,2,4214,1779661681.03518,1,1680,1050
17,2,4215,1779661681.056,1,1680,1050
17,2,4216,1779661681.07682,1,1680,1050
17,2,4217,1779661681.09764,1,1680,1050
17,2,4218,1779661681.11846,1,1680,1050
17,2,4219,1779661681.13928,1,1680,1050
17,2,4220,1779661681.1601,1,1680,1050
17,2,4221,1779661681.18092,1,1680,1050
17,2,4222,1779661681.20174,1,1680,1050
17,2,4223,1779661681.22256,1,1680,1050
17,2,4224,1779661681.24338,1,1680,1050
17,2,4225,1779661681.26419,1,1680,1050
17,2,4226,1779661681.28501,1,1680,1050
17,2,4227,1779661681.30583,1,1680,1050
17,2,4228,1779661681.32665,1,1680,1050
17,2,4229,1779661681.34747,1,1680,1050
17,2,4230,1779661681.36829,1,1680,1050
17,2,4231,1779661681.38911,1,1680,1050
17,2,4232,1779661681.40993,1,1680,1050
17,2,4233,1779661681.43075,1,1680,1050
17,2,4234,1779661681.45157,1,1680,1050
17,2,4235,1779661681.47239,1,1680,1050
17,2,4236,1779661681.49321,1,1680,1050
17,2,4237,1779661681.51403,1,1680,1050
17,2,4238,1779661681.53485,1,1680,1050
17,2,4239,1779661681.55567,1,1680,1050
17,2,4240,1779661681.57649,1,1680,1050
17,2,4241,1779661681.59731,1,1680,1050
17,2,4242,1779661681.61812,1,1680,1050
17,2,4243,1779661681.63894,1,1680,1050
17,2,4244,1779661681.65976,1,1680,1050
17,2,4245,1779661681.68058,1,1680,1050
17,2,4246,1779661681.7014,1,1680,1050
17,2,4247,1779661681.72222,1,1680,1050
17,2,4248,1779661681.74304,1,1680,1050
17,2,4249,1779661681.76386,1,1680,1050
17,2,4250,1779661681.78468,1,1680,1050
17,2,4251,1779661681.8055,1,1680,1050
17,2,4252,1779661681.82632,1,1680,1050
17,2,4253,1779661681.84714,1,1680,1050
17,2,4254,1779661681.86796,1,1680,1050
17,2,4255,1779661681.88878,1,1680,1050
17,2,4256,1779661681.9096,1,1680,1050
17,2,4257,1779661681.93042,1,1680,1050
17,2,4258,1779661681.95124,1,1680,1050
17,2,4259,1779661681.97206,1,1680,1050
17,2,4260,1779661681.99288,1,1680,1050
17,2,4261,1779661682.01369,1,1680,1050
17,2,4262,1779661682.03451,1,1680,1050
17,2,4263,1779661682.05533,1,1680,1050
17,2,4264,1779661682.07615,1,1680,1050
17,2,4265,1779661682.09697,1,1680,1050
17,2,4266,1779661682.11779,1,1680,1050
17,2,4267,1779661682.13861,1,1680,1050
17,2,4268,1779661682.15943,1,1680,1050
17,2,4269,1779661682.18025,1,1680,1050
17,2,4270,1779661682.20107,1,1680,1050
17,2,4271,1779661682.22189,1,1680,1050
17,2,4272,1779661682.24271,1,1680,1050
17,2,4273,1779661682.26353,1,1680,1050
17,2,4274,1779661682.28435,2,1680,1050
17,2,4275,1779661682.30517,2,1680,1050
17,2,4276,1779661682.32599,2,1680,1050
17,2,4277,1779661682.3468,2,1680,1050
17,2,4278,1779661682.36763,2,1680,1050
17,2,4279,1779661682.38844,2,1680,1050
17,2,4280,1779661682.40926,2,1680,1050
17,2,4281,1779661682.43008,2,1680,1050
17,2,4282,1779661682.4509,2,1680,1050
17,2,4283,1779661682.47172,2,1680,1050
17,2,4284,1779661682.49254,2,1680,1050
17,2,4285,1779661682.51336,2,1680,1050
17,2,4286,1779661682.53418,2,1680,1050
17,2,4287,1779661682.555,2,1680,1050
17,2,4288,1779661682.57582,2,1680,1050
17,2,4289,1779661682.59664,2,1680,1050
17,2,4290,1779661682.61746,2,1680,1050
17,2,4291,1779661682.63828,2,1680,1050
17,2,4292,1779661682.6591,2,1680,1050
17,2,4293,1779661682.67992,2,1680,1050
17,2,4294,1779661682.70074,2,1680,1050
17,2,4295,1779661682.72156,2,1680,1050
17,2,4296,1779661682.74237,2,1680,1050
17,2,4297,1779661682.76319,2,1680,1050
17,2,4298,1779661682.78401,2,1680,1050
17,2,4299,1779661682.80483,2,1680,1050
17,2,4300,1779661682.82565,2,1680,1050
17,2,4301,1779661682.84647,2,1680,1050
17,2,4302,1779661682.86729,2,1680,1050
17,2,4303,1779661682.88811,2,1680,1050
17,2,4304,1779661682.90893,2,1680,1050
17,2,4305,1779661682.92975,2,1680,1050
17,2,4306,1779661682.95057,2,1680,1050
17,2,4307,1779661682.97139,2,1680,1050
17,2,4308,1779661682.99221,2,1680,1050
17,2,4309,1779661683.01303,2,1680,1050
17,2,4310,1779661683.03385,2,1680,1050
17,2,4311,1779661683.05467,2,1680,1050
17,2,4312,1779661683.07548,2,1680,1050
17,2,4313,1779661683.0963,2,1680,1050
17,2,4314,1779661683.11712,2,1680,1050
17,2,4315,1779661683.13794,2,1680,1050
17,2,4316,1779661683.15876,2,1680,1050
17,2,4317,1779661683.17958,2,1680,1050
17,2,4318,1779661683.2004,2,1680,1050
17,2,4319,1779661683.22122,2,1680,1050
17,2,4320,1779661683.24204,2,1680,1050
17,2,4321,1779661683.26286,2,1680,1050
17,2,4322,1779661683.28368,2,1680,1050
17,2,4323,1779661683.3045,2,1680,1050
17,2,4324,1779661683.32532,2,1680,1050
17,2,4325,1779661683.34614,2,1680,1050
17,2,4326,1779661683.36696,2,1680,1050
17,2,4327,1779661683.38778,2,1680,1050
17,2,4328,1779661683.4086,2,1680,1050
17,2,4329,1779661683.42942,2,1680,1050
17,2,4330,1779661683.45023,2,1680,1050
17,2,4331,1779661683.47106,2,1680,1050
17,2,4332,1779661683.49187,2,1680,1050
17,2,4333,1779661683.51269,2,1680,1050
17,2,4334,1779661683.53351,2,1680,1050
17,2,4335,1779661683.55433,2,1680,1050
17,2,4336,1779661683.57515,2,1680,1050
17,2,4337,1779661683.59597,2,1680,1050
17,2,4338,1779661683.61679,2,1680,1050
17,2,4339,1779661683.63761,2,1680,1050
17,2,4340,1779661683.65843,2,1680,1050
17,2,4341,1779661683.67925,2,1680,1050
17,2,4342,1779661683.70007,2,1680,1050
17,2,4343,1779661683.72089,2,1680,1050
17,2,4344,1779661683.74171,2,1680,1050
17,2,4345,1779661683.76253,2,1680,1050
17,2,4346,1779661683.78335,2,1680,1050
17,2,4347,1779661683.80417,2,1680,1050
17,2,4348,1779661683.82499,2,1680,1050
17,2,4349,1779661683.8458,2,1680,1050
17,2,4350,1779661683.86662,2,1680,1050
17,2,4351,1779661683.88744,2,1680,1050
17,2,4352,1779661683.90826,2,1680,1050
17,2,4353,1779661683.92908,2,1680,1050
17,2,4354,1779661683.9499,2,1680,1050
17,2,4355,1779661683.97072,2,1680,1050
17,2,4356,1779661683.99154,2,1680,1050
17,2,4357,1779661684.01236,2,1680,1050
17,2,4358,1779661684.03318,2,1680,1050
17,2,4359,1779661684.054,2,1680,1050
17,2,4360,1779661684.07482,2,1680,1050
17,2,4361,1779661684.09564,2,1680,1050
17,2,4362,1779661684.11646,2,1680,1050
17,2,4363,1779661684.13728,2,1680,1050
17,2,4364,1779661684.1581,2,1680,1050
17,2,4365,1779661684.17891,2,1680,1050
17,2,4366,1779661684.19974,2,1680,1050
17,2,4367,1779661684.22055,2,1680,1050
17,2,4368,1779661684.24137,2,1680,1050
17,2,4369,1779661684.26219,2,1680,1050
17,2,4370,1779661684.28301,2,1680,1050
17,2,4371,1779661684.30383,2,1680,1050
17,2,4372,1779661684.32465,2,1680,1050
17,2,4373,1779661684.34547,2,1680,1050
17,2,4374,1779661684.36629,2,1680,1050
17,2,4375,1779661684.38711,2,1680,1050
17,2,4376,1779661684.40793,2,1680,1050
17,2,4377,1779661684.42875,2,1680,1050
17,2,4378,1779661684.44957,2,1680,1050
17,2,4379,1779661684.47039,2,1680,1050
17,2,4380,1779661684.49121,2,1680,1050
17,2,4381,1779661684.51203,2,1680,1050
17,2,4382,1779661684.53285,2,1680,1050
17,2,4383,1779661684.55366,2,1680,1050
17,2,4384,1779661684.57448,2,1680,1050
17,2,4385,1779661684.5953,2,1680,1050
17,2,4386,1779661684.61612,2,1680,1050
17,2,4387,1779661684.63694,2,1680,1050
17,2,4388,1779661684.65776,2,1680,1050
17,2,4389,1779661684.67858,2,1680,1050
17,2,4390,1779661684.6994,2,1680,1050
17,2,4391,1779661684.72022,2,1680,1050
17,2,4392,1779661684.74104,2,1680,1050
17,2,4393,1779661684.76186,2,1680,1050
17,2,4394,1779661684.78268,2,1680,1050
17,2,4395,1779661684.8035,2,1680,1050
17,2,4396,1779661684.82432,2,1680,1050
17,2,4397,1779661684.84514,2,1680,1050
17,2,4398,1779661684.86596,2,1680,1050
17,2,4399,1779661684.88678,2,1680,1050
17,2,4400,1779661684.9076,2,1680,1050
17,2,4401,1779661684.92841,2,1680,1050
17,2,4402,1779661684.94923,2,1680,1050
17,2,4403,1779661684.97005,2,1680,1050
17,2,4404,1779661684.99087,2,1680,1050
17,2,4405,1779661685.01169,2,1680,1050
17,2,4406,1779661685.03251,2,1680,1050
17,2,4407,1779661685.05333,2,1680,1050
17,2,4408,1779661685.07415,2,1680,1050
17,2,4409,1779661685.09497,2,1680,1050
17,2,4410,1779661685.11579,2,1680,1050
17,2,4411,1779661685.13661,2,1680,1050
17,2,4412,1779661685.15743,2,1680,1050
17,2,4413,1779661685.17825,2,1680,1050
17,2,4414,1779661685.19907,2,1680,1050
17,2,4415,1779661685.21989,2,1680,1050
17,2,4416,1779661685.24071,2,1680,1050
17,2,4417,1779661685.26153,2,1680,1050
17,2,4418,1779661685.28234,2,1680,1050
17,2,4419,1779661685.30316,2,1680,1050
17,2,4420,1779661685.32398,2,1680,1050
17,2,4421,1779661685.3448,2,1680,1050
17,2,4422,1779661685.36562,2,1680,1050
17,2,4423,1779661685.38644,2,1680,1050
17,2,4424,1779661685.40726,2,1680,1050
17,2,4425,1779661685.42808,2,1680,1050
17,2,4426,1779661685.4489,2,1680,1050
17,2,4427,1779661685.46972,2,1680,1050
17,2,4428,1779661685.49054,2,1680,1050
17,2,4429,1779661685.51136,2,1680,1050
17,2,4430,1779661685.53218,2,1680,1050
17,2,4431,1779661685.553,2,1680,1050
17,2,4432,1779661685.57382,2,1680,1050
17,2,4433,1779661685.59464,2,1680,1050
17,2,4434,1779661685.61546,2,1680,1050
17,2,4435,1779661685.63627,2,1680,1050
17,2,4436,1779661685.65709,2,1680,1050
17,2,4437,1779661685.67791,2,1680,1050
17,2,4438,1779661685.69873,2,1680,1050
17,2,4439,1779661685.71955,2,1680,1050
17,2,4440,1779661685.74037,2,1680,1050
17,2,4441,1779661685.76119,2,1680,1050
17,2,4442,1779661685.78201,2,1680,1050
17,2,4443,1779661685.80283,2,1680,1050
17,2,4444,1779661685.82365,2,1680,1050
17,2,4445,1779661685.84447,2,1680,1050
17,2,4446,1779661685.86529,2,1680,1050
17,2,4447,1779661685.88611,2,1680,1050
17,2,4448,1779661685.90693,2,1680,1050
17,2,4449,1779661685.92775,2,1680,1050
17,2,4450,1779661685.94857,2,1680,1050
17,2,4451,1779661685.96939,2,1680,1050
17,2,4452,1779661685.9902,2,1680,1050
17,2,4453,1779661686.01102,2,1680,1050
17,2,4454,1779661686.03185,2,1680,1050
17,2,4455,1779661686.05266,2,1680,1050
17,2,4456,1779661686.07348,2,1680,1050
17,2,4457,1779661686.0943,2,1680,1050
17,2,4458,1779661686.11512,2,1680,1050
17,2,4459,1779661686.13594,2,1680,1050
17,2,4460,1779661686.15676,2,1680,1050
17,2,4461,1779661686.17758,2,1680,1050
17,2,4462,1779661686.1984,2,1680,1050
17,2,4463,1779661686.21922,2,1680,1050
17,2,4464,1779661686.24004,2,1680,1050
17,2,4465,1779661686.26086,2,1680,1050
17,2,4466,1779661686.28168,1,1680,1050
17,2,4467,1779661686.3025,1,1680,1050
17,2,4468,1779661686.32332,1,1680,1050
17,2,4469,1779661686.34414,1,1680,1050
17,2,4470,1779661686.36496,1,1680,1050
17,2,4471,1779661686.38578,1,1680,1050
17,2,4472,1779661686.40659,1,1680,1050
17,2,4473,1779661686.42741,1,1680,1050
17,2,4474,1779661686.44823,1,1680,1050
17,2,4475,1779661686.46905,1,1680,1050
17,2,4476,1779661686.48987,1,1680,1050
17,2,4477,1779661686.51069,1,1680,1050
17,2,4478,1779661686.53151,1,1680,1050
17,2,4479,1779661686.55233,1,1680,1050
17,2,4480,1779661686.57315,1,1680,1050
17,2,4481,1779661686.59397,1,1680,1050
17,2,4482,1779661686.61479,1,1680,1050
17,2,4483,1779661686.63561,1,1680,1050
17,2,4484,1779661686.65643,1,1680,1050
17,2,4485,1779661686.67725,1,1680,1050
17,2,4486,1779661686.69807,1,1680,1050
17,2,4487,1779661686.71889,1,1680,1050
17,2,4488,1779661686.7397,1,1680,1050
17,2,4489,1779661686.76052,1,1680,1050
17,2,4490,1779661686.78134,1,1680,1050
17,2,4491,1779661686.80216,1,1680,1050
17,2,4492,1779661686.82298,1,1680,1050
17,2,4493,1779661686.8438,1,1680,1050
17,2,4494,1779661686.86462,1,1680,1050
17,2,4495,1779661686.88544,1,1680,1050
17,2,4496,1779661686.90626,1,1680,1050
17,2,4497,1779661686.92708,1,1680,1050
17,2,4498,1779661686.9479,1,1680,1050
17,2,4499,1779661686.96872,1,1680,1050
17,2,4500,1779661686.98954,1,1680,1050
17,2,4501,1779661687.01036,1,1680,1050
17,2,4502,1779661687.03118,1,1680,1050
17,2,4503,1779661687.052,1,1680,1050
17,2,4504,1779661687.07282,1,1680,1050
17,2,4505,1779661687.09364,1,1680,1050
17,2,4506,1779661687.11446,1,1680,1050
17,2,4507,1779661687.13527,1,1680,1050
17,2,4508,1779661687.15609,1,1680,1050
17,2,4509,1779661687.17691,1,1680,1050
17,2,4510,1779661687.19773,1,1680,1050
17,2,4511,1779661687.21855,1,1680,1050
17,2,4512,1779661687.23937,1,1680,1050
17,2,4513,1779661687.26019,1,1680,1050
17,2,4514,1779661687.28101,1,1680,1050
17,2,4515,1779661687.30183,1,1680,1050
17,2,4516,1779661687.32265,1,1680,1050
17,2,4517,1779661687.34347,1,1680,1050
17,2,4518,1779661687.36429,1,1680,1050
17,2,4519,1779661687.38511,1,1680,1050
17,2,4520,1779661687.40593,1,1680,1050
17,2,4521,1779661687.42675,1,1680,1050
17,2,4522,1779661687.44757,1,1680,1050
17,2,4523,1779661687.46839,1,1680,1050
17,2,4524,1779661687.4892,1,1680,1050
17,2,4525,1779661687.51003,1,1680,1050
17,2,4526,1779661687.53084,1,1680,1050
17,2,4527,1779661687.55166,1,1680,1050
17,2,4528,1779661687.57248,1,1680,1050
17,2,4529,1779661687.5933,1,1680,1050
17,2,4530,1779661687.61412,1,1680,1050
17,2,4531,1779661687.63494,1,1680,1050
17,2,4532,1779661687.65576,1,1680,1050
17,2,4533,1779661687.67658,1,1680,1050
17,2,4534,1779661687.6974,1,1680,1050
17,2,4535,1779661687.71824,1,1680,1050
17,2,4536,1779661687.73904,1,1680,1050
17,2,4537,1779661687.75986,1,1680,1050
17,2,4538,1779661687.78068,1,1680,1050
17,2,4539,1779661687.8015,1,1680,1050
17,2,4540,1779661687.82232,1,1680,1050
17,2,4541,1779661687.84314,1,1680,1050
17,2,4542,1779661687.86396,1,1680,1050
17,2,4543,1779661687.88477,1,1680,1050
17,2,4544,1779661687.90559,1,1680,1050
17,2,4545,1779661687.92641,1,1680,1050
17,2,4546,1779661687.94723,1,1680,1050
17,2,4547,1779661687.96805,1,1680,1050
17,2,4548,1779661687.98887,1,1680,1050
17,2,4549,1779661688.00969,1,1680,1050
17,2,4550,1779661688.03051,1,1680,1050
17,2,4551,1779661688.05133,1,1680,1050
17,2,4552,1779661688.07215,1,1680,1050
17,2,4553,1779661688.09297,1,1680,1050
17,2,4554,1779661688.11379,1,1680,1050
17,2,4555,1779661688.13461,1,1680,1050
17,2,4556,1779661688.15543,1,1680,1050
17,2,4557,1779661688.17625,1,1680,1050
17,2,4558,1779661688.19707,1,1680,1050
17,2,4559,1779661688.21788,1,1680,1050
17,2,4560,1779661688.23871,1,1680,1050
17,2,4561,1779661688.25952,1,1680,1050
17,2,4562,1779661688.28034,1,1680,1050
17,2,4563,1779661688.30116,1,1680,1050
17,2,4564,1779661688.32198,1,1680,1050
17,2,4565,1779661688.3428,1,1680,1050
17,2,4566,1779661688.36362,1,1680,1050
17,2,4567,1779661688.38444,1,1680,1050
17,2,4568,1779661688.40526,1,1680,1050
17,2,4569,1779661688.42608,1,1680,1050
17,2,4570,1779661688.4469,1,1680,1050
17,2,4571,1779661688.46772,1,1680,1050
17,2,4572,1779661688.48854,1,1680,1050
17,2,4573,1779661688.50936,1,1680,1050
17,2,4574,1779661688.53018,1,1680,1050
17,2,4575,1779661688.551,1,1680,1050
17,2,4576,1779661688.57182,1,1680,1050
17,2,4577,1779661688.59264,1,1680,1050
17,2,4578,1779661688.61345,1,1680,1050
17,2,4579,1779661688.63427,1,1680,1050
17,2,4580,1779661688.65509,1,1680,1050
17,2,4581,1779661688.67591,1,1680,1050
17,2,4582,1779661688.69673,1,1680,1050
17,2,4583,1779661688.71755,1,1680,1050
17,2,4584,1779661688.73837,1,1680,1050
17,2,4585,1779661688.75919,1,1680,1050
17,2,4586,1779661688.78001,1,1680,1050
17,2,4587,1779661688.80083,1,1680,1050
17,2,4588,1779661688.82165,1,1680,1050
17,2,4589,1779661688.84247,1,1680,1050
17,2,4590,1779661688.86329,1,1680,1050
17,2,4591,1779661688.88411,1,1680,1050
17,2,4592,1779661688.90493,1,1680,1050
17,2,4593,1779661688.92575,1,1680,1050
17,2,4594,1779661688.94656,1,1680,1050
17,2,4595,1779661688.96738,1,1680,1050
17,2,4596,1779661688.9882,1,1680,1050
17,2,4597,1779661689.00902,1,1680,1050
17,2,4598,1779661689.02984,1,1680,1050
17,2,4599,1779661689.05066,1,1680,1050
17,2,4600,1779661689.07148,1,1680,1050
17,2,4601,1779661689.0923,1,1680,1050
17,2,4602,1779661689.11312,1,1680,1050
17,2,4603,1779661689.13394,1,1680,1050
17,2,4604,1779661689.15476,1,1680,1050
17,2,4605,1779661689.17558,1,1680,1050
17,2,4606,1779661689.1964,1,1680,1050
17,2,4607,1779661689.21722,1,1680,1050
17,2,4608,1779661689.23804,1,1680,1050
17,2,4609,1779661689.25886,1,1680,1050
17,2,4610,1779661689.27968,1,1680,1050
17,2,4611,1779661689.3005,1,1680,1050
17,2,4612,1779661689.32131,1,1680,1050
17,2,4613,1779661689.34214,1,1680,1050
17,2,4614,1779661689.36295,1,1680,1050
17,2,4615,1779661689.38377,1,1680,1050
17,2,4616,1779661689.40459,1,1680,1050
17,2,4617,1779661689.42541,1,1680,1050
17,2,4618,1779661689.44623,1,1680,1050
17,2,4619,1779661689.46705,1,1680,1050
17,2,4620,1779661689.48787,1,1680,1050
17,2,4621,1779661689.50869,1,1680,1050
17,2,4622,1779661689.52951,1,1680,1050
17,2,4623,1779661689.55033,1,1680,1050
17,2,4624,1779661689.57115,1,1680,1050
17,2,4625,1779661689.59197,1,1680,1050
17,2,4626,1779661689.61279,1,1680,1050
17,2,4627,1779661689.63361,1,1680,1050
17,2,4628,1779661689.65443,1,1680,1050
17,2,4629,1779661689.67524,1,1680,1050
17,2,4630,1779661689.69606,1,1680,1050
17,2,4631,1779661689.71688,1,1680,1050
17,2,4632,1779661689.7377,1,1680,1050
17,2,4633,1779661689.75852,1,1680,1050
17,2,4634,1779661689.77934,1,1680,1050
17,2,4635,1779661689.80016,1,1680,1050
17,2,4636,1779661689.82098,1,1680,1050
17,2,4637,1779661689.8418,1,1680,1050
17,2,4638,1779661689.86262,1,1680,1050
17,2,4639,1779661689.88344,1,1680,1050
17,2,4640,1779661689.90426,1,1680,1050
17,2,4641,1779661689.92508,1,1680,1050
17,2,4642,1779661689.9459,1,1680,1050
17,2,4643,1779661689.96672,1,1680,1050
17,2,4644,1779661689.98754,1,1680,1050
17,2,4645,1779661690.00836,1,1680,1050
17,2,4646,1779661690.02918,1,1680,1050
17,2,4647,1779661690.04999,1,1680,1050
17,2,4648,1779661690.07081,1,1680,1050
17,2,4649,1779661690.09163,1,1680,1050
17,2,4650,1779661690.11245,1,1680,1050
17,2,4651,1779661690.13327,1,1680,1050
17,2,4652,1779661690.15409,1,1680,1050
17,2,4653,1779661690.17491,1,1680,1050
17,2,4654,1779661690.19573,1,1680,1050
17,2,4655,1779661690.21655,1,1680,1050
17,2,4656,1779661690.23737,1,1680,1050
17,2,4657,1779661690.25819,1,1680,1050
17,2,4658,1779661690.27901,2,1680,1050
17,2,4659,1779661690.29983,2,1680,1050
17,2,4660,1779661690.32065,2,1680,1050
17,2,4661,1779661690.34147,2,1680,1050
17,2,4662,1779661690.36229,2,1680,1050
17,2,4663,1779661690.3831,2,1680,1050
17,2,4664,1779661690.40392,2,1680,1050
17,2,4665,1779661690.42474,2,1680,1050
17,2,4666,1779661690.44556,2,1680,1050
17,2,4667,1779661690.46638,2,1680,1050
17,2,4668,1779661690.4872,2,1680,1050
17,2,4669,1779661690.50802,2,1680,1050
17,2,4670,1779661690.52884,2,1680,1050
17,2,4671,1779661690.54966,2,1680,1050
17,2,4672,1779661690.57048,2,1680,1050
17,2,4673,1779661690.5913,2,1680,1050
17,2,4674,1779661690.61212,2,1680,1050
17,2,4675,1779661690.63294,2,1680,1050
17,2,4676,1779661690.65376,2,1680,1050
17,2,4677,1779661690.67458,2,1680,1050
17,2,4678,1779661690.6954,2,1680,1050
17,2,4679,1779661690.71622,2,1680,1050
17,2,4680,1779661690.73704,2,1680,1050
17,2,4681,1779661690.75786,2,1680,1050
17,2,4682,1779661690.77868,2,1680,1050
17,2,4683,1779661690.79949,2,1680,1050
17,2,4684,1779661690.82031,2,1680,1050
17,2,4685,1779661690.84113,2,1680,1050
17,2,4686,1779661690.86195,2,1680,1050
17,2,4687,1779661690.88277,2,1680,1050
17,2,4688,1779661690.90359,2,1680,1050
17,2,4689,1779661690.92441,2,1680,1050
17,2,4690,1779661690.94523,2,1680,1050
17,2,4691,1779661690.96605,2,1680,1050
17,2,4692,1779661690.98687,2,1680,1050
17,2,4693,1779661691.00769,2,1680,1050
17,2,4694,1779661691.02851,2,1680,1050
17,2,4695,1779661691.04933,2,1680,1050
17,2,4696,1779661691.07015,2,1680,1050
17,2,4697,1779661691.09097,2,1680,1050
17,2,4698,1779661691.11179,2,1680,1050
17,2,4699,1779661691.13261,2,1680,1050
17,2,4700,1779661691.15342,2,1680,1050
17,2,4701,1779661691.17424,2,1680,1050
17,2,4702,1779661691.19506,2,1680,1050
17,2,4703,1779661691.21588,2,1680,1050
17,2,4704,1779661691.2367,2,1680,1050
17,2,4705,1779661691.25752,2,1680,1050
17,2,4706,1779661691.27834,2,1680,1050
17,2,4707,1779661691.29916,2,1680,1050
17,2,4708,1779661691.31998,2,1680,1050
17,2,4709,1779661691.3408,2,1680,1050
17,2,4710,1779661691.36162,2,1680,1050
17,2,4711,1779661691.38244,2,1680,1050
17,2,4712,1779661691.40326,2,1680,1050
17,2,4713,1779661691.42408,2,1680,1050
17,2,4714,1779661691.4449,2,1680,1050
17,2,4715,1779661691.46572,2,1680,1050
17,2,4716,1779661691.48654,2,1680,1050
17,2,4717,1779661691.50736,2,1680,1050
17,2,4718,1779661691.52818,2,1680,1050
17,2,4719,1779661691.54899,2,1680,1050
17,2,4720,1779661691.56981,2,1680,1050
17,2,4721,1779661691.59063,2,1680,1050
17,2,4722,1779661691.61145,2,1680,1050
17,2,4723,1779661691.63227,2,1680,1050
17,2,4724,1779661691.65309,2,1680,1050
17,2,4725,1779661691.67391,2,1680,1050
17,2,4726,1779661691.69473,2,1680,1050
17,2,4727,1779661691.71555,2,1680,1050
17,2,4728,1779661691.73637,2,1680,1050
17,2,4729,1779661691.75719,2,1680,1050
17,2,4730,1779661691.77801,2,1680,1050
17,2,4731,1779661691.79883,2,1680,1050
17,2,4732,1779661691.81965,2,1680,1050
17,2,4733,1779661691.84047,2,1680,1050
17,2,4734,1779661691.86128,2,1680,1050
17,2,4735,1779661691.88211,2,1680,1050
17,2,4736,1779661691.90292,2,1680,1050
17,2,4737,1779661691.92374,2,1680,1050
17,2,4738,1779661691.94456,2,1680,1050
17,2,4739,1779661691.96538,2,1680,1050
17,2,4740,1779661691.9862,2,1680,1050
17,2,4741,1779661692.00702,2,1680,1050
17,2,4742,1779661692.02784,2,1680,1050
17,2,4743,1779661692.04866,2,1680,1050
17,2,4744,1779661692.06948,2,1680,1050
17,2,4745,1779661692.0903,2,1680,1050
17,2,4746,1779661692.11112,2,1680,1050
17,2,4747,1779661692.13194,2,1680,1050
17,2,4748,1779661692.15276,2,1680,1050
17,2,4749,1779661692.17358,2,1680,1050
17,2,4750,1779661692.1944,2,1680,1050
17,2,4751,1779661692.21521,2,1680,1050
17,2,4752,1779661692.23603,2,1680,1050
17,2,4753,1779661692.25686,2,1680,1050
17,2,4754,1779661692.27767,2,1680,1050
17,2,4755,1779661692.29849,2,1680,1050
17,2,4756,1779661692.31931,2,1680,1050
17,2,4757,1779661692.34013,2,1680,1050
17,2,4758,1779661692.36095,2,1680,1050
17,2,4759,1779661692.38177,2,1680,1050
17,2,4760,1779661692.40259,2,1680,1050
17,2,4761,1779661692.42341,2,1680,1050
17,2,4762,1779661692.44423,2,1680,1050
17,2,4763,1779661692.46505,2,1680,1050
17,2,4764,1779661692.48587,2,1680,1050
17,2,4765,1779661692.50669,2,1680,1050
17,2,4766,1779661692.52751,2,1680,1050
17,2,4767,1779661692.54833,2,1680,1050
17,2,4768,1779661692.56915,2,1680,1050
17,2,4769,1779661692.58996,2,1680,1050
17,2,4770,1779661692.61079,2,1680,1050
17,2,4771,1779661692.6316,2,1680,1050
17,2,4772,1779661692.65242,2,1680,1050
17,2,4773,1779661692.67324,2,1680,1050
17,2,4774,1779661692.69406,2,1680,1050
17,2,4775,1779661692.71488,2,1680,1050
17,2,4776,1779661692.7357,2,1680,1050
17,2,4777,1779661692.75652,2,1680,1050
17,2,4778,1779661692.77734,2,1680,1050
17,2,4779,1779661692.79816,2,1680,1050
17,2,4780,1779661692.81898,2,1680,1050
17,2,4781,1779661692.8398,2,1680,1050
17,2,4782,1779661692.86062,2,1680,1050
17,2,4783,1779661692.88144,2,1680,1050
17,2,4784,1779661692.90226,2,1680,1050
17,2,4785,1779661692.92308,2,1680,1050
17,2,4786,1779661692.9439,2,1680,1050
17,2,4787,1779661692.96472,2,1680,1050
17,2,4788,1779661692.98554,2,1680,1050
17,2,4789,1779661693.00635,2,1680,1050
17,2,4790,1779661693.02717,2,1680,1050
17,2,4791,1779661693.04799,2,1680,1050
17,2,4792,1779661693.06881,2,1680,1050
17,2,4793,1779661693.08963,2,1680,1050
17,2,4794,1779661693.11045,2,1680,1050
17,2,4795,1779661693.13127,2,1680,1050
17,2,4796,1779661693.15209,2,1680,1050
17,2,4797,1779661693.17291,2,1680,1050
17,2,4798,1779661693.19373,2,1680,1050
17,2,4799,1779661693.21455,2,1680,1050
17,2,4800,1779661693.23537,2,1680,1050
17,2,4801,1779661693.25619,2,1680,1050
17,2,4802,1779661693.27701,2,1680,1050
17,2,4803,1779661693.29783,2,1680,1050
17,2,4804,1779661693.31865,2,1680,1050
17,2,4805,1779661693.33946,2,1680,1050
17,2,4806,1779661693.36028,2,1680,1050
17,2,4807,1779661693.3811,2,1680,1050
17,2,4808,1779661693.40192,2,1680,1050
17,2,4809,1779661693.42274,2,1680,1050
17,2,4810,1779661693.44356,2,1680,1050
17,2,4811,1779661693.46438,2,1680,1050
17,2,4812,1779661693.4852,2,1680,1050
17,2,4813,1779661693.50602,2,1680,1050
17,2,4814,1779661693.52684,2,1680,1050
17,2,4815,1779661693.54766,2,1680,1050
17,2,4816,1779661693.56848,2,1680,1050
17,2,4817,1779661693.5893,2,1680,1050
17,2,4818,1779661693.61012,2,1680,1050
17,2,4819,1779661693.63094,2,1680,1050
17,2,4820,1779661693.65176,2,1680,1050
17,2,4821,1779661693.67258,2,1680,1050
17,2,4822,1779661693.6934,2,1680,1050
17,2,4823,1779661693.71421,2,1680,1050
17,2,4824,1779661693.73503,2,1680,1050
17,2,4825,1779661693.75585,2,1680,1050
17,2,4826,1779661693.77667,2,1680,1050
17,2,4827,1779661693.79749,2,1680,1050
17,2,4828,1779661693.81831,2,1680,1050
17,2,4829,1779661693.83913,2,1680,1050
17,2,4830,1779661693.85995,2,1680,1050
17,2,4831,1779661693.88077,2,1680,1050
17,2,4832,1779661693.90159,2,1680,1050
17,2,4833,1779661693.92241,2,1680,1050
17,2,4834,1779661693.94323,2,1680,1050
17,2,4835,1779661693.96405,2,1680,1050
17,2,4836,1779661693.98487,2,1680,1050
17,2,4837,1779661694.00569,2,1680,1050
17,2,4838,1779661694.02651,2,1680,1050
17,2,4839,1779661694.04733,2,1680,1050
17,2,4840,1779661694.06814,2,1680,1050
17,2,4841,1779661694.08897,2,1680,1050
17,2,4842,1779661694.10978,2,1680,1050
17,2,4843,1779661694.1306,2,1680,1050
17,2,4844,1779661694.15142,2,1680,1050
17,2,4845,1779661694.17224,2,1680,1050
17,2,4846,1779661694.19306,2,1680,1050
17,2,4847,1779661694.21388,2,1680,1050
17,2,4848,1779661694.2347,2,1680,1050
17,2,4849,1779661694.25552,2,1680,1050
17,2,4850,1779661694.27634,2,1680,1050
17,2,4851,1779661694.29716,2,1680,1050
17,2,4852,1779661694.31798,2,1680,1050
17,2,4853,1779661694.3388,2,1680,1050
17,2,4854,1779661694.35962,2,1680,1050
17,2,4855,1779661694.38044,2,1680,1050
17,2,4856,1779661694.40126,2,1680,1050
17,2,4857,1779661694.42207,2,1680,1050
17,2,4858,1779661694.44289,2,1680,1050
17,2,4859,1779661694.46371,2,1680,1050
17,2,4860,1779661694.48453,2,1680,1050
17,2,4861,1779661694.50535,2,1680,1050
17,2,4862,1779661694.52617,2,1680,1050
17,2,4863,1779661694.54699,2,1680,1050
17,2,4864,1779661694.56781,2,1680,1050
17,2,4865,1779661694.58863,2,1680,1050
17,2,4866,1779661694.60945,2,1680,1050
17,2,4867,1779661694.63027,2,1680,1050
17,2,4868,1779661694.65109,2,1680,1050
17,2,4869,1779661694.67191,2,1680,1050
17,2,4870,1779661694.69273,2,1680,1050
17,2,4871,1779661694.71355,2,1680,1050
17,2,4872,1779661694.73437,2,1680,1050
17,2,4873,1779661694.75519,2,1680,1050
17,2,4874,1779661694.77601,2,1680,1050
17,2,4875,1779661694.79682,2,1680,1050
17,2,4876,1779661694.81764,2,1680,1050
17,2,4877,1779661694.83846,2,1680,1050
17,2,4878,1779661694.85928,2,1680,1050
17,2,4879,1779661694.8801,2,1680,1050
17,2,4880,1779661694.90092,2,1680,1050
17,2,4881,1779661694.92174,2,1680,1050
17,2,4882,1779661694.94256,2,1680,1050
17,2,4883,1779661694.96338,2,1680,1050
17,2,4884,1779661694.9842,2,1680,1050
17,2,4885,1779661695.00502,2,1680,1050
17,2,4886,1779661695.02584,2,1680,1050
17,2,4887,1779661695.04666,2,1680,1050
17,2,4888,1779661695.06748,2,1680,1050
17,2,4889,1779661695.0883,2,1680,1050
17,2,4890,1779661695.10912,2,1680,1050
17,2,4891,1779661695.12994,2,1680,1050
17,2,4892,1779661695.15076,2,1680,1050
17,2,4893,1779661695.17158,2,1680,1050
17,2,4894,1779661695.19239,2,1680,1050
17,2,4895,1779661695.21321,2,1680,1050
17,2,4896,1779661695.23403,2,1680,1050
17,2,4897,1779661695.25485,2,1680,1050
17,2,4898,1779661695.27567,2,1680,1050
17,2,4899,1779661695.29649,2,1680,1050
17,2,4900,1779661695.31731,2,1680,1050
17,2,4901,1779661695.33813,2,1680,1050
17,2,4902,1779661695.35895,2,1680,1050
17,2,4903,1779661695.37977,2,1680,1050
17,2,4904,1779661695.40059,2,1680,1050
17,2,4905,1779661695.42141,2,1680,1050
17,2,4906,1779661695.44223,2,1680,1050
17,2,4907,1779661695.46305,2,1680,1050
17,2,4908,1779661695.48387,2,1680,1050
17,2,4909,1779661695.50469,2,1680,1050
17,2,4910,1779661695.52551,2,1680,1050
17,2,4911,1779661695.54632,2,1680,1050
17,2,4912,1779661695.56714,2,1680,1050
17,2,4913,1779661695.58796,2,1680,1050
17,2,4914,1779661695.60878,2,1680,1050
17,2,4915,1779661695.6296,2,1680,1050
17,2,4916,1779661695.65042,2,1680,1050
17,2,4917,1779661695.67124,2,1680,1050
17,2,4918,1779661695.69206,2,1680,1050
17,2,4919,1779661695.71288,2,1680,1050
17,2,4920,1779661695.7337,2,1680,1050
17,2,4921,1779661695.75452,2,1680,1050
17,2,4922,1779661695.77534,2,1680,1050
17,2,4923,1779661695.79616,2,1680,1050
17,2,4924,1779661695.81698,2,1680,1050
17,2,4925,1779661695.8378,2,1680,1050
17,2,4926,1779661695.85862,2,1680,1050
17,2,4927,1779661695.87944,2,1680,1050
17,2,4928,1779661695.90025,2,1680,1050
17,2,4929,1779661695.92107,2,1680,1050
17,2,4930,1779661695.94189,2,1680,1050
17,2,4931,1779661695.96271,2,1680,1050
17,2,4932,1779661695.98353,2,1680,1050
17,2,4933,1779661696.00435,2,1680,1050
17,2,4934,1779661696.02517,2,1680,1050
17,2,4935,1779661696.04599,2,1680,1050
17,2,4936,1779661696.06681,2,1680,1050
17,2,4937,1779661696.08763,2,1680,1050
17,2,4938,1779661696.10845,2,1680,1050
17,2,4939,1779661696.12927,2,1680,1050
17,2,4940,1779661696.15009,2,1680,1050
17,2,4941,1779661696.17091,2,1680,1050
17,2,4942,1779661696.19173,2,1680,1050
17,2,4943,1779661696.21255,2,1680,1050
17,2,4944,1779661696.23337,2,1680,1050
17,2,4945,1779661696.25419,2,1680,1050
17,2,4946,1779661696.27501,1,1680,1050
17,2,4947,1779661696.29582,1,1680,1050
17,2,4948,1779661696.31664,1,1680,1050
17,2,4949,1779661696.33746,1,1680,1050
17,2,4950,1779661696.35828,1,1680,1050
17,2,4951,1779661696.3791,1,1680,1050
17,2,4952,1779661696.39992,1,1680,1050
17,2,4953,1779661696.42074,1,1680,1050
17,2,4954,1779661696.44156,1,1680,1050
17,2,4955,1779661696.46238,1,1680,1050
17,2,4956,1779661696.4832,1,1680,1050
17,2,4957,1779661696.50402,1,1680,1050
17,2,4958,1779661696.52484,1,1680,1050
17,2,4959,1779661696.54566,1,1680,1050
17,2,4960,1779661696.56648,1,1680,1050
17,2,4961,1779661696.5873,1,1680,1050
17,2,4962,1779661696.60812,1,1680,1050
17,2,4963,1779661696.62893,1,1680,1050
17,2,4964,1779661696.64976,1,1680,1050
17,2,4965,1779661696.67057,1,1680,1050
17,2,4966,1779661696.69139,1,1680,1050
17,2,4967,1779661696.71221,1,1680,1050
17,2,4968,1779661696.73303,1,1680,1050
17,2,4969,1779661696.75385,1,1680,1050
17,2,4970,1779661696.77467,1,1680,1050
17,2,4971,1779661696.79549,1,1680,1050
17,2,4972,1779661696.81631,1,1680,1050
17,2,4973,1779661696.83713,1,1680,1050
17,2,4974,1779661696.85795,1,1680,1050
17,2,4975,1779661696.87877,1,1680,1050
17,2,4976,1779661696.89959,1,1680,1050
17,2,4977,1779661696.92041,1,1680,1050
17,2,4978,1779661696.94123,1,1680,1050
17,2,4979,1779661696.96205,1,1680,1050
17,2,4980,1779661696.98287,1,1680,1050
17,2,4981,1779661697.00368,1,1680,1050
17,2,4982,1779661697.02451,1,1680,1050
17,2,4983,1779661697.04532,1,1680,1050
17,2,4984,1779661697.06614,1,1680,1050
17,2,4985,1779661697.08696,1,1680,1050
17,2,4986,1779661697.10778,1,1680,1050
17,2,4987,1779661697.1286,1,1680,1050
17,2,4988,1779661697.14942,1,1680,1050
17,2,4989,1779661697.17024,1,1680,1050
17,2,4990,1779661697.19106,1,1680,1050
17,2,4991,1779661697.21188,1,1680,1050
17,2,4992,1779661697.2327,1,1680,1050
17,2,4993,1779661697.25352,1,1680,1050
17,2,4994,1779661697.27434,1,1680,1050
17,2,4995,1779661697.29516,1,1680,1050
17,2,4996,1779661697.31598,1,1680,1050
17,2,4997,1779661697.3368,1,1680,1050
17,2,4998,1779661697.35762,1,1680,1050
17,2,4999,1779661697.37843,1,1680,1050
17,2,5000,1779661697.39925,1,1680,1050
17,2,5001,1779661697.42007,1,1680,1050
17,2,5002,1779661697.44089,1,1680,1050
17,2,5003,1779661697.46171,1,1680,1050
17,2,5004,1779661697.48253,1,1680,1050
17,2,5005,1779661697.50335,1,1680,1050
17,2,5006,1779661697.52417,1,1680,1050
17,2,5007,1779661697.54499,1,1680,1050
17,2,5008,1779661697.56581,1,1680,1050
17,2,5009,1779661697.58663,1,1680,1050
17,2,5010,1779661697.60745,1,1680,1050
17,2,5011,1779661697.62827,1,1680,1050
17,2,5012,1779661697.64909,1,1680,1050
17,2,5013,1779661697.66991,1,1680,1050
17,2,5014,1779661697.69073,1,1680,1050
17,2,5015,1779661697.71155,1,1680,1050
17,2,5016,1779661697.73236,1,1680,1050
17,2,5017,1779661697.75318,1,1680,1050
17,2,5018,1779661697.774,1,1680,1050
17,2,5019,1779661697.79482,1,1680,1050
17,2,5020,1779661697.81564,1,1680,1050
17,2,5021,1779661697.83646,1,1680,1050
17,2,5022,1779661697.85728,1,1680,1050
17,2,5023,1779661697.8781,1,1680,1050
17,2,5024,1779661697.89892,1,1680,1050
17,2,5025,1779661697.91974,1,1680,1050
17,2,5026,1779661697.94056,1,1680,1050
17,2,5027,1779661697.96138,1,1680,1050
17,2,5028,1779661697.9822,1,1680,1050
17,2,5029,1779661698.00302,1,1680,1050
17,2,5030,1779661698.02384,1,1680,1050
17,2,5031,1779661698.04466,1,1680,1050
17,2,5032,1779661698.06548,1,1680,1050
17,2,5033,1779661698.0863,1,1680,1050
17,2,5034,1779661698.10711,1,1680,1050
17,2,5035,1779661698.12793,1,1680,1050
17,2,5036,1779661698.14875,1,1680,1050
17,2,5037,1779661698.16957,1,1680,1050
17,2,5038,1779661698.19039,1,1680,1050
17,2,5039,1779661698.21121,1,1680,1050
17,2,5040,1779661698.23203,1,1680,1050
17,2,5041,1779661698.25285,1,1680,1050
17,2,5042,1779661698.27367,1,1680,1050
17,2,5043,1779661698.29449,1,1680,1050
17,2,5044,1779661698.31531,1,1680,1050
17,2,5045,1779661698.33613,1,1680,1050
17,2,5046,1779661698.35695,1,1680,1050
17,2,5047,1779661698.37777,1,1680,1050
17,2,5048,1779661698.39859,1,1680,1050
17,2,5049,1779661698.41941,1,1680,1050
17,2,5050,1779661698.44022,1,1680,1050
17,2,5051,1779661698.46104,1,1680,1050
17,2,5052,1779661698.48186,1,1680,1050
17,2,5053,1779661698.50268,1,1680,1050
17,2,5054,1779661698.5235,1,1680,1050
17,2,5055,1779661698.54432,1,1680,1050
17,2,5056,1779661698.56514,1,1680,1050
17,2,5057,1779661698.58596,1,1680,1050
17,2,5058,1779661698.60678,1,1680,1050
17,2,5059,1779661698.6276,1,1680,1050
17,2,5060,1779661698.64842,1,1680,1050
17,2,5061,1779661698.66924,1,1680,1050
17,2,5062,1779661698.69006,1,1680,1050
17,2,5063,1779661698.71088,1,1680,1050
17,2,5064,1779661698.7317,1,1680,1050
17,2,5065,1779661698.75252,1,1680,1050
17,2,5066,1779661698.77334,1,1680,1050
17,2,5067,1779661698.79416,1,1680,1050
17,2,5068,1779661698.81498,1,1680,1050
17,2,5069,1779661698.83579,1,1680,1050
17,2,5070,1779661698.85661,1,1680,1050
17,2,5071,1779661698.87743,1,1680,1050
17,2,5072,1779661698.89825,1,1680,1050
17,2,5073,1779661698.91907,1,1680,1050
17,2,5074,1779661698.93989,1,1680,1050
17,2,5075,1779661698.96071,1,1680,1050
17,2,5076,1779661698.98153,1,1680,1050
17,2,5077,1779661699.00235,1,1680,1050
17,2,5078,1779661699.02317,1,1680,1050
17,2,5079,1779661699.04399,1,1680,1050
17,2,5080,1779661699.06481,1,1680,1050
17,2,5081,1779661699.08563,1,1680,1050
17,2,5082,1779661699.10645,1,1680,1050
17,2,5083,1779661699.12727,1,1680,1050
17,2,5084,1779661699.14809,1,1680,1050
17,2,5085,1779661699.16891,1,1680,1050
17,2,5086,1779661699.18972,1,1680,1050
17,2,5087,1779661699.21054,1,1680,1050
17,2,5088,1779661699.23136,1,1680,1050
17,2,5089,1779661699.25218,1,1680,1050
17,2,5090,1779661699.273,1,1680,1050
17,2,5091,1779661699.29382,1,1680,1050
17,2,5092,1779661699.31464,1,1680,1050
17,2,5093,1779661699.33546,1,1680,1050
17,2,5094,1779661699.35628,1,1680,1050
17,2,5095,1779661699.3771,1,1680,1050
17,2,5096,1779661699.39792,1,1680,1050
17,2,5097,1779661699.41874,1,1680,1050
17,2,5098,1779661699.43956,1,1680,1050
17,2,5099,1779661699.46038,1,1680,1050
17,2,5100,1779661699.4812,1,1680,1050
17,2,5101,1779661699.50202,1,1680,1050
17,2,5102,1779661699.52284,1,1680,1050
17,2,5103,1779661699.54366,1,1680,1050
17,2,5104,1779661699.56448,1,1680,1050
17,2,5105,1779661699.58529,1,1680,1050
17,2,5106,1779661699.60611,1,1680,1050
17,2,5107,1779661699.62693,1,1680,1050
17,2,5108,1779661699.64775,1,1680,1050
17,2,5109,1779661699.66857,1,1680,1050
17,2,5110,1779661699.68939,1,1680,1050
17,2,5111,1779661699.71021,1,1680,1050
17,2,5112,1779661699.73103,1,1680,1050
17,2,5113,1779661699.75185,1,1680,1050
17,2,5114,1779661699.77267,1,1680,1050
17,2,5115,1779661699.79349,1,1680,1050
17,2,5116,1779661699.81431,1,1680,1050
17,2,5117,1779661699.83513,1,1680,1050
17,2,5118,1779661699.85595,1,1680,1050
17,2,5119,1779661699.87677,1,1680,1050
17,2,5120,1779661699.89759,1,1680,1050
17,2,5121,1779661699.91841,1,1680,1050
17,2,5122,1779661699.93923,1,1680,1050
17,2,5123,1779661699.96004,1,1680,1050
17,2,5124,1779661699.98086,1,1680,1050
17,2,5125,1779661700.00168,1,1680,1050
17,2,5126,1779661700.0225,1,1680,1050
17,2,5127,1779661700.04332,1,1680,1050
17,2,5128,1779661700.06414,1,1680,1050
17,2,5129,1779661700.08496,1,1680,1050
17,2,5130,1779661700.10578,1,1680,1050
17,2,5131,1779661700.1266,1,1680,1050
17,2,5132,1779661700.14742,1,1680,1050
17,2,5133,1779661700.16824,1,1680,1050
17,2,5134,1779661700.18906,1,1680,1050
17,2,5135,1779661700.20988,1,1680,1050
17,2,5136,1779661700.2307,1,1680,1050
17,2,5137,1779661700.25152,1,1680,1050
17,2,5138,1779661700.27234,2,1680,1050
17,2,5139,1779661700.29315,2,1680,1050
17,2,5140,1779661700.31397,2,1680,1050
17,2,5141,1779661700.33479,2,1680,1050
17,2,5142,1779661700.35561,2,1680,1050
17,2,5143,1779661700.37643,2,1680,1050
17,2,5144,1779661700.39725,2,1680,1050
17,2,5145,1779661700.41807,2,1680,1050
17,2,5146,1779661700.43889,2,1680,1050
17,2,5147,1779661700.45971,2,1680,1050
17,2,5148,1779661700.48053,2,1680,1050
17,2,5149,1779661700.50135,2,1680,1050
17,2,5150,1779661700.52217,2,1680,1050
17,2,5151,1779661700.54299,2,1680,1050
17,2,5152,1779661700.56381,2,1680,1050
17,2,5153,1779661700.58463,2,1680,1050
17,2,5154,1779661700.60545,2,1680,1050
17,2,5155,1779661700.62627,2,1680,1050
17,2,5156,1779661700.64708,2,1680,1050
17,2,5157,1779661700.66791,2,1680,1050
17,2,5158,1779661700.68872,2,1680,1050
17,2,5159,1779661700.70954,2,1680,1050
17,2,5160,1779661700.73036,2,1680,1050
17,2,5161,1779661700.75118,2,1680,1050
17,2,5162,1779661700.772,2,1680,1050
17,2,5163,1779661700.79282,2,1680,1050
17,2,5164,1779661700.81364,2,1680,1050
17,2,5165,1779661700.83446,2,1680,1050
17,2,5166,1779661700.85528,2,1680,1050
17,2,5167,1779661700.8761,2,1680,1050
17,2,5168,1779661700.89692,2,1680,1050
17,2,5169,1779661700.91774,2,1680,1050
17,2,5170,1779661700.93856,2,1680,1050
17,2,5171,1779661700.95938,2,1680,1050
17,2,5172,1779661700.9802,2,1680,1050
17,2,5173,1779661701.00102,2,1680,1050
17,2,5174,1779661701.02183,2,1680,1050
17,2,5175,1779661701.04266,2,1680,1050
17,2,5176,1779661701.06347,2,1680,1050
17,2,5177,1779661701.08429,2,1680,1050
17,2,5178,1779661701.10511,2,1680,1050
17,2,5179,1779661701.12593,2,1680,1050
17,2,5180,1779661701.14675,2,1680,1050
17,2,5181,1779661701.16757,2,1680,1050
17,2,5182,1779661701.18839,2,1680,1050
17,2,5183,1779661701.20921,2,1680,1050
17,2,5184,1779661701.23003,2,1680,1050
17,2,5185,1779661701.25085,2,1680,1050
17,2,5186,1779661701.27167,2,1680,1050
17,2,5187,1779661701.29249,2,1680,1050
17,2,5188,1779661701.31331,2,1680,1050
17,2,5189,1779661701.33413,2,1680,1050
17,2,5190,1779661701.35495,2,1680,1050
17,2,5191,1779661701.37577,2,1680,1050
17,2,5192,1779661701.39658,2,1680,1050
17,2,5193,1779661701.4174,2,1680,1050
17,2,5194,1779661701.43822,2,1680,1050
17,2,5195,1779661701.45904,2,1680,1050
17,2,5196,1779661701.47986,2,1680,1050
17,2,5197,1779661701.50068,2,1680,1050
17,2,5198,1779661701.5215,2,1680,1050
17,2,5199,1779661701.54232,2,1680,1050
17,2,5200,1779661701.56314,2,1680,1050
17,2,5201,1779661701.58396,2,1680,1050
17,2,5202,1779661701.60478,2,1680,1050
17,2,5203,1779661701.6256,2,1680,1050
17,2,5204,1779661701.64642,2,1680,1050
17,2,5205,1779661701.66724,2,1680,1050
17,2,5206,1779661701.68806,2,1680,1050
17,2,5207,1779661701.70888,2,1680,1050
17,2,5208,1779661701.7297,2,1680,1050
17,2,5209,1779661701.75052,2,1680,1050
17,2,5210,1779661701.77133,2,1680,1050
17,2,5211,1779661701.79215,2,1680,1050
17,2,5212,1779661701.81297,2,1680,1050
17,2,5213,1779661701.83379,2,1680,1050
17,2,5214,1779661701.85461,2,1680,1050
17,2,5215,1779661701.87543,2,1680,1050
17,2,5216,1779661701.89625,2,1680,1050
17,2,5217,1779661701.91707,2,1680,1050
17,2,5218,1779661701.93789,2,1680,1050
17,2,5219,1779661701.95871,2,1680,1050
17,2,5220,1779661701.97953,2,1680,1050
17,2,5221,1779661702.00035,2,1680,1050
17,2,5222,1779661702.02117,2,1680,1050
17,2,5223,1779661702.04199,2,1680,1050
17,2,5224,1779661702.06281,2,1680,1050
17,2,5225,1779661702.08363,2,1680,1050
17,2,5226,1779661702.10445,2,1680,1050
17,2,5227,1779661702.12526,2,1680,1050
17,2,5228,1779661702.14608,2,1680,1050
17,2,5229,1779661702.1669,2,1680,1050
17,2,5230,1779661702.18772,2,1680,1050
17,2,5231,1779661702.20854,2,1680,1050
17,2,5232,1779661702.22936,2,1680,1050
17,2,5233,1779661702.25019,2,1680,1050
17,2,5234,1779661702.271,2,1680,1050
17,2,5235,1779661702.29182,2,1680,1050
17,2,5236,1779661702.31264,2,1680,1050
17,2,5237,1779661702.33346,2,1680,1050
17,2,5238,1779661702.35428,2,1680,1050
17,2,5239,1779661702.3751,2,1680,1050
17,2,5240,1779661702.39592,2,1680,1050
17,2,5241,1779661702.41674,2,1680,1050
17,2,5242,1779661702.43756,2,1680,1050
17,2,5243,1779661702.45838,2,1680,1050
17,2,5244,1779661702.47919,2,1680,1050
17,2,5245,1779661702.50001,2,1680,1050
17,2,5246,1779661702.52083,2,1680,1050
17,2,5247,1779661702.54165,2,1680,1050
17,2,5248,1779661702.56247,2,1680,1050
17,2,5249,1779661702.58329,2,1680,1050
17,2,5250,1779661702.60411,2,1680,1050
17,2,5251,1779661702.62493,2,1680,1050
17,2,5252,1779661702.64575,2,1680,1050
17,2,5253,1779661702.66657,2,1680,1050
17,2,5254,1779661702.68739,2,1680,1050
17,2,5255,1779661702.70821,2,1680,1050
17,2,5256,1779661702.72903,2,1680,1050
17,2,5257,1779661702.74985,2,1680,1050
17,2,5258,1779661702.77067,2,1680,1050
17,2,5259,1779661702.79149,2,1680,1050
17,2,5260,1779661702.81231,2,1680,1050
17,2,5261,1779661702.83313,2,1680,1050
17,2,5262,1779661702.85394,2,1680,1050
17,2,5263,1779661702.87477,2,1680,1050
17,2,5264,1779661702.89558,2,1680,1050
17,2,5265,1779661702.9164,2,1680,1050
17,2,5266,1779661702.93722,2,1680,1050
17,2,5267,1779661702.95804,2,1680,1050
17,2,5268,1779661702.97886,2,1680,1050
17,2,5269,1779661702.99968,2,1680,1050
17,2,5270,1779661703.0205,2,1680,1050
17,2,5271,1779661703.04132,2,1680,1050
17,2,5272,1779661703.06214,2,1680,1050
17,2,5273,1779661703.08296,2,1680,1050
17,2,5274,1779661703.10378,2,1680,1050
17,2,5275,1779661703.1246,2,1680,1050
17,2,5276,1779661703.14542,2,1680,1050
17,2,5277,1779661703.16624,2,1680,1050
17,2,5278,1779661703.18706,2,1680,1050
17,2,5279,1779661703.20788,2,1680,1050
17,2,5280,1779661703.22869,2,1680,1050
17,2,5281,1779661703.24951,2,1680,1050
17,2,5282,1779661703.27033,2,1680,1050
17,2,5283,1779661703.29115,2,1680,1050
17,2,5284,1779661703.31197,2,1680,1050
17,2,5285,1779661703.33279,2,1680,1050
17,2,5286,1779661703.35361,2,1680,1050
17,2,5287,1779661703.37443,2,1680,1050
17,2,5288,1779661703.39525,2,1680,1050
17,2,5289,1779661703.41607,2,1680,1050
17,2,5290,1779661703.43689,2,1680,1050
17,2,5291,1779661703.45771,2,1680,1050
17,2,5292,1779661703.47853,2,1680,1050
17,2,5293,1779661703.49935,2,1680,1050
17,2,5294,1779661703.52017,2,1680,1050
17,2,5295,1779661703.54099,2,1680,1050
17,2,5296,1779661703.56181,2,1680,1050
17,2,5297,1779661703.58263,2,1680,1050
17,2,5298,1779661703.60344,2,1680,1050
17,2,5299,1779661703.62426,2,1680,1050
17,2,5300,1779661703.64508,2,1680,1050
17,2,5301,1779661703.6659,2,1680,1050
17,2,5302,1779661703.68672,2,1680,1050
17,2,5303,1779661703.70754,2,1680,1050
17,2,5304,1779661703.72836,2,1680,1050
17,2,5305,1779661703.74918,2,1680,1050
17,2,5306,1779661703.77,2,1680,1050
17,2,5307,1779661703.79082,2,1680,1050
17,2,5308,1779661703.81164,2,1680,1050
17,2,5309,1779661703.83246,2,1680,1050
17,2,5310,1779661703.85328,2,1680,1050
17,2,5311,1779661703.8741,2,1680,1050
17,2,5312,1779661703.89492,2,1680,1050
17,2,5313,1779661703.91574,2,1680,1050
17,2,5314,1779661703.93656,2,1680,1050
17,2,5315,1779661703.95737,2,1680,1050
17,2,5316,1779661703.9782,2,1680,1050
17,2,5317,1779661703.99901,2,1680,1050
17,2,5318,1779661704.01983,2,1680,1050
17,2,5319,1779661704.04065,2,1680,1050
17,2,5320,1779661704.06147,2,1680,1050
17,2,5321,1779661704.08229,2,1680,1050
17,2,5322,1779661704.10311,2,1680,1050
17,2,5323,1779661704.12393,2,1680,1050
17,2,5324,1779661704.14475,2,1680,1050
17,2,5325,1779661704.16557,2,1680,1050
17,2,5326,1779661704.18639,2,1680,1050
17,2,5327,1779661704.20721,2,1680,1050
17,2,5328,1779661704.22803,2,1680,1050
17,2,5329,1779661704.24885,2,1680,1050
17,2,5330,1779661704.26967,2,1680,1050
17,2,5331,1779661704.29049,2,1680,1050
17,2,5332,1779661704.31131,2,1680,1050
17,2,5333,1779661704.33213,2,1680,1050
17,2,5334,1779661704.35294,2,1680,1050
17,2,5335,1779661704.37376,2,1680,1050
17,2,5336,1779661704.39458,2,1680,1050
17,2,5337,1779661704.4154,2,1680,1050
17,2,5338,1779661704.43622,2,1680,1050
17,2,5339,1779661704.45704,2,1680,1050
17,2,5340,1779661704.47786,2,1680,1050
17,2,5341,1779661704.49868,2,1680,1050
17,2,5342,1779661704.5195,2,1680,1050
17,2,5343,1779661704.54032,2,1680,1050
17,2,5344,1779661704.56114,2,1680,1050
17,2,5345,1779661704.58196,2,1680,1050
17,2,5346,1779661704.60278,2,1680,1050
17,2,5347,1779661704.6236,2,1680,1050
17,2,5348,1779661704.64442,2,1680,1050
17,2,5349,1779661704.66524,2,1680,1050
17,2,5350,1779661704.68605,2,1680,1050
17,2,5351,1779661704.70687,2,1680,1050
17,2,5352,1779661704.72769,2,1680,1050
17,2,5353,1779661704.74851,2,1680,1050
17,2,5354,1779661704.76933,2,1680,1050
17,2,5355,1779661704.79015,2,1680,1050
17,2,5356,1779661704.81097,2,1680,1050
17,2,5357,1779661704.83179,2,1680,1050
17,2,5358,1779661704.85261,2,1680,1050
17,2,5359,1779661704.87343,2,1680,1050
17,2,5360,1779661704.89425,2,1680,1050
17,2,5361,1779661704.91507,2,1680,1050
17,2,5362,1779661704.93589,2,1680,1050
17,2,5363,1779661704.95671,2,1680,1050
17,2,5364,1779661704.97753,2,1680,1050
17,2,5365,1779661704.99835,2,1680,1050
17,2,5366,1779661705.01917,2,1680,1050
17,2,5367,1779661705.03999,2,1680,1050
17,2,5368,1779661705.0608,2,1680,1050
17,2,5369,1779661705.08162,2,1680,1050
17,2,5370,1779661705.10244,2,1680,1050
17,2,5371,1779661705.12326,2,1680,1050
17,2,5372,1779661705.14408,2,1680,1050
17,2,5373,1779661705.1649,2,1680,1050
17,2,5374,1779661705.18572,2,1680,1050
17,2,5375,1779661705.20654,2,1680,1050
17,2,5376,1779661705.22736,2,1680,1050
17,2,5377,1779661705.24818,2,1680,1050
17,2,5378,1779661705.269,2,1680,1050
17,2,5379,1779661705.28982,2,1680,1050
17,2,5380,1779661705.31064,2,1680,1050
17,2,5381,1779661705.33146,2,1680,1050
17,2,5382,1779661705.35228,2,1680,1050
17,2,5383,1779661705.3731,2,1680,1050
17,2,5384,1779661705.39392,2,1680,1050
17,2,5385,1779661705.41473,2,1680,1050
17,2,5386,1779661705.43555,2,1680,1050
17,2,5387,1779661705.45637,2,1680,1050
17,2,5388,1779661705.47719,2,1680,1050
17,2,5389,1779661705.49801,2,1680,1050
17,2,5390,1779661705.51883,2,1680,1050
17,2,5391,1779661705.53965,2,1680,1050
17,2,5392,1779661705.56047,2,1680,1050
17,2,5393,1779661705.58129,2,1680,1050
17,2,5394,1779661705.60211,2,1680,1050
17,2,5395,1779661705.62293,2,1680,1050
17,2,5396,1779661705.64375,2,1680,1050
17,2,5397,1779661705.66457,2,1680,1050
17,2,5398,1779661705.68539,2,1680,1050
17,2,5399,1779661705.70621,2,1680,1050
17,2,5400,1779661705.72703,2,1680,1050
17,2,5401,1779661705.74785,2,1680,1050
17,2,5402,1779661705.76867,2,1680,1050
17,2,5403,1779661705.78948,2,1680,1050
17,2,5404,1779661705.81031,2,1680,1050
17,2,5405,1779661705.83112,2,1680,1050
17,2,5406,1779661705.85194,2,1680,1050
17,2,5407,1779661705.87276,2,1680,1050
17,2,5408,1779661705.89358,2,1680,1050
17,2,5409,1779661705.9144,2,1680,1050
17,2,5410,1779661705.93522,2,1680,1050
17,2,5411,1779661705.95604,2,1680,1050
17,2,5412,1779661705.97686,2,1680,1050
17,2,5413,1779661705.99768,2,1680,1050
17,2,5414,1779661706.0185,2,1680,1050
17,2,5415,1779661706.03932,2,1680,1050
17,2,5416,1779661706.06014,2,1680,1050
17,2,5417,1779661706.08096,2,1680,1050
17,2,5418,1779661706.10177,2,1680,1050
17,2,5419,1779661706.1226,2,1680,1050
17,2,5420,1779661706.14341,2,1680,1050
17,2,5421,1779661706.16423,2,1680,1050
17,2,5422,1779661706.18505,2,1680,1050
17,2,5423,1779661706.20587,2,1680,1050
17,2,5424,1779661706.22669,2,1680,1050
17,2,5425,1779661706.24751,2,1680,1050
17,2,5426,1779661706.26833,1,1680,1050
17,2,5427,1779661706.28915,1,1680,1050
17,2,5428,1779661706.30997,1,1680,1050
17,2,5429,1779661706.33079,1,1680,1050
17,2,5430,1779661706.35161,1,1680,1050
17,2,5431,1779661706.37243,1,1680,1050
17,2,5432,1779661706.39325,1,1680,1050
17,2,5433,1779661706.41407,1,1680,1050
17,2,5434,1779661706.43489,1,1680,1050
17,2,5435,1779661706.45571,1,1680,1050
17,2,5436,1779661706.47653,1,1680,1050
17,2,5437,1779661706.49735,1,1680,1050
17,2,5438,1779661706.51816,1,1680,1050
17,2,5439,1779661706.53898,1,1680,1050
17,2,5440,1779661706.5598,1,1680,1050
17,2,5441,1779661706.58062,1,1680,1050
17,2,5442,1779661706.60144,1,1680,1050
17,2,5443,1779661706.62226,1,1680,1050
17,2,5444,1779661706.64308,1,1680,1050
17,2,5445,1779661706.6639,1,1680,1050
17,2,5446,1779661706.68472,1,1680,1050
17,2,5447,1779661706.70554,1,1680,1050
17,2,5448,1779661706.72636,1,1680,1050
17,2,5449,1779661706.74718,1,1680,1050
17,2,5450,1779661706.768,1,1680,1050
17,2,5451,1779661706.78882,1,1680,1050
17,2,5452,1779661706.80964,1,1680,1050
17,2,5453,1779661706.83046,1,1680,1050
17,2,5454,1779661706.85128,1,1680,1050
17,2,5455,1779661706.8721,1,1680,1050
17,2,5456,1779661706.89291,1,1680,1050
17,2,5457,1779661706.91373,1,1680,1050
17,2,5458,1779661706.93455,1,1680,1050
17,2,5459,1779661706.95537,1,1680,1050
17,2,5460,1779661706.97619,1,1680,1050
17,2,5461,1779661706.99701,1,1680,1050
17,2,5462,1779661707.01783,1,1680,1050
17,2,5463,1779661707.03865,1,1680,1050
17,2,5464,1779661707.05947,1,1680,1050
17,2,5465,1779661707.08029,1,1680,1050
17,2,5466,1779661707.10111,1,1680,1050
17,2,5467,1779661707.12193,1,1680,1050
17,2,5468,1779661707.14275,1,1680,1050
17,2,5469,1779661707.16357,1,1680,1050
17,2,5470,1779661707.18439,1,1680,1050
17,2,5471,1779661707.20521,1,1680,1050
17,2,5472,1779661707.22603,1,1680,1050
17,2,5473,1779661707.24685,1,1680,1050
17,2,5474,1779661707.26766,1,1680,1050
17,2,5475,1779661707.28848,1,1680,1050
17,2,5476,1779661707.3093,1,1680,1050
17,2,5477,1779661707.33012,1,1680,1050
17,2,5478,1779661707.35094,1,1680,1050
17,2,5479,1779661707.37176,1,1680,1050
17,2,5480,1779661707.39258,1,1680,1050
17,2,5481,1779661707.4134,1,1680,1050
17,2,5482,1779661707.43422,1,1680,1050
17,2,5483,1779661707.45504,1,1680,1050
17,2,5484,1779661707.47586,1,1680,1050
17,2,5485,1779661707.49668,1,1680,1050
17,2,5486,1779661707.5175,1,1680,1050
17,2,5487,1779661707.53832,1,1680,1050
17,2,5488,1779661707.55914,1,1680,1050
17,2,5489,1779661707.57996,1,1680,1050
17,2,5490,1779661707.60078,1,1680,1050
17,2,5491,1779661707.62159,1,1680,1050
17,2,5492,1779661707.64241,1,1680,1050
17,2,5493,1779661707.66323,1,1680,1050
17,2,5494,1779661707.68405,1,1680,1050
17,2,5495,1779661707.70487,1,1680,1050
17,2,5496,1779661707.72569,1,1680,1050
17,2,5497,1779661707.74651,1,1680,1050
17,2,5498,1779661707.76733,1,1680,1050
17,2,5499,1779661707.78815,1,1680,1050
17,2,5500,1779661707.80897,1,1680,1050
17,2,5501,1779661707.82979,1,1680,1050
17,2,5502,1779661707.85061,1,1680,1050
17,2,5503,1779661707.87143,1,1680,1050
17,2,5504,1779661707.89225,1,1680,1050
17,2,5505,1779661707.91307,1,1680,1050
17,2,5506,1779661707.93389,1,1680,1050
17,2,5507,1779661707.95471,1,1680,1050
17,2,5508,1779661707.97552,1,1680,1050
17,2,5509,1779661707.99634,1,1680,1050
17,2,5510,1779661708.01716,1,1680,1050
17,2,5511,1779661708.03798,1,1680,1050
17,2,5512,1779661708.0588,1,1680,1050
17,2,5513,1779661708.07962,1,1680,1050
17,2,5514,1779661708.10044,1,1680,1050
17,2,5515,1779661708.12126,1,1680,1050
17,2,5516,1779661708.14208,1,1680,1050
17,2,5517,1779661708.1629,1,1680,1050
17,2,5518,1779661708.18372,1,1680,1050
17,2,5519,1779661708.20454,1,1680,1050
17,2,5520,1779661708.22536,1,1680,1050
17,2,5521,1779661708.24618,1,1680,1050
17,2,5522,1779661708.267,1,1680,1050
17,2,5523,1779661708.28782,1,1680,1050
17,2,5524,1779661708.30864,1,1680,1050
17,2,5525,1779661708.32945,1,1680,1050
17,2,5526,1779661708.35027,1,1680,1050
17,2,5527,1779661708.37109,1,1680,1050
17,2,5528,1779661708.39191,1,1680,1050
17,2,5529,1779661708.41273,1,1680,1050
17,2,5530,1779661708.43355,1,1680,1050
17,2,5531,1779661708.45437,1,1680,1050
17,2,5532,1779661708.47519,1,1680,1050
17,2,5533,1779661708.49601,1,1680,1050
17,2,5534,1779661708.51683,1,1680,1050
17,2,5535,1779661708.53765,1,1680,1050
17,2,5536,1779661708.55847,1,1680,1050
17,2,5537,1779661708.57929,1,1680,1050
17,2,5538,1779661708.60011,1,1680,1050
17,2,5539,1779661708.62093,1,1680,1050
17,2,5540,1779661708.64175,1,1680,1050
17,2,5541,1779661708.66257,1,1680,1050
17,2,5542,1779661708.68339,1,1680,1050
17,2,5543,1779661708.70421,1,1680,1050
17,2,5544,1779661708.72503,1,1680,1050
17,2,5545,1779661708.74584,1,1680,1050
17,2,5546,1779661708.76666,1,1680,1050
17,2,5547,1779661708.78748,1,1680,1050
17,2,5548,1779661708.8083,1,1680,1050
17,2,5549,1779661708.82912,1,1680,1050
17,2,5550,1779661708.84994,1,1680,1050
17,2,5551,1779661708.87076,1,1680,1050
17,2,5552,1779661708.89158,1,1680,1050
17,2,5553,1779661708.9124,1,1680,1050
17,2,5554,1779661708.93322,1,1680,1050
17,2,5555,1779661708.95404,1,1680,1050
17,2,5556,1779661708.97486,1,1680,1050
17,2,5557,1779661708.99568,1,1680,1050
17,2,5558,1779661709.0165,1,1680,1050
17,2,5559,1779661709.03732,1,1680,1050
17,2,5560,1779661709.05814,1,1680,1050
17,2,5561,1779661709.07895,1,1680,1050
17,2,5562,1779661709.09978,1,1680,1050
17,2,5563,1779661709.12059,1,1680,1050
17,2,5564,1779661709.14141,1,1680,1050
17,2,5565,1779661709.16223,1,1680,1050
17,2,5566,1779661709.18305,1,1680,1050
17,2,5567,1779661709.20387,1,1680,1050
17,2,5568,1779661709.22469,1,1680,1050
17,2,5569,1779661709.24551,1,1680,1050
17,2,5570,1779661709.26633,1,1680,1050
17,2,5571,1779661709.28715,1,1680,1050
17,2,5572,1779661709.30797,1,1680,1050
17,2,5573,1779661709.32879,1,1680,1050
17,2,5574,1779661709.34961,1,1680,1050
17,2,5575,1779661709.37043,1,1680,1050
17,2,5576,1779661709.39125,1,1680,1050
17,2,5577,1779661709.41207,1,1680,1050
17,2,5578,1779661709.43288,1,1680,1050
17,2,5579,1779661709.45371,1,1680,1050
17,2,5580,1779661709.47452,1,1680,1050
17,2,5581,1779661709.49534,1,1680,1050
17,2,5582,1779661709.51616,1,1680,1050
17,2,5583,1779661709.53698,1,1680,1050
17,2,5584,1779661709.5578,1,1680,1050
17,2,5585,1779661709.57862,1,1680,1050
17,2,5586,1779661709.59944,1,1680,1050
17,2,5587,1779661709.62026,1,1680,1050
17,2,5588,1779661709.64108,1,1680,1050
17,2,5589,1779661709.6619,1,1680,1050
17,2,5590,1779661709.68272,1,1680,1050
17,2,5591,1779661709.70354,1,1680,1050
17,2,5592,1779661709.72436,1,1680,1050
17,2,5593,1779661709.74518,1,1680,1050
17,2,5594,1779661709.766,1,1680,1050
17,2,5595,1779661709.78681,1,1680,1050
17,2,5596,1779661709.80763,1,1680,1050
17,2,5597,1779661709.82845,1,1680,1050
17,2,5598,1779661709.84927,1,1680,1050
17,2,5599,1779661709.87009,1,1680,1050
17,2,5600,1779661709.89091,1,1680,1050
17,2,5601,1779661709.91173,1,1680,1050
17,2,5602,1779661709.93255,1,1680,1050
17,2,5603,1779661709.95337,1,1680,1050
17,2,5604,1779661709.97419,1,1680,1050
17,2,5605,1779661709.99501,1,1680,1050
17,2,5606,1779661710.01583,1,1680,1050
17,2,5607,1779661710.03665,1,1680,1050
17,2,5608,1779661710.05747,1,1680,1050
17,2,5609,1779661710.07829,1,1680,1050
17,2,5610,1779661710.09911,1,1680,1050
17,2,5611,1779661710.11993,1,1680,1050
17,2,5612,1779661710.14075,1,1680,1050
17,2,5613,1779661710.16156,1,1680,1050
17,2,5614,1779661710.18238,1,1680,1050
17,2,5615,1779661710.2032,1,1680,1050
17,2,5616,1779661710.22402,1,1680,1050
17,2,5617,1779661710.24484,1,1680,1050
17,2,5618,1779661710.26566,2,1680,1050
17,2,5619,1779661710.28648,2,1680,1050
17,2,5620,1779661710.3073,2,1680,1050
17,2,5621,1779661710.32812,2,1680,1050
17,2,5622,1779661710.34894,2,1680,1050
17,2,5623,1779661710.36976,2,1680,1050
17,2,5624,1779661710.39058,2,1680,1050
17,2,5625,1779661710.4114,2,1680,1050
17,2,5626,1779661710.43222,2,1680,1050
17,2,5627,1779661710.45304,2,1680,1050
17,2,5628,1779661710.47386,2,1680,1050
17,2,5629,1779661710.49468,2,1680,1050
17,2,5630,1779661710.5155,2,1680,1050
17,2,5631,1779661710.53632,2,1680,1050
17,2,5632,1779661710.55713,2,1680,1050
17,2,5633,1779661710.57795,2,1680,1050
17,2,5634,1779661710.59877,2,1680,1050
17,2,5635,1779661710.61959,2,1680,1050
17,2,5636,1779661710.64041,2,1680,1050
17,2,5637,1779661710.66123,2,1680,1050
17,2,5638,1779661710.68205,2,1680,1050
17,2,5639,1779661710.70287,2,1680,1050
17,2,5640,1779661710.72369,2,1680,1050
17,2,5641,1779661710.74451,2,1680,1050
17,2,5642,1779661710.76533,2,1680,1050
17,2,5643,1779661710.78615,2,1680,1050
17,2,5644,1779661710.80697,2,1680,1050
17,2,5645,1779661710.82779,2,1680,1050
17,2,5646,1779661710.84861,2,1680,1050
17,2,5647,1779661710.86943,2,1680,1050
17,2,5648,1779661710.89025,2,1680,1050
17,2,5649,1779661710.91106,2,1680,1050
17,2,5650,1779661710.93188,2,1680,1050
17,2,5651,1779661710.9527,2,1680,1050
17,2,5652,1779661710.97352,2,1680,1050
17,2,5653,1779661710.99434,2,1680,1050
17,2,5654,1779661711.01516,2,1680,1050
17,2,5655,1779661711.03598,2,1680,1050
17,2,5656,1779661711.0568,2,1680,1050
17,2,5657,1779661711.07762,2,1680,1050
17,2,5658,1779661711.09844,2,1680,1050
17,2,5659,1779661711.11926,2,1680,1050
17,2,5660,1779661711.14008,2,1680,1050
17,2,5661,1779661711.1609,2,1680,1050
17,2,5662,1779661711.18172,2,1680,1050
17,2,5663,1779661711.20254,2,1680,1050
17,2,5664,1779661711.22335,2,1680,1050
17,2,5665,1779661711.24418,2,1680,1050
17,2,5666,1779661711.26499,2,1680,1050
17,2,5667,1779661711.28581,2,1680,1050
17,2,5668,1779661711.30663,2,1680,1050
17,2,5669,1779661711.32745,2,1680,1050
17,2,5670,1779661711.34827,2,1680,1050
17,2,5671,1779661711.36909,2,1680,1050
17,2,5672,1779661711.38991,2,1680,1050
17,2,5673,1779661711.41073,2,1680,1050
17,2,5674,1779661711.43155,2,1680,1050
17,2,5675,1779661711.45237,2,1680,1050
17,2,5676,1779661711.47319,2,1680,1050
17,2,5677,1779661711.49401,2,1680,1050
17,2,5678,1779661711.51483,2,1680,1050
17,2,5679,1779661711.53565,2,1680,1050
17,2,5680,1779661711.55647,2,1680,1050
17,2,5681,1779661711.57729,2,1680,1050
17,2,5682,1779661711.59811,2,1680,1050
17,2,5683,1779661711.61893,2,1680,1050
17,2,5684,1779661711.63974,2,1680,1050
17,2,5685,1779661711.66056,2,1680,1050
17,2,5686,1779661711.68138,2,1680,1050
17,2,5687,1779661711.7022,2,1680,1050
17,2,5688,1779661711.72302,2,1680,1050
17,2,5689,1779661711.74384,2,1680,1050
17,2,5690,1779661711.76466,2,1680,1050
17,2,5691,1779661711.78548,2,1680,1050
17,2,5692,1779661711.8063,2,1680,1050
17,2,5693,1779661711.82712,2,1680,1050
17,2,5694,1779661711.84794,2,1680,1050
17,2,5695,1779661711.86876,2,1680,1050
17,2,5696,1779661711.88958,2,1680,1050
17,2,5697,1779661711.9104,2,1680,1050
17,2,5698,1779661711.93122,2,1680,1050
17,2,5699,1779661711.95204,2,1680,1050
17,2,5700,1779661711.97286,2,1680,1050
17,2,5701,1779661711.99368,2,1680,1050
17,2,5702,1779661712.01449,2,1680,1050
17,2,5703,1779661712.03531,2,1680,1050
17,2,5704,1779661712.05613,2,1680,1050
17,2,5705,1779661712.07695,2,1680,1050
17,2,5706,1779661712.09777,2,1680,1050
17,2,5707,1779661712.11859,2,1680,1050
17,2,5708,1779661712.13941,2,1680,1050
17,2,5709,1779661712.16023,2,1680,1050
17,2,5710,1779661712.18105,2,1680,1050
17,2,5711,1779661712.20187,2,1680,1050
17,2,5712,1779661712.22269,2,1680,1050
17,2,5713,1779661712.24351,2,1680,1050
17,2,5714,1779661712.26433,-1,1680,1050
17,2,5715,1779661712.28515,-1,1680,1050
17,2,5716,1779661712.30597,-1,1680,1050
17,2,5717,1779661712.32679,-1,1680,1050
17,2,5718,1779661712.34761,-1,1680,1050
17,2,5719,1779661712.36842,-1,1680,1050
17,2,5720,1779661712.38924,-1,1680,1050
17,2,5721,1779661712.41006,-1,1680,1050
17,2,5722,1779661712.43088,-1,1680,1050
17,2,5723,1779661712.4517,-1,1680,1050
17,2,5724,1779661712.47252,-1,1680,1050
17,2,5725,1779661712.49334,-1,1680,1050
17,2,5726,1779661712.51416,-1,1680,1050
17,2,5727,1779661712.53498,-1,1680,1050
17,2,5728,1779661712.5558,-1,1680,1050
17,2,5729,1779661712.57662,-1,1680,1050
17,2,5730,1779661712.59744,-1,1680,1050
17,2,5731,1779661712.61826,-1,1680,1050
17,2,5732,1779661712.63908,-1,1680,1050
17,2,5733,1779661712.6599,-1,1680,1050
17,2,5734,1779661712.68072,-1,1680,1050
17,2,5735,1779661712.70154,-1,1680,1050
17,2,5736,1779661712.72235,-1,1680,1050
17,2,5737,1779661712.74317,-1,1680,1050
17,2,5738,1779661712.76399,-1,1680,1050
17,2,5739,1779661712.78481,-1,1680,1050
17,2,5740,1779661712.80563,-1,1680,1050
17,2,5741,1779661712.82645,-1,1680,1050
17,2,5742,1779661712.84727,-1,1680,1050
17,2,5743,1779661712.86809,-1,1680,1050
17,2,5744,1779661712.88891,-1,1680,1050
17,2,5745,1779661712.90973,-1,1680,1050
17,2,5746,1779661712.93055,-1,1680,1050
17,2,5747,1779661712.95137,-1,1680,1050
17,2,5748,1779661712.97219,-1,1680,1050
17,2,5749,1779661712.99301,-1,1680,1050
17,2,5750,1779661713.01383,-1,1680,1050
17,2,5751,1779661713.03465,-1,1680,1050
17,2,5752,1779661713.05547,-1,1680,1050
17,2,5753,1779661713.07629,-1,1680,1050
17,2,5754,1779661713.09711,-1,1680,1050
17,2,5755,1779661713.11792,-1,1680,1050
17,2,5756,1779661713.13874,-1,1680,1050
17,2,5757,1779661713.15956,-1,1680,1050
17,2,5758,1779661713.18038,-1,1680,1050
17,2,5759,1779661713.2012,-1,1680,1050
17,2,5760,1779661713.22202,-1,1680,1050
17,2,5761,1779661713.24284,-1,1680,1050
17,2,5762,1779661713.26366,-1,1680,1050
17,2,5763,1779661713.28448,-1,1680,1050
17,2,5764,1779661713.3053,-1,1680,1050
17,2,5765,1779661713.32612,-1,1680,1050
17,2,5766,1779661713.34694,-1,1680,1050
17,2,5767,1779661713.36776,-1,1680,1050
17,2,5768,1779661713.38858,-1,1680,1050
17,2,5769,1779661713.4094,-1,1680,1050
17,2,5770,1779661713.43022,-1,1680,1050
17,2,5771,1779661713.45103,-1,1680,1050
17,2,5772,1779661713.47185,-1,1680,1050
17,2,5773,1779661713.49267,-1,1680,1050
17,2,5774,1779661713.51349,-1,1680,1050
17,2,5775,1779661713.53431,-1,1680,1050
17,2,5776,1779661713.55513,-1,1680,1050
17,2,5777,1779661713.57595,-1,1680,1050
17,2,5778,1779661713.59677,-1,1680,1050
17,2,5779,1779661713.61759,-1,1680,1050
17,2,5780,1779661713.63841,-1,1680,1050
17,2,5781,1779661713.65923,-1,1680,1050
17,2,5782,1779661713.68005,-1,1680,1050
17,2,5783,1779661713.70087,-1,1680,1050
17,2,5784,1779661713.72169,-1,1680,1050
17,2,5785,1779661713.74251,-1,1680,1050
17,2,5786,1779661713.76333,-1,1680,1050
17,2,5787,1779661713.78415,-1,1680,1050
17,2,5788,1779661713.80497,-1,1680,1050
17,2,5789,1779661713.82579,-1,1680,1050
17,2,5790,1779661713.8466,-1,1680,1050
17,2,5791,1779661713.86742,-1,1680,1050
17,2,5792,1779661713.88824,-1,1680,1050
17,2,5793,1779661713.90906,-1,1680,1050
17,2,5794,1779661713.92988,-1,1680,1050
17,2,5795,1779661713.9507,-1,1680,1050
17,2,5796,1779661713.97152,-1,1680,1050
17,2,5797,1779661713.99234,-1,1680,1050
17,2,5798,1779661714.01316,-1,1680,1050
17,2,5799,1779661714.03398,-1,1680,1050
17,2,5800,1779661714.0548,-1,1680,1050
17,2,5801,1779661714.07562,-1,1680,1050
17,2,5802,1779661714.09644,-1,1680,1050
17,2,5803,1779661714.11726,-1,1680,1050
17,2,5804,1779661714.13808,-1,1680,1050
17,2,5805,1779661714.1589,-1,1680,1050
17,2,5806,1779661714.17971,-1,1680,1050
17,2,5807,1779661714.20054,-1,1680,1050
17,2,5808,1779661714.22135,-1,1680,1050
17,2,5809,1779661714.24217,-1,1680,1050
17,2,5810,1779661714.26299,-1,1680,1050
17,2,5811,1779661714.28381,-1,1680,1050
17,2,5812,1779661714.30463,-1,1680,1050
17,2,5813,1779661714.32545,-1,1680,1050
17,2,5814,1779661714.34627,-1,1680,1050
17,2,5815,1779661714.36709,-1,1680,1050
17,2,5816,1779661714.38791,-1,1680,1050
17,2,5817,1779661714.40873,-1,1680,1050
17,2,5818,1779661714.42955,-1,1680,1050
17,2,5819,1779661714.45037,-1,1680,1050
17,2,5820,1779661714.47119,-1,1680,1050
17,2,5821,1779661714.49201,-1,1680,1050
17,2,5822,1779661714.51283,-1,1680,1050
17,2,5823,1779661714.53365,-1,1680,1050
17,2,5824,1779661714.55446,-1,1680,1050
17,2,5825,1779661714.57528,-1,1680,1050
17,2,5826,1779661714.5961,-1,1680,1050
17,2,5827,1779661714.61692,-1,1680,1050
17,2,5828,1779661714.63774,-1,1680,1050
17,2,5829,1779661714.65856,-1,1680,1050
17,2,5830,1779661714.67938,-1,1680,1050
17,2,5831,1779661714.7002,-1,1680,1050
17,2,5832,1779661714.72102,-1,1680,1050
17,2,5833,1779661714.74184,-1,1680,1050
17,2,5834,1779661714.76266,-1,1680,1050
17,2,5835,1779661714.78348,-1,1680,1050
17,2,5836,1779661714.8043,-1,1680,1050
17,2,5837,1779661714.82512,-1,1680,1050
17,2,5838,1779661714.84594,-1,1680,1050
17,2,5839,1779661714.86676,-1,1680,1050
17,2,5840,1779661714.88758,-1,1680,1050
17,2,5841,1779661714.9084,-1,1680,1050
17,2,5842,1779661714.92922,-1,1680,1050
17,2,5843,1779661714.95003,-1,1680,1050
17,2,5844,1779661714.97085,-1,1680,1050
17,2,5845,1779661714.99167,-1,1680,1050
17,2,5846,1779661715.01249,-1,1680,1050
17,2,5847,1779661715.03331,-1,1680,1050
17,2,5848,1779661715.05413,-1,1680,1050
17,2,5849,1779661715.07495,-1,1680,1050
17,2,5850,1779661715.09577,-1,1680,1050
17,2,5851,1779661715.11659,-1,1680,1050
17,2,5852,1779661715.13741,-1,1680,1050
17,2,5853,1779661715.15823,-1,1680,1050
17,2,5854,1779661715.17905,-1,1680,1050
17,2,5855,1779661715.19987,-1,1680,1050
17,2,5856,1779661715.22069,-1,1680,1050
17,2,5857,1779661715.24151,-1,1680,1050
17,2,5858,1779661715.26233,1,1680,1050
17,2,5859,1779661715.28315,1,1680,1050
17,2,5860,1779661715.30397,1,1680,1050
17,2,5861,1779661715.32478,1,1680,1050
17,2,5862,1779661715.3456,1,1680,1050
17,2,5863,1779661715.36642,1,1680,1050
17,2,5864,1779661715.38724,1,1680,1050
17,2,5865,1779661715.40806,1,1680,1050
17,2,5866,1779661715.42888,1,1680,1050
17,2,5867,1779661715.4497,1,1680,1050
17,2,5868,1779661715.47052,1,1680,1050
17,2,5869,1779661715.49134,1,1680,1050
17,2,5870,1779661715.51216,1,1680,1050
17,2,5871,1779661715.53298,1,1680,1050
17,2,5872,1779661715.5538,1,1680,1050
17,2,5873,1779661715.57462,1,1680,1050
17,2,5874,1779661715.59544,1,1680,1050
17,2,5875,1779661715.61626,1,1680,1050
17,2,5876,1779661715.63708,1,1680,1050
17,2,5877,1779661715.6579,1,1680,1050
17,2,5878,1779661715.67871,1,1680,1050
17,2,5879,1779661715.69953,1,1680,1050
17,2,5880,1779661715.72035,1,1680,1050
17,2,5881,1779661715.74117,1,1680,1050
17,2,5882,1779661715.76199,1,1680,1050
17,2,5883,1779661715.78281,1,1680,1050
17,2,5884,1779661715.80363,1,1680,1050
17,2,5885,1779661715.82445,1,1680,1050
17,2,5886,1779661715.84527,1,1680,1050
17,2,5887,1779661715.86609,1,1680,1050
17,2,5888,1779661715.88691,1,1680,1050
17,2,5889,1779661715.90773,1,1680,1050
17,2,5890,1779661715.92855,1,1680,1050
17,2,5891,1779661715.94937,1,1680,1050
17,2,5892,1779661715.97019,1,1680,1050
17,2,5893,1779661715.99101,1,1680,1050
17,2,5894,1779661716.01182,1,1680,1050
17,2,5895,1779661716.03264,1,1680,1050
17,2,5896,1779661716.05346,1,1680,1050
17,2,5897,1779661716.07428,1,1680,1050
17,2,5898,1779661716.0951,1,1680,1050
17,2,5899,1779661716.11592,1,1680,1050
17,2,5900,1779661716.13674,1,1680,1050
17,2,5901,1779661716.15756,1,1680,1050
17,2,5902,1779661716.17838,1,1680,1050
17,2,5903,1779661716.1992,1,1680,1050
17,2,5904,1779661716.22002,1,1680,1050
17,2,5905,1779661716.24084,1,1680,1050
17,2,5906,1779661716.26166,1,1680,1050
17,2,5907,1779661716.28248,1,1680,1050
17,2,5908,1779661716.3033,1,1680,1050
17,2,5909,1779661716.32412,1,1680,1050
17,2,5910,1779661716.34494,1,1680,1050
17,2,5911,1779661716.36576,1,1680,1050
17,2,5912,1779661716.38657,1,1680,1050
17,2,5913,1779661716.40739,1,1680,1050
17,2,5914,1779661716.42821,1,1680,1050
17,2,5915,1779661716.44903,1,1680,1050
17,2,5916,1779661716.46985,1,1680,1050
17,2,5917,1779661716.49067,1,1680,1050
17,2,5918,1779661716.51149,1,1680,1050
17,2,5919,1779661716.53231,1,1680,1050
17,2,5920,1779661716.55313,1,1680,1050
17,2,5921,1779661716.57395,1,1680,1050
17,2,5922,1779661716.59477,1,1680,1050
17,2,5923,1779661716.61559,1,1680,1050
17,2,5924,1779661716.63641,1,1680,1050
17,2,5925,1779661716.65723,1,1680,1050
17,2,5926,1779661716.67805,1,1680,1050
17,2,5927,1779661716.69887,1,1680,1050
17,2,5928,1779661716.71969,1,1680,1050
17,2,5929,1779661716.74051,1,1680,1050
17,2,5930,1779661716.76133,1,1680,1050
17,2,5931,1779661716.78214,1,1680,1050
17,2,5932,1779661716.80296,1,1680,1050
17,2,5933,1779661716.82378,1,1680,1050
17,2,5934,1779661716.8446,1,1680,1050
17,2,5935,1779661716.86542,1,1680,1050
17,2,5936,1779661716.88624,1,1680,1050
17,2,5937,1779661716.90706,1,1680,1050
17,2,5938,1779661716.92788,1,1680,1050
17,2,5939,1779661716.9487,1,1680,1050
17,2,5940,1779661716.96952,1,1680,1050
17,2,5941,1779661716.99034,1,1680,1050
17,2,5942,1779661717.01116,1,1680,1050
17,2,5943,1779661717.03198,1,1680,1050
17,2,5944,1779661717.0528,1,1680,1050
17,2,5945,1779661717.07362,1,1680,1050
17,2,5946,1779661717.09444,1,1680,1050
17,2,5947,1779661717.11525,1,1680,1050
17,2,5948,1779661717.13607,1,1680,1050
17,2,5949,1779661717.15689,1,1680,1050
17,2,5950,1779661717.17771,1,1680,1050
17,2,5951,1779661717.19853,1,1680,1050
17,2,5952,1779661717.21935,1,1680,1050
17,2,5953,1779661717.24017,1,1680,1050
17,2,5954,1779661717.26099,1,1680,1050
17,2,5955,1779661717.28181,1,1680,1050
17,2,5956,1779661717.30263,1,1680,1050
17,2,5957,1779661717.32345,1,1680,1050
17,2,5958,1779661717.34427,1,1680,1050
17,2,5959,1779661717.36509,1,1680,1050
17,2,5960,1779661717.38591,1,1680,1050
17,2,5961,1779661717.40673,1,1680,1050
17,2,5962,1779661717.42755,1,1680,1050
17,2,5963,1779661717.44837,1,1680,1050
17,2,5964,1779661717.46919,1,1680,1050
17,2,5965,1779661717.49,1,1680,1050
17,2,5966,1779661717.51083,1,1680,1050
17,2,5967,1779661717.53164,1,1680,1050
17,2,5968,1779661717.55246,1,1680,1050
17,2,5969,1779661717.57328,1,1680,1050
17,2,5970,1779661717.5941,1,1680,1050
17,2,5971,1779661717.61492,1,1680,1050
17,2,5972,1779661717.63574,1,1680,1050
17,2,5973,1779661717.65656,1,1680,1050
17,2,5974,1779661717.67738,1,1680,1050
17,2,5975,1779661717.6982,1,1680,1050
17,2,5976,1779661717.71902,1,1680,1050
17,2,5977,1779661717.73984,1,1680,1050
17,2,5978,1779661717.76066,1,1680,1050
17,2,5979,1779661717.78148,1,1680,1050
17,2,5980,1779661717.8023,1,1680,1050
17,2,5981,1779661717.82312,1,1680,1050
17,2,5982,1779661717.84393,1,1680,1050
17,2,5983,1779661717.86476,1,1680,1050
17,2,5984,1779661717.88557,1,1680,1050
17,2,5985,1779661717.90639,1,1680,1050
17,2,5986,1779661717.92721,1,1680,1050
17,2,5987,1779661717.94803,1,1680,1050
17,2,5988,1779661717.96885,1,1680,1050
17,2,5989,1779661717.98967,1,1680,1050
17,2,5990,1779661718.01049,1,1680,1050
17,2,5991,1779661718.03131,1,1680,1050
17,2,5992,1779661718.05213,1,1680,1050
17,2,5993,1779661718.07295,1,1680,1050
17,2,5994,1779661718.09377,1,1680,1050
17,2,5995,1779661718.11459,1,1680,1050
17,2,5996,1779661718.13541,1,1680,1050
17,2,5997,1779661718.15623,1,1680,1050
17,2,5998,1779661718.17705,1,1680,1050
17,2,5999,1779661718.19787,1,1680,1050
17,2,6000,1779661718.21869,1,1680,1050
17,2,6001,1779661718.23951,1,1680,1050
17,2,6002,1779661718.26032,1,1680,1050
17,2,6003,1779661718.28114,1,1680,1050
17,2,6004,1779661718.30196,1,1680,1050
17,2,6005,1779661718.32278,1,1680,1050
17,2,6006,1779661718.3436,1,1680,1050
17,2,6007,1779661718.36442,1,1680,1050
17,2,6008,1779661718.38524,1,1680,1050
17,2,6009,1779661718.40606,1,1680,1050
17,2,6010,1779661718.42688,1,1680,1050
17,2,6011,1779661718.4477,1,1680,1050
17,2,6012,1779661718.46852,1,1680,1050
17,2,6013,1779661718.48934,1,1680,1050
17,2,6014,1779661718.51016,1,1680,1050
17,2,6015,1779661718.53098,1,1680,1050
17,2,6016,1779661718.5518,1,1680,1050
17,2,6017,1779661718.57262,1,1680,1050
17,2,6018,1779661718.59343,1,1680,1050
17,2,6019,1779661718.61425,1,1680,1050
17,2,6020,1779661718.63507,1,1680,1050
17,2,6021,1779661718.65589,1,1680,1050
17,2,6022,1779661718.67671,1,1680,1050
17,2,6023,1779661718.69753,1,1680,1050
17,2,6024,1779661718.71835,1,1680,1050
17,2,6025,1779661718.73917,1,1680,1050
17,2,6026,1779661718.75999,1,1680,1050
17,2,6027,1779661718.78081,1,1680,1050
17,2,6028,1779661718.80163,1,1680,1050
17,2,6029,1779661718.82245,1,1680,1050
17,2,6030,1779661718.84327,1,1680,1050
17,2,6031,1779661718.86409,1,1680,1050
17,2,6032,1779661718.88491,1,1680,1050
17,2,6033,1779661718.90573,1,1680,1050
17,2,6034,1779661718.92655,1,1680,1050
17,2,6035,1779661718.94736,1,1680,1050
17,2,6036,1779661718.96818,1,1680,1050
17,2,6037,1779661718.989,1,1680,1050
17,2,6038,1779661719.00982,1,1680,1050
17,2,6039,1779661719.03064,1,1680,1050
17,2,6040,1779661719.05146,1,1680,1050
17,2,6041,1779661719.07228,1,1680,1050
17,2,6042,1779661719.0931,1,1680,1050
17,2,6043,1779661719.11392,1,1680,1050
17,2,6044,1779661719.13474,1,1680,1050
17,2,6045,1779661719.15556,1,1680,1050
17,2,6046,1779661719.17638,1,1680,1050
17,2,6047,1779661719.1972,1,1680,1050
17,2,6048,1779661719.21802,1,1680,1050
17,2,6049,1779661719.23884,1,1680,1050
17,2,6050,1779661719.25966,2,1680,1050
17,2,6051,1779661719.28048,2,1680,1050
17,2,6052,1779661719.3013,2,1680,1050
17,2,6053,1779661719.32211,2,1680,1050
17,2,6054,1779661719.34294,2,1680,1050
17,2,6055,1779661719.36375,2,1680,1050
17,2,6056,1779661719.38457,2,1680,1050
17,2,6057,1779661719.40539,2,1680,1050
17,2,6058,1779661719.42621,2,1680,1050
17,2,6059,1779661719.44703,2,1680,1050
17,2,6060,1779661719.46785,2,1680,1050
17,2,6061,1779661719.48867,2,1680,1050
17,2,6062,1779661719.50949,2,1680,1050
17,2,6063,1779661719.53031,2,1680,1050
17,2,6064,1779661719.55113,2,1680,1050
17,2,6065,1779661719.57195,2,1680,1050
17,2,6066,1779661719.59277,2,1680,1050
17,2,6067,1779661719.61359,2,1680,1050
17,2,6068,1779661719.63441,2,1680,1050
17,2,6069,1779661719.65523,2,1680,1050
17,2,6070,1779661719.67605,2,1680,1050
17,2,6071,1779661719.69687,2,1680,1050
17,2,6072,1779661719.71768,2,1680,1050
17,2,6073,1779661719.7385,2,1680,1050
17,2,6074,1779661719.75932,2,1680,1050
17,2,6075,1779661719.78014,2,1680,1050
17,2,6076,1779661719.80096,2,1680,1050
17,2,6077,1779661719.82178,2,1680,1050
17,2,6078,1779661719.8426,2,1680,1050
17,2,6079,1779661719.86342,2,1680,1050
17,2,6080,1779661719.88424,2,1680,1050
17,2,6081,1779661719.90506,2,1680,1050
17,2,6082,1779661719.92588,2,1680,1050
17,2,6083,1779661719.9467,2,1680,1050
17,2,6084,1779661719.96752,2,1680,1050
17,2,6085,1779661719.98834,2,1680,1050
17,2,6086,1779661720.00916,2,1680,1050
17,2,6087,1779661720.02998,2,1680,1050
17,2,6088,1779661720.05079,2,1680,1050
17,2,6089,1779661720.07161,2,1680,1050
17,2,6090,1779661720.09243,2,1680,1050
17,2,6091,1779661720.11325,2,1680,1050
17,2,6092,1779661720.13407,2,1680,1050
17,2,6093,1779661720.15489,2,1680,1050
17,2,6094,1779661720.17571,2,1680,1050
17,2,6095,1779661720.19653,2,1680,1050
17,2,6096,1779661720.21735,2,1680,1050
17,2,6097,1779661720.23817,2,1680,1050
17,2,6098,1779661720.25899,2,1680,1050
17,2,6099,1779661720.27981,2,1680,1050
17,2,6100,1779661720.30063,2,1680,1050
17,2,6101,1779661720.32145,2,1680,1050
17,2,6102,1779661720.34227,2,1680,1050
17,2,6103,1779661720.36309,2,1680,1050
17,2,6104,1779661720.38391,2,1680,1050
17,2,6105,1779661720.40472,2,1680,1050
17,2,6106,1779661720.42555,2,1680,1050
17,2,6107,1779661720.44636,2,1680,1050
17,2,6108,1779661720.46718,2,1680,1050
17,2,6109,1779661720.488,2,1680,1050
17,2,6110,1779661720.50882,2,1680,1050
17,2,6111,1779661720.52964,2,1680,1050
17,2,6112,1779661720.55046,2,1680,1050
17,2,6113,1779661720.57128,2,1680,1050
17,2,6114,1779661720.5921,2,1680,1050
17,2,6115,1779661720.61292,2,1680,1050
17,2,6116,1779661720.63374,2,1680,1050
17,2,6117,1779661720.65456,2,1680,1050
17,2,6118,1779661720.67538,2,1680,1050
17,2,6119,1779661720.6962,2,1680,1050
17,2,6120,1779661720.71702,2,1680,1050
17,2,6121,1779661720.73784,2,1680,1050
17,2,6122,1779661720.75866,2,1680,1050
17,2,6123,1779661720.77947,2,1680,1050
17,2,6124,1779661720.8003,2,1680,1050
17,2,6125,1779661720.82111,2,1680,1050
17,2,6126,1779661720.84193,2,1680,1050
17,2,6127,1779661720.86275,2,1680,1050
17,2,6128,1779661720.88357,2,1680,1050
17,2,6129,1779661720.90439,2,1680,1050
17,2,6130,1779661720.92521,2,1680,1050
17,2,6131,1779661720.94603,2,1680,1050
17,2,6132,1779661720.96685,2,1680,1050
17,2,6133,1779661720.98767,2,1680,1050
17,2,6134,1779661721.00849,2,1680,1050
17,2,6135,1779661721.02931,2,1680,1050
17,2,6136,1779661721.05013,2,1680,1050
17,2,6137,1779661721.07095,2,1680,1050
17,2,6138,1779661721.09177,2,1680,1050
17,2,6139,1779661721.11259,2,1680,1050
17,2,6140,1779661721.13341,2,1680,1050
17,2,6141,1779661721.15423,2,1680,1050
17,2,6142,1779661721.17504,2,1680,1050
17,2,6143,1779661721.19586,2,1680,1050
17,2,6144,1779661721.21668,2,1680,1050
17,2,6145,1779661721.2375,2,1680,1050
17,2,6146,1779661721.25832,1,1680,1050
17,2,6147,1779661721.27914,1,1680,1050
17,2,6148,1779661721.29996,1,1680,1050
17,2,6149,1779661721.32078,1,1680,1050
17,2,6150,1779661721.3416,1,1680,1050
17,2,6151,1779661721.36242,1,1680,1050
17,2,6152,1779661721.38324,1,1680,1050
17,2,6153,1779661721.40406,1,1680,1050
17,2,6154,1779661721.42488,1,1680,1050
17,2,6155,1779661721.4457,1,1680,1050
17,2,6156,1779661721.46651,1,1680,1050
17,2,6157,1779661721.48734,1,1680,1050
17,2,6158,1779661721.50816,1,1680,1050
17,2,6159,1779661721.52898,1,1680,1050
17,2,6160,1779661721.54979,1,1680,1050
17,2,6161,1779661721.57061,1,1680,1050
17,2,6162,1779661721.59143,1,1680,1050
17,2,6163,1779661721.61225,1,1680,1050
17,2,6164,1779661721.63307,1,1680,1050
17,2,6165,1779661721.65389,1,1680,1050
17,2,6166,1779661721.67471,1,1680,1050
17,2,6167,1779661721.69553,1,1680,1050
17,2,6168,1779661721.71635,1,1680,1050
17,2,6169,1779661721.73717,1,1680,1050
17,2,6170,1779661721.75799,1,1680,1050
17,2,6171,1779661721.77881,1,1680,1050
17,2,6172,1779661721.79963,1,1680,1050
17,2,6173,1779661721.82045,1,1680,1050
17,2,6174,1779661721.84127,1,1680,1050
17,2,6175,1779661721.86209,1,1680,1050
17,2,6176,1779661721.8829,1,1680,1050
17,2,6177,1779661721.90372,1,1680,1050
17,2,6178,1779661721.92454,1,1680,1050
17,2,6179,1779661721.94536,1,1680,1050
17,2,6180,1779661721.96618,1,1680,1050
17,2,6181,1779661721.987,1,1680,1050
17,2,6182,1779661722.00782,1,1680,1050
17,2,6183,1779661722.02864,1,1680,1050
17,2,6184,1779661722.04946,1,1680,1050
17,2,6185,1779661722.07028,1,1680,1050
17,2,6186,1779661722.0911,1,1680,1050
17,2,6187,1779661722.11192,1,1680,1050
17,2,6188,1779661722.13274,1,1680,1050
17,2,6189,1779661722.15356,1,1680,1050
17,2,6190,1779661722.17438,1,1680,1050
17,2,6191,1779661722.1952,1,1680,1050
17,2,6192,1779661722.21602,1,1680,1050
17,2,6193,1779661722.23684,1,1680,1050
17,2,6194,1779661722.25765,1,1680,1050
17,2,6195,1779661722.27847,1,1680,1050
17,2,6196,1779661722.29929,1,1680,1050
17,2,6197,1779661722.32011,1,1680,1050
17,2,6198,1779661722.34093,1,1680,1050
17,2,6199,1779661722.36175,1,1680,1050
17,2,6200,1779661722.38257,1,1680,1050
17,2,6201,1779661722.40339,1,1680,1050
17,2,6202,1779661722.42421,1,1680,1050
17,2,6203,1779661722.44503,1,1680,1050
17,2,6204,1779661722.46585,1,1680,1050
17,2,6205,1779661722.48667,1,1680,1050
17,2,6206,1779661722.50749,1,1680,1050
17,2,6207,1779661722.52831,1,1680,1050
17,2,6208,1779661722.54913,1,1680,1050
17,2,6209,1779661722.56995,1,1680,1050
17,2,6210,1779661722.59077,1,1680,1050
17,2,6211,1779661722.61159,1,1680,1050
17,2,6212,1779661722.6324,1,1680,1050
17,2,6213,1779661722.65322,1,1680,1050
17,2,6214,1779661722.67404,1,1680,1050
17,2,6215,1779661722.69486,1,1680,1050
17,2,6216,1779661722.71568,1,1680,1050
17,2,6217,1779661722.7365,1,1680,1050
17,2,6218,1779661722.75732,1,1680,1050
17,2,6219,1779661722.77814,1,1680,1050
17,2,6220,1779661722.79896,1,1680,1050
17,2,6221,1779661722.81978,1,1680,1050
17,2,6222,1779661722.8406,1,1680,1050
17,2,6223,1779661722.86142,1,1680,1050
17,2,6224,1779661722.88224,1,1680,1050
17,2,6225,1779661722.90306,1,1680,1050
17,2,6226,1779661722.92388,1,1680,1050
17,2,6227,1779661722.9447,1,1680,1050
17,2,6228,1779661722.96552,1,1680,1050
17,2,6229,1779661722.98634,1,1680,1050
17,2,6230,1779661723.00715,1,1680,1050
17,2,6231,1779661723.02797,1,1680,1050
17,2,6232,1779661723.04879,1,1680,1050
17,2,6233,1779661723.06961,1,1680,1050
17,2,6234,1779661723.09043,1,1680,1050
17,2,6235,1779661723.11125,1,1680,1050
17,2,6236,1779661723.13207,1,1680,1050
17,2,6237,1779661723.15289,1,1680,1050
17,2,6238,1779661723.17371,1,1680,1050
17,2,6239,1779661723.19453,1,1680,1050
17,2,6240,1779661723.21535,1,1680,1050
17,2,6241,1779661723.23617,1,1680,1050
17,2,6242,1779661723.25699,1,1680,1050
17,2,6243,1779661723.27781,1,1680,1050
17,2,6244,1779661723.29863,1,1680,1050
17,2,6245,1779661723.31945,1,1680,1050
17,2,6246,1779661723.34027,1,1680,1050
17,2,6247,1779661723.36108,1,1680,1050
17,2,6248,1779661723.3819,1,1680,1050
17,2,6249,1779661723.40272,1,1680,1050
17,2,6250,1779661723.42354,1,1680,1050
17,2,6251,1779661723.44436,1,1680,1050
17,2,6252,1779661723.46518,1,1680,1050
17,2,6253,1779661723.486,1,1680,1050
17,2,6254,1779661723.50682,1,1680,1050
17,2,6255,1779661723.52764,1,1680,1050
17,2,6256,1779661723.54846,1,1680,1050
17,2,6257,1779661723.56928,1,1680,1050
17,2,6258,1779661723.5901,1,1680,1050
17,2,6259,1779661723.61092,1,1680,1050
17,2,6260,1779661723.63174,1,1680,1050
17,2,6261,1779661723.65256,1,1680,1050
17,2,6262,1779661723.67338,1,1680,1050
17,2,6263,1779661723.6942,1,1680,1050
17,2,6264,1779661723.71502,1,1680,1050
17,2,6265,1779661723.73583,1,1680,1050
17,2,6266,1779661723.75665,1,1680,1050
17,2,6267,1779661723.77747,1,1680,1050
17,2,6268,1779661723.79829,1,1680,1050
17,2,6269,1779661723.81911,1,1680,1050
17,2,6270,1779661723.83993,1,1680,1050
17,2,6271,1779661723.86075,1,1680,1050
17,2,6272,1779661723.88157,1,1680,1050
17,2,6273,1779661723.90239,1,1680,1050
17,2,6274,1779661723.92321,1,1680,1050
17,2,6275,1779661723.94403,1,1680,1050
17,2,6276,1779661723.96485,1,1680,1050
17,2,6277,1779661723.98567,1,1680,1050
17,2,6278,1779661724.00649,1,1680,1050
17,2,6279,1779661724.02731,1,1680,1050
17,2,6280,1779661724.04813,1,1680,1050
17,2,6281,1779661724.06894,1,1680,1050
17,2,6282,1779661724.08976,1,1680,1050
17,2,6283,1779661724.11058,1,1680,1050
17,2,6284,1779661724.1314,1,1680,1050
17,2,6285,1779661724.15222,1,1680,1050
17,2,6286,1779661724.17304,1,1680,1050
17,2,6287,1779661724.19386,1,1680,1050
17,2,6288,1779661724.21468,1,1680,1050
17,2,6289,1779661724.2355,1,1680,1050
17,2,6290,1779661724.25632,1,1680,1050
17,2,6291,1779661724.27714,1,1680,1050
17,2,6292,1779661724.29796,1,1680,1050
17,2,6293,1779661724.31878,1,1680,1050
17,2,6294,1779661724.3396,1,1680,1050
17,2,6295,1779661724.36042,1,1680,1050
17,2,6296,1779661724.38124,1,1680,1050
17,2,6297,1779661724.40206,1,1680,1050
17,2,6298,1779661724.42288,1,1680,1050
17,2,6299,1779661724.44369,1,1680,1050
17,2,6300,1779661724.46451,1,1680,1050
17,2,6301,1779661724.48533,1,1680,1050
17,2,6302,1779661724.50615,1,1680,1050
17,2,6303,1779661724.52697,1,1680,1050
17,2,6304,1779661724.54779,1,1680,1050
17,2,6305,1779661724.56861,1,1680,1050
17,2,6306,1779661724.58943,1,1680,1050
17,2,6307,1779661724.61025,1,1680,1050
17,2,6308,1779661724.63107,1,1680,1050
17,2,6309,1779661724.65189,1,1680,1050
17,2,6310,1779661724.67271,1,1680,1050
17,2,6311,1779661724.69353,1,1680,1050
17,2,6312,1779661724.71435,1,1680,1050
17,2,6313,1779661724.73517,1,1680,1050
17,2,6314,1779661724.75599,1,1680,1050
17,2,6315,1779661724.77681,1,1680,1050
17,2,6316,1779661724.79763,1,1680,1050
17,2,6317,1779661724.81844,1,1680,1050
17,2,6318,1779661724.83926,1,1680,1050
17,2,6319,1779661724.86008,1,1680,1050
17,2,6320,1779661724.8809,1,1680,1050
17,2,6321,1779661724.90172,1,1680,1050
17,2,6322,1779661724.92254,1,1680,1050
17,2,6323,1779661724.94336,1,1680,1050
17,2,6324,1779661724.96418,1,1680,1050
17,2,6325,1779661724.985,1,1680,1050
17,2,6326,1779661725.00582,1,1680,1050
17,2,6327,1779661725.02664,1,1680,1050
17,2,6328,1779661725.04746,1,1680,1050
17,2,6329,1779661725.06828,1,1680,1050
17,2,6330,1779661725.0891,1,1680,1050
17,2,6331,1779661725.10992,1,1680,1050
17,2,6332,1779661725.13074,1,1680,1050
17,2,6333,1779661725.15156,1,1680,1050
17,2,6334,1779661725.17238,1,1680,1050
17,2,6335,1779661725.1932,1,1680,1050
17,2,6336,1779661725.21401,1,1680,1050
17,2,6337,1779661725.23483,1,1680,1050
17,2,6338,1779661725.25565,2,1680,1050
17,2,6339,1779661725.27647,2,1680,1050
17,2,6340,1779661725.29729,2,1680,1050
17,2,6341,1779661725.31811,2,1680,1050
17,2,6342,1779661725.33893,2,1680,1050
17,2,6343,1779661725.35975,2,1680,1050
17,2,6344,1779661725.38057,2,1680,1050
17,2,6345,1779661725.40139,2,1680,1050
17,2,6346,1779661725.42221,2,1680,1050
17,2,6347,1779661725.44303,2,1680,1050
17,2,6348,1779661725.46385,2,1680,1050
17,2,6349,1779661725.48467,2,1680,1050
17,2,6350,1779661725.50549,2,1680,1050
17,2,6351,1779661725.52631,2,1680,1050
17,2,6352,1779661725.54713,2,1680,1050
17,2,6353,1779661725.56794,2,1680,1050
17,2,6354,1779661725.58876,2,1680,1050
17,2,6355,1779661725.60958,2,1680,1050
17,2,6356,1779661725.6304,2,1680,1050
17,2,6357,1779661725.65122,2,1680,1050
17,2,6358,1779661725.67204,2,1680,1050
17,2,6359,1779661725.69286,2,1680,1050
17,2,6360,1779661725.71368,2,1680,1050
17,2,6361,1779661725.7345,2,1680,1050
17,2,6362,1779661725.75532,2,1680,1050
17,2,6363,1779661725.77614,2,1680,1050
17,2,6364,1779661725.79696,2,1680,1050
17,2,6365,1779661725.81778,2,1680,1050
17,2,6366,1779661725.8386,2,1680,1050
17,2,6367,1779661725.85942,2,1680,1050
17,2,6368,1779661725.88024,2,1680,1050
17,2,6369,1779661725.90106,2,1680,1050
17,2,6370,1779661725.92188,2,1680,1050
17,2,6371,1779661725.94269,2,1680,1050
17,2,6372,1779661725.96351,2,1680,1050
17,2,6373,1779661725.98433,2,1680,1050
17,2,6374,1779661726.00515,2,1680,1050
17,2,6375,1779661726.02597,2,1680,1050
17,2,6376,1779661726.04679,2,1680,1050
17,2,6377,1779661726.06761,2,1680,1050
17,2,6378,1779661726.08843,2,1680,1050
17,2,6379,1779661726.10925,2,1680,1050
17,2,6380,1779661726.13007,2,1680,1050
17,2,6381,1779661726.15089,2,1680,1050
17,2,6382,1779661726.17171,2,1680,1050
17,2,6383,1779661726.19253,2,1680,1050
17,2,6384,1779661726.21335,2,1680,1050
17,2,6385,1779661726.23417,2,1680,1050
17,2,6386,1779661726.25499,2,1680,1050
17,2,6387,1779661726.2758,2,1680,1050
17,2,6388,1779661726.29662,2,1680,1050
17,2,6389,1779661726.31744,2,1680,1050
17,2,6390,1779661726.33826,2,1680,1050
17,2,6391,1779661726.35908,2,1680,1050
17,2,6392,1779661726.3799,2,1680,1050
17,2,6393,1779661726.40072,2,1680,1050
17,2,6394,1779661726.42154,2,1680,1050
17,2,6395,1779661726.44236,2,1680,1050
17,2,6396,1779661726.46318,2,1680,1050
17,2,6397,1779661726.484,2,1680,1050
17,2,6398,1779661726.50482,2,1680,1050
17,2,6399,1779661726.52564,2,1680,1050
17,2,6400,1779661726.54646,2,1680,1050
17,2,6401,1779661726.56728,2,1680,1050
17,2,6402,1779661726.5881,2,1680,1050
17,2,6403,1779661726.60892,2,1680,1050
17,2,6404,1779661726.62974,2,1680,1050
17,2,6405,1779661726.65055,2,1680,1050
17,2,6406,1779661726.67137,2,1680,1050
17,2,6407,1779661726.69219,2,1680,1050
17,2,6408,1779661726.71301,2,1680,1050
17,2,6409,1779661726.73383,2,1680,1050
17,2,6410,1779661726.75465,2,1680,1050
17,2,6411,1779661726.77547,2,1680,1050
17,2,6412,1779661726.79629,2,1680,1050
17,2,6413,1779661726.81711,2,1680,1050
17,2,6414,1779661726.83793,2,1680,1050
17,2,6415,1779661726.85875,2,1680,1050
17,2,6416,1779661726.87957,2,1680,1050
17,2,6417,1779661726.90039,2,1680,1050
17,2,6418,1779661726.92121,2,1680,1050
17,2,6419,1779661726.94203,2,1680,1050
17,2,6420,1779661726.96285,2,1680,1050
17,2,6421,1779661726.98367,2,1680,1050
17,2,6422,1779661727.00448,2,1680,1050
17,2,6423,1779661727.0253,2,1680,1050
17,2,6424,1779661727.04612,2,1680,1050
17,2,6425,1779661727.06694,2,1680,1050
17,2,6426,1779661727.08776,2,1680,1050
17,2,6427,1779661727.10858,2,1680,1050
17,2,6428,1779661727.1294,2,1680,1050
17,2,6429,1779661727.15022,2,1680,1050
17,2,6430,1779661727.17104,2,1680,1050
17,2,6431,1779661727.19186,2,1680,1050
17,2,6432,1779661727.21268,2,1680,1050
17,2,6433,1779661727.2335,2,1680,1050
17,2,6434,1779661727.25432,1,1680,1050
17,2,6435,1779661727.27514,1,1680,1050
17,2,6436,1779661727.29596,1,1680,1050
17,2,6437,1779661727.31678,1,1680,1050
17,2,6438,1779661727.3376,1,1680,1050
17,2,6439,1779661727.35841,1,1680,1050
17,2,6440,1779661727.37924,1,1680,1050
17,2,6441,1779661727.40005,1,1680,1050
17,2,6442,1779661727.42087,1,1680,1050
17,2,6443,1779661727.44169,1,1680,1050
17,2,6444,1779661727.46251,1,1680,1050
17,2,6445,1779661727.48333,1,1680,1050
17,2,6446,1779661727.50415,1,1680,1050
17,2,6447,1779661727.52497,1,1680,1050
17,2,6448,1779661727.54579,1,1680,1050
17,2,6449,1779661727.56661,1,1680,1050
17,2,6450,1779661727.58743,1,1680,1050
17,2,6451,1779661727.60825,1,1680,1050
17,2,6452,1779661727.62907,1,1680,1050
17,2,6453,1779661727.64989,1,1680,1050
17,2,6454,1779661727.67071,1,1680,1050
17,2,6455,1779661727.69153,1,1680,1050
17,2,6456,1779661727.71235,1,1680,1050
17,2,6457,1779661727.73316,1,1680,1050
17,2,6458,1779661727.75399,1,1680,1050
17,2,6459,1779661727.7748,1,1680,1050
17,2,6460,1779661727.79562,1,1680,1050
17,2,6461,1779661727.81644,1,1680,1050
17,2,6462,1779661727.83726,1,1680,1050
17,2,6463,1779661727.85808,1,1680,1050
17,2,6464,1779661727.8789,1,1680,1050
17,2,6465,1779661727.89972,1,1680,1050
17,2,6466,1779661727.92054,1,1680,1050
17,2,6467,1779661727.94136,1,1680,1050
17,2,6468,1779661727.96218,1,1680,1050
17,2,6469,1779661727.983,1,1680,1050
17,2,6470,1779661728.00382,1,1680,1050
17,2,6471,1779661728.02464,1,1680,1050
17,2,6472,1779661728.04546,1,1680,1050
17,2,6473,1779661728.06628,1,1680,1050
17,2,6474,1779661728.0871,1,1680,1050
17,2,6475,1779661728.10791,1,1680,1050
17,2,6476,1779661728.12873,1,1680,1050
17,2,6477,1779661728.14955,1,1680,1050
17,2,6478,1779661728.17037,1,1680,1050
17,2,6479,1779661728.19119,1,1680,1050
17,2,6480,1779661728.21201,1,1680,1050
17,2,6481,1779661728.23283,1,1680,1050
17,2,6482,1779661728.25365,1,1680,1050
17,2,6483,1779661728.27447,1,1680,1050
17,2,6484,1779661728.29529,1,1680,1050
17,2,6485,1779661728.31611,1,1680,1050
17,2,6486,1779661728.33693,1,1680,1050
17,2,6487,1779661728.35775,1,1680,1050
17,2,6488,1779661728.37857,1,1680,1050
17,2,6489,1779661728.39939,1,1680,1050
17,2,6490,1779661728.42021,1,1680,1050
17,2,6491,1779661728.44103,1,1680,1050
17,2,6492,1779661728.46184,1,1680,1050
17,2,6493,1779661728.48267,1,1680,1050
17,2,6494,1779661728.50348,1,1680,1050
17,2,6495,1779661728.5243,1,1680,1050
17,2,6496,1779661728.54512,1,1680,1050
17,2,6497,1779661728.56594,1,1680,1050
17,2,6498,1779661728.58676,1,1680,1050
17,2,6499,1779661728.60758,1,1680,1050
17,2,6500,1779661728.6284,1,1680,1050
17,2,6501,1779661728.64922,1,1680,1050
17,2,6502,1779661728.67004,1,1680,1050
17,2,6503,1779661728.69086,1,1680,1050
17,2,6504,1779661728.71168,1,1680,1050
17,2,6505,1779661728.7325,1,1680,1050
17,2,6506,1779661728.75332,1,1680,1050
17,2,6507,1779661728.77414,1,1680,1050
17,2,6508,1779661728.79496,1,1680,1050
17,2,6509,1779661728.81578,1,1680,1050
17,2,6510,1779661728.83659,1,1680,1050
17,2,6511,1779661728.85742,1,1680,1050
17,2,6512,1779661728.87823,1,1680,1050
17,2,6513,1779661728.89905,1,1680,1050
17,2,6514,1779661728.91987,1,1680,1050
17,2,6515,1779661728.94069,1,1680,1050
17,2,6516,1779661728.96151,1,1680,1050
17,2,6517,1779661728.98233,1,1680,1050
17,2,6518,1779661729.00315,1,1680,1050
17,2,6519,1779661729.02397,1,1680,1050
17,2,6520,1779661729.04479,1,1680,1050
17,2,6521,1779661729.06561,1,1680,1050
17,2,6522,1779661729.08643,1,1680,1050
17,2,6523,1779661729.10725,1,1680,1050
17,2,6524,1779661729.12807,1,1680,1050
17,2,6525,1779661729.14889,1,1680,1050
17,2,6526,1779661729.16971,1,1680,1050
17,2,6527,1779661729.19052,1,1680,1050
17,2,6528,1779661729.21135,1,1680,1050
17,2,6529,1779661729.23216,1,1680,1050
17,2,6530,1779661729.25298,1,1680,1050
17,2,6531,1779661729.2738,1,1680,1050
17,2,6532,1779661729.29462,1,1680,1050
17,2,6533,1779661729.31544,1,1680,1050
17,2,6534,1779661729.33626,1,1680,1050
17,2,6535,1779661729.35708,1,1680,1050
17,2,6536,1779661729.3779,1,1680,1050
17,2,6537,1779661729.39872,1,1680,1050
17,2,6538,1779661729.41954,1,1680,1050
17,2,6539,1779661729.44036,1,1680,1050
17,2,6540,1779661729.46118,1,1680,1050
17,2,6541,1779661729.482,1,1680,1050
17,2,6542,1779661729.50282,1,1680,1050
17,2,6543,1779661729.52364,1,1680,1050
17,2,6544,1779661729.54446,1,1680,1050
17,2,6545,1779661729.56527,1,1680,1050
17,2,6546,1779661729.58609,1,1680,1050
17,2,6547,1779661729.60691,1,1680,1050
17,2,6548,1779661729.62773,1,1680,1050
17,2,6549,1779661729.64855,1,1680,1050
17,2,6550,1779661729.66937,1,1680,1050
17,2,6551,1779661729.69019,1,1680,1050
17,2,6552,1779661729.71101,1,1680,1050
17,2,6553,1779661729.73183,1,1680,1050
17,2,6554,1779661729.75265,1,1680,1050
17,2,6555,1779661729.77347,1,1680,1050
17,2,6556,1779661729.79429,1,1680,1050
17,2,6557,1779661729.81511,1,1680,1050
17,2,6558,1779661729.83593,1,1680,1050
17,2,6559,1779661729.85675,1,1680,1050
17,2,6560,1779661729.87757,1,1680,1050
17,2,6561,1779661729.89839,1,1680,1050
17,2,6562,1779661729.91921,1,1680,1050
17,2,6563,1779661729.94002,1,1680,1050
17,2,6564,1779661729.96084,1,1680,1050
17,2,6565,1779661729.98166,1,1680,1050
17,2,6566,1779661730.00248,1,1680,1050
17,2,6567,1779661730.0233,1,1680,1050
17,2,6568,1779661730.04412,1,1680,1050
17,2,6569,1779661730.06494,1,1680,1050
17,2,6570,1779661730.08576,1,1680,1050
17,2,6571,1779661730.10658,1,1680,1050
17,2,6572,1779661730.1274,1,1680,1050
17,2,6573,1779661730.14822,1,1680,1050
17,2,6574,1779661730.16904,1,1680,1050
17,2,6575,1779661730.18986,1,1680,1050
17,2,6576,1779661730.21068,1,1680,1050
17,2,6577,1779661730.2315,1,1680,1050
17,2,6578,1779661730.25232,1,1680,1050
17,2,6579,1779661730.27314,1,1680,1050
17,2,6580,1779661730.29395,1,1680,1050
17,2,6581,1779661730.31477,1,1680,1050
17,2,6582,1779661730.33559,1,1680,1050
17,2,6583,1779661730.35641,1,1680,1050
17,2,6584,1779661730.37723,1,1680,1050
17,2,6585,1779661730.39805,1,1680,1050
17,2,6586,1779661730.41887,1,1680,1050
17,2,6587,1779661730.43969,1,1680,1050
17,2,6588,1779661730.46051,1,1680,1050
17,2,6589,1779661730.48133,1,1680,1050
17,2,6590,1779661730.50215,1,1680,1050
17,2,6591,1779661730.52297,1,1680,1050
17,2,6592,1779661730.54379,1,1680,1050
17,2,6593,1779661730.56461,1,1680,1050
17,2,6594,1779661730.58543,1,1680,1050
17,2,6595,1779661730.60625,1,1680,1050
17,2,6596,1779661730.62707,1,1680,1050
17,2,6597,1779661730.64788,1,1680,1050
17,2,6598,1779661730.6687,1,1680,1050
17,2,6599,1779661730.68953,1,1680,1050
17,2,6600,1779661730.71034,1,1680,1050
17,2,6601,1779661730.73116,1,1680,1050
17,2,6602,1779661730.75198,1,1680,1050
17,2,6603,1779661730.7728,1,1680,1050
17,2,6604,1779661730.79362,1,1680,1050
17,2,6605,1779661730.81444,1,1680,1050
17,2,6606,1779661730.83526,1,1680,1050
17,2,6607,1779661730.85608,1,1680,1050
17,2,6608,1779661730.8769,1,1680,1050
17,2,6609,1779661730.89772,1,1680,1050
17,2,6610,1779661730.91854,1,1680,1050
17,2,6611,1779661730.93936,1,1680,1050
17,2,6612,1779661730.96018,1,1680,1050
17,2,6613,1779661730.981,1,1680,1050
17,2,6614,1779661731.00182,1,1680,1050
17,2,6615,1779661731.02263,1,1680,1050
17,2,6616,1779661731.04345,1,1680,1050
17,2,6617,1779661731.06427,1,1680,1050
17,2,6618,1779661731.08509,1,1680,1050
17,2,6619,1779661731.10591,1,1680,1050
17,2,6620,1779661731.12673,1,1680,1050
17,2,6621,1779661731.14755,1,1680,1050
17,2,6622,1779661731.16837,1,1680,1050
17,2,6623,1779661731.18919,1,1680,1050
17,2,6624,1779661731.21001,1,1680,1050
17,2,6625,1779661731.23083,1,1680,1050
17,2,6626,1779661731.25165,2,1680,1050
17,2,6627,1779661731.27247,2,1680,1050
17,2,6628,1779661731.29329,2,1680,1050
17,2,6629,1779661731.31411,2,1680,1050
17,2,6630,1779661731.33493,2,1680,1050
17,2,6631,1779661731.35575,2,1680,1050
17,2,6632,1779661731.37657,2,1680,1050
17,2,6633,1779661731.39738,2,1680,1050
17,2,6634,1779661731.4182,2,1680,1050
17,2,6635,1779661731.43902,2,1680,1050
17,2,6636,1779661731.45984,2,1680,1050
17,2,6637,1779661731.48066,2,1680,1050
17,2,6638,1779661731.50148,2,1680,1050
17,2,6639,1779661731.5223,2,1680,1050
17,2,6640,1779661731.54312,2,1680,1050
17,2,6641,1779661731.56394,2,1680,1050
17,2,6642,1779661731.58476,2,1680,1050
17,2,6643,1779661731.60558,2,1680,1050
17,2,6644,1779661731.6264,2,1680,1050
17,2,6645,1779661731.64722,2,1680,1050
17,2,6646,1779661731.66804,2,1680,1050
17,2,6647,1779661731.68886,2,1680,1050
17,2,6648,1779661731.70968,2,1680,1050
17,2,6649,1779661731.7305,2,1680,1050
17,2,6650,1779661731.75131,2,1680,1050
17,2,6651,1779661731.77214,2,1680,1050
17,2,6652,1779661731.79295,2,1680,1050
17,2,6653,1779661731.81377,2,1680,1050
17,2,6654,1779661731.83459,2,1680,1050
17,2,6655,1779661731.85541,2,1680,1050
17,2,6656,1779661731.87623,2,1680,1050
17,2,6657,1779661731.89705,2,1680,1050
17,2,6658,1779661731.91787,2,1680,1050
17,2,6659,1779661731.93869,2,1680,1050
17,2,6660,1779661731.95951,2,1680,1050
17,2,6661,1779661731.98033,2,1680,1050
17,2,6662,1779661732.00115,2,1680,1050
17,2,6663,1779661732.02197,2,1680,1050
17,2,6664,1779661732.04279,2,1680,1050
17,2,6665,1779661732.06361,2,1680,1050
17,2,6666,1779661732.08443,2,1680,1050
17,2,6667,1779661732.10525,2,1680,1050
17,2,6668,1779661732.12607,2,1680,1050
17,2,6669,1779661732.14688,2,1680,1050
17,2,6670,1779661732.1677,2,1680,1050
17,2,6671,1779661732.18852,2,1680,1050
17,2,6672,1779661732.20934,2,1680,1050
17,2,6673,1779661732.23016,2,1680,1050
17,2,6674,1779661732.25098,2,1680,1050
17,2,6675,1779661732.2718,2,1680,1050
17,2,6676,1779661732.29262,2,1680,1050
17,2,6677,1779661732.31344,2,1680,1050
17,2,6678,1779661732.33426,2,1680,1050
17,2,6679,1779661732.35508,2,1680,1050
17,2,6680,1779661732.3759,2,1680,1050
17,2,6681,1779661732.39672,2,1680,1050
17,2,6682,1779661732.41754,2,1680,1050
17,2,6683,1779661732.43836,2,1680,1050
17,2,6684,1779661732.45918,2,1680,1050
17,2,6685,1779661732.48,2,1680,1050
17,2,6686,1779661732.50081,2,1680,1050
17,2,6687,1779661732.52163,2,1680,1050
17,2,6688,1779661732.54245,2,1680,1050
17,2,6689,1779661732.56327,2,1680,1050
17,2,6690,1779661732.58409,2,1680,1050
17,2,6691,1779661732.60491,2,1680,1050
17,2,6692,1779661732.62573,2,1680,1050
17,2,6693,1779661732.64655,2,1680,1050
17,2,6694,1779661732.66737,2,1680,1050
17,2,6695,1779661732.68819,2,1680,1050
17,2,6696,1779661732.70901,2,1680,1050
17,2,6697,1779661732.72983,2,1680,1050
17,2,6698,1779661732.75065,2,1680,1050
17,2,6699,1779661732.77147,2,1680,1050
17,2,6700,1779661732.79229,2,1680,1050
17,2,6701,1779661732.81311,2,1680,1050
17,2,6702,1779661732.83393,2,1680,1050
17,2,6703,1779661732.85475,2,1680,1050
17,2,6704,1779661732.87556,2,1680,1050
17,2,6705,1779661732.89638,2,1680,1050
17,2,6706,1779661732.9172,2,1680,1050
17,2,6707,1779661732.93802,2,1680,1050
17,2,6708,1779661732.95884,2,1680,1050
17,2,6709,1779661732.97966,2,1680,1050
17,2,6710,1779661733.00048,2,1680,1050
17,2,6711,1779661733.0213,2,1680,1050
17,2,6712,1779661733.04212,2,1680,1050
17,2,6713,1779661733.06294,2,1680,1050
17,2,6714,1779661733.08376,2,1680,1050
17,2,6715,1779661733.10458,2,1680,1050
17,2,6716,1779661733.1254,2,1680,1050
17,2,6717,1779661733.14622,2,1680,1050
17,2,6718,1779661733.16704,2,1680,1050
17,2,6719,1779661733.18786,2,1680,1050
17,2,6720,1779661733.20867,2,1680,1050
17,2,6721,1779661733.2295,2,1680,1050
17,2,6722,1779661733.25031,1,1680,1050
17,2,6723,1779661733.27113,1,1680,1050
17,2,6724,1779661733.29195,1,1680,1050
17,2,6725,1779661733.31277,1,1680,1050
17,2,6726,1779661733.33359,1,1680,1050
17,2,6727,1779661733.35441,1,1680,1050
17,2,6728,1779661733.37523,1,1680,1050
17,2,6729,1779661733.39605,1,1680,1050
17,2,6730,1779661733.41687,1,1680,1050
17,2,6731,1779661733.43769,1,1680,1050
17,2,6732,1779661733.45851,1,1680,1050
17,2,6733,1779661733.47933,1,1680,1050
17,2,6734,1779661733.50015,1,1680,1050
17,2,6735,1779661733.52097,1,1680,1050
17,2,6736,1779661733.54179,1,1680,1050
17,2,6737,1779661733.56261,1,1680,1050
17,2,6738,1779661733.58343,1,1680,1050
17,2,6739,1779661733.60425,1,1680,1050
17,2,6740,1779661733.62506,1,1680,1050
17,2,6741,1779661733.64588,1,1680,1050
17,2,6742,1779661733.6667,1,1680,1050
17,2,6743,1779661733.68752,1,1680,1050
17,2,6744,1779661733.70834,1,1680,1050
17,2,6745,1779661733.72916,1,1680,1050
17,2,6746,1779661733.74998,1,1680,1050
17,2,6747,1779661733.7708,1,1680,1050
17,2,6748,1779661733.79162,1,1680,1050
17,2,6749,1779661733.81244,1,1680,1050
17,2,6750,1779661733.83326,1,1680,1050
17,2,6751,1779661733.85408,1,1680,1050
17,2,6752,1779661733.8749,1,1680,1050
17,2,6753,1779661733.89572,1,1680,1050
17,2,6754,1779661733.91654,1,1680,1050
17,2,6755,1779661733.93736,1,1680,1050
17,2,6756,1779661733.95817,1,1680,1050
17,2,6757,1779661733.97899,1,1680,1050
17,2,6758,1779661733.99981,1,1680,1050
17,2,6759,1779661734.02063,1,1680,1050
17,2,6760,1779661734.04145,1,1680,1050
17,2,6761,1779661734.06227,1,1680,1050
17,2,6762,1779661734.08309,1,1680,1050
17,2,6763,1779661734.10391,1,1680,1050
17,2,6764,1779661734.12473,1,1680,1050
17,2,6765,1779661734.14555,1,1680,1050
17,2,6766,1779661734.16637,1,1680,1050
17,2,6767,1779661734.18719,1,1680,1050
17,2,6768,1779661734.20801,1,1680,1050
17,2,6769,1779661734.22883,1,1680,1050
17,2,6770,1779661734.24965,1,1680,1050
17,2,6771,1779661734.27047,1,1680,1050
17,2,6772,1779661734.29129,1,1680,1050
17,2,6773,1779661734.31211,1,1680,1050
17,2,6774,1779661734.33292,1,1680,1050
17,2,6775,1779661734.35374,1,1680,1050
17,2,6776,1779661734.37456,1,1680,1050
17,2,6777,1779661734.39538,1,1680,1050
17,2,6778,1779661734.4162,1,1680,1050
17,2,6779,1779661734.43702,1,1680,1050
17,2,6780,1779661734.45784,1,1680,1050
17,2,6781,1779661734.47866,1,1680,1050
17,2,6782,1779661734.49948,1,1680,1050
17,2,6783,1779661734.5203,1,1680,1050
17,2,6784,1779661734.54112,1,1680,1050
17,2,6785,1779661734.56194,1,1680,1050
17,2,6786,1779661734.58276,1,1680,1050
17,2,6787,1779661734.60358,1,1680,1050
17,2,6788,1779661734.6244,1,1680,1050
17,2,6789,1779661734.64522,1,1680,1050
17,2,6790,1779661734.66604,1,1680,1050
17,2,6791,1779661734.68685,1,1680,1050
17,2,6792,1779661734.70767,1,1680,1050
17,2,6793,1779661734.72849,1,1680,1050
17,2,6794,1779661734.74931,1,1680,1050
17,2,6795,1779661734.77013,1,1680,1050
17,2,6796,1779661734.79095,1,1680,1050
17,2,6797,1779661734.81177,1,1680,1050
17,2,6798,1779661734.83259,1,1680,1050
17,2,6799,1779661734.85341,1,1680,1050
17,2,6800,1779661734.87423,1,1680,1050
17,2,6801,1779661734.89505,1,1680,1050
17,2,6802,1779661734.91587,1,1680,1050
17,2,6803,1779661734.93669,1,1680,1050
17,2,6804,1779661734.95751,1,1680,1050
17,2,6805,1779661734.97833,1,1680,1050
17,2,6806,1779661734.99915,1,1680,1050
17,2,6807,1779661735.01997,1,1680,1050
17,2,6808,1779661735.04078,1,1680,1050
17,2,6809,1779661735.0616,1,1680,1050
17,2,6810,1779661735.08242,1,1680,1050
17,2,6811,1779661735.10324,1,1680,1050
17,2,6812,1779661735.12406,1,1680,1050
17,2,6813,1779661735.14488,1,1680,1050
17,2,6814,1779661735.1657,1,1680,1050
17,2,6815,1779661735.18652,1,1680,1050
17,2,6816,1779661735.20734,1,1680,1050
17,2,6817,1779661735.22816,1,1680,1050
17,2,6818,1779661735.24898,1,1680,1050
17,2,6819,1779661735.2698,1,1680,1050
17,2,6820,1779661735.29062,1,1680,1050
17,2,6821,1779661735.31144,1,1680,1050
17,2,6822,1779661735.33226,1,1680,1050
17,2,6823,1779661735.35308,1,1680,1050
17,2,6824,1779661735.3739,1,1680,1050
17,2,6825,1779661735.39472,1,1680,1050
17,2,6826,1779661735.41554,1,1680,1050
17,2,6827,1779661735.43636,1,1680,1050
17,2,6828,1779661735.45717,1,1680,1050
17,2,6829,1779661735.47799,1,1680,1050
17,2,6830,1779661735.49881,1,1680,1050
17,2,6831,1779661735.51963,1,1680,1050
17,2,6832,1779661735.54045,1,1680,1050
17,2,6833,1779661735.56127,1,1680,1050
17,2,6834,1779661735.58209,1,1680,1050
17,2,6835,1779661735.60291,1,1680,1050
17,2,6836,1779661735.62373,1,1680,1050
17,2,6837,1779661735.64455,1,1680,1050
17,2,6838,1779661735.66537,1,1680,1050
17,2,6839,1779661735.68619,1,1680,1050
17,2,6840,1779661735.70701,1,1680,1050
17,2,6841,1779661735.72783,1,1680,1050
17,2,6842,1779661735.74865,1,1680,1050
17,2,6843,1779661735.76947,1,1680,1050
17,2,6844,1779661735.79029,1,1680,1050
17,2,6845,1779661735.81111,1,1680,1050
17,2,6846,1779661735.83192,1,1680,1050
17,2,6847,1779661735.85274,1,1680,1050
17,2,6848,1779661735.87356,1,1680,1050
17,2,6849,1779661735.89438,1,1680,1050
17,2,6850,1779661735.9152,1,1680,1050
17,2,6851,1779661735.93602,1,1680,1050
17,2,6852,1779661735.95684,1,1680,1050
17,2,6853,1779661735.97766,1,1680,1050
17,2,6854,1779661735.99848,1,1680,1050
17,2,6855,1779661736.0193,1,1680,1050
17,2,6856,1779661736.04012,1,1680,1050
17,2,6857,1779661736.06094,1,1680,1050
17,2,6858,1779661736.08176,1,1680,1050
17,2,6859,1779661736.10258,1,1680,1050
17,2,6860,1779661736.1234,1,1680,1050
17,2,6861,1779661736.14421,1,1680,1050
17,2,6862,1779661736.16503,1,1680,1050
17,2,6863,1779661736.18585,1,1680,1050
17,2,6864,1779661736.20667,1,1680,1050
17,2,6865,1779661736.22749,1,1680,1050
17,2,6866,1779661736.24831,1,1680,1050
17,2,6867,1779661736.26913,1,1680,1050
17,2,6868,1779661736.28995,1,1680,1050
17,2,6869,1779661736.31077,1,1680,1050
17,2,6870,1779661736.33159,1,1680,1050
17,2,6871,1779661736.35241,1,1680,1050
17,2,6872,1779661736.37323,1,1680,1050
17,2,6873,1779661736.39405,1,1680,1050
17,2,6874,1779661736.41487,1,1680,1050
17,2,6875,1779661736.43569,1,1680,1050
17,2,6876,1779661736.45651,1,1680,1050
17,2,6877,1779661736.47733,1,1680,1050
17,2,6878,1779661736.49815,1,1680,1050
17,2,6879,1779661736.51897,1,1680,1050
17,2,6880,1779661736.53978,1,1680,1050
17,2,6881,1779661736.5606,1,1680,1050
17,2,6882,1779661736.58142,1,1680,1050
17,2,6883,1779661736.60224,1,1680,1050
17,2,6884,1779661736.62306,1,1680,1050
17,2,6885,1779661736.64388,1,1680,1050
17,2,6886,1779661736.6647,1,1680,1050
17,2,6887,1779661736.68552,1,1680,1050
17,2,6888,1779661736.70634,1,1680,1050
17,2,6889,1779661736.72716,1,1680,1050
17,2,6890,1779661736.74798,1,1680,1050
17,2,6891,1779661736.7688,1,1680,1050
17,2,6892,1779661736.78962,1,1680,1050
17,2,6893,1779661736.81044,1,1680,1050
17,2,6894,1779661736.83126,1,1680,1050
17,2,6895,1779661736.85208,1,1680,1050
17,2,6896,1779661736.8729,1,1680,1050
17,2,6897,1779661736.89371,1,1680,1050
17,2,6898,1779661736.91453,1,1680,1050
17,2,6899,1779661736.93535,1,1680,1050
17,2,6900,1779661736.95617,1,1680,1050
17,2,6901,1779661736.97699,1,1680,1050
17,2,6902,1779661736.99781,1,1680,1050
17,2,6903,1779661737.01863,1,1680,1050
17,2,6904,1779661737.03945,1,1680,1050
17,2,6905,1779661737.06027,1,1680,1050
17,2,6906,1779661737.08109,1,1680,1050
17,2,6907,1779661737.10191,1,1680,1050
17,2,6908,1779661737.12273,1,1680,1050
17,2,6909,1779661737.14355,1,1680,1050
17,2,6910,1779661737.16437,1,1680,1050
17,2,6911,1779661737.18519,1,1680,1050
17,2,6912,1779661737.20601,1,1680,1050
17,2,6913,1779661737.22683,1,1680,1050
17,2,6914,1779661737.24764,2,1680,1050
17,2,6915,1779661737.26846,2,1680,1050
17,2,6916,1779661737.28928,2,1680,1050
17,2,6917,1779661737.3101,2,1680,1050
17,2,6918,1779661737.33092,2,1680,1050
17,2,6919,1779661737.35174,2,1680,1050
17,2,6920,1779661737.37256,2,1680,1050
17,2,6921,1779661737.39338,2,1680,1050
17,2,6922,1779661737.4142,2,1680,1050
17,2,6923,1779661737.43502,2,1680,1050
17,2,6924,1779661737.45584,2,1680,1050
17,2,6925,1779661737.47666,2,1680,1050
17,2,6926,1779661737.49748,2,1680,1050
17,2,6927,1779661737.5183,2,1680,1050
17,2,6928,1779661737.53912,2,1680,1050
17,2,6929,1779661737.55994,2,1680,1050
17,2,6930,1779661737.58076,2,1680,1050
17,2,6931,1779661737.60158,2,1680,1050
17,2,6932,1779661737.6224,2,1680,1050
17,2,6933,1779661737.64322,2,1680,1050
17,2,6934,1779661737.66403,2,1680,1050
17,2,6935,1779661737.68485,2,1680,1050
17,2,6936,1779661737.70567,2,1680,1050
17,2,6937,1779661737.72649,2,1680,1050
17,2,6938,1779661737.74731,2,1680,1050
17,2,6939,1779661737.76813,2,1680,1050
17,2,6940,1779661737.78895,2,1680,1050
17,2,6941,1779661737.80977,2,1680,1050
17,2,6942,1779661737.83059,2,1680,1050
17,2,6943,1779661737.85141,2,1680,1050
17,2,6944,1779661737.87223,2,1680,1050
17,2,6945,1779661737.89305,2,1680,1050
17,2,6946,1779661737.91387,2,1680,1050
17,2,6947,1779661737.93469,2,1680,1050
17,2,6948,1779661737.95551,2,1680,1050
17,2,6949,1779661737.97632,2,1680,1050
17,2,6950,1779661737.99714,2,1680,1050
17,2,6951,1779661738.01796,2,1680,1050
17,2,6952,1779661738.03878,2,1680,1050
17,2,6953,1779661738.0596,2,1680,1050
17,2,6954,1779661738.08042,2,1680,1050
17,2,6955,1779661738.10124,2,1680,1050
17,2,6956,1779661738.12206,2,1680,1050
17,2,6957,1779661738.1429,2,1680,1050
17,2,6958,1779661738.1637,2,1680,1050
17,2,6959,1779661738.18452,2,1680,1050
17,2,6960,1779661738.20534,2,1680,1050
17,2,6961,1779661738.22616,2,1680,1050
17,2,6962,1779661738.24698,2,1680,1050
17,2,6963,1779661738.2678,2,1680,1050
17,2,6964,1779661738.28862,2,1680,1050
17,2,6965,1779661738.30944,2,1680,1050
17,2,6966,1779661738.33026,2,1680,1050
17,2,6967,1779661738.35108,2,1680,1050
17,2,6968,1779661738.37189,2,1680,1050
17,2,6969,1779661738.39271,2,1680,1050
17,2,6970,1779661738.41353,2,1680,1050
17,2,6971,1779661738.43435,2,1680,1050
17,2,6972,1779661738.45517,2,1680,1050
17,2,6973,1779661738.47599,2,1680,1050
17,2,6974,1779661738.49681,2,1680,1050
17,2,6975,1779661738.51763,2,1680,1050
17,2,6976,1779661738.53845,2,1680,1050
17,2,6977,1779661738.55927,2,1680,1050
17,2,6978,1779661738.58009,2,1680,1050
17,2,6979,1779661738.60091,2,1680,1050
17,2,6980,1779661738.62175,2,1680,1050
17,2,6981,1779661738.64255,2,1680,1050
17,2,6982,1779661738.66337,2,1680,1050
17,2,6983,1779661738.68419,2,1680,1050
17,2,6984,1779661738.705,2,1680,1050
17,2,6985,1779661738.72583,2,1680,1050
17,2,6986,1779661738.74664,2,1680,1050
17,2,6987,1779661738.76746,2,1680,1050
17,2,6988,1779661738.78828,2,1680,1050
17,2,6989,1779661738.8091,2,1680,1050
17,2,6990,1779661738.82992,2,1680,1050
17,2,6991,1779661738.85074,2,1680,1050
17,2,6992,1779661738.87156,2,1680,1050
17,2,6993,1779661738.89238,2,1680,1050
17,2,6994,1779661738.9132,2,1680,1050
17,2,6995,1779661738.93402,2,1680,1050
17,2,6996,1779661738.95484,2,1680,1050
17,2,6997,1779661738.97566,2,1680,1050
17,2,6998,1779661738.99648,2,1680,1050
17,2,6999,1779661739.0173,2,1680,1050
17,2,7000,1779661739.03812,2,1680,1050
17,2,7001,1779661739.05894,2,1680,1050
17,2,7002,1779661739.07975,2,1680,1050
17,2,7003,1779661739.10058,2,1680,1050
17,2,7004,1779661739.12139,2,1680,1050
17,2,7005,1779661739.14221,2,1680,1050
17,2,7006,1779661739.16303,2,1680,1050
17,2,7007,1779661739.18385,2,1680,1050
17,2,7008,1779661739.20467,2,1680,1050
17,2,7009,1779661739.22549,2,1680,1050
17,2,7010,1779661739.24631,1,1680,1050
17,2,7011,1779661739.26713,1,1680,1050
17,2,7012,1779661739.28795,1,1680,1050
17,2,7013,1779661739.30877,1,1680,1050
17,2,7014,1779661739.32959,1,1680,1050
17,2,7015,1779661739.35041,1,1680,1050
17,2,7016,1779661739.37123,1,1680,1050
17,2,7017,1779661739.39205,1,1680,1050
17,2,7018,1779661739.41287,1,1680,1050
17,2,7019,1779661739.43368,1,1680,1050
17,2,7020,1779661739.45451,1,1680,1050
17,2,7021,1779661739.47532,1,1680,1050
17,2,7022,1779661739.49614,1,1680,1050
17,2,7023,1779661739.51696,1,1680,1050
17,2,7024,1779661739.53778,1,1680,1050
17,2,7025,1779661739.5586,1,1680,1050
17,2,7026,1779661739.57942,1,1680,1050
17,2,7027,1779661739.60024,1,1680,1050
17,2,7028,1779661739.62106,1,1680,1050
17,2,7029,1779661739.64188,1,1680,1050
17,2,7030,1779661739.6627,1,1680,1050
17,2,7031,1779661739.68352,1,1680,1050
17,2,7032,1779661739.70434,1,1680,1050
17,2,7033,1779661739.72516,1,1680,1050
17,2,7034,1779661739.74598,1,1680,1050
17,2,7035,1779661739.7668,1,1680,1050
17,2,7036,1779661739.78762,1,1680,1050
17,2,7037,1779661739.80844,1,1680,1050
17,2,7038,1779661739.82925,1,1680,1050
17,2,7039,1779661739.85007,1,1680,1050
17,2,7040,1779661739.87089,1,1680,1050
17,2,7041,1779661739.89171,1,1680,1050
17,2,7042,1779661739.91253,1,1680,1050
17,2,7043,1779661739.93335,1,1680,1050
17,2,7044,1779661739.95417,1,1680,1050
17,2,7045,1779661739.97499,1,1680,1050
17,2,7046,1779661739.99581,1,1680,1050
17,2,7047,1779661740.01663,1,1680,1050
17,2,7048,1779661740.03745,1,1680,1050
17,2,7049,1779661740.05827,1,1680,1050
17,2,7050,1779661740.07909,1,1680,1050
17,2,7051,1779661740.09991,1,1680,1050
17,2,7052,1779661740.12073,1,1680,1050
17,2,7053,1779661740.14155,1,1680,1050
17,2,7054,1779661740.16237,1,1680,1050
17,2,7055,1779661740.18318,1,1680,1050
17,2,7056,1779661740.20401,1,1680,1050
17,2,7057,1779661740.22482,1,1680,1050
17,2,7058,1779661740.24564,1,1680,1050
17,2,7059,1779661740.26646,1,1680,1050
17,2,7060,1779661740.28728,1,1680,1050
17,2,7061,1779661740.3081,1,1680,1050
17,2,7062,1779661740.32892,1,1680,1050
17,2,7063,1779661740.34974,1,1680,1050
17,2,7064,1779661740.37056,1,1680,1050
17,2,7065,1779661740.39138,1,1680,1050
17,2,7066,1779661740.4122,1,1680,1050
17,2,7067,1779661740.43302,1,1680,1050
17,2,7068,1779661740.45384,1,1680,1050
17,2,7069,1779661740.47466,1,1680,1050
17,2,7070,1779661740.49548,1,1680,1050
17,2,7071,1779661740.5163,1,1680,1050
17,2,7072,1779661740.53712,1,1680,1050
17,2,7073,1779661740.55793,1,1680,1050
17,2,7074,1779661740.57875,1,1680,1050
17,2,7075,1779661740.59957,1,1680,1050
17,2,7076,1779661740.62039,1,1680,1050
17,2,7077,1779661740.64121,1,1680,1050
17,2,7078,1779661740.66203,1,1680,1050
17,2,7079,1779661740.68285,1,1680,1050
17,2,7080,1779661740.70367,1,1680,1050
17,2,7081,1779661740.72449,1,1680,1050
17,2,7082,1779661740.74531,1,1680,1050
17,2,7083,1779661740.76613,1,1680,1050
17,2,7084,1779661740.78695,1,1680,1050
17,2,7085,1779661740.80777,1,1680,1050
17,2,7086,1779661740.82859,1,1680,1050
17,2,7087,1779661740.84941,1,1680,1050
17,2,7088,1779661740.87023,1,1680,1050
17,2,7089,1779661740.89105,1,1680,1050
17,2,7090,1779661740.91186,1,1680,1050
17,2,7091,1779661740.93268,1,1680,1050
17,2,7092,1779661740.9535,1,1680,1050
17,2,7093,1779661740.97432,1,1680,1050
17,2,7094,1779661740.99514,1,1680,1050
17,2,7095,1779661741.01596,1,1680,1050
17,2,7096,1779661741.03678,1,1680,1050
17,2,7097,1779661741.0576,1,1680,1050
17,2,7098,1779661741.07842,1,1680,1050
17,2,7099,1779661741.09924,1,1680,1050
17,2,7100,1779661741.12006,1,1680,1050
17,2,7101,1779661741.14088,1,1680,1050
17,2,7102,1779661741.1617,1,1680,1050
17,2,7103,1779661741.18252,1,1680,1050
17,2,7104,1779661741.20334,1,1680,1050
17,2,7105,1779661741.22416,1,1680,1050
17,2,7106,1779661741.24498,1,1680,1050
17,2,7107,1779661741.2658,1,1680,1050
17,2,7108,1779661741.28662,1,1680,1050
17,2,7109,1779661741.30743,1,1680,1050
17,2,7110,1779661741.32825,1,1680,1050
17,2,7111,1779661741.34907,1,1680,1050
17,2,7112,1779661741.36989,1,1680,1050
17,2,7113,1779661741.39071,1,1680,1050
17,2,7114,1779661741.41153,1,1680,1050
17,2,7115,1779661741.43235,1,1680,1050
17,2,7116,1779661741.45317,1,1680,1050
17,2,7117,1779661741.47399,1,1680,1050
17,2,7118,1779661741.49481,1,1680,1050
17,2,7119,1779661741.51563,1,1680,1050
17,2,7120,1779661741.53645,1,1680,1050
17,2,7121,1779661741.55727,1,1680,1050
17,2,7122,1779661741.57809,1,1680,1050
17,2,7123,1779661741.59891,1,1680,1050
17,2,7124,1779661741.61973,1,1680,1050
17,2,7125,1779661741.64055,1,1680,1050
17,2,7126,1779661741.66136,1,1680,1050
17,2,7127,1779661741.68218,1,1680,1050
17,2,7128,1779661741.703,1,1680,1050
17,2,7129,1779661741.72382,1,1680,1050
17,2,7130,1779661741.74464,1,1680,1050
17,2,7131,1779661741.76546,1,1680,1050
17,2,7132,1779661741.78628,1,1680,1050
17,2,7133,1779661741.8071,1,1680,1050
17,2,7134,1779661741.82792,1,1680,1050
17,2,7135,1779661741.84874,1,1680,1050
17,2,7136,1779661741.86956,1,1680,1050
17,2,7137,1779661741.89038,1,1680,1050
17,2,7138,1779661741.9112,1,1680,1050
17,2,7139,1779661741.93202,1,1680,1050
17,2,7140,1779661741.95284,1,1680,1050
17,2,7141,1779661741.97366,1,1680,1050
17,2,7142,1779661741.99448,1,1680,1050
17,2,7143,1779661742.0153,1,1680,1050
17,2,7144,1779661742.03611,1,1680,1050
17,2,7145,1779661742.05693,1,1680,1050
17,2,7146,1779661742.07775,1,1680,1050
17,2,7147,1779661742.09857,1,1680,1050
17,2,7148,1779661742.11939,1,1680,1050
17,2,7149,1779661742.14021,1,1680,1050
17,2,7150,1779661742.16103,1,1680,1050
17,2,7151,1779661742.18185,1,1680,1050
17,2,7152,1779661742.20267,1,1680,1050
17,2,7153,1779661742.22349,1,1680,1050
17,2,7154,1779661742.24431,1,1680,1050
17,2,7155,1779661742.26513,1,1680,1050
17,2,7156,1779661742.28595,1,1680,1050
17,2,7157,1779661742.30677,1,1680,1050
17,2,7158,1779661742.32759,1,1680,1050
17,2,7159,1779661742.34841,1,1680,1050
17,2,7160,1779661742.36922,1,1680,1050
17,2,7161,1779661742.39005,1,1680,1050
17,2,7162,1779661742.41086,1,1680,1050
17,2,7163,1779661742.43168,1,1680,1050
17,2,7164,1779661742.4525,1,1680,1050
17,2,7165,1779661742.47332,1,1680,1050
17,2,7166,1779661742.49414,1,1680,1050
17,2,7167,1779661742.51496,1,1680,1050
17,2,7168,1779661742.53578,1,1680,1050
17,2,7169,1779661742.5566,1,1680,1050
17,2,7170,1779661742.57742,1,1680,1050
17,2,7171,1779661742.59824,1,1680,1050
17,2,7172,1779661742.61906,1,1680,1050
17,2,7173,1779661742.63988,1,1680,1050
17,2,7174,1779661742.6607,1,1680,1050
17,2,7175,1779661742.68152,1,1680,1050
17,2,7176,1779661742.70234,1,1680,1050
17,2,7177,1779661742.72316,1,1680,1050
17,2,7178,1779661742.74398,1,1680,1050
17,2,7179,1779661742.76479,1,1680,1050
17,2,7180,1779661742.78561,1,1680,1050
17,2,7181,1779661742.80643,1,1680,1050
17,2,7182,1779661742.82725,1,1680,1050
17,2,7183,1779661742.84807,1,1680,1050
17,2,7184,1779661742.86889,1,1680,1050
17,2,7185,1779661742.88971,1,1680,1050
17,2,7186,1779661742.91053,1,1680,1050
17,2,7187,1779661742.93135,1,1680,1050
17,2,7188,1779661742.95217,1,1680,1050
17,2,7189,1779661742.97299,1,1680,1050
17,2,7190,1779661742.99381,1,1680,1050
17,2,7191,1779661743.01463,1,1680,1050
17,2,7192,1779661743.03545,1,1680,1050
17,2,7193,1779661743.05627,1,1680,1050
17,2,7194,1779661743.07709,1,1680,1050
17,2,7195,1779661743.0979,1,1680,1050
17,2,7196,1779661743.11872,1,1680,1050
17,2,7197,1779661743.13954,1,1680,1050
17,2,7198,1779661743.16036,1,1680,1050
17,2,7199,1779661743.18118,1,1680,1050
17,2,7200,1779661743.202,1,1680,1050
17,2,7201,1779661743.22282,1,1680,1050
17,2,7202,1779661743.24364,2,1680,1050
17,2,7203,1779661743.26446,2,1680,1050
17,2,7204,1779661743.28528,2,1680,1050
17,2,7205,1779661743.3061,2,1680,1050
17,2,7206,1779661743.32692,2,1680,1050
17,2,7207,1779661743.34774,2,1680,1050
17,2,7208,1779661743.36856,2,1680,1050
17,2,7209,1779661743.38938,2,1680,1050
17,2,7210,1779661743.4102,2,1680,1050
17,2,7211,1779661743.43102,2,1680,1050
17,2,7212,1779661743.45184,2,1680,1050
17,2,7213,1779661743.47266,2,1680,1050
17,2,7214,1779661743.49348,2,1680,1050
17,2,7215,1779661743.51429,2,1680,1050
17,2,7216,1779661743.53511,2,1680,1050
17,2,7217,1779661743.55593,2,1680,1050
17,2,7218,1779661743.57675,2,1680,1050
17,2,7219,1779661743.59757,2,1680,1050
17,2,7220,1779661743.61839,2,1680,1050
17,2,7221,1779661743.63921,2,1680,1050
17,2,7222,1779661743.66003,2,1680,1050
17,2,7223,1779661743.68085,2,1680,1050
17,2,7224,1779661743.70167,2,1680,1050
17,2,7225,1779661743.72249,2,1680,1050
17,2,7226,1779661743.74331,2,1680,1050
17,2,7227,1779661743.76413,2,1680,1050
17,2,7228,1779661743.78495,2,1680,1050
17,2,7229,1779661743.80577,2,1680,1050
17,2,7230,1779661743.82659,2,1680,1050
17,2,7231,1779661743.84741,2,1680,1050
17,2,7232,1779661743.86822,2,1680,1050
17,2,7233,1779661743.88904,2,1680,1050
17,2,7234,1779661743.90986,2,1680,1050
17,2,7235,1779661743.93068,2,1680,1050
17,2,7236,1779661743.9515,2,1680,1050
17,2,7237,1779661743.97232,2,1680,1050
17,2,7238,1779661743.99316,2,1680,1050
17,2,7239,1779661744.01396,2,1680,1050
17,2,7240,1779661744.03478,2,1680,1050
17,2,7241,1779661744.0556,2,1680,1050
17,2,7242,1779661744.07642,2,1680,1050
17,2,7243,1779661744.09724,2,1680,1050
17,2,7244,1779661744.11806,2,1680,1050
17,2,7245,1779661744.13888,2,1680,1050
17,2,7246,1779661744.1597,2,1680,1050
17,2,7247,1779661744.18052,2,1680,1050
17,2,7248,1779661744.20134,2,1680,1050
17,2,7249,1779661744.22216,2,1680,1050
17,2,7250,1779661744.24297,2,1680,1050
17,2,7251,1779661744.26379,2,1680,1050
17,2,7252,1779661744.28461,2,1680,1050
17,2,7253,1779661744.30543,2,1680,1050
17,2,7254,1779661744.32625,2,1680,1050
17,2,7255,1779661744.34707,2,1680,1050
17,2,7256,1779661744.36789,2,1680,1050
17,2,7257,1779661744.38871,2,1680,1050
17,2,7258,1779661744.40953,2,1680,1050
17,2,7259,1779661744.43035,2,1680,1050
17,2,7260,1779661744.45117,2,1680,1050
17,2,7261,1779661744.47199,2,1680,1050
17,2,7262,1779661744.49281,2,1680,1050
17,2,7263,1779661744.51363,2,1680,1050
17,2,7264,1779661744.53445,2,1680,1050
17,2,7265,1779661744.55526,2,1680,1050
17,2,7266,1779661744.57609,2,1680,1050
17,2,7267,1779661744.5969,2,1680,1050
17,2,7268,1779661744.61772,2,1680,1050
17,2,7269,1779661744.63854,2,1680,1050
17,2,7270,1779661744.65936,2,1680,1050
17,2,7271,1779661744.68018,2,1680,1050
17,2,7272,1779661744.701,2,1680,1050
17,2,7273,1779661744.72182,2,1680,1050
17,2,7274,1779661744.74264,2,1680,1050
17,2,7275,1779661744.76346,2,1680,1050
17,2,7276,1779661744.78428,2,1680,1050
17,2,7277,1779661744.8051,2,1680,1050
17,2,7278,1779661744.82592,2,1680,1050
17,2,7279,1779661744.84674,2,1680,1050
17,2,7280,1779661744.86756,2,1680,1050
17,2,7281,1779661744.88838,2,1680,1050
17,2,7282,1779661744.9092,2,1680,1050
17,2,7283,1779661744.93001,2,1680,1050
17,2,7284,1779661744.95083,2,1680,1050
17,2,7285,1779661744.97165,2,1680,1050
17,2,7286,1779661744.99247,2,1680,1050
17,2,7287,1779661745.01329,2,1680,1050
17,2,7288,1779661745.03411,2,1680,1050
17,2,7289,1779661745.05493,2,1680,1050
17,2,7290,1779661745.07575,2,1680,1050
17,2,7291,1779661745.09657,2,1680,1050
17,2,7292,1779661745.11739,2,1680,1050
17,2,7293,1779661745.13821,2,1680,1050
17,2,7294,1779661745.15903,2,1680,1050
17,2,7295,1779661745.17985,2,1680,1050
17,2,7296,1779661745.20067,2,1680,1050
17,2,7297,1779661745.22149,2,1680,1050
17,2,7298,1779661745.24231,-1,1680,1050
17,2,7299,1779661745.26313,-1,1680,1050
17,2,7300,1779661745.28394,-1,1680,1050
17,2,7301,1779661745.30477,-1,1680,1050
17,2,7302,1779661745.32558,-1,1680,1050
17,2,7303,1779661745.3464,-1,1680,1050
17,2,7304,1779661745.36722,-1,1680,1050
17,2,7305,1779661745.38804,-1,1680,1050
17,2,7306,1779661745.40886,-1,1680,1050
17,2,7307,1779661745.42968,-1,1680,1050
17,2,7308,1779661745.4505,-1,1680,1050
17,2,7309,1779661745.47132,-1,1680,1050
17,2,7310,1779661745.49214,-1,1680,1050
17,2,7311,1779661745.51296,-1,1680,1050
17,2,7312,1779661745.53378,-1,1680,1050
17,2,7313,1779661745.5546,-1,1680,1050
17,2,7314,1779661745.57542,-1,1680,1050
17,2,7315,1779661745.59624,-1,1680,1050
17,2,7316,1779661745.61706,-1,1680,1050
17,2,7317,1779661745.63788,-1,1680,1050
17,2,7318,1779661745.6587,-1,1680,1050
17,2,7319,1779661745.67951,-1,1680,1050
17,2,7320,1779661745.70033,-1,1680,1050
17,2,7321,1779661745.72115,-1,1680,1050
17,2,7322,1779661745.74197,-1,1680,1050
17,2,7323,1779661745.76279,-1,1680,1050
17,2,7324,1779661745.78361,-1,1680,1050
17,2,7325,1779661745.80443,-1,1680,1050
17,2,7326,1779661745.82525,-1,1680,1050
17,2,7327,1779661745.84607,-1,1680,1050
17,2,7328,1779661745.86689,-1,1680,1050
17,2,7329,1779661745.88771,-1,1680,1050
17,2,7330,1779661745.90853,-1,1680,1050
17,2,7331,1779661745.92935,-1,1680,1050
17,2,7332,1779661745.95017,-1,1680,1050
17,2,7333,1779661745.97099,-1,1680,1050
17,2,7334,1779661745.99181,-1,1680,1050
17,2,7335,1779661746.01263,-1,1680,1050
17,2,7336,1779661746.03344,-1,1680,1050
17,2,7337,1779661746.05426,-1,1680,1050
17,2,7338,1779661746.07508,-1,1680,1050
17,2,7339,1779661746.0959,-1,1680,1050
17,2,7340,1779661746.11672,-1,1680,1050
17,2,7341,1779661746.13754,-1,1680,1050
17,2,7342,1779661746.15836,-1,1680,1050
17,2,7343,1779661746.17918,-1,1680,1050
17,2,7344,1779661746.2,-1,1680,1050
17,2,7345,1779661746.22082,-1,1680,1050
17,2,7346,1779661746.24164,-1,1680,1050
17,2,7347,1779661746.26246,-1,1680,1050
17,2,7348,1779661746.28328,-1,1680,1050
17,2,7349,1779661746.3041,-1,1680,1050
17,2,7350,1779661746.32492,-1,1680,1050
17,2,7351,1779661746.34574,-1,1680,1050
17,2,7352,1779661746.36656,-1,1680,1050
17,2,7353,1779661746.38738,-1,1680,1050
17,2,7354,1779661746.40819,-1,1680,1050
17,2,7355,1779661746.42901,-1,1680,1050
17,2,7356,1779661746.44983,-1,1680,1050
17,2,7357,1779661746.47065,-1,1680,1050
17,2,7358,1779661746.49147,-1,1680,1050
17,2,7359,1779661746.51229,-1,1680,1050
17,2,7360,1779661746.53311,-1,1680,1050
17,2,7361,1779661746.55393,-1,1680,1050
17,2,7362,1779661746.57475,-1,1680,1050
17,2,7363,1779661746.59557,-1,1680,1050
17,2,7364,1779661746.61639,-1,1680,1050
17,2,7365,1779661746.63721,-1,1680,1050
17,2,7366,1779661746.65803,-1,1680,1050
17,2,7367,1779661746.67885,-1,1680,1050
17,2,7368,1779661746.69967,-1,1680,1050
17,2,7369,1779661746.72049,-1,1680,1050
17,2,7370,1779661746.74131,-1,1680,1050
17,2,7371,1779661746.76213,-1,1680,1050
17,2,7372,1779661746.78294,-1,1680,1050
17,2,7373,1779661746.80376,-1,1680,1050
17,2,7374,1779661746.82458,-1,1680,1050
17,2,7375,1779661746.8454,-1,1680,1050
17,2,7376,1779661746.86622,-1,1680,1050
17,2,7377,1779661746.88704,-1,1680,1050
17,2,7378,1779661746.90786,-1,1680,1050
17,2,7379,1779661746.92868,-1,1680,1050
17,2,7380,1779661746.9495,-1,1680,1050
17,2,7381,1779661746.97032,-1,1680,1050
17,2,7382,1779661746.99114,-1,1680,1050
17,2,7383,1779661747.01196,-1,1680,1050
17,2,7384,1779661747.03278,-1,1680,1050
17,2,7385,1779661747.0536,-1,1680,1050
17,2,7386,1779661747.07442,-1,1680,1050
17,2,7387,1779661747.09524,-1,1680,1050
17,2,7388,1779661747.11606,-1,1680,1050
17,2,7389,1779661747.13687,-1,1680,1050
17,2,7390,1779661747.15769,-1,1680,1050
17,2,7391,1779661747.17851,-1,1680,1050
17,2,7392,1779661747.19933,-1,1680,1050
17,2,7393,1779661747.22015,-1,1680,1050
17,2,7394,1779661747.24097,-1,1680,1050
17,2,7395,1779661747.26179,-1,1680,1050
17,2,7396,1779661747.28261,-1,1680,1050
17,2,7397,1779661747.30343,-1,1680,1050
17,2,7398,1779661747.32425,-1,1680,1050
17,2,7399,1779661747.34507,-1,1680,1050
17,2,7400,1779661747.36589,-1,1680,1050
17,2,7401,1779661747.38671,-1,1680,1050
17,2,7402,1779661747.40753,-1,1680,1050
17,2,7403,1779661747.42835,-1,1680,1050
17,2,7404,1779661747.44917,-1,1680,1050
17,2,7405,1779661747.46999,-1,1680,1050
17,2,7406,1779661747.4908,-1,1680,1050
17,2,7407,1779661747.51162,-1,1680,1050
17,2,7408,1779661747.53244,-1,1680,1050
17,2,7409,1779661747.55326,-1,1680,1050
17,2,7410,1779661747.57408,-1,1680,1050
17,2,7411,1779661747.5949,-1,1680,1050
17,2,7412,1779661747.61572,-1,1680,1050
17,2,7413,1779661747.63654,-1,1680,1050
17,2,7414,1779661747.65736,-1,1680,1050
17,2,7415,1779661747.67818,-1,1680,1050
17,2,7416,1779661747.699,-1,1680,1050
17,2,7417,1779661747.71982,-1,1680,1050
17,2,7418,1779661747.74064,-1,1680,1050
17,2,7419,1779661747.76146,-1,1680,1050
17,2,7420,1779661747.78228,-1,1680,1050
17,2,7421,1779661747.8031,-1,1680,1050
17,2,7422,1779661747.82392,-1,1680,1050
17,2,7423,1779661747.84474,-1,1680,1050
17,2,7424,1779661747.86555,-1,1680,1050
17,2,7425,1779661747.88638,-1,1680,1050
17,2,7426,1779661747.90719,-1,1680,1050
17,2,7427,1779661747.92801,-1,1680,1050
17,2,7428,1779661747.94883,-1,1680,1050
17,2,7429,1779661747.96965,-1,1680,1050
17,2,7430,1779661747.99047,-1,1680,1050
17,2,7431,1779661748.01129,-1,1680,1050
17,2,7432,1779661748.03211,-1,1680,1050
17,2,7433,1779661748.05293,-1,1680,1050
17,2,7434,1779661748.07375,-1,1680,1050
17,2,7435,1779661748.09457,-1,1680,1050
17,2,7436,1779661748.11539,-1,1680,1050
17,2,7437,1779661748.13621,-1,1680,1050
17,2,7438,1779661748.15703,-1,1680,1050
17,2,7439,1779661748.17785,-1,1680,1050
17,2,7440,1779661748.19867,-1,1680,1050
17,2,7441,1779661748.21949,-1,1680,1050
17,2,7442,1779661748.2403,1,1680,1050
17,2,7443,1779661748.26112,1,1680,1050
17,2,7444,1779661748.28194,1,1680,1050
17,2,7445,1779661748.30276,1,1680,1050
17,2,7446,1779661748.32358,1,1680,1050
17,2,7447,1779661748.3444,1,1680,1050
17,2,7448,1779661748.36522,1,1680,1050
17,2,7449,1779661748.38604,1,1680,1050
17,2,7450,1779661748.40686,1,1680,1050
17,2,7451,1779661748.42768,1,1680,1050
17,2,7452,1779661748.4485,1,1680,1050
17,2,7453,1779661748.46932,1,1680,1050
17,2,7454,1779661748.49014,1,1680,1050
17,2,7455,1779661748.51096,1,1680,1050
17,2,7456,1779661748.53178,1,1680,1050
17,2,7457,1779661748.5526,1,1680,1050
17,2,7458,1779661748.57342,1,1680,1050
17,2,7459,1779661748.59424,1,1680,1050
17,2,7460,1779661748.61505,1,1680,1050
17,2,7461,1779661748.63587,1,1680,1050
17,2,7462,1779661748.65669,1,1680,1050
17,2,7463,1779661748.67751,1,1680,1050
17,2,7464,1779661748.69833,1,1680,1050
17,2,7465,1779661748.71915,1,1680,1050
17,2,7466,1779661748.73997,1,1680,1050
17,2,7467,1779661748.76079,1,1680,1050
17,2,7468,1779661748.78161,1,1680,1050
17,2,7469,1779661748.80243,1,1680,1050
17,2,7470,1779661748.82325,1,1680,1050
17,2,7471,1779661748.84407,1,1680,1050
17,2,7472,1779661748.86489,1,1680,1050
17,2,7473,1779661748.88571,1,1680,1050
17,2,7474,1779661748.90653,1,1680,1050
17,2,7475,1779661748.92735,1,1680,1050
17,2,7476,1779661748.94816,1,1680,1050
17,2,7477,1779661748.96899,1,1680,1050
17,2,7478,1779661748.9898,1,1680,1050
17,2,7479,1779661749.01062,1,1680,1050
17,2,7480,1779661749.03144,1,1680,1050
17,2,7481,1779661749.05226,1,1680,1050
17,2,7482,1779661749.07308,1,1680,1050
17,2,7483,1779661749.0939,1,1680,1050
17,2,7484,1779661749.11472,1,1680,1050
17,2,7485,1779661749.13554,1,1680,1050
17,2,7486,1779661749.15636,1,1680,1050
17,2,7487,1779661749.17718,1,1680,1050
17,2,7488,1779661749.198,1,1680,1050
17,2,7489,1779661749.21882,1,1680,1050
17,2,7490,1779661749.23964,1,1680,1050
17,2,7491,1779661749.26046,1,1680,1050
17,2,7492,1779661749.28128,1,1680,1050
17,2,7493,1779661749.3021,1,1680,1050
17,2,7494,1779661749.32292,1,1680,1050
17,2,7495,1779661749.34373,1,1680,1050
17,2,7496,1779661749.36455,1,1680,1050
17,2,7497,1779661749.38537,1,1680,1050
17,2,7498,1779661749.40619,1,1680,1050
17,2,7499,1779661749.42701,1,1680,1050
17,2,7500,1779661749.44783,1,1680,1050
17,2,7501,1779661749.46865,1,1680,1050
17,2,7502,1779661749.48947,1,1680,1050
17,2,7503,1779661749.51029,1,1680,1050
17,2,7504,1779661749.53111,1,1680,1050
17,2,7505,1779661749.55193,1,1680,1050
17,2,7506,1779661749.57275,1,1680,1050
17,2,7507,1779661749.59357,1,1680,1050
17,2,7508,1779661749.61439,1,1680,1050
17,2,7509,1779661749.63521,1,1680,1050
17,2,7510,1779661749.65603,1,1680,1050
17,2,7511,1779661749.67685,1,1680,1050
17,2,7512,1779661749.69767,1,1680,1050
17,2,7513,1779661749.71848,1,1680,1050
17,2,7514,1779661749.7393,1,1680,1050
17,2,7515,1779661749.76012,1,1680,1050
17,2,7516,1779661749.78094,1,1680,1050
17,2,7517,1779661749.80176,1,1680,1050
17,2,7518,1779661749.82258,1,1680,1050
17,2,7519,1779661749.8434,1,1680,1050
17,2,7520,1779661749.86422,1,1680,1050
17,2,7521,1779661749.88504,1,1680,1050
17,2,7522,1779661749.90586,1,1680,1050
17,2,7523,1779661749.92668,1,1680,1050
17,2,7524,1779661749.9475,1,1680,1050
17,2,7525,1779661749.96832,1,1680,1050
17,2,7526,1779661749.98914,1,1680,1050
17,2,7527,1779661750.00996,1,1680,1050
17,2,7528,1779661750.03078,1,1680,1050
17,2,7529,1779661750.05159,1,1680,1050
17,2,7530,1779661750.07241,1,1680,1050
17,2,7531,1779661750.09323,1,1680,1050
17,2,7532,1779661750.11405,1,1680,1050
17,2,7533,1779661750.13487,1,1680,1050
17,2,7534,1779661750.15569,1,1680,1050
17,2,7535,1779661750.17651,1,1680,1050
17,2,7536,1779661750.19733,1,1680,1050
17,2,7537,1779661750.21815,1,1680,1050
17,2,7538,1779661750.23897,1,1680,1050
17,2,7539,1779661750.25979,1,1680,1050
17,2,7540,1779661750.28061,1,1680,1050
17,2,7541,1779661750.30143,1,1680,1050
17,2,7542,1779661750.32225,1,1680,1050
17,2,7543,1779661750.34307,1,1680,1050
17,2,7544,1779661750.36389,1,1680,1050
17,2,7545,1779661750.38471,1,1680,1050
17,2,7546,1779661750.40553,1,1680,1050
17,2,7547,1779661750.42634,1,1680,1050
17,2,7548,1779661750.44717,1,1680,1050
17,2,7549,1779661750.46798,1,1680,1050
17,2,7550,1779661750.4888,1,1680,1050
17,2,7551,1779661750.50962,1,1680,1050
17,2,7552,1779661750.53044,1,1680,1050
17,2,7553,1779661750.55126,1,1680,1050
17,2,7554,1779661750.57208,1,1680,1050
17,2,7555,1779661750.5929,1,1680,1050
17,2,7556,1779661750.61372,1,1680,1050
17,2,7557,1779661750.63454,1,1680,1050
17,2,7558,1779661750.65536,1,1680,1050
17,2,7559,1779661750.67618,1,1680,1050
17,2,7560,1779661750.697,1,1680,1050
17,2,7561,1779661750.71782,1,1680,1050
17,2,7562,1779661750.73864,1,1680,1050
17,2,7563,1779661750.75946,1,1680,1050
17,2,7564,1779661750.78028,1,1680,1050
17,2,7565,1779661750.80109,1,1680,1050
17,2,7566,1779661750.82191,1,1680,1050
17,2,7567,1779661750.84273,1,1680,1050
17,2,7568,1779661750.86355,1,1680,1050
17,2,7569,1779661750.88437,1,1680,1050
17,2,7570,1779661750.90519,1,1680,1050
17,2,7571,1779661750.92601,1,1680,1050
17,2,7572,1779661750.94683,1,1680,1050
17,2,7573,1779661750.96765,1,1680,1050
17,2,7574,1779661750.98847,1,1680,1050
17,2,7575,1779661751.00929,1,1680,1050
17,2,7576,1779661751.03011,1,1680,1050
17,2,7577,1779661751.05093,1,1680,1050
17,2,7578,1779661751.07175,1,1680,1050
17,2,7579,1779661751.09257,1,1680,1050
17,2,7580,1779661751.11339,1,1680,1050
17,2,7581,1779661751.13421,1,1680,1050
17,2,7582,1779661751.15502,1,1680,1050
17,2,7583,1779661751.17584,1,1680,1050
17,2,7584,1779661751.19666,1,1680,1050
17,2,7585,1779661751.21748,1,1680,1050
17,2,7586,1779661751.2383,1,1680,1050
17,2,7587,1779661751.25912,1,1680,1050
17,2,7588,1779661751.27994,1,1680,1050
17,2,7589,1779661751.30076,1,1680,1050
17,2,7590,1779661751.32158,1,1680,1050
17,2,7591,1779661751.3424,1,1680,1050
17,2,7592,1779661751.36322,1,1680,1050
17,2,7593,1779661751.38404,1,1680,1050
17,2,7594,1779661751.40486,1,1680,1050
17,2,7595,1779661751.42568,1,1680,1050
17,2,7596,1779661751.4465,1,1680,1050
17,2,7597,1779661751.46732,1,1680,1050
17,2,7598,1779661751.48814,1,1680,1050
17,2,7599,1779661751.50895,1,1680,1050
17,2,7600,1779661751.52977,1,1680,1050
17,2,7601,1779661751.5506,1,1680,1050
17,2,7602,1779661751.57141,1,1680,1050
17,2,7603,1779661751.59223,1,1680,1050
17,2,7604,1779661751.61305,1,1680,1050
17,2,7605,1779661751.63387,1,1680,1050
17,2,7606,1779661751.65469,1,1680,1050
17,2,7607,1779661751.67551,1,1680,1050
17,2,7608,1779661751.69633,1,1680,1050
17,2,7609,1779661751.71715,1,1680,1050
17,2,7610,1779661751.73797,1,1680,1050
17,2,7611,1779661751.75879,1,1680,1050
17,2,7612,1779661751.77961,1,1680,1050
17,2,7613,1779661751.80043,1,1680,1050
17,2,7614,1779661751.82125,1,1680,1050
17,2,7615,1779661751.84207,1,1680,1050
17,2,7616,1779661751.86289,1,1680,1050
17,2,7617,1779661751.88371,1,1680,1050
17,2,7618,1779661751.90453,1,1680,1050
17,2,7619,1779661751.92534,1,1680,1050
17,2,7620,1779661751.94616,1,1680,1050
17,2,7621,1779661751.96698,1,1680,1050
17,2,7622,1779661751.9878,1,1680,1050
17,2,7623,1779661752.00862,1,1680,1050
17,2,7624,1779661752.02944,1,1680,1050
17,2,7625,1779661752.05026,1,1680,1050
17,2,7626,1779661752.07108,1,1680,1050
17,2,7627,1779661752.0919,1,1680,1050
17,2,7628,1779661752.11272,1,1680,1050
17,2,7629,1779661752.13354,1,1680,1050
17,2,7630,1779661752.15436,1,1680,1050
17,2,7631,1779661752.17518,1,1680,1050
17,2,7632,1779661752.196,1,1680,1050
17,2,7633,1779661752.21682,1,1680,1050
17,2,7634,1779661752.23764,2,1680,1050
17,2,7635,1779661752.25845,2,1680,1050
17,2,7636,1779661752.27927,2,1680,1050
17,2,7637,1779661752.30009,2,1680,1050
17,2,7638,1779661752.32091,2,1680,1050
17,2,7639,1779661752.34173,2,1680,1050
17,2,7640,1779661752.36255,2,1680,1050
17,2,7641,1779661752.38337,2,1680,1050
17,2,7642,1779661752.40419,2,1680,1050
17,2,7643,1779661752.42501,2,1680,1050
17,2,7644,1779661752.44583,2,1680,1050
17,2,7645,1779661752.46665,2,1680,1050
17,2,7646,1779661752.48747,2,1680,1050
17,2,7647,1779661752.50829,2,1680,1050
17,2,7648,1779661752.52911,2,1680,1050
17,2,7649,1779661752.54993,2,1680,1050
17,2,7650,1779661752.57075,2,1680,1050
17,2,7651,1779661752.59157,2,1680,1050
17,2,7652,1779661752.61239,2,1680,1050
17,2,7653,1779661752.6332,2,1680,1050
17,2,7654,1779661752.65402,2,1680,1050
17,2,7655,1779661752.67484,2,1680,1050
17,2,7656,1779661752.69566,2,1680,1050
17,2,7657,1779661752.71648,2,1680,1050
17,2,7658,1779661752.7373,2,1680,1050
17,2,7659,1779661752.75812,2,1680,1050
17,2,7660,1779661752.77894,2,1680,1050
17,2,7661,1779661752.79976,2,1680,1050
17,2,7662,1779661752.82058,2,1680,1050
17,2,7663,1779661752.8414,2,1680,1050
17,2,7664,1779661752.86222,2,1680,1050
17,2,7665,1779661752.88304,2,1680,1050
17,2,7666,1779661752.90386,2,1680,1050
17,2,7667,1779661752.92468,2,1680,1050
17,2,7668,1779661752.9455,2,1680,1050
17,2,7669,1779661752.96631,2,1680,1050
17,2,7670,1779661752.98713,2,1680,1050
17,2,7671,1779661753.00796,2,1680,1050
17,2,7672,1779661753.02877,2,1680,1050
17,2,7673,1779661753.04959,2,1680,1050
17,2,7674,1779661753.07041,2,1680,1050
17,2,7675,1779661753.09123,2,1680,1050
17,2,7676,1779661753.11205,2,1680,1050
17,2,7677,1779661753.13287,2,1680,1050
17,2,7678,1779661753.15369,2,1680,1050
17,2,7679,1779661753.17451,2,1680,1050
17,2,7680,1779661753.19533,2,1680,1050
17,2,7681,1779661753.21615,2,1680,1050
17,2,7682,1779661753.23697,2,1680,1050
17,2,7683,1779661753.25779,2,1680,1050
17,2,7684,1779661753.27861,2,1680,1050
17,2,7685,1779661753.29943,2,1680,1050
17,2,7686,1779661753.32025,2,1680,1050
17,2,7687,1779661753.34107,2,1680,1050
17,2,7688,1779661753.36191,2,1680,1050
17,2,7689,1779661753.3827,2,1680,1050
17,2,7690,1779661753.40352,2,1680,1050
17,2,7691,1779661753.42434,2,1680,1050
17,2,7692,1779661753.44516,2,1680,1050
17,2,7693,1779661753.46598,2,1680,1050
17,2,7694,1779661753.4868,2,1680,1050
17,2,7695,1779661753.50762,2,1680,1050
17,2,7696,1779661753.52844,2,1680,1050
17,2,7697,1779661753.54926,2,1680,1050
17,2,7698,1779661753.57008,2,1680,1050
17,2,7699,1779661753.5909,2,1680,1050
17,2,7700,1779661753.61172,2,1680,1050
17,2,7701,1779661753.63254,2,1680,1050
17,2,7702,1779661753.65336,2,1680,1050
17,2,7703,1779661753.67418,2,1680,1050
17,2,7704,1779661753.695,2,1680,1050
17,2,7705,1779661753.71582,2,1680,1050
17,2,7706,1779661753.73663,2,1680,1050
17,2,7707,1779661753.75745,2,1680,1050
17,2,7708,1779661753.77827,2,1680,1050
17,2,7709,1779661753.79909,2,1680,1050
17,2,7710,1779661753.81991,2,1680,1050
17,2,7711,1779661753.84073,2,1680,1050
17,2,7712,1779661753.86155,2,1680,1050
17,2,7713,1779661753.88237,2,1680,1050
17,2,7714,1779661753.90319,2,1680,1050
17,2,7715,1779661753.92401,2,1680,1050
17,2,7716,1779661753.94483,2,1680,1050
17,2,7717,1779661753.96565,2,1680,1050
17,2,7718,1779661753.98647,2,1680,1050
17,2,7719,1779661754.00729,2,1680,1050
17,2,7720,1779661754.02811,2,1680,1050
17,2,7721,1779661754.04893,2,1680,1050
17,2,7722,1779661754.06974,2,1680,1050
17,2,7723,1779661754.09056,2,1680,1050
17,2,7724,1779661754.11138,2,1680,1050
17,2,7725,1779661754.1322,2,1680,1050
17,2,7726,1779661754.15302,2,1680,1050
17,2,7727,1779661754.17384,2,1680,1050
17,2,7728,1779661754.19466,2,1680,1050
17,2,7729,1779661754.21548,2,1680,1050
17,2,7730,1779661754.2363,2,1680,1050
17,2,7731,1779661754.25712,2,1680,1050
17,2,7732,1779661754.27794,2,1680,1050
17,2,7733,1779661754.29876,2,1680,1050
17,2,7734,1779661754.31958,2,1680,1050
17,2,7735,1779661754.3404,2,1680,1050
17,2,7736,1779661754.36122,2,1680,1050
17,2,7737,1779661754.38204,2,1680,1050
17,2,7738,1779661754.40286,2,1680,1050
17,2,7739,1779661754.42368,2,1680,1050
17,2,7740,1779661754.44449,2,1680,1050
17,2,7741,1779661754.46531,2,1680,1050
17,2,7742,1779661754.48614,2,1680,1050
17,2,7743,1779661754.50695,2,1680,1050
17,2,7744,1779661754.52777,2,1680,1050
17,2,7745,1779661754.54859,2,1680,1050
17,2,7746,1779661754.56941,2,1680,1050
17,2,7747,1779661754.59023,2,1680,1050
17,2,7748,1779661754.61105,2,1680,1050
17,2,7749,1779661754.63187,2,1680,1050
17,2,7750,1779661754.65269,2,1680,1050
17,2,7751,1779661754.67351,2,1680,1050
17,2,7752,1779661754.69433,2,1680,1050
17,2,7753,1779661754.71515,2,1680,1050
17,2,7754,1779661754.73597,2,1680,1050
17,2,7755,1779661754.75679,2,1680,1050
17,2,7756,1779661754.77761,2,1680,1050
17,2,7757,1779661754.79843,2,1680,1050
17,2,7758,1779661754.81925,2,1680,1050
17,2,7759,1779661754.84007,2,1680,1050
17,2,7760,1779661754.86088,2,1680,1050
17,2,7761,1779661754.8817,2,1680,1050
17,2,7762,1779661754.90252,2,1680,1050
17,2,7763,1779661754.92334,2,1680,1050
17,2,7764,1779661754.94416,2,1680,1050
17,2,7765,1779661754.96498,2,1680,1050
17,2,7766,1779661754.9858,2,1680,1050
17,2,7767,1779661755.00662,2,1680,1050
17,2,7768,1779661755.02744,2,1680,1050
17,2,7769,1779661755.04826,2,1680,1050
17,2,7770,1779661755.06908,2,1680,1050
17,2,7771,1779661755.0899,2,1680,1050
17,2,7772,1779661755.11072,2,1680,1050
17,2,7773,1779661755.13154,2,1680,1050
17,2,7774,1779661755.15236,2,1680,1050
17,2,7775,1779661755.17318,2,1680,1050
17,2,7776,1779661755.19399,2,1680,1050
17,2,7777,1779661755.21481,2,1680,1050
17,2,7778,1779661755.23563,2,1680,1050
17,2,7779,1779661755.25645,2,1680,1050
17,2,7780,1779661755.27727,2,1680,1050
17,2,7781,1779661755.29809,2,1680,1050
17,2,7782,1779661755.31891,2,1680,1050
17,2,7783,1779661755.33973,2,1680,1050
17,2,7784,1779661755.36055,2,1680,1050
17,2,7785,1779661755.38137,2,1680,1050
17,2,7786,1779661755.40219,2,1680,1050
17,2,7787,1779661755.42301,2,1680,1050
17,2,7788,1779661755.44383,2,1680,1050
17,2,7789,1779661755.46465,2,1680,1050
17,2,7790,1779661755.48547,2,1680,1050
17,2,7791,1779661755.50629,2,1680,1050
17,2,7792,1779661755.52711,2,1680,1050
17,2,7793,1779661755.54792,2,1680,1050
17,2,7794,1779661755.56875,2,1680,1050
17,2,7795,1779661755.58956,2,1680,1050
17,2,7796,1779661755.61038,2,1680,1050
17,2,7797,1779661755.63122,2,1680,1050
17,2,7798,1779661755.65202,2,1680,1050
17,2,7799,1779661755.67284,2,1680,1050
17,2,7800,1779661755.69366,2,1680,1050
17,2,7801,1779661755.71448,2,1680,1050
17,2,7802,1779661755.7353,2,1680,1050
17,2,7803,1779661755.75612,2,1680,1050
17,2,7804,1779661755.77694,2,1680,1050
17,2,7805,1779661755.79776,2,1680,1050
17,2,7806,1779661755.81858,2,1680,1050
17,2,7807,1779661755.8394,2,1680,1050
17,2,7808,1779661755.86022,2,1680,1050
17,2,7809,1779661755.88104,2,1680,1050
17,2,7810,1779661755.90186,2,1680,1050
17,2,7811,1779661755.92268,2,1680,1050
17,2,7812,1779661755.94349,2,1680,1050
17,2,7813,1779661755.96431,2,1680,1050
17,2,7814,1779661755.98513,2,1680,1050
17,2,7815,1779661756.00595,2,1680,1050
17,2,7816,1779661756.02677,2,1680,1050
17,2,7817,1779661756.04759,2,1680,1050
17,2,7818,1779661756.06841,2,1680,1050
17,2,7819,1779661756.08923,2,1680,1050
17,2,7820,1779661756.11005,2,1680,1050
17,2,7821,1779661756.13087,2,1680,1050
17,2,7822,1779661756.15169,2,1680,1050
17,2,7823,1779661756.17251,2,1680,1050
17,2,7824,1779661756.19333,2,1680,1050
17,2,7825,1779661756.21415,2,1680,1050
17,2,7826,1779661756.23497,2,1680,1050
17,2,7827,1779661756.25579,2,1680,1050
17,2,7828,1779661756.2766,2,1680,1050
17,2,7829,1779661756.29742,2,1680,1050
17,2,7830,1779661756.31824,2,1680,1050
17,2,7831,1779661756.33906,2,1680,1050
17,2,7832,1779661756.35988,2,1680,1050
17,2,7833,1779661756.3807,2,1680,1050
17,2,7834,1779661756.40152,2,1680,1050
17,2,7835,1779661756.42234,2,1680,1050
17,2,7836,1779661756.44316,2,1680,1050
17,2,7837,1779661756.46398,2,1680,1050
17,2,7838,1779661756.4848,2,1680,1050
17,2,7839,1779661756.50562,2,1680,1050
17,2,7840,1779661756.52644,2,1680,1050
17,2,7841,1779661756.54726,2,1680,1050
17,2,7842,1779661756.56808,2,1680,1050
17,2,7843,1779661756.5889,2,1680,1050
17,2,7844,1779661756.60972,2,1680,1050
17,2,7845,1779661756.63053,2,1680,1050
17,2,7846,1779661756.65135,2,1680,1050
17,2,7847,1779661756.67217,2,1680,1050
17,2,7848,1779661756.69299,2,1680,1050
17,2,7849,1779661756.71381,2,1680,1050
17,2,7850,1779661756.73463,2,1680,1050
17,2,7851,1779661756.75545,2,1680,1050
17,2,7852,1779661756.77627,2,1680,1050
17,2,7853,1779661756.79709,2,1680,1050
17,2,7854,1779661756.81791,2,1680,1050
17,2,7855,1779661756.83873,2,1680,1050
17,2,7856,1779661756.85955,2,1680,1050
17,2,7857,1779661756.88037,2,1680,1050
17,2,7858,1779661756.90119,2,1680,1050
17,2,7859,1779661756.92201,2,1680,1050
17,2,7860,1779661756.94283,2,1680,1050
17,2,7861,1779661756.96365,2,1680,1050
17,2,7862,1779661756.98447,2,1680,1050
17,2,7863,1779661757.00529,2,1680,1050
17,2,7864,1779661757.0261,2,1680,1050
17,2,7865,1779661757.04692,2,1680,1050
17,2,7866,1779661757.06774,2,1680,1050
17,2,7867,1779661757.08856,2,1680,1050
17,2,7868,1779661757.10938,2,1680,1050
17,2,7869,1779661757.1302,2,1680,1050
17,2,7870,1779661757.15102,2,1680,1050
17,2,7871,1779661757.17184,2,1680,1050
17,2,7872,1779661757.19266,2,1680,1050
17,2,7873,1779661757.21348,2,1680,1050
17,2,7874,1779661757.2343,2,1680,1050
17,2,7875,1779661757.25512,2,1680,1050
17,2,7876,1779661757.27594,2,1680,1050
17,2,7877,1779661757.29676,2,1680,1050
17,2,7878,1779661757.31758,2,1680,1050
17,2,7879,1779661757.3384,2,1680,1050
17,2,7880,1779661757.35922,2,1680,1050
17,2,7881,1779661757.38003,2,1680,1050
17,2,7882,1779661757.40085,2,1680,1050
17,2,7883,1779661757.42167,2,1680,1050
17,2,7884,1779661757.44249,2,1680,1050
17,2,7885,1779661757.46331,2,1680,1050
17,2,7886,1779661757.48413,2,1680,1050
17,2,7887,1779661757.50495,2,1680,1050
17,2,7888,1779661757.52577,2,1680,1050
17,2,7889,1779661757.54659,2,1680,1050
17,2,7890,1779661757.56741,2,1680,1050
17,2,7891,1779661757.58823,2,1680,1050
17,2,7892,1779661757.60905,2,1680,1050
17,2,7893,1779661757.62987,2,1680,1050
17,2,7894,1779661757.65069,2,1680,1050
17,2,7895,1779661757.67151,2,1680,1050
17,2,7896,1779661757.69233,2,1680,1050
17,2,7897,1779661757.71315,2,1680,1050
17,2,7898,1779661757.73397,2,1680,1050
17,2,7899,1779661757.75479,2,1680,1050
17,2,7900,1779661757.7756,2,1680,1050
17,2,7901,1779661757.79642,2,1680,1050
17,2,7902,1779661757.81724,2,1680,1050
17,2,7903,1779661757.83806,2,1680,1050
17,2,7904,1779661757.85888,2,1680,1050
17,2,7905,1779661757.8797,2,1680,1050
17,2,7906,1779661757.90052,2,1680,1050
17,2,7907,1779661757.92134,2,1680,1050
17,2,7908,1779661757.94216,2,1680,1050
17,2,7909,1779661757.96298,2,1680,1050
17,2,7910,1779661757.9838,2,1680,1050
17,2,7911,1779661758.00462,2,1680,1050
17,2,7912,1779661758.02544,2,1680,1050
17,2,7913,1779661758.04626,2,1680,1050
17,2,7914,1779661758.06708,2,1680,1050
17,2,7915,1779661758.0879,2,1680,1050
17,2,7916,1779661758.10871,2,1680,1050
17,2,7917,1779661758.12953,2,1680,1050
17,2,7918,1779661758.15035,2,1680,1050
17,2,7919,1779661758.17117,2,1680,1050
17,2,7920,1779661758.19199,2,1680,1050
17,2,7921,1779661758.21281,2,1680,1050
17,2,7922,1779661758.23363,1,1680,1050
17,2,7923,1779661758.25445,1,1680,1050
17,2,7924,1779661758.27527,1,1680,1050
17,2,7925,1779661758.29609,1,1680,1050
17,2,7926,1779661758.31693,1,1680,1050
17,2,7927,1779661758.33773,1,1680,1050
17,2,7928,1779661758.35855,1,1680,1050
17,2,7929,1779661758.37937,1,1680,1050
17,2,7930,1779661758.40019,1,1680,1050
17,2,7931,1779661758.42101,1,1680,1050
17,2,7932,1779661758.44183,1,1680,1050
17,2,7933,1779661758.46265,1,1680,1050
17,2,7934,1779661758.48346,1,1680,1050
17,2,7935,1779661758.50428,1,1680,1050
17,2,7936,1779661758.5251,1,1680,1050
17,2,7937,1779661758.54592,1,1680,1050
17,2,7938,1779661758.56674,1,1680,1050
17,2,7939,1779661758.58756,1,1680,1050
17,2,7940,1779661758.60838,1,1680,1050
17,2,7941,1779661758.6292,1,1680,1050
17,2,7942,1779661758.65002,1,1680,1050
17,2,7943,1779661758.67084,1,1680,1050
17,2,7944,1779661758.69166,1,1680,1050
17,2,7945,1779661758.71248,1,1680,1050
17,2,7946,1779661758.7333,1,1680,1050
17,2,7947,1779661758.75412,1,1680,1050
17,2,7948,1779661758.77494,1,1680,1050
17,2,7949,1779661758.79576,1,1680,1050
17,2,7950,1779661758.81658,1,1680,1050
17,2,7951,1779661758.83739,1,1680,1050
17,2,7952,1779661758.85821,1,1680,1050
17,2,7953,1779661758.87903,1,1680,1050
17,2,7954,1779661758.89985,1,1680,1050
17,2,7955,1779661758.92067,1,1680,1050
17,2,7956,1779661758.94149,1,1680,1050
17,2,7957,1779661758.96231,1,1680,1050
17,2,7958,1779661758.98313,1,1680,1050
17,2,7959,1779661759.00395,1,1680,1050
17,2,7960,1779661759.02477,1,1680,1050
17,2,7961,1779661759.04559,1,1680,1050
17,2,7962,1779661759.06641,1,1680,1050
17,2,7963,1779661759.08723,1,1680,1050
17,2,7964,1779661759.10805,1,1680,1050
17,2,7965,1779661759.12887,1,1680,1050
17,2,7966,1779661759.14969,1,1680,1050
17,2,7967,1779661759.17051,1,1680,1050
17,2,7968,1779661759.19133,1,1680,1050
17,2,7969,1779661759.21215,1,1680,1050
17,2,7970,1779661759.23296,1,1680,1050
17,2,7971,1779661759.25378,1,1680,1050
17,2,7972,1779661759.2746,1,1680,1050
17,2,7973,1779661759.29542,1,1680,1050
17,2,7974,1779661759.31624,1,1680,1050
17,2,7975,1779661759.33706,1,1680,1050
17,2,7976,1779661759.35788,1,1680,1050
17,2,7977,1779661759.3787,1,1680,1050
17,2,7978,1779661759.39952,1,1680,1050
17,2,7979,1779661759.42034,1,1680,1050
17,2,7980,1779661759.44116,1,1680,1050
17,2,7981,1779661759.46198,1,1680,1050
17,2,7982,1779661759.4828,1,1680,1050
17,2,7983,1779661759.50362,1,1680,1050
17,2,7984,1779661759.52444,1,1680,1050
17,2,7985,1779661759.54526,1,1680,1050
17,2,7986,1779661759.56607,1,1680,1050
17,2,7987,1779661759.5869,1,1680,1050
17,2,7988,1779661759.60771,1,1680,1050
17,2,7989,1779661759.62853,1,1680,1050
17,2,7990,1779661759.64935,1,1680,1050
17,2,7991,1779661759.67017,1,1680,1050
17,2,7992,1779661759.69099,1,1680,1050
17,2,7993,1779661759.71181,1,1680,1050
17,2,7994,1779661759.73263,1,1680,1050
17,2,7995,1779661759.75345,1,1680,1050
17,2,7996,1779661759.77427,1,1680,1050
17,2,7997,1779661759.79509,1,1680,1050
17,2,7998,1779661759.81591,1,1680,1050
17,2,7999,1779661759.83673,1,1680,1050
17,2,8000,1779661759.85755,1,1680,1050
17,2,8001,1779661759.87837,1,1680,1050
17,2,8002,1779661759.89919,1,1680,1050
17,2,8003,1779661759.92001,1,1680,1050
17,2,8004,1779661759.94082,1,1680,1050
17,2,8005,1779661759.96165,1,1680,1050
17,2,8006,1779661759.98246,1,1680,1050
17,2,8007,1779661760.00328,1,1680,1050
17,2,8008,1779661760.0241,1,1680,1050
17,2,8009,1779661760.04492,1,1680,1050
17,2,8010,1779661760.06574,1,1680,1050
17,2,8011,1779661760.08656,1,1680,1050
17,2,8012,1779661760.10738,1,1680,1050
17,2,8013,1779661760.1282,1,1680,1050
17,2,8014,1779661760.14902,1,1680,1050
17,2,8015,1779661760.16984,1,1680,1050
17,2,8016,1779661760.19066,1,1680,1050
17,2,8017,1779661760.21148,1,1680,1050
17,2,8018,1779661760.2323,1,1680,1050
17,2,8019,1779661760.25312,1,1680,1050
17,2,8020,1779661760.27394,1,1680,1050
17,2,8021,1779661760.29475,1,1680,1050
17,2,8022,1779661760.31558,1,1680,1050
17,2,8023,1779661760.33639,1,1680,1050
17,2,8024,1779661760.35721,1,1680,1050
17,2,8025,1779661760.37803,1,1680,1050
17,2,8026,1779661760.39885,1,1680,1050
17,2,8027,1779661760.41967,1,1680,1050
17,2,8028,1779661760.44049,1,1680,1050
17,2,8029,1779661760.46131,1,1680,1050
17,2,8030,1779661760.48213,1,1680,1050
17,2,8031,1779661760.50295,1,1680,1050
17,2,8032,1779661760.52377,1,1680,1050
17,2,8033,1779661760.54459,1,1680,1050
17,2,8034,1779661760.56541,1,1680,1050
17,2,8035,1779661760.58623,1,1680,1050
17,2,8036,1779661760.60705,1,1680,1050
17,2,8037,1779661760.62787,1,1680,1050
17,2,8038,1779661760.64869,1,1680,1050
17,2,8039,1779661760.6695,1,1680,1050
17,2,8040,1779661760.69032,1,1680,1050
17,2,8041,1779661760.71114,1,1680,1050
17,2,8042,1779661760.73196,1,1680,1050
17,2,8043,1779661760.75278,1,1680,1050
17,2,8044,1779661760.7736,1,1680,1050
17,2,8045,1779661760.79442,1,1680,1050
17,2,8046,1779661760.81524,1,1680,1050
17,2,8047,1779661760.83606,1,1680,1050
17,2,8048,1779661760.85688,1,1680,1050
17,2,8049,1779661760.8777,1,1680,1050
17,2,8050,1779661760.89852,1,1680,1050
17,2,8051,1779661760.91934,1,1680,1050
17,2,8052,1779661760.94016,1,1680,1050
17,2,8053,1779661760.96098,1,1680,1050
17,2,8054,1779661760.9818,1,1680,1050
17,2,8055,1779661761.00262,1,1680,1050
17,2,8056,1779661761.02344,1,1680,1050
17,2,8057,1779661761.04425,1,1680,1050
17,2,8058,1779661761.06507,1,1680,1050
17,2,8059,1779661761.08589,1,1680,1050
17,2,8060,1779661761.10671,1,1680,1050
17,2,8061,1779661761.12753,1,1680,1050
17,2,8062,1779661761.14835,1,1680,1050
17,2,8063,1779661761.16917,1,1680,1050
17,2,8064,1779661761.18999,1,1680,1050
17,2,8065,1779661761.21081,1,1680,1050
17,2,8066,1779661761.23163,1,1680,1050
17,2,8067,1779661761.25245,1,1680,1050
17,2,8068,1779661761.27327,1,1680,1050
17,2,8069,1779661761.29409,1,1680,1050
17,2,8070,1779661761.31491,1,1680,1050
17,2,8071,1779661761.33573,1,1680,1050
17,2,8072,1779661761.35655,1,1680,1050
17,2,8073,1779661761.37737,1,1680,1050
17,2,8074,1779661761.39818,1,1680,1050
17,2,8075,1779661761.41901,1,1680,1050
17,2,8076,1779661761.43982,1,1680,1050
17,2,8077,1779661761.46064,1,1680,1050
17,2,8078,1779661761.48146,1,1680,1050
17,2,8079,1779661761.50228,1,1680,1050
17,2,8080,1779661761.5231,1,1680,1050
17,2,8081,1779661761.54392,1,1680,1050
17,2,8082,1779661761.56474,1,1680,1050
17,2,8083,1779661761.58556,1,1680,1050
17,2,8084,1779661761.60638,1,1680,1050
17,2,8085,1779661761.6272,1,1680,1050
17,2,8086,1779661761.64802,1,1680,1050
17,2,8087,1779661761.66884,1,1680,1050
17,2,8088,1779661761.68966,1,1680,1050
17,2,8089,1779661761.71048,1,1680,1050
17,2,8090,1779661761.7313,1,1680,1050
17,2,8091,1779661761.75212,1,1680,1050
17,2,8092,1779661761.77293,1,1680,1050
17,2,8093,1779661761.79375,1,1680,1050
17,2,8094,1779661761.81457,1,1680,1050
17,2,8095,1779661761.83539,1,1680,1050
17,2,8096,1779661761.85621,1,1680,1050
17,2,8097,1779661761.87703,1,1680,1050
17,2,8098,1779661761.89785,1,1680,1050
17,2,8099,1779661761.91867,1,1680,1050
17,2,8100,1779661761.93949,1,1680,1050
17,2,8101,1779661761.96031,1,1680,1050
17,2,8102,1779661761.98113,1,1680,1050
17,2,8103,1779661762.00195,1,1680,1050
17,2,8104,1779661762.02277,1,1680,1050
17,2,8105,1779661762.04359,1,1680,1050
17,2,8106,1779661762.06441,1,1680,1050
17,2,8107,1779661762.08523,1,1680,1050
17,2,8108,1779661762.10605,1,1680,1050
17,2,8109,1779661762.12687,1,1680,1050
17,2,8110,1779661762.14768,1,1680,1050
17,2,8111,1779661762.1685,1,1680,1050
17,2,8112,1779661762.18932,1,1680,1050
17,2,8113,1779661762.21014,1,1680,1050
17,2,8114,1779661762.23096,2,1680,1050
17,2,8115,1779661762.25178,2,1680,1050
17,2,8116,1779661762.2726,2,1680,1050
17,2,8117,1779661762.29342,2,1680,1050
17,2,8118,1779661762.31424,2,1680,1050
17,2,8119,1779661762.33506,2,1680,1050
17,2,8120,1779661762.35588,2,1680,1050
17,2,8121,1779661762.3767,2,1680,1050
17,2,8122,1779661762.39752,2,1680,1050
17,2,8123,1779661762.41834,2,1680,1050
17,2,8124,1779661762.43916,2,1680,1050
17,2,8125,1779661762.45998,2,1680,1050
17,2,8126,1779661762.48079,2,1680,1050
17,2,8127,1779661762.50162,2,1680,1050
17,2,8128,1779661762.52243,2,1680,1050
17,2,8129,1779661762.54325,2,1680,1050
17,2,8130,1779661762.56407,2,1680,1050
17,2,8131,1779661762.58489,2,1680,1050
17,2,8132,1779661762.60571,2,1680,1050
17,2,8133,1779661762.62653,2,1680,1050
17,2,8134,1779661762.64735,2,1680,1050
17,2,8135,1779661762.66817,2,1680,1050
17,2,8136,1779661762.68899,2,1680,1050
17,2,8137,1779661762.70981,2,1680,1050
17,2,8138,1779661762.73063,2,1680,1050
17,2,8139,1779661762.75145,2,1680,1050
17,2,8140,1779661762.77227,2,1680,1050
17,2,8141,1779661762.79309,2,1680,1050
17,2,8142,1779661762.81391,2,1680,1050
17,2,8143,1779661762.83473,2,1680,1050
17,2,8144,1779661762.85555,2,1680,1050
17,2,8145,1779661762.87636,2,1680,1050
17,2,8146,1779661762.89718,2,1680,1050
17,2,8147,1779661762.918,2,1680,1050
17,2,8148,1779661762.93882,2,1680,1050
17,2,8149,1779661762.95964,2,1680,1050
17,2,8150,1779661762.98046,2,1680,1050
17,2,8151,1779661763.00128,2,1680,1050
17,2,8152,1779661763.0221,2,1680,1050
17,2,8153,1779661763.04292,2,1680,1050
17,2,8154,1779661763.06374,2,1680,1050
17,2,8155,1779661763.08456,2,1680,1050
17,2,8156,1779661763.10538,2,1680,1050
17,2,8157,1779661763.1262,2,1680,1050
17,2,8158,1779661763.14702,2,1680,1050
17,2,8159,1779661763.16784,2,1680,1050
17,2,8160,1779661763.18866,2,1680,1050
17,2,8161,1779661763.20948,2,1680,1050
17,2,8162,1779661763.2303,2,1680,1050
17,2,8163,1779661763.25111,2,1680,1050
17,2,8164,1779661763.27193,2,1680,1050
17,2,8165,1779661763.29275,2,1680,1050
17,2,8166,1779661763.31357,2,1680,1050
17,2,8167,1779661763.33439,2,1680,1050
17,2,8168,1779661763.35521,2,1680,1050
17,2,8169,1779661763.37603,2,1680,1050
17,2,8170,1779661763.39685,2,1680,1050
17,2,8171,1779661763.41767,2,1680,1050
17,2,8172,1779661763.43849,2,1680,1050
17,2,8173,1779661763.45931,2,1680,1050
17,2,8174,1779661763.48013,2,1680,1050
17,2,8175,1779661763.50095,2,1680,1050
17,2,8176,1779661763.52177,2,1680,1050
17,2,8177,1779661763.54259,2,1680,1050
17,2,8178,1779661763.56341,2,1680,1050
17,2,8179,1779661763.58422,2,1680,1050
17,2,8180,1779661763.60504,2,1680,1050
17,2,8181,1779661763.62586,2,1680,1050
17,2,8182,1779661763.64668,2,1680,1050
17,2,8183,1779661763.6675,2,1680,1050
17,2,8184,1779661763.68832,2,1680,1050
17,2,8185,1779661763.70914,2,1680,1050
17,2,8186,1779661763.72996,2,1680,1050
17,2,8187,1779661763.75078,2,1680,1050
17,2,8188,1779661763.7716,2,1680,1050
17,2,8189,1779661763.79242,2,1680,1050
17,2,8190,1779661763.81324,2,1680,1050
17,2,8191,1779661763.83406,2,1680,1050
17,2,8192,1779661763.85488,2,1680,1050
17,2,8193,1779661763.8757,2,1680,1050
17,2,8194,1779661763.89652,2,1680,1050
17,2,8195,1779661763.91734,2,1680,1050
17,2,8196,1779661763.93816,2,1680,1050
17,2,8197,1779661763.95898,2,1680,1050
17,2,8198,1779661763.97979,2,1680,1050
17,2,8199,1779661764.00061,2,1680,1050
17,2,8200,1779661764.02143,2,1680,1050
17,2,8201,1779661764.04225,2,1680,1050
17,2,8202,1779661764.06307,2,1680,1050
17,2,8203,1779661764.08389,2,1680,1050
17,2,8204,1779661764.10471,2,1680,1050
17,2,8205,1779661764.12553,2,1680,1050
17,2,8206,1779661764.14635,2,1680,1050
17,2,8207,1779661764.16717,2,1680,1050
17,2,8208,1779661764.18799,2,1680,1050
17,2,8209,1779661764.20881,2,1680,1050
17,2,8210,1779661764.22963,2,1680,1050
17,2,8211,1779661764.25045,2,1680,1050
17,2,8212,1779661764.27127,2,1680,1050
17,2,8213,1779661764.29209,2,1680,1050
17,2,8214,1779661764.31291,2,1680,1050
17,2,8215,1779661764.33372,2,1680,1050
17,2,8216,1779661764.35454,2,1680,1050
17,2,8217,1779661764.37536,2,1680,1050
17,2,8218,1779661764.39618,2,1680,1050
17,2,8219,1779661764.417,2,1680,1050
17,2,8220,1779661764.43782,2,1680,1050
17,2,8221,1779661764.45864,2,1680,1050
17,2,8222,1779661764.47946,2,1680,1050
17,2,8223,1779661764.50028,2,1680,1050
17,2,8224,1779661764.5211,2,1680,1050
17,2,8225,1779661764.54192,2,1680,1050
17,2,8226,1779661764.56274,2,1680,1050
17,2,8227,1779661764.58356,2,1680,1050
17,2,8228,1779661764.60438,2,1680,1050
17,2,8229,1779661764.6252,2,1680,1050
17,2,8230,1779661764.64602,2,1680,1050
17,2,8231,1779661764.66684,2,1680,1050
17,2,8232,1779661764.68766,2,1680,1050
17,2,8233,1779661764.70848,2,1680,1050
17,2,8234,1779661764.72929,2,1680,1050
17,2,8235,1779661764.75011,2,1680,1050
17,2,8236,1779661764.77093,2,1680,1050
17,2,8237,1779661764.79175,2,1680,1050
17,2,8238,1779661764.81257,2,1680,1050
17,2,8239,1779661764.83339,2,1680,1050
17,2,8240,1779661764.85421,2,1680,1050
17,2,8241,1779661764.87503,2,1680,1050
17,2,8242,1779661764.89585,2,1680,1050
17,2,8243,1779661764.91667,2,1680,1050
17,2,8244,1779661764.93749,2,1680,1050
17,2,8245,1779661764.95831,2,1680,1050
17,2,8246,1779661764.97913,2,1680,1050
17,2,8247,1779661764.99995,2,1680,1050
17,2,8248,1779661765.02077,2,1680,1050
17,2,8249,1779661765.04159,2,1680,1050
17,2,8250,1779661765.0624,2,1680,1050
17,2,8251,1779661765.08322,2,1680,1050
17,2,8252,1779661765.10404,2,1680,1050
17,2,8253,1779661765.12486,2,1680,1050
17,2,8254,1779661765.14568,2,1680,1050
17,2,8255,1779661765.1665,2,1680,1050
17,2,8256,1779661765.18732,2,1680,1050
17,2,8257,1779661765.20814,2,1680,1050
17,2,8258,1779661765.22896,2,1680,1050
17,2,8259,1779661765.24978,2,1680,1050
17,2,8260,1779661765.2706,2,1680,1050
17,2,8261,1779661765.29142,2,1680,1050
17,2,8262,1779661765.31224,2,1680,1050
17,2,8263,1779661765.33306,2,1680,1050
17,2,8264,1779661765.35388,2,1680,1050
17,2,8265,1779661765.3747,2,1680,1050
17,2,8266,1779661765.39552,2,1680,1050
17,2,8267,1779661765.41633,2,1680,1050
17,2,8268,1779661765.43716,2,1680,1050
17,2,8269,1779661765.45797,2,1680,1050
17,2,8270,1779661765.47879,2,1680,1050
17,2,8271,1779661765.49961,2,1680,1050
17,2,8272,1779661765.52043,2,1680,1050
17,2,8273,1779661765.54125,2,1680,1050
17,2,8274,1779661765.56207,2,1680,1050
17,2,8275,1779661765.58289,2,1680,1050
17,2,8276,1779661765.60371,2,1680,1050
17,2,8277,1779661765.62453,2,1680,1050
17,2,8278,1779661765.64535,2,1680,1050
17,2,8279,1779661765.66617,2,1680,1050
17,2,8280,1779661765.68699,2,1680,1050
17,2,8281,1779661765.70781,2,1680,1050
17,2,8282,1779661765.72863,2,1680,1050
17,2,8283,1779661765.74945,2,1680,1050
17,2,8284,1779661765.77027,2,1680,1050
17,2,8285,1779661765.79108,2,1680,1050
17,2,8286,1779661765.8119,2,1680,1050
17,2,8287,1779661765.83272,2,1680,1050
17,2,8288,1779661765.85354,2,1680,1050
17,2,8289,1779661765.87436,2,1680,1050
17,2,8290,1779661765.89518,2,1680,1050
17,2,8291,1779661765.916,2,1680,1050
17,2,8292,1779661765.93682,2,1680,1050
17,2,8293,1779661765.95764,2,1680,1050
17,2,8294,1779661765.97846,2,1680,1050
17,2,8295,1779661765.99928,2,1680,1050
17,2,8296,1779661766.0201,2,1680,1050
17,2,8297,1779661766.04092,2,1680,1050
17,2,8298,1779661766.06174,2,1680,1050
17,2,8299,1779661766.08256,2,1680,1050
17,2,8300,1779661766.10338,2,1680,1050
17,2,8301,1779661766.1242,2,1680,1050
17,2,8302,1779661766.14502,2,1680,1050
17,2,8303,1779661766.16583,2,1680,1050
17,2,8304,1779661766.18665,2,1680,1050
17,2,8305,1779661766.20747,2,1680,1050
17,2,8306,1779661766.22829,2,1680,1050
17,2,8307,1779661766.24911,2,1680,1050
17,2,8308,1779661766.26993,2,1680,1050
17,2,8309,1779661766.29075,2,1680,1050
17,2,8310,1779661766.31157,2,1680,1050
17,2,8311,1779661766.33239,2,1680,1050
17,2,8312,1779661766.35321,2,1680,1050
17,2,8313,1779661766.37403,2,1680,1050
17,2,8314,1779661766.39485,2,1680,1050
17,2,8315,1779661766.41567,2,1680,1050
17,2,8316,1779661766.43649,2,1680,1050
17,2,8317,1779661766.45731,2,1680,1050
17,2,8318,1779661766.47813,2,1680,1050
17,2,8319,1779661766.49895,2,1680,1050
17,2,8320,1779661766.51976,2,1680,1050
17,2,8321,1779661766.54058,2,1680,1050
17,2,8322,1779661766.5614,2,1680,1050
17,2,8323,1779661766.58222,2,1680,1050
17,2,8324,1779661766.60304,2,1680,1050
17,2,8325,1779661766.62386,2,1680,1050
17,2,8326,1779661766.64468,2,1680,1050
17,2,8327,1779661766.6655,2,1680,1050
17,2,8328,1779661766.68632,2,1680,1050
17,2,8329,1779661766.70714,2,1680,1050
17,2,8330,1779661766.72796,2,1680,1050
17,2,8331,1779661766.74878,2,1680,1050
17,2,8332,1779661766.7696,2,1680,1050
17,2,8333,1779661766.79042,2,1680,1050
17,2,8334,1779661766.81124,2,1680,1050
17,2,8335,1779661766.83206,2,1680,1050
17,2,8336,1779661766.85288,2,1680,1050
17,2,8337,1779661766.87369,2,1680,1050
17,2,8338,1779661766.89451,2,1680,1050
17,2,8339,1779661766.91533,2,1680,1050
17,2,8340,1779661766.93615,2,1680,1050
17,2,8341,1779661766.95697,2,1680,1050
17,2,8342,1779661766.97779,2,1680,1050
17,2,8343,1779661766.99861,2,1680,1050
17,2,8344,1779661767.01943,2,1680,1050
17,2,8345,1779661767.04025,2,1680,1050
17,2,8346,1779661767.06107,2,1680,1050
17,2,8347,1779661767.08189,2,1680,1050
17,2,8348,1779661767.10271,2,1680,1050
17,2,8349,1779661767.12353,2,1680,1050
17,2,8350,1779661767.14435,2,1680,1050
17,2,8351,1779661767.16517,2,1680,1050
17,2,8352,1779661767.18599,2,1680,1050
17,2,8353,1779661767.20681,2,1680,1050
17,2,8354,1779661767.22763,2,1680,1050
17,2,8355,1779661767.24844,2,1680,1050
17,2,8356,1779661767.26926,2,1680,1050
17,2,8357,1779661767.29008,2,1680,1050
17,2,8358,1779661767.3109,2,1680,1050
17,2,8359,1779661767.33172,2,1680,1050
17,2,8360,1779661767.35254,2,1680,1050
17,2,8361,1779661767.37336,2,1680,1050
17,2,8362,1779661767.39418,2,1680,1050
17,2,8363,1779661767.415,2,1680,1050
17,2,8364,1779661767.43582,2,1680,1050
17,2,8365,1779661767.45664,2,1680,1050
17,2,8366,1779661767.47746,2,1680,1050
17,2,8367,1779661767.49828,2,1680,1050
17,2,8368,1779661767.5191,2,1680,1050
17,2,8369,1779661767.53992,2,1680,1050
17,2,8370,1779661767.56074,2,1680,1050
17,2,8371,1779661767.58156,2,1680,1050
17,2,8372,1779661767.60238,2,1680,1050
17,2,8373,1779661767.6232,2,1680,1050
17,2,8374,1779661767.64401,2,1680,1050
17,2,8375,1779661767.66483,2,1680,1050
17,2,8376,1779661767.68565,2,1680,1050
17,2,8377,1779661767.70647,2,1680,1050
17,2,8378,1779661767.72729,2,1680,1050
17,2,8379,1779661767.74811,2,1680,1050
17,2,8380,1779661767.76893,2,1680,1050
17,2,8381,1779661767.78975,2,1680,1050
17,2,8382,1779661767.81057,2,1680,1050
17,2,8383,1779661767.83139,2,1680,1050
17,2,8384,1779661767.85221,2,1680,1050
17,2,8385,1779661767.87303,2,1680,1050
17,2,8386,1779661767.89385,2,1680,1050
17,2,8387,1779661767.91467,2,1680,1050
17,2,8388,1779661767.93549,2,1680,1050
17,2,8389,1779661767.95631,2,1680,1050
17,2,8390,1779661767.97713,2,1680,1050
17,2,8391,1779661767.99794,2,1680,1050
17,2,8392,1779661768.01876,2,1680,1050
17,2,8393,1779661768.03958,2,1680,1050
17,2,8394,1779661768.0604,2,1680,1050
17,2,8395,1779661768.08122,2,1680,1050
17,2,8396,1779661768.10204,2,1680,1050
17,2,8397,1779661768.12286,2,1680,1050
17,2,8398,1779661768.14368,2,1680,1050
17,2,8399,1779661768.1645,2,1680,1050
17,2,8400,1779661768.18532,2,1680,1050
17,2,8401,1779661768.20614,2,1680,1050
17,2,8402,1779661768.22696,1,1680,1050
17,2,8403,1779661768.24778,1,1680,1050
17,2,8404,1779661768.2686,1,1680,1050
17,2,8405,1779661768.28942,1,1680,1050
17,2,8406,1779661768.31024,1,1680,1050
17,2,8407,1779661768.33106,1,1680,1050
17,2,8408,1779661768.35188,1,1680,1050
17,2,8409,1779661768.37269,1,1680,1050
17,2,8410,1779661768.39351,1,1680,1050
17,2,8411,1779661768.41433,1,1680,1050
17,2,8412,1779661768.43515,1,1680,1050
17,2,8413,1779661768.45597,1,1680,1050
17,2,8414,1779661768.47679,1,1680,1050
17,2,8415,1779661768.49761,1,1680,1050
17,2,8416,1779661768.51843,1,1680,1050
17,2,8417,1779661768.53925,1,1680,1050
17,2,8418,1779661768.56007,1,1680,1050
17,2,8419,1779661768.58089,1,1680,1050
17,2,8420,1779661768.60171,1,1680,1050
17,2,8421,1779661768.62253,1,1680,1050
17,2,8422,1779661768.64335,1,1680,1050
17,2,8423,1779661768.66417,1,1680,1050
17,2,8424,1779661768.68499,1,1680,1050
17,2,8425,1779661768.70581,1,1680,1050
17,2,8426,1779661768.72662,1,1680,1050
17,2,8427,1779661768.74745,1,1680,1050
17,2,8428,1779661768.76826,1,1680,1050
17,2,8429,1779661768.78908,1,1680,1050
17,2,8430,1779661768.8099,1,1680,1050
17,2,8431,1779661768.83072,1,1680,1050
17,2,8432,1779661768.85154,1,1680,1050
17,2,8433,1779661768.87236,1,1680,1050
17,2,8434,1779661768.89318,1,1680,1050
17,2,8435,1779661768.914,1,1680,1050
17,2,8436,1779661768.93482,1,1680,1050
17,2,8437,1779661768.95564,1,1680,1050
17,2,8438,1779661768.97646,1,1680,1050
17,2,8439,1779661768.99728,1,1680,1050
17,2,8440,1779661769.0181,1,1680,1050
17,2,8441,1779661769.03892,1,1680,1050
17,2,8442,1779661769.05974,1,1680,1050
17,2,8443,1779661769.08055,1,1680,1050
17,2,8444,1779661769.10137,1,1680,1050
17,2,8445,1779661769.12219,1,1680,1050
17,2,8446,1779661769.14301,1,1680,1050
17,2,8447,1779661769.16383,1,1680,1050
17,2,8448,1779661769.18465,1,1680,1050
17,2,8449,1779661769.20547,1,1680,1050
17,2,8450,1779661769.22629,1,1680,1050
17,2,8451,1779661769.24711,1,1680,1050
17,2,8452,1779661769.26793,1,1680,1050
17,2,8453,1779661769.28875,1,1680,1050
17,2,8454,1779661769.30957,1,1680,1050
17,2,8455,1779661769.33039,1,1680,1050
17,2,8456,1779661769.35121,1,1680,1050
17,2,8457,1779661769.37203,1,1680,1050
17,2,8458,1779661769.39285,1,1680,1050
17,2,8459,1779661769.41367,1,1680,1050
17,2,8460,1779661769.43449,1,1680,1050
17,2,8461,1779661769.45531,1,1680,1050
17,2,8462,1779661769.47613,1,1680,1050
17,2,8463,1779661769.49694,1,1680,1050
17,2,8464,1779661769.51776,1,1680,1050
17,2,8465,1779661769.53858,1,1680,1050
17,2,8466,1779661769.5594,1,1680,1050
17,2,8467,1779661769.58022,1,1680,1050
17,2,8468,1779661769.60104,1,1680,1050
17,2,8469,1779661769.62186,1,1680,1050
17,2,8470,1779661769.64268,1,1680,1050
17,2,8471,1779661769.6635,1,1680,1050
17,2,8472,1779661769.68432,1,1680,1050
17,2,8473,1779661769.70514,1,1680,1050
17,2,8474,1779661769.72596,1,1680,1050
17,2,8475,1779661769.74678,1,1680,1050
17,2,8476,1779661769.7676,1,1680,1050
17,2,8477,1779661769.78842,1,1680,1050
17,2,8478,1779661769.80923,1,1680,1050
17,2,8479,1779661769.83005,1,1680,1050
17,2,8480,1779661769.85087,1,1680,1050
17,2,8481,1779661769.87169,1,1680,1050
17,2,8482,1779661769.89251,1,1680,1050
17,2,8483,1779661769.91333,1,1680,1050
17,2,8484,1779661769.93415,1,1680,1050
17,2,8485,1779661769.95497,1,1680,1050
17,2,8486,1779661769.97579,1,1680,1050
17,2,8487,1779661769.99661,1,1680,1050
17,2,8488,1779661770.01743,1,1680,1050
17,2,8489,1779661770.03825,1,1680,1050
17,2,8490,1779661770.05907,1,1680,1050
17,2,8491,1779661770.07989,1,1680,1050
17,2,8492,1779661770.10071,1,1680,1050
17,2,8493,1779661770.12153,1,1680,1050
17,2,8494,1779661770.14235,1,1680,1050
17,2,8495,1779661770.16317,1,1680,1050
17,2,8496,1779661770.18398,1,1680,1050
17,2,8497,1779661770.2048,1,1680,1050
17,2,8498,1779661770.22562,1,1680,1050
17,2,8499,1779661770.24644,1,1680,1050
17,2,8500,1779661770.26726,1,1680,1050
17,2,8501,1779661770.28808,1,1680,1050
17,2,8502,1779661770.3089,1,1680,1050
17,2,8503,1779661770.32972,1,1680,1050
17,2,8504,1779661770.35054,1,1680,1050
17,2,8505,1779661770.37136,1,1680,1050
17,2,8506,1779661770.39218,1,1680,1050
17,2,8507,1779661770.413,1,1680,1050
17,2,8508,1779661770.43382,1,1680,1050
17,2,8509,1779661770.45464,1,1680,1050
17,2,8510,1779661770.47546,1,1680,1050
17,2,8511,1779661770.49628,1,1680,1050
17,2,8512,1779661770.5171,1,1680,1050
17,2,8513,1779661770.53791,1,1680,1050
17,2,8514,1779661770.55873,1,1680,1050
17,2,8515,1779661770.57955,1,1680,1050
17,2,8516,1779661770.60037,1,1680,1050
17,2,8517,1779661770.62119,1,1680,1050
17,2,8518,1779661770.64201,1,1680,1050
17,2,8519,1779661770.66283,1,1680,1050
17,2,8520,1779661770.68365,1,1680,1050
17,2,8521,1779661770.70447,1,1680,1050
17,2,8522,1779661770.72529,1,1680,1050
17,2,8523,1779661770.74611,1,1680,1050
17,2,8524,1779661770.76693,1,1680,1050
17,2,8525,1779661770.78775,1,1680,1050
17,2,8526,1779661770.80857,1,1680,1050
17,2,8527,1779661770.82939,1,1680,1050
17,2,8528,1779661770.85021,1,1680,1050
17,2,8529,1779661770.87103,1,1680,1050
17,2,8530,1779661770.89185,1,1680,1050
17,2,8531,1779661770.91267,1,1680,1050
17,2,8532,1779661770.93348,1,1680,1050
17,2,8533,1779661770.9543,1,1680,1050
17,2,8534,1779661770.97512,1,1680,1050
17,2,8535,1779661770.99594,1,1680,1050
17,2,8536,1779661771.01676,1,1680,1050
17,2,8537,1779661771.03758,1,1680,1050
17,2,8538,1779661771.0584,1,1680,1050
17,2,8539,1779661771.07922,1,1680,1050
17,2,8540,1779661771.10004,1,1680,1050
17,2,8541,1779661771.12086,1,1680,1050
17,2,8542,1779661771.14168,1,1680,1050
17,2,8543,1779661771.1625,1,1680,1050
17,2,8544,1779661771.18332,1,1680,1050
17,2,8545,1779661771.20414,1,1680,1050
17,2,8546,1779661771.22496,1,1680,1050
17,2,8547,1779661771.24578,1,1680,1050
17,2,8548,1779661771.2666,1,1680,1050
17,2,8549,1779661771.28742,1,1680,1050
17,2,8550,1779661771.30823,1,1680,1050
17,2,8551,1779661771.32905,1,1680,1050
17,2,8552,1779661771.34987,1,1680,1050
17,2,8553,1779661771.37069,1,1680,1050
17,2,8554,1779661771.39151,1,1680,1050
17,2,8555,1779661771.41233,1,1680,1050
17,2,8556,1779661771.43315,1,1680,1050
17,2,8557,1779661771.45397,1,1680,1050
17,2,8558,1779661771.47479,1,1680,1050
17,2,8559,1779661771.49561,1,1680,1050
17,2,8560,1779661771.51643,1,1680,1050
17,2,8561,1779661771.53725,1,1680,1050
17,2,8562,1779661771.55807,1,1680,1050
17,2,8563,1779661771.57889,1,1680,1050
17,2,8564,1779661771.59971,1,1680,1050
17,2,8565,1779661771.62053,1,1680,1050
17,2,8566,1779661771.64135,1,1680,1050
17,2,8567,1779661771.66217,1,1680,1050
17,2,8568,1779661771.68298,1,1680,1050
17,2,8569,1779661771.7038,1,1680,1050
17,2,8570,1779661771.72462,1,1680,1050
17,2,8571,1779661771.74544,1,1680,1050
17,2,8572,1779661771.76626,1,1680,1050
17,2,8573,1779661771.78708,1,1680,1050
17,2,8574,1779661771.8079,1,1680,1050
17,2,8575,1779661771.82872,1,1680,1050
17,2,8576,1779661771.84954,1,1680,1050
17,2,8577,1779661771.87036,1,1680,1050
17,2,8578,1779661771.89118,1,1680,1050
17,2,8579,1779661771.912,1,1680,1050
17,2,8580,1779661771.93282,1,1680,1050
17,2,8581,1779661771.95364,1,1680,1050
17,2,8582,1779661771.97446,1,1680,1050
17,2,8583,1779661771.99528,1,1680,1050
17,2,8584,1779661772.0161,1,1680,1050
17,2,8585,1779661772.03691,1,1680,1050
17,2,8586,1779661772.05773,1,1680,1050
17,2,8587,1779661772.07855,1,1680,1050
17,2,8588,1779661772.09937,1,1680,1050
17,2,8589,1779661772.12019,1,1680,1050
17,2,8590,1779661772.14101,1,1680,1050
17,2,8591,1779661772.16183,1,1680,1050
17,2,8592,1779661772.18265,1,1680,1050
17,2,8593,1779661772.20347,1,1680,1050
17,2,8594,1779661772.22429,2,1680,1050
17,2,8595,1779661772.24511,2,1680,1050
17,2,8596,1779661772.26593,2,1680,1050
17,2,8597,1779661772.28675,2,1680,1050
17,2,8598,1779661772.30757,2,1680,1050
17,2,8599,1779661772.32839,2,1680,1050
17,2,8600,1779661772.34921,2,1680,1050
17,2,8601,1779661772.37002,2,1680,1050
17,2,8602,1779661772.39084,2,1680,1050
17,2,8603,1779661772.41166,2,1680,1050
17,2,8604,1779661772.43248,2,1680,1050
17,2,8605,1779661772.4533,2,1680,1050
17,2,8606,1779661772.47412,2,1680,1050
17,2,8607,1779661772.49494,2,1680,1050
17,2,8608,1779661772.51576,2,1680,1050
17,2,8609,1779661772.53658,2,1680,1050
17,2,8610,1779661772.5574,2,1680,1050
17,2,8611,1779661772.57822,2,1680,1050
17,2,8612,1779661772.59904,2,1680,1050
17,2,8613,1779661772.61986,2,1680,1050
17,2,8614,1779661772.64068,2,1680,1050
17,2,8615,1779661772.6615,2,1680,1050
17,2,8616,1779661772.68232,2,1680,1050
17,2,8617,1779661772.70314,2,1680,1050
17,2,8618,1779661772.72396,2,1680,1050
17,2,8619,1779661772.74477,2,1680,1050
17,2,8620,1779661772.76559,2,1680,1050
17,2,8621,1779661772.78641,2,1680,1050
17,2,8622,1779661772.80723,2,1680,1050
17,2,8623,1779661772.82805,2,1680,1050
17,2,8624,1779661772.84887,2,1680,1050
17,2,8625,1779661772.86969,2,1680,1050
17,2,8626,1779661772.89051,2,1680,1050
17,2,8627,1779661772.91133,2,1680,1050
17,2,8628,1779661772.93215,2,1680,1050
17,2,8629,1779661772.95297,2,1680,1050
17,2,8630,1779661772.97379,2,1680,1050
17,2,8631,1779661772.99461,2,1680,1050
17,2,8632,1779661773.01543,2,1680,1050
17,2,8633,1779661773.03625,2,1680,1050
17,2,8634,1779661773.05707,2,1680,1050
17,2,8635,1779661773.07789,2,1680,1050
17,2,8636,1779661773.09871,2,1680,1050
17,2,8637,1779661773.11952,2,1680,1050
17,2,8638,1779661773.14034,2,1680,1050
17,2,8639,1779661773.16116,2,1680,1050
17,2,8640,1779661773.18198,2,1680,1050
17,2,8641,1779661773.2028,2,1680,1050
17,2,8642,1779661773.22362,2,1680,1050
17,2,8643,1779661773.24444,2,1680,1050
17,2,8644,1779661773.26526,2,1680,1050
17,2,8645,1779661773.28608,2,1680,1050
17,2,8646,1779661773.3069,2,1680,1050
17,2,8647,1779661773.32772,2,1680,1050
17,2,8648,1779661773.34854,2,1680,1050
17,2,8649,1779661773.36936,2,1680,1050
17,2,8650,1779661773.39018,2,1680,1050
17,2,8651,1779661773.411,2,1680,1050
17,2,8652,1779661773.43182,2,1680,1050
17,2,8653,1779661773.45264,2,1680,1050
17,2,8654,1779661773.47346,2,1680,1050
17,2,8655,1779661773.49427,2,1680,1050
17,2,8656,1779661773.51509,2,1680,1050
17,2,8657,1779661773.53591,2,1680,1050
17,2,8658,1779661773.55673,2,1680,1050
17,2,8659,1779661773.57755,2,1680,1050
17,2,8660,1779661773.59837,2,1680,1050
17,2,8661,1779661773.61919,2,1680,1050
17,2,8662,1779661773.64001,2,1680,1050
17,2,8663,1779661773.66083,2,1680,1050
17,2,8664,1779661773.68165,2,1680,1050
17,2,8665,1779661773.70247,2,1680,1050
17,2,8666,1779661773.72329,2,1680,1050
17,2,8667,1779661773.74411,2,1680,1050
17,2,8668,1779661773.76493,2,1680,1050
17,2,8669,1779661773.78575,2,1680,1050
17,2,8670,1779661773.80657,2,1680,1050
17,2,8671,1779661773.82738,2,1680,1050
17,2,8672,1779661773.8482,2,1680,1050
17,2,8673,1779661773.86903,2,1680,1050
17,2,8674,1779661773.88984,2,1680,1050
17,2,8675,1779661773.91066,2,1680,1050
17,2,8676,1779661773.93148,2,1680,1050
17,2,8677,1779661773.9523,2,1680,1050
17,2,8678,1779661773.97312,2,1680,1050
17,2,8679,1779661773.99394,2,1680,1050
17,2,8680,1779661774.01476,2,1680,1050
17,2,8681,1779661774.03558,2,1680,1050
17,2,8682,1779661774.0564,2,1680,1050
17,2,8683,1779661774.07722,2,1680,1050
17,2,8684,1779661774.09804,2,1680,1050
17,2,8685,1779661774.11886,2,1680,1050
17,2,8686,1779661774.13968,2,1680,1050
17,2,8687,1779661774.1605,2,1680,1050
17,2,8688,1779661774.18132,2,1680,1050
17,2,8689,1779661774.20213,2,1680,1050
17,2,8690,1779661774.22296,2,1680,1050
17,2,8691,1779661774.24377,2,1680,1050
17,2,8692,1779661774.26459,2,1680,1050
17,2,8693,1779661774.28541,2,1680,1050
17,2,8694,1779661774.30623,2,1680,1050
17,2,8695,1779661774.32705,2,1680,1050
17,2,8696,1779661774.34787,2,1680,1050
17,2,8697,1779661774.36869,2,1680,1050
17,2,8698,1779661774.38951,2,1680,1050
17,2,8699,1779661774.41033,2,1680,1050
17,2,8700,1779661774.43115,2,1680,1050
17,2,8701,1779661774.45197,2,1680,1050
17,2,8702,1779661774.47279,2,1680,1050
17,2,8703,1779661774.49361,2,1680,1050
17,2,8704,1779661774.51443,2,1680,1050
17,2,8705,1779661774.53525,2,1680,1050
17,2,8706,1779661774.55607,2,1680,1050
17,2,8707,1779661774.57688,2,1680,1050
17,2,8708,1779661774.5977,2,1680,1050
17,2,8709,1779661774.61852,2,1680,1050
17,2,8710,1779661774.63934,2,1680,1050
17,2,8711,1779661774.66016,2,1680,1050
17,2,8712,1779661774.68098,2,1680,1050
17,2,8713,1779661774.7018,2,1680,1050
17,2,8714,1779661774.72262,2,1680,1050
17,2,8715,1779661774.74344,2,1680,1050
17,2,8716,1779661774.76426,2,1680,1050
17,2,8717,1779661774.78508,2,1680,1050
17,2,8718,1779661774.8059,2,1680,1050
17,2,8719,1779661774.82672,2,1680,1050
17,2,8720,1779661774.84754,2,1680,1050
17,2,8721,1779661774.86836,2,1680,1050
17,2,8722,1779661774.88918,2,1680,1050
17,2,8723,1779661774.91,2,1680,1050
17,2,8724,1779661774.93081,2,1680,1050
17,2,8725,1779661774.95164,2,1680,1050
17,2,8726,1779661774.97245,2,1680,1050
17,2,8727,1779661774.99327,2,1680,1050
17,2,8728,1779661775.01409,2,1680,1050
17,2,8729,1779661775.03491,2,1680,1050
17,2,8730,1779661775.05573,2,1680,1050
17,2,8731,1779661775.07655,2,1680,1050
17,2,8732,1779661775.09737,2,1680,1050
17,2,8733,1779661775.11819,2,1680,1050
17,2,8734,1779661775.13901,2,1680,1050
17,2,8735,1779661775.15983,2,1680,1050
17,2,8736,1779661775.18065,2,1680,1050
17,2,8737,1779661775.20147,2,1680,1050
17,2,8738,1779661775.22229,2,1680,1050
17,2,8739,1779661775.24311,2,1680,1050
17,2,8740,1779661775.26393,2,1680,1050
17,2,8741,1779661775.28475,2,1680,1050
17,2,8742,1779661775.30556,2,1680,1050
17,2,8743,1779661775.32638,2,1680,1050
17,2,8744,1779661775.3472,2,1680,1050
17,2,8745,1779661775.36802,2,1680,1050
17,2,8746,1779661775.38884,2,1680,1050
17,2,8747,1779661775.40966,2,1680,1050
17,2,8748,1779661775.43048,2,1680,1050
17,2,8749,1779661775.4513,2,1680,1050
17,2,8750,1779661775.47212,2,1680,1050
17,2,8751,1779661775.49294,2,1680,1050
17,2,8752,1779661775.51376,2,1680,1050
17,2,8753,1779661775.53458,2,1680,1050
17,2,8754,1779661775.5554,2,1680,1050
17,2,8755,1779661775.57622,2,1680,1050
17,2,8756,1779661775.59704,2,1680,1050
17,2,8757,1779661775.61786,2,1680,1050
17,2,8758,1779661775.63868,2,1680,1050
17,2,8759,1779661775.6595,2,1680,1050
17,2,8760,1779661775.68032,2,1680,1050
17,2,8761,1779661775.70113,2,1680,1050
17,2,8762,1779661775.72195,2,1680,1050
17,2,8763,1779661775.74277,2,1680,1050
17,2,8764,1779661775.76359,2,1680,1050
17,2,8765,1779661775.78441,2,1680,1050
17,2,8766,1779661775.80523,2,1680,1050
17,2,8767,1779661775.82605,2,1680,1050
17,2,8768,1779661775.84687,2,1680,1050
17,2,8769,1779661775.86769,2,1680,1050
17,2,8770,1779661775.88851,2,1680,1050
17,2,8771,1779661775.90933,2,1680,1050
17,2,8772,1779661775.93015,2,1680,1050
17,2,8773,1779661775.95097,2,1680,1050
17,2,8774,1779661775.97179,2,1680,1050
17,2,8775,1779661775.99261,2,1680,1050
17,2,8776,1779661776.01343,2,1680,1050
17,2,8777,1779661776.03424,2,1680,1050
17,2,8778,1779661776.05506,2,1680,1050
17,2,8779,1779661776.07588,2,1680,1050
17,2,8780,1779661776.0967,2,1680,1050
17,2,8781,1779661776.11752,2,1680,1050
17,2,8782,1779661776.13834,2,1680,1050
17,2,8783,1779661776.15916,2,1680,1050
17,2,8784,1779661776.17998,2,1680,1050
17,2,8785,1779661776.2008,2,1680,1050
17,2,8786,1779661776.22163,1,1680,1050
17,2,8787,1779661776.24244,1,1680,1050
17,2,8788,1779661776.26326,1,1680,1050
17,2,8789,1779661776.28408,1,1680,1050
17,2,8790,1779661776.3049,1,1680,1050
17,2,8791,1779661776.32572,1,1680,1050
17,2,8792,1779661776.34654,1,1680,1050
17,2,8793,1779661776.36736,1,1680,1050
17,2,8794,1779661776.38818,1,1680,1050
17,2,8795,1779661776.40899,1,1680,1050
17,2,8796,1779661776.42981,1,1680,1050
17,2,8797,1779661776.45063,1,1680,1050
17,2,8798,1779661776.47145,1,1680,1050
17,2,8799,1779661776.49227,1,1680,1050
17,2,8800,1779661776.51309,1,1680,1050
17,2,8801,1779661776.53391,1,1680,1050
17,2,8802,1779661776.55473,1,1680,1050
17,2,8803,1779661776.57555,1,1680,1050
17,2,8804,1779661776.59637,1,1680,1050
17,2,8805,1779661776.61719,1,1680,1050
17,2,8806,1779661776.63801,1,1680,1050
17,2,8807,1779661776.65883,1,1680,1050
17,2,8808,1779661776.67965,1,1680,1050
17,2,8809,1779661776.70047,1,1680,1050
17,2,8810,1779661776.72129,1,1680,1050
17,2,8811,1779661776.74211,1,1680,1050
17,2,8812,1779661776.76293,1,1680,1050
17,2,8813,1779661776.78375,1,1680,1050
17,2,8814,1779661776.80456,1,1680,1050
17,2,8815,1779661776.82538,1,1680,1050
17,2,8816,1779661776.8462,1,1680,1050
17,2,8817,1779661776.86702,1,1680,1050
17,2,8818,1779661776.88784,1,1680,1050
17,2,8819,1779661776.90866,1,1680,1050
17,2,8820,1779661776.92948,1,1680,1050
17,2,8821,1779661776.9503,1,1680,1050
17,2,8822,1779661776.97112,1,1680,1050
17,2,8823,1779661776.99194,1,1680,1050
17,2,8824,1779661777.01276,1,1680,1050
17,2,8825,1779661777.03358,1,1680,1050
17,2,8826,1779661777.0544,1,1680,1050
17,2,8827,1779661777.07522,1,1680,1050
17,2,8828,1779661777.09604,1,1680,1050
17,2,8829,1779661777.11686,1,1680,1050
17,2,8830,1779661777.13768,1,1680,1050
17,2,8831,1779661777.15849,1,1680,1050
17,2,8832,1779661777.17931,1,1680,1050
17,2,8833,1779661777.20013,1,1680,1050
17,2,8834,1779661777.22095,1,1680,1050
17,2,8835,1779661777.24177,1,1680,1050
17,2,8836,1779661777.26259,1,1680,1050
17,2,8837,1779661777.28341,1,1680,1050
17,2,8838,1779661777.30423,1,1680,1050
17,2,8839,1779661777.32505,1,1680,1050
17,2,8840,1779661777.34587,1,1680,1050
17,2,8841,1779661777.36669,1,1680,1050
17,2,8842,1779661777.38751,1,1680,1050
17,2,8843,1779661777.40833,1,1680,1050
17,2,8844,1779661777.42915,1,1680,1050
17,2,8845,1779661777.44997,1,1680,1050
17,2,8846,1779661777.47079,1,1680,1050
17,2,8847,1779661777.49161,1,1680,1050
17,2,8848,1779661777.51242,1,1680,1050
17,2,8849,1779661777.53324,1,1680,1050
17,2,8850,1779661777.55406,1,1680,1050
17,2,8851,1779661777.57488,1,1680,1050
17,2,8852,1779661777.5957,1,1680,1050
17,2,8853,1779661777.61652,1,1680,1050
17,2,8854,1779661777.63734,1,1680,1050
17,2,8855,1779661777.65816,1,1680,1050
17,2,8856,1779661777.67898,1,1680,1050
17,2,8857,1779661777.6998,1,1680,1050
17,2,8858,1779661777.72062,1,1680,1050
17,2,8859,1779661777.74144,1,1680,1050
17,2,8860,1779661777.76226,1,1680,1050
17,2,8861,1779661777.78308,1,1680,1050
17,2,8862,1779661777.8039,1,1680,1050
17,2,8863,1779661777.82472,1,1680,1050
17,2,8864,1779661777.84554,1,1680,1050
17,2,8865,1779661777.86635,1,1680,1050
17,2,8866,1779661777.88717,1,1680,1050
17,2,8867,1779661777.90799,1,1680,1050
17,2,8868,1779661777.92881,1,1680,1050
17,2,8869,1779661777.94963,1,1680,1050
17,2,8870,1779661777.97045,1,1680,1050
17,2,8871,1779661777.99127,1,1680,1050
17,2,8872,1779661778.01209,1,1680,1050
17,2,8873,1779661778.03291,1,1680,1050
17,2,8874,1779661778.05373,1,1680,1050
17,2,8875,1779661778.07455,1,1680,1050
17,2,8876,1779661778.09537,1,1680,1050
17,2,8877,1779661778.11619,1,1680,1050
17,2,8878,1779661778.13701,1,1680,1050
17,2,8879,1779661778.15783,1,1680,1050
17,2,8880,1779661778.17865,1,1680,1050
17,2,8881,1779661778.19947,1,1680,1050
17,2,8882,1779661778.22029,1,1680,1050
17,2,8883,1779661778.2411,1,1680,1050
17,2,8884,1779661778.26192,1,1680,1050
17,2,8885,1779661778.28274,1,1680,1050
17,2,8886,1779661778.30356,1,1680,1050
17,2,8887,1779661778.32438,1,1680,1050
17,2,8888,1779661778.3452,1,1680,1050
17,2,8889,1779661778.36602,1,1680,1050
17,2,8890,1779661778.38684,1,1680,1050
17,2,8891,1779661778.40766,1,1680,1050
17,2,8892,1779661778.42848,1,1680,1050
17,2,8893,1779661778.4493,1,1680,1050
17,2,8894,1779661778.47012,1,1680,1050
17,2,8895,1779661778.49094,1,1680,1050
17,2,8896,1779661778.51176,1,1680,1050
17,2,8897,1779661778.53258,1,1680,1050
17,2,8898,1779661778.5534,1,1680,1050
17,2,8899,1779661778.57422,1,1680,1050
17,2,8900,1779661778.59503,1,1680,1050
17,2,8901,1779661778.61586,1,1680,1050
17,2,8902,1779661778.63667,1,1680,1050
17,2,8903,1779661778.65749,1,1680,1050
17,2,8904,1779661778.67831,1,1680,1050
17,2,8905,1779661778.69913,1,1680,1050
17,2,8906,1779661778.71995,1,1680,1050
17,2,8907,1779661778.74077,1,1680,1050
17,2,8908,1779661778.76159,1,1680,1050
17,2,8909,1779661778.78241,1,1680,1050
17,2,8910,1779661778.80323,1,1680,1050
17,2,8911,1779661778.82405,1,1680,1050
17,2,8912,1779661778.84487,1,1680,1050
17,2,8913,1779661778.86569,1,1680,1050
17,2,8914,1779661778.88651,1,1680,1050
17,2,8915,1779661778.90733,1,1680,1050
17,2,8916,1779661778.92815,1,1680,1050
17,2,8917,1779661778.94897,1,1680,1050
17,2,8918,1779661778.96978,1,1680,1050
17,2,8919,1779661778.9906,1,1680,1050
17,2,8920,1779661779.01142,1,1680,1050
17,2,8921,1779661779.03224,1,1680,1050
17,2,8922,1779661779.05306,1,1680,1050
17,2,8923,1779661779.07388,1,1680,1050
17,2,8924,1779661779.0947,1,1680,1050
17,2,8925,1779661779.11552,1,1680,1050
17,2,8926,1779661779.13634,1,1680,1050
17,2,8927,1779661779.15716,1,1680,1050
17,2,8928,1779661779.17798,1,1680,1050
17,2,8929,1779661779.1988,1,1680,1050
17,2,8930,1779661779.21962,1,1680,1050
17,2,8931,1779661779.24044,1,1680,1050
17,2,8932,1779661779.26126,1,1680,1050
17,2,8933,1779661779.28208,1,1680,1050
17,2,8934,1779661779.3029,1,1680,1050
17,2,8935,1779661779.32371,1,1680,1050
17,2,8936,1779661779.34454,1,1680,1050
17,2,8937,1779661779.36535,1,1680,1050
17,2,8938,1779661779.38617,1,1680,1050
17,2,8939,1779661779.40699,1,1680,1050
17,2,8940,1779661779.42781,1,1680,1050
17,2,8941,1779661779.44863,1,1680,1050
17,2,8942,1779661779.46945,1,1680,1050
17,2,8943,1779661779.49027,1,1680,1050
17,2,8944,1779661779.51109,1,1680,1050
17,2,8945,1779661779.53191,1,1680,1050
17,2,8946,1779661779.55273,1,1680,1050
17,2,8947,1779661779.57355,1,1680,1050
17,2,8948,1779661779.59437,1,1680,1050
17,2,8949,1779661779.61519,1,1680,1050
17,2,8950,1779661779.63601,1,1680,1050
17,2,8951,1779661779.65683,1,1680,1050
17,2,8952,1779661779.67765,1,1680,1050
17,2,8953,1779661779.69846,1,1680,1050
17,2,8954,1779661779.71928,1,1680,1050
17,2,8955,1779661779.7401,1,1680,1050
17,2,8956,1779661779.76092,1,1680,1050
17,2,8957,1779661779.78174,1,1680,1050
17,2,8958,1779661779.80256,1,1680,1050
17,2,8959,1779661779.82338,1,1680,1050
17,2,8960,1779661779.8442,1,1680,1050
17,2,8961,1779661779.86502,1,1680,1050
17,2,8962,1779661779.88584,1,1680,1050
17,2,8963,1779661779.90666,1,1680,1050
17,2,8964,1779661779.92748,1,1680,1050
17,2,8965,1779661779.9483,1,1680,1050
17,2,8966,1779661779.96912,1,1680,1050
17,2,8967,1779661779.98994,1,1680,1050
17,2,8968,1779661780.01076,1,1680,1050
17,2,8969,1779661780.03158,1,1680,1050
17,2,8970,1779661780.05239,1,1680,1050
17,2,8971,1779661780.07321,1,1680,1050
17,2,8972,1779661780.09403,1,1680,1050
17,2,8973,1779661780.11485,1,1680,1050
17,2,8974,1779661780.13567,1,1680,1050
17,2,8975,1779661780.15649,1,1680,1050
17,2,8976,1779661780.17731,1,1680,1050
17,2,8977,1779661780.19813,1,1680,1050
17,2,8978,1779661780.21895,2,1680,1050
17,2,8979,1779661780.23977,2,1680,1050
17,2,8980,1779661780.26059,2,1680,1050
17,2,8981,1779661780.28141,2,1680,1050
17,2,8982,1779661780.30223,2,1680,1050
17,2,8983,1779661780.32305,2,1680,1050
17,2,8984,1779661780.34387,2,1680,1050
17,2,8985,1779661780.36469,2,1680,1050
17,2,8986,1779661780.38551,2,1680,1050
17,2,8987,1779661780.40633,2,1680,1050
17,2,8988,1779661780.42715,2,1680,1050
17,2,8989,1779661780.44796,2,1680,1050
17,2,8990,1779661780.46878,2,1680,1050
17,2,8991,1779661780.4896,2,1680,1050
17,2,8992,1779661780.51042,2,1680,1050
17,2,8993,1779661780.53124,2,1680,1050
17,2,8994,1779661780.55206,2,1680,1050
17,2,8995,1779661780.57288,2,1680,1050
17,2,8996,1779661780.5937,2,1680,1050
17,2,8997,1779661780.61452,2,1680,1050
17,2,8998,1779661780.63534,2,1680,1050
17,2,8999,1779661780.65616,2,1680,1050
17,2,9000,1779661780.67698,2,1680,1050
17,2,9001,1779661780.6978,2,1680,1050
17,2,9002,1779661780.71862,2,1680,1050
17,2,9003,1779661780.73944,2,1680,1050
17,2,9004,1779661780.76026,2,1680,1050
17,2,9005,1779661780.78107,2,1680,1050
17,2,9006,1779661780.80189,2,1680,1050
17,2,9007,1779661780.82271,2,1680,1050
17,2,9008,1779661780.84353,2,1680,1050
17,2,9009,1779661780.86435,2,1680,1050
17,2,9010,1779661780.88517,2,1680,1050
17,2,9011,1779661780.90599,2,1680,1050
17,2,9012,1779661780.92681,2,1680,1050
17,2,9013,1779661780.94763,2,1680,1050
17,2,9014,1779661780.96845,2,1680,1050
17,2,9015,1779661780.98927,2,1680,1050
17,2,9016,1779661781.01009,2,1680,1050
17,2,9017,1779661781.03091,2,1680,1050
17,2,9018,1779661781.05173,2,1680,1050
17,2,9019,1779661781.07255,2,1680,1050
17,2,9020,1779661781.09337,2,1680,1050
17,2,9021,1779661781.11419,2,1680,1050
17,2,9022,1779661781.13501,2,1680,1050
17,2,9023,1779661781.15582,2,1680,1050
17,2,9024,1779661781.17664,2,1680,1050
17,2,9025,1779661781.19746,2,1680,1050
17,2,9026,1779661781.21828,2,1680,1050
17,2,9027,1779661781.2391,2,1680,1050
17,2,9028,1779661781.25992,2,1680,1050
17,2,9029,1779661781.28074,2,1680,1050
17,2,9030,1779661781.30156,2,1680,1050
17,2,9031,1779661781.32238,2,1680,1050
17,2,9032,1779661781.3432,2,1680,1050
17,2,9033,1779661781.36402,2,1680,1050
17,2,9034,1779661781.38484,2,1680,1050
17,2,9035,1779661781.40566,2,1680,1050
17,2,9036,1779661781.42648,2,1680,1050
17,2,9037,1779661781.4473,2,1680,1050
17,2,9038,1779661781.46812,2,1680,1050
17,2,9039,1779661781.48894,2,1680,1050
17,2,9040,1779661781.50976,2,1680,1050
17,2,9041,1779661781.53058,2,1680,1050
17,2,9042,1779661781.55139,2,1680,1050
17,2,9043,1779661781.57221,2,1680,1050
17,2,9044,1779661781.59303,2,1680,1050
17,2,9045,1779661781.61385,2,1680,1050
17,2,9046,1779661781.63467,2,1680,1050
17,2,9047,1779661781.65549,2,1680,1050
17,2,9048,1779661781.67631,2,1680,1050
17,2,9049,1779661781.69713,2,1680,1050
17,2,9050,1779661781.71795,2,1680,1050
17,2,9051,1779661781.73877,2,1680,1050
17,2,9052,1779661781.75959,2,1680,1050
17,2,9053,1779661781.78041,2,1680,1050
17,2,9054,1779661781.80123,2,1680,1050
17,2,9055,1779661781.82205,2,1680,1050
17,2,9056,1779661781.84287,2,1680,1050
17,2,9057,1779661781.86369,2,1680,1050
17,2,9058,1779661781.88451,2,1680,1050
17,2,9059,1779661781.90532,2,1680,1050
17,2,9060,1779661781.92614,2,1680,1050
17,2,9061,1779661781.94696,2,1680,1050
17,2,9062,1779661781.96778,2,1680,1050
17,2,9063,1779661781.9886,2,1680,1050
17,2,9064,1779661782.00944,2,1680,1050
17,2,9065,1779661782.03024,2,1680,1050
17,2,9066,1779661782.05106,2,1680,1050
17,2,9067,1779661782.07188,2,1680,1050
17,2,9068,1779661782.0927,2,1680,1050
17,2,9069,1779661782.11352,2,1680,1050
17,2,9070,1779661782.13434,2,1680,1050
17,2,9071,1779661782.15516,2,1680,1050
17,2,9072,1779661782.17598,2,1680,1050
17,2,9073,1779661782.1968,2,1680,1050
17,2,9074,1779661782.21762,1,1680,1050
17,2,9075,1779661782.23844,1,1680,1050
17,2,9076,1779661782.25925,1,1680,1050
17,2,9077,1779661782.28007,1,1680,1050
17,2,9078,1779661782.30089,1,1680,1050
17,2,9079,1779661782.32171,1,1680,1050
17,2,9080,1779661782.34253,1,1680,1050
17,2,9081,1779661782.36335,1,1680,1050
17,2,9082,1779661782.38417,1,1680,1050
17,2,9083,1779661782.40499,1,1680,1050
17,2,9084,1779661782.42581,1,1680,1050
17,2,9085,1779661782.44663,1,1680,1050
17,2,9086,1779661782.46745,1,1680,1050
17,2,9087,1779661782.48827,1,1680,1050
17,2,9088,1779661782.50909,1,1680,1050
17,2,9089,1779661782.52991,1,1680,1050
17,2,9090,1779661782.55073,1,1680,1050
17,2,9091,1779661782.57155,1,1680,1050
17,2,9092,1779661782.59237,1,1680,1050
17,2,9093,1779661782.61319,1,1680,1050
17,2,9094,1779661782.634,1,1680,1050
17,2,9095,1779661782.65482,1,1680,1050
17,2,9096,1779661782.67564,1,1680,1050
17,2,9097,1779661782.69646,1,1680,1050
17,2,9098,1779661782.71728,1,1680,1050
17,2,9099,1779661782.7381,1,1680,1050
17,2,9100,1779661782.75892,1,1680,1050
17,2,9101,1779661782.77974,1,1680,1050
17,2,9102,1779661782.80056,1,1680,1050
17,2,9103,1779661782.82138,1,1680,1050
17,2,9104,1779661782.8422,1,1680,1050
17,2,9105,1779661782.86302,1,1680,1050
17,2,9106,1779661782.88384,1,1680,1050
17,2,9107,1779661782.90466,1,1680,1050
17,2,9108,1779661782.92548,1,1680,1050
17,2,9109,1779661782.9463,1,1680,1050
17,2,9110,1779661782.96712,1,1680,1050
17,2,9111,1779661782.98793,1,1680,1050
17,2,9112,1779661783.00875,1,1680,1050
17,2,9113,1779661783.02957,1,1680,1050
17,2,9114,1779661783.05039,1,1680,1050
17,2,9115,1779661783.07121,1,1680,1050
17,2,9116,1779661783.09203,1,1680,1050
17,2,9117,1779661783.11285,1,1680,1050
17,2,9118,1779661783.13367,1,1680,1050
17,2,9119,1779661783.15449,1,1680,1050
17,2,9120,1779661783.17531,1,1680,1050
17,2,9121,1779661783.19613,1,1680,1050
17,2,9122,1779661783.21695,1,1680,1050
17,2,9123,1779661783.23777,1,1680,1050
17,2,9124,1779661783.25859,1,1680,1050
17,2,9125,1779661783.27941,1,1680,1050
17,2,9126,1779661783.30023,1,1680,1050
17,2,9127,1779661783.32105,1,1680,1050
17,2,9128,1779661783.34187,1,1680,1050
17,2,9129,1779661783.36269,1,1680,1050
17,2,9130,1779661783.3835,1,1680,1050
17,2,9131,1779661783.40432,1,1680,1050
17,2,9132,1779661783.42514,1,1680,1050
17,2,9133,1779661783.44596,1,1680,1050
17,2,9134,1779661783.46678,1,1680,1050
17,2,9135,1779661783.4876,1,1680,1050
17,2,9136,1779661783.50842,1,1680,1050
17,2,9137,1779661783.52924,1,1680,1050
17,2,9138,1779661783.55006,1,1680,1050
17,2,9139,1779661783.57088,1,1680,1050
17,2,9140,1779661783.5917,1,1680,1050
17,2,9141,1779661783.61252,1,1680,1050
17,2,9142,1779661783.63334,1,1680,1050
17,2,9143,1779661783.65416,1,1680,1050
17,2,9144,1779661783.67498,1,1680,1050
17,2,9145,1779661783.6958,1,1680,1050
17,2,9146,1779661783.71662,1,1680,1050
17,2,9147,1779661783.73744,1,1680,1050
17,2,9148,1779661783.75825,1,1680,1050
17,2,9149,1779661783.77907,1,1680,1050
17,2,9150,1779661783.79989,1,1680,1050
17,2,9151,1779661783.82071,1,1680,1050
17,2,9152,1779661783.84153,1,1680,1050
17,2,9153,1779661783.86235,1,1680,1050
17,2,9154,1779661783.88317,1,1680,1050
17,2,9155,1779661783.90399,1,1680,1050
17,2,9156,1779661783.92481,1,1680,1050
17,2,9157,1779661783.94563,1,1680,1050
17,2,9158,1779661783.96645,1,1680,1050
17,2,9159,1779661783.98727,1,1680,1050
17,2,9160,1779661784.00809,1,1680,1050
17,2,9161,1779661784.02891,1,1680,1050
17,2,9162,1779661784.04973,1,1680,1050
17,2,9163,1779661784.07055,1,1680,1050
17,2,9164,1779661784.09136,1,1680,1050
17,2,9165,1779661784.11218,1,1680,1050
17,2,9166,1779661784.133,1,1680,1050
17,2,9167,1779661784.15382,1,1680,1050
17,2,9168,1779661784.17464,1,1680,1050
17,2,9169,1779661784.19546,1,1680,1050
17,2,9170,1779661784.21628,1,1680,1050
17,2,9171,1779661784.2371,1,1680,1050
17,2,9172,1779661784.25792,1,1680,1050
17,2,9173,1779661784.27874,1,1680,1050
17,2,9174,1779661784.29956,1,1680,1050
17,2,9175,1779661784.32038,1,1680,1050
17,2,9176,1779661784.3412,1,1680,1050
17,2,9177,1779661784.36202,1,1680,1050
17,2,9178,1779661784.38284,1,1680,1050
17,2,9179,1779661784.40366,1,1680,1050
17,2,9180,1779661784.42448,1,1680,1050
17,2,9181,1779661784.4453,1,1680,1050
17,2,9182,1779661784.46611,1,1680,1050
17,2,9183,1779661784.48693,1,1680,1050
17,2,9184,1779661784.50775,1,1680,1050
17,2,9185,1779661784.52857,1,1680,1050
17,2,9186,1779661784.54939,1,1680,1050
17,2,9187,1779661784.57021,1,1680,1050
17,2,9188,1779661784.59103,1,1680,1050
17,2,9189,1779661784.61185,1,1680,1050
17,2,9190,1779661784.63267,1,1680,1050
17,2,9191,1779661784.65349,1,1680,1050
17,2,9192,1779661784.67431,1,1680,1050
17,2,9193,1779661784.69513,1,1680,1050
17,2,9194,1779661784.71595,1,1680,1050
17,2,9195,1779661784.73677,1,1680,1050
17,2,9196,1779661784.75759,1,1680,1050
17,2,9197,1779661784.77841,1,1680,1050
17,2,9198,1779661784.79923,1,1680,1050
17,2,9199,1779661784.82004,1,1680,1050
17,2,9200,1779661784.84087,1,1680,1050
17,2,9201,1779661784.86168,1,1680,1050
17,2,9202,1779661784.8825,1,1680,1050
17,2,9203,1779661784.90332,1,1680,1050
17,2,9204,1779661784.92414,1,1680,1050
17,2,9205,1779661784.94496,1,1680,1050
17,2,9206,1779661784.96578,1,1680,1050
17,2,9207,1779661784.9866,1,1680,1050
17,2,9208,1779661785.00742,1,1680,1050
17,2,9209,1779661785.02824,1,1680,1050
17,2,9210,1779661785.04906,1,1680,1050
17,2,9211,1779661785.06988,1,1680,1050
17,2,9212,1779661785.0907,1,1680,1050
17,2,9213,1779661785.11152,1,1680,1050
17,2,9214,1779661785.13234,1,1680,1050
17,2,9215,1779661785.15316,1,1680,1050
17,2,9216,1779661785.17398,1,1680,1050
17,2,9217,1779661785.19479,1,1680,1050
17,2,9218,1779661785.21561,1,1680,1050
17,2,9219,1779661785.23643,1,1680,1050
17,2,9220,1779661785.25725,1,1680,1050
17,2,9221,1779661785.27807,1,1680,1050
17,2,9222,1779661785.29889,1,1680,1050
17,2,9223,1779661785.31971,1,1680,1050
17,2,9224,1779661785.34053,1,1680,1050
17,2,9225,1779661785.36135,1,1680,1050
17,2,9226,1779661785.38217,1,1680,1050
17,2,9227,1779661785.40299,1,1680,1050
17,2,9228,1779661785.42381,1,1680,1050
17,2,9229,1779661785.44463,1,1680,1050
17,2,9230,1779661785.46545,1,1680,1050
17,2,9231,1779661785.48627,1,1680,1050
17,2,9232,1779661785.50709,1,1680,1050
17,2,9233,1779661785.52791,1,1680,1050
17,2,9234,1779661785.54873,1,1680,1050
17,2,9235,1779661785.56954,1,1680,1050
17,2,9236,1779661785.59036,1,1680,1050
17,2,9237,1779661785.61118,1,1680,1050
17,2,9238,1779661785.632,1,1680,1050
17,2,9239,1779661785.65282,1,1680,1050
17,2,9240,1779661785.67364,1,1680,1050
17,2,9241,1779661785.69446,1,1680,1050
17,2,9242,1779661785.71528,1,1680,1050
17,2,9243,1779661785.7361,1,1680,1050
17,2,9244,1779661785.75692,1,1680,1050
17,2,9245,1779661785.77774,1,1680,1050
17,2,9246,1779661785.79856,1,1680,1050
17,2,9247,1779661785.81938,1,1680,1050
17,2,9248,1779661785.8402,1,1680,1050
17,2,9249,1779661785.86102,1,1680,1050
17,2,9250,1779661785.88184,1,1680,1050
17,2,9251,1779661785.90266,1,1680,1050
17,2,9252,1779661785.92347,1,1680,1050
17,2,9253,1779661785.9443,1,1680,1050
17,2,9254,1779661785.96511,1,1680,1050
17,2,9255,1779661785.98593,1,1680,1050
17,2,9256,1779661786.00675,1,1680,1050
17,2,9257,1779661786.02757,1,1680,1050
17,2,9258,1779661786.04839,1,1680,1050
17,2,9259,1779661786.06921,1,1680,1050
17,2,9260,1779661786.09003,1,1680,1050
17,2,9261,1779661786.11085,1,1680,1050
17,2,9262,1779661786.13167,1,1680,1050
17,2,9263,1779661786.15249,1,1680,1050
17,2,9264,1779661786.17331,1,1680,1050
17,2,9265,1779661786.19413,1,1680,1050
17,2,9266,1779661786.21495,2,1680,1050
17,2,9267,1779661786.23577,2,1680,1050
17,2,9268,1779661786.25659,2,1680,1050
17,2,9269,1779661786.27741,2,1680,1050
17,2,9270,1779661786.29822,2,1680,1050
17,2,9271,1779661786.31904,2,1680,1050
17,2,9272,1779661786.33986,2,1680,1050
17,2,9273,1779661786.36068,2,1680,1050
17,2,9274,1779661786.3815,2,1680,1050
17,2,9275,1779661786.40232,2,1680,1050
17,2,9276,1779661786.42314,2,1680,1050
17,2,9277,1779661786.44396,2,1680,1050
17,2,9278,1779661786.46478,2,1680,1050
17,2,9279,1779661786.4856,2,1680,1050
17,2,9280,1779661786.50642,2,1680,1050
17,2,9281,1779661786.52724,2,1680,1050
17,2,9282,1779661786.54806,2,1680,1050
17,2,9283,1779661786.56888,2,1680,1050
17,2,9284,1779661786.5897,2,1680,1050
17,2,9285,1779661786.61052,2,1680,1050
17,2,9286,1779661786.63134,2,1680,1050
17,2,9287,1779661786.65216,2,1680,1050
17,2,9288,1779661786.67298,2,1680,1050
17,2,9289,1779661786.69379,2,1680,1050
17,2,9290,1779661786.71461,2,1680,1050
17,2,9291,1779661786.73543,2,1680,1050
17,2,9292,1779661786.75625,2,1680,1050
17,2,9293,1779661786.77707,2,1680,1050
17,2,9294,1779661786.79789,2,1680,1050
17,2,9295,1779661786.81871,2,1680,1050
17,2,9296,1779661786.83953,2,1680,1050
17,2,9297,1779661786.86035,2,1680,1050
17,2,9298,1779661786.88117,2,1680,1050
17,2,9299,1779661786.90199,2,1680,1050
17,2,9300,1779661786.92281,2,1680,1050
17,2,9301,1779661786.94363,2,1680,1050
17,2,9302,1779661786.96445,2,1680,1050
17,2,9303,1779661786.98527,2,1680,1050
17,2,9304,1779661787.00609,2,1680,1050
17,2,9305,1779661787.02691,2,1680,1050
17,2,9306,1779661787.04772,2,1680,1050
17,2,9307,1779661787.06854,2,1680,1050
17,2,9308,1779661787.08936,2,1680,1050
17,2,9309,1779661787.11018,2,1680,1050
17,2,9310,1779661787.131,2,1680,1050
17,2,9311,1779661787.15182,2,1680,1050
17,2,9312,1779661787.17264,2,1680,1050
17,2,9313,1779661787.19346,2,1680,1050
17,2,9314,1779661787.21428,2,1680,1050
17,2,9315,1779661787.2351,2,1680,1050
17,2,9316,1779661787.25592,2,1680,1050
17,2,9317,1779661787.27674,2,1680,1050
17,2,9318,1779661787.29756,2,1680,1050
17,2,9319,1779661787.31838,2,1680,1050
17,2,9320,1779661787.3392,2,1680,1050
17,2,9321,1779661787.36002,2,1680,1050
17,2,9322,1779661787.38084,2,1680,1050
17,2,9323,1779661787.40165,2,1680,1050
17,2,9324,1779661787.42247,2,1680,1050
17,2,9325,1779661787.44329,2,1680,1050
17,2,9326,1779661787.46411,2,1680,1050
17,2,9327,1779661787.48493,2,1680,1050
17,2,9328,1779661787.50575,2,1680,1050
17,2,9329,1779661787.52657,2,1680,1050
17,2,9330,1779661787.54739,2,1680,1050
17,2,9331,1779661787.56821,2,1680,1050
17,2,9332,1779661787.58903,2,1680,1050
17,2,9333,1779661787.60985,2,1680,1050
17,2,9334,1779661787.63067,2,1680,1050
17,2,9335,1779661787.65149,2,1680,1050
17,2,9336,1779661787.67231,2,1680,1050
17,2,9337,1779661787.69313,2,1680,1050
17,2,9338,1779661787.71395,2,1680,1050
17,2,9339,1779661787.73476,2,1680,1050
17,2,9340,1779661787.75558,2,1680,1050
17,2,9341,1779661787.7764,2,1680,1050
17,2,9342,1779661787.79722,2,1680,1050
17,2,9343,1779661787.81804,2,1680,1050
17,2,9344,1779661787.83886,2,1680,1050
17,2,9345,1779661787.85968,2,1680,1050
17,2,9346,1779661787.8805,2,1680,1050
17,2,9347,1779661787.90132,2,1680,1050
17,2,9348,1779661787.92214,2,1680,1050
17,2,9349,1779661787.94296,2,1680,1050
17,2,9350,1779661787.96378,2,1680,1050
17,2,9351,1779661787.9846,2,1680,1050
17,2,9352,1779661788.00542,2,1680,1050
17,2,9353,1779661788.02624,2,1680,1050
17,2,9354,1779661788.04706,2,1680,1050
17,2,9355,1779661788.06788,2,1680,1050
17,2,9356,1779661788.0887,2,1680,1050
17,2,9357,1779661788.10951,2,1680,1050
17,2,9358,1779661788.13033,2,1680,1050
17,2,9359,1779661788.15115,2,1680,1050
17,2,9360,1779661788.17197,2,1680,1050
17,2,9361,1779661788.19279,2,1680,1050
17,2,9362,1779661788.21361,-1,1680,1050
17,2,9363,1779661788.23443,-1,1680,1050
17,2,9364,1779661788.25525,-1,1680,1050
17,2,9365,1779661788.27607,-1,1680,1050
17,2,9366,1779661788.29689,-1,1680,1050
17,2,9367,1779661788.31771,-1,1680,1050
17,2,9368,1779661788.33853,-1,1680,1050
17,2,9369,1779661788.35935,-1,1680,1050
17,2,9370,1779661788.38017,-1,1680,1050
17,2,9371,1779661788.40099,-1,1680,1050
17,2,9372,1779661788.42181,-1,1680,1050
17,2,9373,1779661788.44263,-1,1680,1050
17,2,9374,1779661788.46345,-1,1680,1050
17,2,9375,1779661788.48427,-1,1680,1050
17,2,9376,1779661788.50508,-1,1680,1050
17,2,9377,1779661788.5259,-1,1680,1050
17,2,9378,1779661788.54672,-1,1680,1050
17,2,9379,1779661788.56754,-1,1680,1050
17,2,9380,1779661788.58836,-1,1680,1050
17,2,9381,1779661788.60918,-1,1680,1050
17,2,9382,1779661788.63,-1,1680,1050
17,2,9383,1779661788.65082,-1,1680,1050
17,2,9384,1779661788.67164,-1,1680,1050
17,2,9385,1779661788.69246,-1,1680,1050
17,2,9386,1779661788.71328,-1,1680,1050
17,2,9387,1779661788.7341,-1,1680,1050
17,2,9388,1779661788.75492,-1,1680,1050
17,2,9389,1779661788.77574,-1,1680,1050
17,2,9390,1779661788.79656,-1,1680,1050
17,2,9391,1779661788.81738,-1,1680,1050
17,2,9392,1779661788.8382,-1,1680,1050
17,2,9393,1779661788.85901,-1,1680,1050
17,2,9394,1779661788.87983,-1,1680,1050
17,2,9395,1779661788.90065,-1,1680,1050
17,2,9396,1779661788.92147,-1,1680,1050
17,2,9397,1779661788.94229,-1,1680,1050
17,2,9398,1779661788.96311,-1,1680,1050
17,2,9399,1779661788.98393,-1,1680,1050
17,2,9400,1779661789.00475,-1,1680,1050
17,2,9401,1779661789.02557,-1,1680,1050
17,2,9402,1779661789.04639,-1,1680,1050
17,2,9403,1779661789.06721,-1,1680,1050
17,2,9404,1779661789.08803,-1,1680,1050
17,2,9405,1779661789.10885,-1,1680,1050
17,2,9406,1779661789.12967,-1,1680,1050
17,2,9407,1779661789.15049,-1,1680,1050
17,2,9408,1779661789.17131,-1,1680,1050
17,2,9409,1779661789.19213,-1,1680,1050
17,2,9410,1779661789.21294,-1,1680,1050
17,2,9411,1779661789.23376,-1,1680,1050
17,2,9412,1779661789.25458,-1,1680,1050
17,2,9413,1779661789.2754,-1,1680,1050
17,2,9414,1779661789.29622,-1,1680,1050
17,2,9415,1779661789.31704,-1,1680,1050
17,2,9416,1779661789.33786,-1,1680,1050
17,2,9417,1779661789.35868,-1,1680,1050
17,2,9418,1779661789.3795,-1,1680,1050
17,2,9419,1779661789.40032,-1,1680,1050
17,2,9420,1779661789.42114,-1,1680,1050
17,2,9421,1779661789.44196,-1,1680,1050
17,2,9422,1779661789.46278,-1,1680,1050
17,2,9423,1779661789.4836,-1,1680,1050
17,2,9424,1779661789.50442,-1,1680,1050
17,2,9425,1779661789.52524,-1,1680,1050
17,2,9426,1779661789.54606,-1,1680,1050
17,2,9427,1779661789.56688,-1,1680,1050
17,2,9428,1779661789.58769,-1,1680,1050
17,2,9429,1779661789.60851,-1,1680,1050
17,2,9430,1779661789.62933,-1,1680,1050
17,2,9431,1779661789.65015,-1,1680,1050
17,2,9432,1779661789.67097,-1,1680,1050
17,2,9433,1779661789.69179,-1,1680,1050
17,2,9434,1779661789.71261,-1,1680,1050
17,2,9435,1779661789.73343,-1,1680,1050
17,2,9436,1779661789.75425,-1,1680,1050
17,2,9437,1779661789.77507,-1,1680,1050
17,2,9438,1779661789.79589,-1,1680,1050
17,2,9439,1779661789.81671,-1,1680,1050
17,2,9440,1779661789.83753,-1,1680,1050
17,2,9441,1779661789.85835,-1,1680,1050
17,2,9442,1779661789.87917,-1,1680,1050
17,2,9443,1779661789.89999,-1,1680,1050
17,2,9444,1779661789.92081,-1,1680,1050
17,2,9445,1779661789.94162,-1,1680,1050
17,2,9446,1779661789.96244,-1,1680,1050
17,2,9447,1779661789.98326,-1,1680,1050
17,2,9448,1779661790.00408,-1,1680,1050
17,2,9449,1779661790.0249,-1,1680,1050
17,2,9450,1779661790.04572,-1,1680,1050
17,2,9451,1779661790.06654,-1,1680,1050
17,2,9452,1779661790.08736,-1,1680,1050
17,2,9453,1779661790.10818,-1,1680,1050
17,2,9454,1779661790.129,-1,1680,1050
17,2,9455,1779661790.14982,-1,1680,1050
17,2,9456,1779661790.17064,-1,1680,1050
17,2,9457,1779661790.19146,-1,1680,1050
17,2,9458,1779661790.21228,-1,1680,1050
17,2,9459,1779661790.2331,-1,1680,1050
17,2,9460,1779661790.25392,-1,1680,1050
17,2,9461,1779661790.27474,-1,1680,1050
17,2,9462,1779661790.29556,-1,1680,1050
17,2,9463,1779661790.31637,-1,1680,1050
17,2,9464,1779661790.33719,-1,1680,1050
17,2,9465,1779661790.35801,-1,1680,1050
17,2,9466,1779661790.37883,-1,1680,1050
17,2,9467,1779661790.39965,-1,1680,1050
17,2,9468,1779661790.42047,-1,1680,1050
17,2,9469,1779661790.44129,-1,1680,1050
17,2,9470,1779661790.46211,-1,1680,1050
17,2,9471,1779661790.48293,-1,1680,1050
17,2,9472,1779661790.50375,-1,1680,1050
17,2,9473,1779661790.52457,-1,1680,1050
17,2,9474,1779661790.54539,-1,1680,1050
17,2,9475,1779661790.56621,-1,1680,1050
17,2,9476,1779661790.58703,-1,1680,1050
17,2,9477,1779661790.60785,-1,1680,1050
17,2,9478,1779661790.62867,-1,1680,1050
17,2,9479,1779661790.64949,-1,1680,1050
17,2,9480,1779661790.67031,-1,1680,1050
17,2,9481,1779661790.69113,-1,1680,1050
17,2,9482,1779661790.71194,-1,1680,1050
17,2,9483,1779661790.73276,-1,1680,1050
17,2,9484,1779661790.75358,-1,1680,1050
17,2,9485,1779661790.7744,-1,1680,1050
17,2,9486,1779661790.79522,-1,1680,1050
17,2,9487,1779661790.81604,-1,1680,1050
17,2,9488,1779661790.83686,-1,1680,1050
17,2,9489,1779661790.85768,-1,1680,1050
17,2,9490,1779661790.8785,-1,1680,1050
17,2,9491,1779661790.89932,-1,1680,1050
17,2,9492,1779661790.92014,-1,1680,1050
17,2,9493,1779661790.94096,-1,1680,1050
17,2,9494,1779661790.96178,-1,1680,1050
17,2,9495,1779661790.9826,-1,1680,1050
17,2,9496,1779661791.00342,-1,1680,1050
17,2,9497,1779661791.02424,-1,1680,1050
17,2,9498,1779661791.04505,-1,1680,1050
17,2,9499,1779661791.06587,-1,1680,1050
17,2,9500,1779661791.08669,-1,1680,1050
17,2,9501,1779661791.10751,-1,1680,1050
17,2,9502,1779661791.12833,-1,1680,1050
17,2,9503,1779661791.14915,-1,1680,1050
17,2,9504,1779661791.16997,-1,1680,1050
17,2,9505,1779661791.19079,-1,1680,1050
17,2,9506,1779661791.21161,1,1680,1050
17,2,9507,1779661791.23243,1,1680,1050
17,2,9508,1779661791.25325,1,1680,1050
17,2,9509,1779661791.27407,1,1680,1050
17,2,9510,1779661791.29489,1,1680,1050
17,2,9511,1779661791.31571,1,1680,1050
17,2,9512,1779661791.33653,1,1680,1050
17,2,9513,1779661791.35735,1,1680,1050
17,2,9514,1779661791.37817,1,1680,1050
17,2,9515,1779661791.39899,1,1680,1050
17,2,9516,1779661791.4198,1,1680,1050
17,2,9517,1779661791.44062,1,1680,1050
17,2,9518,1779661791.46144,1,1680,1050
17,2,9519,1779661791.48226,1,1680,1050
17,2,9520,1779661791.50308,1,1680,1050
17,2,9521,1779661791.5239,1,1680,1050
17,2,9522,1779661791.54472,1,1680,1050
17,2,9523,1779661791.56554,1,1680,1050
17,2,9524,1779661791.58636,1,1680,1050
17,2,9525,1779661791.60718,1,1680,1050
17,2,9526,1779661791.628,1,1680,1050
17,2,9527,1779661791.64882,1,1680,1050
17,2,9528,1779661791.66964,1,1680,1050
17,2,9529,1779661791.69046,1,1680,1050
17,2,9530,1779661791.71128,1,1680,1050
17,2,9531,1779661791.7321,1,1680,1050
17,2,9532,1779661791.75292,1,1680,1050
17,2,9533,1779661791.77373,1,1680,1050
17,2,9534,1779661791.79455,1,1680,1050
17,2,9535,1779661791.81537,1,1680,1050
17,2,9536,1779661791.83619,1,1680,1050
17,2,9537,1779661791.85701,1,1680,1050
17,2,9538,1779661791.87783,1,1680,1050
17,2,9539,1779661791.89865,1,1680,1050
17,2,9540,1779661791.91947,1,1680,1050
17,2,9541,1779661791.94029,1,1680,1050
17,2,9542,1779661791.96111,1,1680,1050
17,2,9543,1779661791.98193,1,1680,1050
17,2,9544,1779661792.00275,1,1680,1050
17,2,9545,1779661792.02357,1,1680,1050
17,2,9546,1779661792.04439,1,1680,1050
17,2,9547,1779661792.06521,1,1680,1050
17,2,9548,1779661792.08603,1,1680,1050
17,2,9549,1779661792.10685,1,1680,1050
17,2,9550,1779661792.12767,1,1680,1050
17,2,9551,1779661792.14849,1,1680,1050
17,2,9552,1779661792.1693,1,1680,1050
17,2,9553,1779661792.19012,1,1680,1050
17,2,9554,1779661792.21094,1,1680,1050
17,2,9555,1779661792.23176,1,1680,1050
17,2,9556,1779661792.25258,1,1680,1050
17,2,9557,1779661792.2734,1,1680,1050
17,2,9558,1779661792.29422,1,1680,1050
17,2,9559,1779661792.31504,1,1680,1050
17,2,9560,1779661792.33586,1,1680,1050
17,2,9561,1779661792.35668,1,1680,1050
17,2,9562,1779661792.3775,1,1680,1050
17,2,9563,1779661792.39832,1,1680,1050
17,2,9564,1779661792.41914,1,1680,1050
17,2,9565,1779661792.43996,1,1680,1050
17,2,9566,1779661792.46078,1,1680,1050
17,2,9567,1779661792.4816,1,1680,1050
17,2,9568,1779661792.50242,1,1680,1050
17,2,9569,1779661792.52323,1,1680,1050
17,2,9570,1779661792.54405,1,1680,1050
17,2,9571,1779661792.56487,1,1680,1050
17,2,9572,1779661792.58569,1,1680,1050
17,2,9573,1779661792.60651,1,1680,1050
17,2,9574,1779661792.62733,1,1680,1050
17,2,9575,1779661792.64815,1,1680,1050
17,2,9576,1779661792.66897,1,1680,1050
17,2,9577,1779661792.68979,1,1680,1050
17,2,9578,1779661792.71061,1,1680,1050
17,2,9579,1779661792.73143,1,1680,1050
17,2,9580,1779661792.75225,1,1680,1050
17,2,9581,1779661792.77307,1,1680,1050
17,2,9582,1779661792.79389,1,1680,1050
17,2,9583,1779661792.81471,1,1680,1050
17,2,9584,1779661792.83553,1,1680,1050
17,2,9585,1779661792.85635,1,1680,1050
17,2,9586,1779661792.87716,1,1680,1050
17,2,9587,1779661792.89798,1,1680,1050
17,2,9588,1779661792.9188,1,1680,1050
17,2,9589,1779661792.93962,1,1680,1050
17,2,9590,1779661792.96044,1,1680,1050
17,2,9591,1779661792.98126,1,1680,1050
17,2,9592,1779661793.00208,1,1680,1050
17,2,9593,1779661793.0229,1,1680,1050
17,2,9594,1779661793.04372,1,1680,1050
17,2,9595,1779661793.06454,1,1680,1050
17,2,9596,1779661793.08536,1,1680,1050
17,2,9597,1779661793.10618,1,1680,1050
17,2,9598,1779661793.127,1,1680,1050
17,2,9599,1779661793.14782,1,1680,1050
17,2,9600,1779661793.16864,1,1680,1050
17,2,9601,1779661793.18946,1,1680,1050
17,2,9602,1779661793.21028,1,1680,1050
17,2,9603,1779661793.2311,1,1680,1050
17,2,9604,1779661793.25192,1,1680,1050
17,2,9605,1779661793.27274,1,1680,1050
17,2,9606,1779661793.29355,1,1680,1050
17,2,9607,1779661793.31437,1,1680,1050
17,2,9608,1779661793.33519,1,1680,1050
17,2,9609,1779661793.35601,1,1680,1050
17,2,9610,1779661793.37683,1,1680,1050
17,2,9611,1779661793.39765,1,1680,1050
17,2,9612,1779661793.41847,1,1680,1050
17,2,9613,1779661793.43929,1,1680,1050
17,2,9614,1779661793.46011,1,1680,1050
17,2,9615,1779661793.48093,1,1680,1050
17,2,9616,1779661793.50175,1,1680,1050
17,2,9617,1779661793.52257,1,1680,1050
17,2,9618,1779661793.54339,1,1680,1050
17,2,9619,1779661793.56421,1,1680,1050
17,2,9620,1779661793.58503,1,1680,1050
17,2,9621,1779661793.60585,1,1680,1050
17,2,9622,1779661793.62666,1,1680,1050
17,2,9623,1779661793.64748,1,1680,1050
17,2,9624,1779661793.6683,1,1680,1050
17,2,9625,1779661793.68912,1,1680,1050
17,2,9626,1779661793.70994,1,1680,1050
17,2,9627,1779661793.73076,1,1680,1050
17,2,9628,1779661793.75158,1,1680,1050
17,2,9629,1779661793.7724,1,1680,1050
17,2,9630,1779661793.79322,1,1680,1050
17,2,9631,1779661793.81404,1,1680,1050
17,2,9632,1779661793.83486,1,1680,1050
17,2,9633,1779661793.85568,1,1680,1050
17,2,9634,1779661793.8765,1,1680,1050
17,2,9635,1779661793.89732,1,1680,1050
17,2,9636,1779661793.91814,1,1680,1050
17,2,9637,1779661793.93896,1,1680,1050
17,2,9638,1779661793.95978,1,1680,1050
17,2,9639,1779661793.9806,1,1680,1050
17,2,9640,1779661794.00141,1,1680,1050
17,2,9641,1779661794.02223,1,1680,1050
17,2,9642,1779661794.04305,1,1680,1050
17,2,9643,1779661794.06387,1,1680,1050
17,2,9644,1779661794.08469,1,1680,1050
17,2,9645,1779661794.10551,1,1680,1050
17,2,9646,1779661794.12633,1,1680,1050
17,2,9647,1779661794.14715,1,1680,1050
17,2,9648,1779661794.16797,1,1680,1050
17,2,9649,1779661794.18879,1,1680,1050
17,2,9650,1779661794.20961,1,1680,1050
17,2,9651,1779661794.23043,1,1680,1050
17,2,9652,1779661794.25125,1,1680,1050
17,2,9653,1779661794.27207,1,1680,1050
17,2,9654,1779661794.29289,1,1680,1050
17,2,9655,1779661794.31371,1,1680,1050
17,2,9656,1779661794.33453,1,1680,1050
17,2,9657,1779661794.35534,1,1680,1050
17,2,9658,1779661794.37616,1,1680,1050
17,2,9659,1779661794.39698,1,1680,1050
17,2,9660,1779661794.4178,1,1680,1050
17,2,9661,1779661794.43862,1,1680,1050
17,2,9662,1779661794.45944,1,1680,1050
17,2,9663,1779661794.48026,1,1680,1050
17,2,9664,1779661794.50108,1,1680,1050
17,2,9665,1779661794.5219,1,1680,1050
17,2,9666,1779661794.54272,1,1680,1050
17,2,9667,1779661794.56354,1,1680,1050
17,2,9668,1779661794.58436,1,1680,1050
17,2,9669,1779661794.60518,1,1680,1050
17,2,9670,1779661794.626,1,1680,1050
17,2,9671,1779661794.64682,1,1680,1050
17,2,9672,1779661794.66764,1,1680,1050
17,2,9673,1779661794.68846,1,1680,1050
17,2,9674,1779661794.70928,1,1680,1050
17,2,9675,1779661794.73009,1,1680,1050
17,2,9676,1779661794.75091,1,1680,1050
17,2,9677,1779661794.77173,1,1680,1050
17,2,9678,1779661794.79255,1,1680,1050
17,2,9679,1779661794.81337,1,1680,1050
17,2,9680,1779661794.83419,1,1680,1050
17,2,9681,1779661794.85501,1,1680,1050
17,2,9682,1779661794.87583,1,1680,1050
17,2,9683,1779661794.89665,1,1680,1050
17,2,9684,1779661794.91747,1,1680,1050
17,2,9685,1779661794.93829,1,1680,1050
17,2,9686,1779661794.95911,1,1680,1050
17,2,9687,1779661794.97993,1,1680,1050
17,2,9688,1779661795.00075,1,1680,1050
17,2,9689,1779661795.02157,1,1680,1050
17,2,9690,1779661795.04239,1,1680,1050
17,2,9691,1779661795.0632,1,1680,1050
17,2,9692,1779661795.08403,1,1680,1050
17,2,9693,1779661795.10484,1,1680,1050
17,2,9694,1779661795.12566,1,1680,1050
17,2,9695,1779661795.14648,1,1680,1050
17,2,9696,1779661795.1673,1,1680,1050
17,2,9697,1779661795.18812,1,1680,1050
17,2,9698,1779661795.20894,2,1680,1050
17,2,9699,1779661795.22976,2,1680,1050
17,2,9700,1779661795.25058,2,1680,1050
17,2,9701,1779661795.2714,2,1680,1050
17,2,9702,1779661795.29222,2,1680,1050
17,2,9703,1779661795.31304,2,1680,1050
17,2,9704,1779661795.33386,2,1680,1050
17,2,9705,1779661795.35468,2,1680,1050
17,2,9706,1779661795.3755,2,1680,1050
17,2,9707,1779661795.39632,2,1680,1050
17,2,9708,1779661795.41714,2,1680,1050
17,2,9709,1779661795.43795,2,1680,1050
17,2,9710,1779661795.45877,2,1680,1050
17,2,9711,1779661795.47959,2,1680,1050
17,2,9712,1779661795.50041,2,1680,1050
17,2,9713,1779661795.52123,2,1680,1050
17,2,9714,1779661795.54205,2,1680,1050
17,2,9715,1779661795.56287,2,1680,1050
17,2,9716,1779661795.58369,2,1680,1050
17,2,9717,1779661795.60451,2,1680,1050
17,2,9718,1779661795.62533,2,1680,1050
17,2,9719,1779661795.64615,2,1680,1050
17,2,9720,1779661795.66697,2,1680,1050
17,2,9721,1779661795.68779,2,1680,1050
17,2,9722,1779661795.70861,2,1680,1050
17,2,9723,1779661795.72943,2,1680,1050
17,2,9724,1779661795.75025,2,1680,1050
17,2,9725,1779661795.77107,2,1680,1050
17,2,9726,1779661795.79188,2,1680,1050
17,2,9727,1779661795.8127,2,1680,1050
17,2,9728,1779661795.83352,2,1680,1050
17,2,9729,1779661795.85434,2,1680,1050
17,2,9730,1779661795.87516,2,1680,1050
17,2,9731,1779661795.89598,2,1680,1050
17,2,9732,1779661795.9168,2,1680,1050
17,2,9733,1779661795.93762,2,1680,1050
17,2,9734,1779661795.95844,2,1680,1050
17,2,9735,1779661795.97926,2,1680,1050
17,2,9736,1779661796.00008,2,1680,1050
17,2,9737,1779661796.0209,2,1680,1050
17,2,9738,1779661796.04172,2,1680,1050
17,2,9739,1779661796.06254,2,1680,1050
17,2,9740,1779661796.08336,2,1680,1050
17,2,9741,1779661796.10418,2,1680,1050
17,2,9742,1779661796.125,2,1680,1050
17,2,9743,1779661796.14582,2,1680,1050
17,2,9744,1779661796.16664,2,1680,1050
17,2,9745,1779661796.18745,2,1680,1050
17,2,9746,1779661796.20827,2,1680,1050
17,2,9747,1779661796.22909,2,1680,1050
17,2,9748,1779661796.24991,2,1680,1050
17,2,9749,1779661796.27073,2,1680,1050
17,2,9750,1779661796.29155,2,1680,1050
17,2,9751,1779661796.31237,2,1680,1050
17,2,9752,1779661796.33321,2,1680,1050
17,2,9753,1779661796.35401,2,1680,1050
17,2,9754,1779661796.37483,2,1680,1050
17,2,9755,1779661796.39565,2,1680,1050
17,2,9756,1779661796.41647,2,1680,1050
17,2,9757,1779661796.43729,2,1680,1050
17,2,9758,1779661796.45811,2,1680,1050
17,2,9759,1779661796.47893,2,1680,1050
17,2,9760,1779661796.49975,2,1680,1050
17,2,9761,1779661796.52057,2,1680,1050
17,2,9762,1779661796.54138,2,1680,1050
17,2,9763,1779661796.5622,2,1680,1050
17,2,9764,1779661796.58302,2,1680,1050
17,2,9765,1779661796.60384,2,1680,1050
17,2,9766,1779661796.62466,2,1680,1050
17,2,9767,1779661796.64548,2,1680,1050
17,2,9768,1779661796.6663,2,1680,1050
17,2,9769,1779661796.68712,2,1680,1050
17,2,9770,1779661796.70794,2,1680,1050
17,2,9771,1779661796.72876,2,1680,1050
17,2,9772,1779661796.74958,2,1680,1050
17,2,9773,1779661796.7704,2,1680,1050
17,2,9774,1779661796.79122,2,1680,1050
17,2,9775,1779661796.81204,2,1680,1050
17,2,9776,1779661796.83286,2,1680,1050
17,2,9777,1779661796.85368,2,1680,1050
17,2,9778,1779661796.8745,2,1680,1050
17,2,9779,1779661796.89532,2,1680,1050
17,2,9780,1779661796.91613,2,1680,1050
17,2,9781,1779661796.93695,2,1680,1050
17,2,9782,1779661796.95777,2,1680,1050
17,2,9783,1779661796.97859,2,1680,1050
17,2,9784,1779661796.99941,2,1680,1050
17,2,9785,1779661797.02023,2,1680,1050
17,2,9786,1779661797.04105,2,1680,1050
17,2,9787,1779661797.06187,2,1680,1050
17,2,9788,1779661797.08269,2,1680,1050
17,2,9789,1779661797.10351,2,1680,1050
17,2,9790,1779661797.12433,2,1680,1050
17,2,9791,1779661797.14515,2,1680,1050
17,2,9792,1779661797.16597,2,1680,1050
17,2,9793,1779661797.18679,2,1680,1050
17,2,9794,1779661797.20761,1,1680,1050
17,2,9795,1779661797.22843,1,1680,1050
17,2,9796,1779661797.24925,1,1680,1050
17,2,9797,1779661797.27007,1,1680,1050
17,2,9798,1779661797.29088,1,1680,1050
17,2,9799,1779661797.3117,1,1680,1050
17,2,9800,1779661797.33252,1,1680,1050
17,2,9801,1779661797.35334,1,1680,1050
17,2,9802,1779661797.37416,1,1680,1050
17,2,9803,1779661797.39498,1,1680,1050
17,2,9804,1779661797.4158,1,1680,1050
17,2,9805,1779661797.43662,1,1680,1050
17,2,9806,1779661797.45744,1,1680,1050
17,2,9807,1779661797.47826,1,1680,1050
17,2,9808,1779661797.49908,1,1680,1050
17,2,9809,1779661797.5199,1,1680,1050
17,2,9810,1779661797.54072,1,1680,1050
17,2,9811,1779661797.56154,1,1680,1050
17,2,9812,1779661797.58236,1,1680,1050
17,2,9813,1779661797.60318,1,1680,1050
17,2,9814,1779661797.624,1,1680,1050
17,2,9815,1779661797.64481,1,1680,1050
17,2,9816,1779661797.66563,1,1680,1050
17,2,9817,1779661797.68645,1,1680,1050
17,2,9818,1779661797.70727,1,1680,1050
17,2,9819,1779661797.72809,1,1680,1050
17,2,9820,1779661797.74891,1,1680,1050
17,2,9821,1779661797.76973,1,1680,1050
17,2,9822,1779661797.79055,1,1680,1050
17,2,9823,1779661797.81137,1,1680,1050
17,2,9824,1779661797.83219,1,1680,1050
17,2,9825,1779661797.85301,1,1680,1050
17,2,9826,1779661797.87383,1,1680,1050
17,2,9827,1779661797.89465,1,1680,1050
17,2,9828,1779661797.91547,1,1680,1050
17,2,9829,1779661797.93629,1,1680,1050
17,2,9830,1779661797.95711,1,1680,1050
17,2,9831,1779661797.97793,1,1680,1050
17,2,9832,1779661797.99875,1,1680,1050
17,2,9833,1779661798.01956,1,1680,1050
17,2,9834,1779661798.04038,1,1680,1050
17,2,9835,1779661798.0612,1,1680,1050
17,2,9836,1779661798.08202,1,1680,1050
17,2,9837,1779661798.10284,1,1680,1050
17,2,9838,1779661798.12366,1,1680,1050
17,2,9839,1779661798.14448,1,1680,1050
17,2,9840,1779661798.1653,1,1680,1050
17,2,9841,1779661798.18612,1,1680,1050
17,2,9842,1779661798.20694,1,1680,1050
17,2,9843,1779661798.22776,1,1680,1050
17,2,9844,1779661798.24858,1,1680,1050
17,2,9845,1779661798.2694,1,1680,1050
17,2,9846,1779661798.29022,1,1680,1050
17,2,9847,1779661798.31104,1,1680,1050
17,2,9848,1779661798.33186,1,1680,1050
17,2,9849,1779661798.35268,1,1680,1050
17,2,9850,1779661798.3735,1,1680,1050
17,2,9851,1779661798.39431,1,1680,1050
17,2,9852,1779661798.41513,1,1680,1050
17,2,9853,1779661798.43595,1,1680,1050
17,2,9854,1779661798.45677,1,1680,1050
17,2,9855,1779661798.47759,1,1680,1050
17,2,9856,1779661798.49841,1,1680,1050
17,2,9857,1779661798.51923,1,1680,1050
17,2,9858,1779661798.54005,1,1680,1050
17,2,9859,1779661798.56087,1,1680,1050
17,2,9860,1779661798.58169,1,1680,1050
17,2,9861,1779661798.60251,1,1680,1050
17,2,9862,1779661798.62333,1,1680,1050
17,2,9863,1779661798.64415,1,1680,1050
17,2,9864,1779661798.66497,1,1680,1050
17,2,9865,1779661798.68579,1,1680,1050
17,2,9866,1779661798.70661,1,1680,1050
17,2,9867,1779661798.72742,1,1680,1050
17,2,9868,1779661798.74825,1,1680,1050
17,2,9869,1779661798.76906,1,1680,1050
17,2,9870,1779661798.78988,1,1680,1050
17,2,9871,1779661798.8107,1,1680,1050
17,2,9872,1779661798.83152,1,1680,1050
17,2,9873,1779661798.85234,1,1680,1050
17,2,9874,1779661798.87316,1,1680,1050
17,2,9875,1779661798.89398,1,1680,1050
17,2,9876,1779661798.9148,1,1680,1050
17,2,9877,1779661798.93562,1,1680,1050
17,2,9878,1779661798.95644,1,1680,1050
17,2,9879,1779661798.97726,1,1680,1050
17,2,9880,1779661798.99808,1,1680,1050
17,2,9881,1779661799.0189,1,1680,1050
17,2,9882,1779661799.03972,1,1680,1050
17,2,9883,1779661799.06054,1,1680,1050
17,2,9884,1779661799.08136,1,1680,1050
17,2,9885,1779661799.10217,1,1680,1050
17,2,9886,1779661799.123,1,1680,1050
17,2,9887,1779661799.14381,1,1680,1050
17,2,9888,1779661799.16463,1,1680,1050
17,2,9889,1779661799.18545,1,1680,1050
17,2,9890,1779661799.20627,1,1680,1050
17,2,9891,1779661799.22709,1,1680,1050
17,2,9892,1779661799.24791,1,1680,1050
17,2,9893,1779661799.26873,1,1680,1050
17,2,9894,1779661799.28955,1,1680,1050
17,2,9895,1779661799.31037,1,1680,1050
17,2,9896,1779661799.33119,1,1680,1050
17,2,9897,1779661799.35201,1,1680,1050
17,2,9898,1779661799.37283,1,1680,1050
17,2,9899,1779661799.39365,1,1680,1050
17,2,9900,1779661799.41447,1,1680,1050
17,2,9901,1779661799.43529,1,1680,1050
17,2,9902,1779661799.4561,1,1680,1050
17,2,9903,1779661799.47692,1,1680,1050
17,2,9904,1779661799.49774,1,1680,1050
17,2,9905,1779661799.51856,1,1680,1050
17,2,9906,1779661799.53938,1,1680,1050
17,2,9907,1779661799.5602,1,1680,1050
17,2,9908,1779661799.58102,1,1680,1050
17,2,9909,1779661799.60184,1,1680,1050
17,2,9910,1779661799.62266,1,1680,1050
17,2,9911,1779661799.64348,1,1680,1050
17,2,9912,1779661799.6643,1,1680,1050
17,2,9913,1779661799.68512,1,1680,1050
17,2,9914,1779661799.70594,1,1680,1050
17,2,9915,1779661799.72676,1,1680,1050
17,2,9916,1779661799.74758,1,1680,1050
17,2,9917,1779661799.7684,1,1680,1050
17,2,9918,1779661799.78922,1,1680,1050
17,2,9919,1779661799.81004,1,1680,1050
17,2,9920,1779661799.83085,1,1680,1050
17,2,9921,1779661799.85168,1,1680,1050
17,2,9922,1779661799.87249,1,1680,1050
17,2,9923,1779661799.89331,1,1680,1050
17,2,9924,1779661799.91413,1,1680,1050
17,2,9925,1779661799.93495,1,1680,1050
17,2,9926,1779661799.95577,1,1680,1050
17,2,9927,1779661799.97659,1,1680,1050
17,2,9928,1779661799.99741,1,1680,1050
17,2,9929,1779661800.01823,1,1680,1050
17,2,9930,1779661800.03905,1,1680,1050
17,2,9931,1779661800.05987,1,1680,1050
17,2,9932,1779661800.08069,1,1680,1050
17,2,9933,1779661800.10151,1,1680,1050
17,2,9934,1779661800.12233,1,1680,1050
17,2,9935,1779661800.14315,1,1680,1050
17,2,9936,1779661800.16397,1,1680,1050
17,2,9937,1779661800.18478,1,1680,1050
17,2,9938,1779661800.2056,1,1680,1050
17,2,9939,1779661800.22642,1,1680,1050
17,2,9940,1779661800.24724,1,1680,1050
17,2,9941,1779661800.26806,1,1680,1050
17,2,9942,1779661800.28888,1,1680,1050
17,2,9943,1779661800.3097,1,1680,1050
17,2,9944,1779661800.33052,1,1680,1050
17,2,9945,1779661800.35134,1,1680,1050
17,2,9946,1779661800.37216,1,1680,1050
17,2,9947,1779661800.39298,1,1680,1050
17,2,9948,1779661800.4138,1,1680,1050
17,2,9949,1779661800.43462,1,1680,1050
17,2,9950,1779661800.45544,1,1680,1050
17,2,9951,1779661800.47626,1,1680,1050
17,2,9952,1779661800.49708,1,1680,1050
17,2,9953,1779661800.5179,1,1680,1050
17,2,9954,1779661800.53872,1,1680,1050
17,2,9955,1779661800.55954,1,1680,1050
17,2,9956,1779661800.58035,1,1680,1050
17,2,9957,1779661800.60117,1,1680,1050
17,2,9958,1779661800.62199,1,1680,1050
17,2,9959,1779661800.64281,1,1680,1050
17,2,9960,1779661800.66363,1,1680,1050
17,2,9961,1779661800.68445,1,1680,1050
17,2,9962,1779661800.70527,1,1680,1050
17,2,9963,1779661800.72609,1,1680,1050
17,2,9964,1779661800.74691,1,1680,1050
17,2,9965,1779661800.76773,1,1680,1050
17,2,9966,1779661800.78855,1,1680,1050
17,2,9967,1779661800.80937,1,1680,1050
17,2,9968,1779661800.83019,1,1680,1050
17,2,9969,1779661800.85101,1,1680,1050
17,2,9970,1779661800.87183,1,1680,1050
17,2,9971,1779661800.89265,1,1680,1050
17,2,9972,1779661800.91347,1,1680,1050
17,2,9973,1779661800.93429,1,1680,1050
17,2,9974,1779661800.9551,1,1680,1050
17,2,9975,1779661800.97592,1,1680,1050
17,2,9976,1779661800.99674,1,1680,1050
17,2,9977,1779661801.01756,1,1680,1050
17,2,9978,1779661801.03838,1,1680,1050
17,2,9979,1779661801.0592,1,1680,1050
17,2,9980,1779661801.08002,1,1680,1050
17,2,9981,1779661801.10084,1,1680,1050
17,2,9982,1779661801.12166,1,1680,1050
17,2,9983,1779661801.14248,1,1680,1050
17,2,9984,1779661801.1633,1,1680,1050
17,2,9985,1779661801.18412,1,1680,1050
17,2,9986,1779661801.20494,2,1680,1050
17,2,9987,1779661801.22576,2,1680,1050
17,2,9988,1779661801.24658,2,1680,1050
17,2,9989,1779661801.2674,2,1680,1050
17,2,9990,1779661801.28821,2,1680,1050
17,2,9991,1779661801.30903,2,1680,1050
17,2,9992,1779661801.32985,2,1680,1050
17,2,9993,1779661801.35067,2,1680,1050
17,2,9994,1779661801.37149,2,1680,1050
17,2,9995,1779661801.39231,2,1680,1050
17,2,9996,1779661801.41313,2,1680,1050
17,2,9997,1779661801.43395,2,1680,1050
17,2,9998,1779661801.45477,2,1680,1050
17,2,9999,1779661801.47559,2,1680,1050
17,2,10000,1779661801.49641,2,1680,1050
17,2,10001,1779661801.51723,2,1680,1050
17,2,10002,1779661801.53805,2,1680,1050
17,2,10003,1779661801.55887,2,1680,1050
17,2,10004,1779661801.57969,2,1680,1050
17,2,10005,1779661801.60051,2,1680,1050
17,2,10006,1779661801.62133,2,1680,1050
17,2,10007,1779661801.64215,2,1680,1050
17,2,10008,1779661801.66296,2,1680,1050
17,2,10009,1779661801.68378,2,1680,1050
17,2,10010,1779661801.7046,2,1680,1050
17,2,10011,1779661801.72542,2,1680,1050
17,2,10012,1779661801.74624,2,1680,1050
17,2,10013,1779661801.76706,2,1680,1050
17,2,10014,1779661801.78788,2,1680,1050
17,2,10015,1779661801.8087,2,1680,1050
17,2,10016,1779661801.82952,2,1680,1050
17,2,10017,1779661801.85034,2,1680,1050
17,2,10018,1779661801.87116,2,1680,1050
17,2,10019,1779661801.89198,2,1680,1050
17,2,10020,1779661801.9128,2,1680,1050
17,2,10021,1779661801.93362,2,1680,1050
17,2,10022,1779661801.95444,2,1680,1050
17,2,10023,1779661801.97526,2,1680,1050
17,2,10024,1779661801.99608,2,1680,1050
17,2,10025,1779661802.01689,2,1680,1050
17,2,10026,1779661802.03771,2,1680,1050
17,2,10027,1779661802.05853,2,1680,1050
17,2,10028,1779661802.07935,2,1680,1050
17,2,10029,1779661802.10017,2,1680,1050
17,2,10030,1779661802.12099,2,1680,1050
17,2,10031,1779661802.14181,2,1680,1050
17,2,10032,1779661802.16263,2,1680,1050
17,2,10033,1779661802.18345,2,1680,1050
17,2,10034,1779661802.20427,2,1680,1050
17,2,10035,1779661802.22509,2,1680,1050
17,2,10036,1779661802.24591,2,1680,1050
17,2,10037,1779661802.26673,2,1680,1050
17,2,10038,1779661802.28755,2,1680,1050
17,2,10039,1779661802.30837,2,1680,1050
17,2,10040,1779661802.32919,2,1680,1050
17,2,10041,1779661802.35001,2,1680,1050
17,2,10042,1779661802.37083,2,1680,1050
17,2,10043,1779661802.39165,2,1680,1050
17,2,10044,1779661802.41246,2,1680,1050
17,2,10045,1779661802.43328,2,1680,1050
17,2,10046,1779661802.4541,2,1680,1050
17,2,10047,1779661802.47492,2,1680,1050
17,2,10048,1779661802.49574,2,1680,1050
17,2,10049,1779661802.51656,2,1680,1050
17,2,10050,1779661802.53738,2,1680,1050
17,2,10051,1779661802.5582,2,1680,1050
17,2,10052,1779661802.57902,2,1680,1050
17,2,10053,1779661802.59984,2,1680,1050
17,2,10054,1779661802.62066,2,1680,1050
17,2,10055,1779661802.64148,2,1680,1050
17,2,10056,1779661802.6623,2,1680,1050
17,2,10057,1779661802.68312,2,1680,1050
17,2,10058,1779661802.70394,2,1680,1050
17,2,10059,1779661802.72476,2,1680,1050
17,2,10060,1779661802.74557,2,1680,1050
17,2,10061,1779661802.76639,2,1680,1050
17,2,10062,1779661802.78721,2,1680,1050
17,2,10063,1779661802.80803,2,1680,1050
17,2,10064,1779661802.82885,2,1680,1050
17,2,10065,1779661802.84967,2,1680,1050
17,2,10066,1779661802.87049,2,1680,1050
17,2,10067,1779661802.89131,2,1680,1050
17,2,10068,1779661802.91213,2,1680,1050
17,2,10069,1779661802.93295,2,1680,1050
17,2,10070,1779661802.95377,2,1680,1050
17,2,10071,1779661802.97459,2,1680,1050
17,2,10072,1779661802.99541,2,1680,1050
17,2,10073,1779661803.01623,2,1680,1050
17,2,10074,1779661803.03705,2,1680,1050
17,2,10075,1779661803.05787,2,1680,1050
17,2,10076,1779661803.07869,2,1680,1050
17,2,10077,1779661803.09951,2,1680,1050
17,2,10078,1779661803.12032,2,1680,1050
17,2,10079,1779661803.14115,2,1680,1050
17,2,10080,1779661803.16196,2,1680,1050
17,2,10081,1779661803.18278,2,1680,1050
17,2,10082,1779661803.2036,1,1680,1050
17,2,10083,1779661803.22442,1,1680,1050
17,2,10084,1779661803.24524,1,1680,1050
17,2,10085,1779661803.26606,1,1680,1050
17,2,10086,1779661803.28688,1,1680,1050
17,2,10087,1779661803.3077,1,1680,1050
17,2,10088,1779661803.32852,1,1680,1050
17,2,10089,1779661803.34934,1,1680,1050
17,2,10090,1779661803.37016,1,1680,1050
17,2,10091,1779661803.39098,1,1680,1050
17,2,10092,1779661803.4118,1,1680,1050
17,2,10093,1779661803.43262,1,1680,1050
17,2,10094,1779661803.45344,1,1680,1050
17,2,10095,1779661803.47426,1,1680,1050
17,2,10096,1779661803.49508,1,1680,1050
17,2,10097,1779661803.51589,1,1680,1050
17,2,10098,1779661803.53671,1,1680,1050
17,2,10099,1779661803.55753,1,1680,1050
17,2,10100,1779661803.57835,1,1680,1050
17,2,10101,1779661803.59917,1,1680,1050
17,2,10102,1779661803.61999,1,1680,1050
17,2,10103,1779661803.64081,1,1680,1050
17,2,10104,1779661803.66163,1,1680,1050
17,2,10105,1779661803.68245,1,1680,1050
17,2,10106,1779661803.70327,1,1680,1050
17,2,10107,1779661803.72409,1,1680,1050
17,2,10108,1779661803.74491,1,1680,1050
17,2,10109,1779661803.76573,1,1680,1050
17,2,10110,1779661803.78655,1,1680,1050
17,2,10111,1779661803.80737,1,1680,1050
17,2,10112,1779661803.82819,1,1680,1050
17,2,10113,1779661803.849,1,1680,1050
17,2,10114,1779661803.86982,1,1680,1050
17,2,10115,1779661803.89064,1,1680,1050
17,2,10116,1779661803.91146,1,1680,1050
17,2,10117,1779661803.93228,1,1680,1050
17,2,10118,1779661803.9531,1,1680,1050
17,2,10119,1779661803.97392,1,1680,1050
17,2,10120,1779661803.99474,1,1680,1050
17,2,10121,1779661804.01556,1,1680,1050
17,2,10122,1779661804.03638,1,1680,1050
17,2,10123,1779661804.0572,1,1680,1050
17,2,10124,1779661804.07802,1,1680,1050
17,2,10125,1779661804.09884,1,1680,1050
17,2,10126,1779661804.11966,1,1680,1050
17,2,10127,1779661804.14048,1,1680,1050
17,2,10128,1779661804.1613,1,1680,1050
17,2,10129,1779661804.18212,1,1680,1050
17,2,10130,1779661804.20294,1,1680,1050
17,2,10131,1779661804.22376,1,1680,1050
17,2,10132,1779661804.24457,1,1680,1050
17,2,10133,1779661804.26539,1,1680,1050
17,2,10134,1779661804.28621,1,1680,1050
17,2,10135,1779661804.30703,1,1680,1050
17,2,10136,1779661804.32785,1,1680,1050
17,2,10137,1779661804.34867,1,1680,1050
17,2,10138,1779661804.36949,1,1680,1050
17,2,10139,1779661804.39031,1,1680,1050
17,2,10140,1779661804.41113,1,1680,1050
17,2,10141,1779661804.43195,1,1680,1050
17,2,10142,1779661804.45277,1,1680,1050
17,2,10143,1779661804.47359,1,1680,1050
17,2,10144,1779661804.49441,1,1680,1050
17,2,10145,1779661804.51523,1,1680,1050
17,2,10146,1779661804.53605,1,1680,1050
17,2,10147,1779661804.55687,1,1680,1050
17,2,10148,1779661804.57768,1,1680,1050
17,2,10149,1779661804.5985,1,1680,1050
17,2,10150,1779661804.61932,1,1680,1050
17,2,10151,1779661804.64014,1,1680,1050
17,2,10152,1779661804.66096,1,1680,1050
17,2,10153,1779661804.68178,1,1680,1050
17,2,10154,1779661804.7026,1,1680,1050
17,2,10155,1779661804.72342,1,1680,1050
17,2,10156,1779661804.74424,1,1680,1050
17,2,10157,1779661804.76506,1,1680,1050
17,2,10158,1779661804.78588,1,1680,1050
17,2,10159,1779661804.8067,1,1680,1050
17,2,10160,1779661804.82752,1,1680,1050
17,2,10161,1779661804.84834,1,1680,1050
17,2,10162,1779661804.86916,1,1680,1050
17,2,10163,1779661804.88998,1,1680,1050
17,2,10164,1779661804.9108,1,1680,1050
17,2,10165,1779661804.93162,1,1680,1050
17,2,10166,1779661804.95244,1,1680,1050
17,2,10167,1779661804.97326,1,1680,1050
17,2,10168,1779661804.99407,1,1680,1050
17,2,10169,1779661805.01489,1,1680,1050
17,2,10170,1779661805.03571,1,1680,1050
17,2,10171,1779661805.05653,1,1680,1050
17,2,10172,1779661805.07735,1,1680,1050
17,2,10173,1779661805.09817,1,1680,1050
17,2,10174,1779661805.11899,1,1680,1050
17,2,10175,1779661805.13981,1,1680,1050
17,2,10176,1779661805.16063,1,1680,1050
17,2,10177,1779661805.18145,1,1680,1050
17,2,10178,1779661805.20227,1,1680,1050
17,2,10179,1779661805.22309,1,1680,1050
17,2,10180,1779661805.24391,1,1680,1050
17,2,10181,1779661805.26473,1,1680,1050
17,2,10182,1779661805.28555,1,1680,1050
17,2,10183,1779661805.30637,1,1680,1050
17,2,10184,1779661805.32718,1,1680,1050
17,2,10185,1779661805.348,1,1680,1050
17,2,10186,1779661805.36882,1,1680,1050
17,2,10187,1779661805.38964,1,1680,1050
17,2,10188,1779661805.41046,1,1680,1050
17,2,10189,1779661805.43128,1,1680,1050
17,2,10190,1779661805.4521,1,1680,1050
17,2,10191,1779661805.47292,1,1680,1050
17,2,10192,1779661805.49374,1,1680,1050
17,2,10193,1779661805.51456,1,1680,1050
17,2,10194,1779661805.53538,1,1680,1050
17,2,10195,1779661805.5562,1,1680,1050
17,2,10196,1779661805.57702,1,1680,1050
17,2,10197,1779661805.59784,1,1680,1050
17,2,10198,1779661805.61866,1,1680,1050
17,2,10199,1779661805.63948,1,1680,1050
17,2,10200,1779661805.6603,1,1680,1050
17,2,10201,1779661805.68111,1,1680,1050
17,2,10202,1779661805.70193,1,1680,1050
17,2,10203,1779661805.72275,1,1680,1050
17,2,10204,1779661805.74357,1,1680,1050
17,2,10205,1779661805.76439,1,1680,1050
17,2,10206,1779661805.78521,1,1680,1050
17,2,10207,1779661805.80603,1,1680,1050
17,2,10208,1779661805.82685,1,1680,1050
17,2,10209,1779661805.84767,1,1680,1050
17,2,10210,1779661805.86849,1,1680,1050
17,2,10211,1779661805.88931,1,1680,1050
17,2,10212,1779661805.91013,1,1680,1050
17,2,10213,1779661805.93095,1,1680,1050
17,2,10214,1779661805.95177,1,1680,1050
17,2,10215,1779661805.97259,1,1680,1050
17,2,10216,1779661805.99341,1,1680,1050
17,2,10217,1779661806.01423,1,1680,1050
17,2,10218,1779661806.03504,1,1680,1050
17,2,10219,1779661806.05586,1,1680,1050
17,2,10220,1779661806.07668,1,1680,1050
17,2,10221,1779661806.0975,1,1680,1050
17,2,10222,1779661806.11832,1,1680,1050
17,2,10223,1779661806.13914,1,1680,1050
17,2,10224,1779661806.15996,1,1680,1050
17,2,10225,1779661806.18078,1,1680,1050
17,2,10226,1779661806.2016,1,1680,1050
17,2,10227,1779661806.22242,1,1680,1050
17,2,10228,1779661806.24324,1,1680,1050
17,2,10229,1779661806.26406,1,1680,1050
17,2,10230,1779661806.28488,1,1680,1050
17,2,10231,1779661806.3057,1,1680,1050
17,2,10232,1779661806.32652,1,1680,1050
17,2,10233,1779661806.34734,1,1680,1050
17,2,10234,1779661806.36816,1,1680,1050
17,2,10235,1779661806.38898,1,1680,1050
17,2,10236,1779661806.40979,1,1680,1050
17,2,10237,1779661806.43061,1,1680,1050
17,2,10238,1779661806.45143,1,1680,1050
17,2,10239,1779661806.47225,1,1680,1050
17,2,10240,1779661806.49307,1,1680,1050
17,2,10241,1779661806.51389,1,1680,1050
17,2,10242,1779661806.53471,1,1680,1050
17,2,10243,1779661806.55553,1,1680,1050
17,2,10244,1779661806.57635,1,1680,1050
17,2,10245,1779661806.59717,1,1680,1050
17,2,10246,1779661806.61799,1,1680,1050
17,2,10247,1779661806.63881,1,1680,1050
17,2,10248,1779661806.65963,1,1680,1050
17,2,10249,1779661806.68045,1,1680,1050
17,2,10250,1779661806.70127,1,1680,1050
17,2,10251,1779661806.72209,1,1680,1050
17,2,10252,1779661806.74291,1,1680,1050
17,2,10253,1779661806.76373,1,1680,1050
17,2,10254,1779661806.78455,1,1680,1050
17,2,10255,1779661806.80537,1,1680,1050
17,2,10256,1779661806.82618,1,1680,1050
17,2,10257,1779661806.847,1,1680,1050
17,2,10258,1779661806.86782,1,1680,1050
17,2,10259,1779661806.88864,1,1680,1050
17,2,10260,1779661806.90946,1,1680,1050
17,2,10261,1779661806.93028,1,1680,1050
17,2,10262,1779661806.9511,1,1680,1050
17,2,10263,1779661806.97192,1,1680,1050
17,2,10264,1779661806.99274,1,1680,1050
17,2,10265,1779661807.01356,1,1680,1050
17,2,10266,1779661807.03438,1,1680,1050
17,2,10267,1779661807.0552,1,1680,1050
17,2,10268,1779661807.07602,1,1680,1050
17,2,10269,1779661807.09684,1,1680,1050
17,2,10270,1779661807.11766,1,1680,1050
17,2,10271,1779661807.13848,1,1680,1050
17,2,10272,1779661807.15929,1,1680,1050
17,2,10273,1779661807.18011,1,1680,1050
17,2,10274,1779661807.20093,2,1680,1050
17,2,10275,1779661807.22175,2,1680,1050
17,2,10276,1779661807.24257,2,1680,1050
17,2,10277,1779661807.26339,2,1680,1050
17,2,10278,1779661807.28421,2,1680,1050
17,2,10279,1779661807.30503,2,1680,1050
17,2,10280,1779661807.32585,2,1680,1050
17,2,10281,1779661807.34667,2,1680,1050
17,2,10282,1779661807.36749,2,1680,1050
17,2,10283,1779661807.38831,2,1680,1050
17,2,10284,1779661807.40913,2,1680,1050
17,2,10285,1779661807.42995,2,1680,1050
17,2,10286,1779661807.45077,2,1680,1050
17,2,10287,1779661807.47159,2,1680,1050
17,2,10288,1779661807.4924,2,1680,1050
17,2,10289,1779661807.51322,2,1680,1050
17,2,10290,1779661807.53404,2,1680,1050
17,2,10291,1779661807.55486,2,1680,1050
17,2,10292,1779661807.57568,2,1680,1050
17,2,10293,1779661807.5965,2,1680,1050
17,2,10294,1779661807.61732,2,1680,1050
17,2,10295,1779661807.63814,2,1680,1050
17,2,10296,1779661807.65896,2,1680,1050
17,2,10297,1779661807.67978,2,1680,1050
17,2,10298,1779661807.7006,2,1680,1050
17,2,10299,1779661807.72142,2,1680,1050
17,2,10300,1779661807.74224,2,1680,1050
17,2,10301,1779661807.76306,2,1680,1050
17,2,10302,1779661807.78388,2,1680,1050
17,2,10303,1779661807.8047,2,1680,1050
17,2,10304,1779661807.82552,2,1680,1050
17,2,10305,1779661807.84634,2,1680,1050
17,2,10306,1779661807.86716,2,1680,1050
17,2,10307,1779661807.88798,2,1680,1050
17,2,10308,1779661807.90879,2,1680,1050
17,2,10309,1779661807.92961,2,1680,1050
17,2,10310,1779661807.95043,2,1680,1050
17,2,10311,1779661807.97125,2,1680,1050
17,2,10312,1779661807.99207,2,1680,1050
17,2,10313,1779661808.01289,2,1680,1050
17,2,10314,1779661808.03371,2,1680,1050
17,2,10315,1779661808.05453,2,1680,1050
17,2,10316,1779661808.07535,2,1680,1050
17,2,10317,1779661808.09617,2,1680,1050
17,2,10318,1779661808.11699,2,1680,1050
17,2,10319,1779661808.13781,2,1680,1050
17,2,10320,1779661808.15863,2,1680,1050
17,2,10321,1779661808.17945,2,1680,1050
17,2,10322,1779661808.20027,2,1680,1050
17,2,10323,1779661808.22109,2,1680,1050
17,2,10324,1779661808.24191,2,1680,1050
17,2,10325,1779661808.26272,2,1680,1050
17,2,10326,1779661808.28354,2,1680,1050
17,2,10327,1779661808.30436,2,1680,1050
17,2,10328,1779661808.32518,2,1680,1050
17,2,10329,1779661808.346,2,1680,1050
17,2,10330,1779661808.36682,2,1680,1050
17,2,10331,1779661808.38764,2,1680,1050
17,2,10332,1779661808.40846,2,1680,1050
17,2,10333,1779661808.42928,2,1680,1050
17,2,10334,1779661808.4501,2,1680,1050
17,2,10335,1779661808.47092,2,1680,1050
17,2,10336,1779661808.49174,2,1680,1050
17,2,10337,1779661808.51256,2,1680,1050
17,2,10338,1779661808.53338,2,1680,1050
17,2,10339,1779661808.5542,2,1680,1050
17,2,10340,1779661808.57502,2,1680,1050
17,2,10341,1779661808.59584,2,1680,1050
17,2,10342,1779661808.61665,2,1680,1050
17,2,10343,1779661808.63747,2,1680,1050
17,2,10344,1779661808.65829,2,1680,1050
17,2,10345,1779661808.67911,2,1680,1050
17,2,10346,1779661808.69993,2,1680,1050
17,2,10347,1779661808.72075,2,1680,1050
17,2,10348,1779661808.74157,2,1680,1050
17,2,10349,1779661808.76239,2,1680,1050
17,2,10350,1779661808.78321,2,1680,1050
17,2,10351,1779661808.80403,2,1680,1050
17,2,10352,1779661808.82485,2,1680,1050
17,2,10353,1779661808.84567,2,1680,1050
17,2,10354,1779661808.86649,2,1680,1050
17,2,10355,1779661808.88731,2,1680,1050
17,2,10356,1779661808.90813,2,1680,1050
17,2,10357,1779661808.92895,2,1680,1050
17,2,10358,1779661808.94977,2,1680,1050
17,2,10359,1779661808.97058,2,1680,1050
17,2,10360,1779661808.9914,2,1680,1050
17,2,10361,1779661809.01222,2,1680,1050
17,2,10362,1779661809.03304,2,1680,1050
17,2,10363,1779661809.05386,2,1680,1050
17,2,10364,1779661809.07468,2,1680,1050
17,2,10365,1779661809.0955,2,1680,1050
17,2,10366,1779661809.11632,2,1680,1050
17,2,10367,1779661809.13714,2,1680,1050
17,2,10368,1779661809.15796,2,1680,1050
17,2,10369,1779661809.17878,2,1680,1050
17,2,10370,1779661809.1996,1,1680,1050
17,2,10371,1779661809.22042,1,1680,1050
17,2,10372,1779661809.24124,1,1680,1050
17,2,10373,1779661809.26206,1,1680,1050
17,2,10374,1779661809.28288,1,1680,1050
17,2,10375,1779661809.3037,1,1680,1050
17,2,10376,1779661809.32452,1,1680,1050
17,2,10377,1779661809.34533,1,1680,1050
17,2,10378,1779661809.36615,1,1680,1050
17,2,10379,1779661809.38697,1,1680,1050
17,2,10380,1779661809.40779,1,1680,1050
17,2,10381,1779661809.42861,1,1680,1050
17,2,10382,1779661809.44943,1,1680,1050
17,2,10383,1779661809.47025,1,1680,1050
17,2,10384,1779661809.49107,1,1680,1050
17,2,10385,1779661809.51189,1,1680,1050
17,2,10386,1779661809.53271,1,1680,1050
17,2,10387,1779661809.55353,1,1680,1050
17,2,10388,1779661809.57435,1,1680,1050
17,2,10389,1779661809.59517,1,1680,1050
17,2,10390,1779661809.61599,1,1680,1050
17,2,10391,1779661809.63681,1,1680,1050
17,2,10392,1779661809.65763,1,1680,1050
17,2,10393,1779661809.67845,1,1680,1050
17,2,10394,1779661809.69926,1,1680,1050
17,2,10395,1779661809.72008,1,1680,1050
17,2,10396,1779661809.7409,1,1680,1050
17,2,10397,1779661809.76172,1,1680,1050
17,2,10398,1779661809.78254,1,1680,1050
17,2,10399,1779661809.80336,1,1680,1050
17,2,10400,1779661809.82418,1,1680,1050
17,2,10401,1779661809.845,1,1680,1050
17,2,10402,1779661809.86582,1,1680,1050
17,2,10403,1779661809.88664,1,1680,1050
17,2,10404,1779661809.90746,1,1680,1050
17,2,10405,1779661809.92828,1,1680,1050
17,2,10406,1779661809.9491,1,1680,1050
17,2,10407,1779661809.96992,1,1680,1050
17,2,10408,1779661809.99074,1,1680,1050
17,2,10409,1779661810.01156,1,1680,1050
17,2,10410,1779661810.03238,1,1680,1050
17,2,10411,1779661810.05319,1,1680,1050
17,2,10412,1779661810.07401,1,1680,1050
17,2,10413,1779661810.09483,1,1680,1050
17,2,10414,1779661810.11565,1,1680,1050
17,2,10415,1779661810.13647,1,1680,1050
17,2,10416,1779661810.15729,1,1680,1050
17,2,10417,1779661810.17811,1,1680,1050
17,2,10418,1779661810.19893,1,1680,1050
17,2,10419,1779661810.21975,1,1680,1050
17,2,10420,1779661810.24057,1,1680,1050
17,2,10421,1779661810.26139,1,1680,1050
17,2,10422,1779661810.28221,1,1680,1050
17,2,10423,1779661810.30303,1,1680,1050
17,2,10424,1779661810.32385,1,1680,1050
17,2,10425,1779661810.34467,1,1680,1050
17,2,10426,1779661810.36549,1,1680,1050
17,2,10427,1779661810.38631,1,1680,1050
17,2,10428,1779661810.40713,1,1680,1050
17,2,10429,1779661810.42795,1,1680,1050
17,2,10430,1779661810.44876,1,1680,1050
17,2,10431,1779661810.46958,1,1680,1050
17,2,10432,1779661810.4904,1,1680,1050
17,2,10433,1779661810.51122,1,1680,1050
17,2,10434,1779661810.53204,1,1680,1050
17,2,10435,1779661810.55286,1,1680,1050
17,2,10436,1779661810.57368,1,1680,1050
17,2,10437,1779661810.5945,1,1680,1050
17,2,10438,1779661810.61532,1,1680,1050
17,2,10439,1779661810.63614,1,1680,1050
17,2,10440,1779661810.65696,1,1680,1050
17,2,10441,1779661810.67778,1,1680,1050
17,2,10442,1779661810.6986,1,1680,1050
17,2,10443,1779661810.71942,1,1680,1050
17,2,10444,1779661810.74024,1,1680,1050
17,2,10445,1779661810.76106,1,1680,1050
17,2,10446,1779661810.78188,1,1680,1050
17,2,10447,1779661810.80269,1,1680,1050
17,2,10448,1779661810.82351,1,1680,1050
17,2,10449,1779661810.84433,1,1680,1050
17,2,10450,1779661810.86515,1,1680,1050
17,2,10451,1779661810.88597,1,1680,1050
17,2,10452,1779661810.90679,1,1680,1050
17,2,10453,1779661810.92761,1,1680,1050
17,2,10454,1779661810.94843,1,1680,1050
17,2,10455,1779661810.96925,1,1680,1050
17,2,10456,1779661810.99007,1,1680,1050
17,2,10457,1779661811.01089,1,1680,1050
17,2,10458,1779661811.03171,1,1680,1050
17,2,10459,1779661811.05253,1,1680,1050
17,2,10460,1779661811.07335,1,1680,1050
17,2,10461,1779661811.09417,1,1680,1050
17,2,10462,1779661811.11499,1,1680,1050
17,2,10463,1779661811.13581,1,1680,1050
17,2,10464,1779661811.15663,1,1680,1050
17,2,10465,1779661811.17744,1,1680,1050
17,2,10466,1779661811.19826,1,1680,1050
17,2,10467,1779661811.21908,1,1680,1050
17,2,10468,1779661811.2399,1,1680,1050
17,2,10469,1779661811.26072,1,1680,1050
17,2,10470,1779661811.28154,1,1680,1050
17,2,10471,1779661811.30236,1,1680,1050
17,2,10472,1779661811.32318,1,1680,1050
17,2,10473,1779661811.344,1,1680,1050
17,2,10474,1779661811.36482,1,1680,1050
17,2,10475,1779661811.38564,1,1680,1050
17,2,10476,1779661811.40646,1,1680,1050
17,2,10477,1779661811.42728,1,1680,1050
17,2,10478,1779661811.4481,1,1680,1050
17,2,10479,1779661811.46892,1,1680,1050
17,2,10480,1779661811.48974,1,1680,1050
17,2,10481,1779661811.51056,1,1680,1050
17,2,10482,1779661811.53137,1,1680,1050
17,2,10483,1779661811.55219,1,1680,1050
17,2,10484,1779661811.57301,1,1680,1050
17,2,10485,1779661811.59383,1,1680,1050
17,2,10486,1779661811.61465,1,1680,1050
17,2,10487,1779661811.63547,1,1680,1050
17,2,10488,1779661811.65629,1,1680,1050
17,2,10489,1779661811.67711,1,1680,1050
17,2,10490,1779661811.69793,1,1680,1050
17,2,10491,1779661811.71875,1,1680,1050
17,2,10492,1779661811.73957,1,1680,1050
17,2,10493,1779661811.76039,1,1680,1050
17,2,10494,1779661811.78121,1,1680,1050
17,2,10495,1779661811.80203,1,1680,1050
17,2,10496,1779661811.82285,1,1680,1050
17,2,10497,1779661811.84367,1,1680,1050
17,2,10498,1779661811.86449,1,1680,1050
17,2,10499,1779661811.88531,1,1680,1050
17,2,10500,1779661811.90613,1,1680,1050
17,2,10501,1779661811.92694,1,1680,1050
17,2,10502,1779661811.94776,1,1680,1050
17,2,10503,1779661811.96858,1,1680,1050
17,2,10504,1779661811.9894,1,1680,1050
17,2,10505,1779661812.01022,1,1680,1050
17,2,10506,1779661812.03104,1,1680,1050
17,2,10507,1779661812.05186,1,1680,1050
17,2,10508,1779661812.07268,1,1680,1050
17,2,10509,1779661812.0935,1,1680,1050
17,2,10510,1779661812.11432,1,1680,1050
17,2,10511,1779661812.13514,1,1680,1050
17,2,10512,1779661812.15596,1,1680,1050
17,2,10513,1779661812.17678,1,1680,1050
17,2,10514,1779661812.1976,1,1680,1050
17,2,10515,1779661812.21842,1,1680,1050
17,2,10516,1779661812.23924,1,1680,1050
17,2,10517,1779661812.26006,1,1680,1050
17,2,10518,1779661812.28087,1,1680,1050
17,2,10519,1779661812.30169,1,1680,1050
17,2,10520,1779661812.32251,1,1680,1050
17,2,10521,1779661812.34333,1,1680,1050
17,2,10522,1779661812.36415,1,1680,1050
17,2,10523,1779661812.38497,1,1680,1050
17,2,10524,1779661812.40579,1,1680,1050
17,2,10525,1779661812.42661,1,1680,1050
17,2,10526,1779661812.44743,1,1680,1050
17,2,10527,1779661812.46825,1,1680,1050
17,2,10528,1779661812.48907,1,1680,1050
17,2,10529,1779661812.50989,1,1680,1050
17,2,10530,1779661812.53071,1,1680,1050
17,2,10531,1779661812.55153,1,1680,1050
17,2,10532,1779661812.57235,1,1680,1050
17,2,10533,1779661812.59317,1,1680,1050
17,2,10534,1779661812.61399,1,1680,1050
17,2,10535,1779661812.63481,1,1680,1050
17,2,10536,1779661812.65562,1,1680,1050
17,2,10537,1779661812.67644,1,1680,1050
17,2,10538,1779661812.69726,1,1680,1050
17,2,10539,1779661812.71808,1,1680,1050
17,2,10540,1779661812.7389,1,1680,1050
17,2,10541,1779661812.75972,1,1680,1050
17,2,10542,1779661812.78054,1,1680,1050
17,2,10543,1779661812.80136,1,1680,1050
17,2,10544,1779661812.82218,1,1680,1050
17,2,10545,1779661812.843,1,1680,1050
17,2,10546,1779661812.86382,1,1680,1050
17,2,10547,1779661812.88464,1,1680,1050
17,2,10548,1779661812.90546,1,1680,1050
17,2,10549,1779661812.92628,1,1680,1050
17,2,10550,1779661812.9471,1,1680,1050
17,2,10551,1779661812.96792,1,1680,1050
17,2,10552,1779661812.98874,1,1680,1050
17,2,10553,1779661813.00955,1,1680,1050
17,2,10554,1779661813.03037,1,1680,1050
17,2,10555,1779661813.05119,1,1680,1050
17,2,10556,1779661813.07201,1,1680,1050
17,2,10557,1779661813.09283,1,1680,1050
17,2,10558,1779661813.11365,1,1680,1050
17,2,10559,1779661813.13447,1,1680,1050
17,2,10560,1779661813.15529,1,1680,1050
17,2,10561,1779661813.17611,1,1680,1050
17,2,10562,1779661813.19693,2,1680,1050
17,2,10563,1779661813.21775,2,1680,1050
17,2,10564,1779661813.23857,2,1680,1050
17,2,10565,1779661813.25939,2,1680,1050
17,2,10566,1779661813.28021,2,1680,1050
17,2,10567,1779661813.30103,2,1680,1050
17,2,10568,1779661813.32185,2,1680,1050
17,2,10569,1779661813.34267,2,1680,1050
17,2,10570,1779661813.36348,2,1680,1050
17,2,10571,1779661813.38431,2,1680,1050
17,2,10572,1779661813.40512,2,1680,1050
17,2,10573,1779661813.42594,2,1680,1050
17,2,10574,1779661813.44676,2,1680,1050
17,2,10575,1779661813.46758,2,1680,1050
17,2,10576,1779661813.4884,2,1680,1050
17,2,10577,1779661813.50922,2,1680,1050
17,2,10578,1779661813.53004,2,1680,1050
17,2,10579,1779661813.55086,2,1680,1050
17,2,10580,1779661813.57168,2,1680,1050
17,2,10581,1779661813.5925,2,1680,1050
17,2,10582,1779661813.61332,2,1680,1050
17,2,10583,1779661813.63414,2,1680,1050
17,2,10584,1779661813.65496,2,1680,1050
17,2,10585,1779661813.67578,2,1680,1050
17,2,10586,1779661813.6966,2,1680,1050
17,2,10587,1779661813.71742,2,1680,1050
17,2,10588,1779661813.73824,2,1680,1050
17,2,10589,1779661813.75905,2,1680,1050
17,2,10590,1779661813.77987,2,1680,1050
17,2,10591,1779661813.80069,2,1680,1050
17,2,10592,1779661813.82151,2,1680,1050
17,2,10593,1779661813.84233,2,1680,1050
17,2,10594,1779661813.86315,2,1680,1050
17,2,10595,1779661813.88397,2,1680,1050
17,2,10596,1779661813.90479,2,1680,1050
17,2,10597,1779661813.92561,2,1680,1050
17,2,10598,1779661813.94643,2,1680,1050
17,2,10599,1779661813.96725,2,1680,1050
17,2,10600,1779661813.98807,2,1680,1050
17,2,10601,1779661814.00889,2,1680,1050
17,2,10602,1779661814.02971,2,1680,1050
17,2,10603,1779661814.05053,2,1680,1050
17,2,10604,1779661814.07135,2,1680,1050
17,2,10605,1779661814.09216,2,1680,1050
17,2,10606,1779661814.11298,2,1680,1050
17,2,10607,1779661814.1338,2,1680,1050
17,2,10608,1779661814.15462,2,1680,1050
17,2,10609,1779661814.17544,2,1680,1050
17,2,10610,1779661814.19626,2,1680,1050
17,2,10611,1779661814.21708,2,1680,1050
17,2,10612,1779661814.2379,2,1680,1050
17,2,10613,1779661814.25872,2,1680,1050
17,2,10614,1779661814.27954,2,1680,1050
17,2,10615,1779661814.30036,2,1680,1050
17,2,10616,1779661814.32118,2,1680,1050
17,2,10617,1779661814.342,2,1680,1050
17,2,10618,1779661814.36282,2,1680,1050
17,2,10619,1779661814.38364,2,1680,1050
17,2,10620,1779661814.40446,2,1680,1050
17,2,10621,1779661814.42528,2,1680,1050
17,2,10622,1779661814.4461,2,1680,1050
17,2,10623,1779661814.46691,2,1680,1050
17,2,10624,1779661814.48773,2,1680,1050
17,2,10625,1779661814.50855,2,1680,1050
17,2,10626,1779661814.52937,2,1680,1050
17,2,10627,1779661814.55019,2,1680,1050
17,2,10628,1779661814.57101,2,1680,1050
17,2,10629,1779661814.59183,2,1680,1050
17,2,10630,1779661814.61265,2,1680,1050
17,2,10631,1779661814.63347,2,1680,1050
17,2,10632,1779661814.65429,2,1680,1050
17,2,10633,1779661814.67511,2,1680,1050
17,2,10634,1779661814.69593,2,1680,1050
17,2,10635,1779661814.71675,2,1680,1050
17,2,10636,1779661814.73757,2,1680,1050
17,2,10637,1779661814.75839,2,1680,1050
17,2,10638,1779661814.77921,2,1680,1050
17,2,10639,1779661814.80003,2,1680,1050
17,2,10640,1779661814.82085,2,1680,1050
17,2,10641,1779661814.84166,2,1680,1050
17,2,10642,1779661814.86248,2,1680,1050
17,2,10643,1779661814.8833,2,1680,1050
17,2,10644,1779661814.90412,2,1680,1050
17,2,10645,1779661814.92494,2,1680,1050
17,2,10646,1779661814.94576,2,1680,1050
17,2,10647,1779661814.96658,2,1680,1050
17,2,10648,1779661814.9874,2,1680,1050
17,2,10649,1779661815.00822,2,1680,1050
17,2,10650,1779661815.02904,2,1680,1050
17,2,10651,1779661815.04986,2,1680,1050
17,2,10652,1779661815.07068,2,1680,1050
17,2,10653,1779661815.0915,2,1680,1050
17,2,10654,1779661815.11232,2,1680,1050
17,2,10655,1779661815.13314,2,1680,1050
17,2,10656,1779661815.15396,2,1680,1050
17,2,10657,1779661815.17478,2,1680,1050
17,2,10658,1779661815.1956,1,1680,1050
17,2,10659,1779661815.21641,1,1680,1050
17,2,10660,1779661815.23723,1,1680,1050
17,2,10661,1779661815.25805,1,1680,1050
17,2,10662,1779661815.27887,1,1680,1050
17,2,10663,1779661815.29969,1,1680,1050
17,2,10664,1779661815.32051,1,1680,1050
17,2,10665,1779661815.34133,1,1680,1050
17,2,10666,1779661815.36215,1,1680,1050
17,2,10667,1779661815.38297,1,1680,1050
17,2,10668,1779661815.40379,1,1680,1050
17,2,10669,1779661815.42461,1,1680,1050
17,2,10670,1779661815.44543,1,1680,1050
17,2,10671,1779661815.46625,1,1680,1050
17,2,10672,1779661815.48707,1,1680,1050
17,2,10673,1779661815.50789,1,1680,1050
17,2,10674,1779661815.52871,1,1680,1050
17,2,10675,1779661815.54953,1,1680,1050
17,2,10676,1779661815.57034,1,1680,1050
17,2,10677,1779661815.59116,1,1680,1050
17,2,10678,1779661815.61198,1,1680,1050
17,2,10679,1779661815.6328,1,1680,1050
17,2,10680,1779661815.65362,1,1680,1050
17,2,10681,1779661815.67444,1,1680,1050
17,2,10682,1779661815.69526,1,1680,1050
17,2,10683,1779661815.71608,1,1680,1050
17,2,10684,1779661815.7369,1,1680,1050
17,2,10685,1779661815.75772,1,1680,1050
17,2,10686,1779661815.77854,1,1680,1050
17,2,10687,1779661815.79936,1,1680,1050
17,2,10688,1779661815.82018,1,1680,1050
17,2,10689,1779661815.841,1,1680,1050
17,2,10690,1779661815.86182,1,1680,1050
17,2,10691,1779661815.88264,1,1680,1050
17,2,10692,1779661815.90346,1,1680,1050
17,2,10693,1779661815.92428,1,1680,1050
17,2,10694,1779661815.94509,1,1680,1050
17,2,10695,1779661815.96591,1,1680,1050
17,2,10696,1779661815.98673,1,1680,1050
17,2,10697,1779661816.00755,1,1680,1050
17,2,10698,1779661816.02837,1,1680,1050
17,2,10699,1779661816.04919,1,1680,1050
17,2,10700,1779661816.07001,1,1680,1050
17,2,10701,1779661816.09083,1,1680,1050
17,2,10702,1779661816.11165,1,1680,1050
17,2,10703,1779661816.13247,1,1680,1050
17,2,10704,1779661816.15329,1,1680,1050
17,2,10705,1779661816.17411,1,1680,1050
17,2,10706,1779661816.19493,1,1680,1050
17,2,10707,1779661816.21575,1,1680,1050
17,2,10708,1779661816.23657,1,1680,1050
17,2,10709,1779661816.25739,1,1680,1050
17,2,10710,1779661816.27821,1,1680,1050
17,2,10711,1779661816.29903,1,1680,1050
17,2,10712,1779661816.31984,1,1680,1050
17,2,10713,1779661816.34066,1,1680,1050
17,2,10714,1779661816.36148,1,1680,1050
17,2,10715,1779661816.3823,1,1680,1050
17,2,10716,1779661816.40312,1,1680,1050
17,2,10717,1779661816.42394,1,1680,1050
17,2,10718,1779661816.44476,1,1680,1050
17,2,10719,1779661816.46558,1,1680,1050
17,2,10720,1779661816.4864,1,1680,1050
17,2,10721,1779661816.50722,1,1680,1050
17,2,10722,1779661816.52804,1,1680,1050
17,2,10723,1779661816.54886,1,1680,1050
17,2,10724,1779661816.56968,1,1680,1050
17,2,10725,1779661816.5905,1,1680,1050
17,2,10726,1779661816.61132,1,1680,1050
17,2,10727,1779661816.63214,1,1680,1050
17,2,10728,1779661816.65295,1,1680,1050
17,2,10729,1779661816.67378,1,1680,1050
17,2,10730,1779661816.69459,1,1680,1050
17,2,10731,1779661816.71541,1,1680,1050
17,2,10732,1779661816.73623,1,1680,1050
17,2,10733,1779661816.75705,1,1680,1050
17,2,10734,1779661816.77787,1,1680,1050
17,2,10735,1779661816.79869,1,1680,1050
17,2,10736,1779661816.81951,1,1680,1050
17,2,10737,1779661816.84033,1,1680,1050
17,2,10738,1779661816.86115,1,1680,1050
17,2,10739,1779661816.88197,1,1680,1050
17,2,10740,1779661816.90279,1,1680,1050
17,2,10741,1779661816.92361,1,1680,1050
17,2,10742,1779661816.94443,1,1680,1050
17,2,10743,1779661816.96525,1,1680,1050
17,2,10744,1779661816.98607,1,1680,1050
17,2,10745,1779661817.00689,1,1680,1050
17,2,10746,1779661817.02771,1,1680,1050
17,2,10747,1779661817.04852,1,1680,1050
17,2,10748,1779661817.06934,1,1680,1050
17,2,10749,1779661817.09016,1,1680,1050
17,2,10750,1779661817.11098,1,1680,1050
17,2,10751,1779661817.1318,1,1680,1050
17,2,10752,1779661817.15262,1,1680,1050
17,2,10753,1779661817.17344,1,1680,1050
17,2,10754,1779661817.19426,1,1680,1050
17,2,10755,1779661817.21508,1,1680,1050
17,2,10756,1779661817.2359,1,1680,1050
17,2,10757,1779661817.25672,1,1680,1050
17,2,10758,1779661817.27754,1,1680,1050
17,2,10759,1779661817.29836,1,1680,1050
17,2,10760,1779661817.31918,1,1680,1050
17,2,10761,1779661817.34,1,1680,1050
17,2,10762,1779661817.36082,1,1680,1050
17,2,10763,1779661817.38164,1,1680,1050
17,2,10764,1779661817.40245,1,1680,1050
17,2,10765,1779661817.42328,1,1680,1050
17,2,10766,1779661817.44409,1,1680,1050
17,2,10767,1779661817.46491,1,1680,1050
17,2,10768,1779661817.48573,1,1680,1050
17,2,10769,1779661817.50655,1,1680,1050
17,2,10770,1779661817.52737,1,1680,1050
17,2,10771,1779661817.54819,1,1680,1050
17,2,10772,1779661817.56901,1,1680,1050
17,2,10773,1779661817.58983,1,1680,1050
17,2,10774,1779661817.61065,1,1680,1050
17,2,10775,1779661817.63147,1,1680,1050
17,2,10776,1779661817.65229,1,1680,1050
17,2,10777,1779661817.67311,1,1680,1050
17,2,10778,1779661817.69393,1,1680,1050
17,2,10779,1779661817.71475,1,1680,1050
17,2,10780,1779661817.73557,1,1680,1050
17,2,10781,1779661817.75638,1,1680,1050
17,2,10782,1779661817.7772,1,1680,1050
17,2,10783,1779661817.79802,1,1680,1050
17,2,10784,1779661817.81884,1,1680,1050
17,2,10785,1779661817.83966,1,1680,1050
17,2,10786,1779661817.86048,1,1680,1050
17,2,10787,1779661817.8813,1,1680,1050
17,2,10788,1779661817.90212,1,1680,1050
17,2,10789,1779661817.92294,1,1680,1050
17,2,10790,1779661817.94376,1,1680,1050
17,2,10791,1779661817.96458,1,1680,1050
17,2,10792,1779661817.9854,1,1680,1050
17,2,10793,1779661818.00622,1,1680,1050
17,2,10794,1779661818.02704,1,1680,1050
17,2,10795,1779661818.04786,1,1680,1050
17,2,10796,1779661818.06868,1,1680,1050
17,2,10797,1779661818.0895,1,1680,1050
17,2,10798,1779661818.11031,1,1680,1050
17,2,10799,1779661818.13113,1,1680,1050
17,2,10800,1779661818.15195,1,1680,1050
17,2,10801,1779661818.17277,1,1680,1050
17,2,10802,1779661818.19359,1,1680,1050
17,2,10803,1779661818.21441,1,1680,1050
17,2,10804,1779661818.23523,1,1680,1050
17,2,10805,1779661818.25605,1,1680,1050
17,2,10806,1779661818.27687,1,1680,1050
17,2,10807,1779661818.29768,1,1680,1050
17,2,10808,1779661818.31851,1,1680,1050
17,2,10809,1779661818.33933,1,1680,1050
17,2,10810,1779661818.36015,1,1680,1050
17,2,10811,1779661818.38097,1,1680,1050
17,2,10812,1779661818.40179,1,1680,1050
17,2,10813,1779661818.42261,1,1680,1050
17,2,10814,1779661818.44343,1,1680,1050
17,2,10815,1779661818.46425,1,1680,1050
17,2,10816,1779661818.48506,1,1680,1050
17,2,10817,1779661818.50588,1,1680,1050
17,2,10818,1779661818.5267,1,1680,1050
17,2,10819,1779661818.54752,1,1680,1050
17,2,10820,1779661818.56834,1,1680,1050
17,2,10821,1779661818.58916,1,1680,1050
17,2,10822,1779661818.60998,1,1680,1050
17,2,10823,1779661818.6308,1,1680,1050
17,2,10824,1779661818.65162,1,1680,1050
17,2,10825,1779661818.67244,1,1680,1050
17,2,10826,1779661818.69326,1,1680,1050
17,2,10827,1779661818.71408,1,1680,1050
17,2,10828,1779661818.7349,1,1680,1050
17,2,10829,1779661818.75572,1,1680,1050
17,2,10830,1779661818.77654,1,1680,1050
17,2,10831,1779661818.79736,1,1680,1050
17,2,10832,1779661818.81818,1,1680,1050
17,2,10833,1779661818.839,1,1680,1050
17,2,10834,1779661818.85981,1,1680,1050
17,2,10835,1779661818.88063,1,1680,1050
17,2,10836,1779661818.90145,1,1680,1050
17,2,10837,1779661818.92227,1,1680,1050
17,2,10838,1779661818.94309,1,1680,1050
17,2,10839,1779661818.96391,1,1680,1050
17,2,10840,1779661818.98473,1,1680,1050
17,2,10841,1779661819.00555,1,1680,1050
17,2,10842,1779661819.02637,1,1680,1050
17,2,10843,1779661819.04719,1,1680,1050
17,2,10844,1779661819.06801,1,1680,1050
17,2,10845,1779661819.08883,1,1680,1050
17,2,10846,1779661819.10965,1,1680,1050
17,2,10847,1779661819.13047,1,1680,1050
17,2,10848,1779661819.15129,1,1680,1050
17,2,10849,1779661819.17211,1,1680,1050
17,2,10850,1779661819.19292,2,1680,1050
17,2,10851,1779661819.21375,2,1680,1050
17,2,10852,1779661819.23457,2,1680,1050
17,2,10853,1779661819.25538,2,1680,1050
17,2,10854,1779661819.2762,2,1680,1050
17,2,10855,1779661819.29702,2,1680,1050
17,2,10856,1779661819.31784,2,1680,1050
17,2,10857,1779661819.33866,2,1680,1050
17,2,10858,1779661819.35948,2,1680,1050
17,2,10859,1779661819.3803,2,1680,1050
17,2,10860,1779661819.40112,2,1680,1050
17,2,10861,1779661819.42194,2,1680,1050
17,2,10862,1779661819.44276,2,1680,1050
17,2,10863,1779661819.46358,2,1680,1050
17,2,10864,1779661819.4844,2,1680,1050
17,2,10865,1779661819.50522,2,1680,1050
17,2,10866,1779661819.52604,2,1680,1050
17,2,10867,1779661819.54686,2,1680,1050
17,2,10868,1779661819.56768,2,1680,1050
17,2,10869,1779661819.5885,2,1680,1050
17,2,10870,1779661819.60931,2,1680,1050
17,2,10871,1779661819.63013,2,1680,1050
17,2,10872,1779661819.65095,2,1680,1050
17,2,10873,1779661819.67177,2,1680,1050
17,2,10874,1779661819.69259,2,1680,1050
17,2,10875,1779661819.71341,2,1680,1050
17,2,10876,1779661819.73423,2,1680,1050
17,2,10877,1779661819.75505,2,1680,1050
17,2,10878,1779661819.77587,2,1680,1050
17,2,10879,1779661819.79669,2,1680,1050
17,2,10880,1779661819.81751,2,1680,1050
17,2,10881,1779661819.83833,2,1680,1050
17,2,10882,1779661819.85915,2,1680,1050
17,2,10883,1779661819.87997,2,1680,1050
17,2,10884,1779661819.90079,2,1680,1050
17,2,10885,1779661819.92161,2,1680,1050
17,2,10886,1779661819.94243,2,1680,1050
17,2,10887,1779661819.96324,2,1680,1050
17,2,10888,1779661819.98406,2,1680,1050
17,2,10889,1779661820.00488,2,1680,1050
17,2,10890,1779661820.0257,2,1680,1050
17,2,10891,1779661820.04652,2,1680,1050
17,2,10892,1779661820.06734,2,1680,1050
17,2,10893,1779661820.08816,2,1680,1050
17,2,10894,1779661820.10898,2,1680,1050
17,2,10895,1779661820.1298,2,1680,1050
17,2,10896,1779661820.15062,2,1680,1050
17,2,10897,1779661820.17144,2,1680,1050
17,2,10898,1779661820.19226,2,1680,1050
17,2,10899,1779661820.21308,2,1680,1050
17,2,10900,1779661820.2339,2,1680,1050
17,2,10901,1779661820.25472,2,1680,1050
17,2,10902,1779661820.27554,2,1680,1050
17,2,10903,1779661820.29636,2,1680,1050
17,2,10904,1779661820.31717,2,1680,1050
17,2,10905,1779661820.338,2,1680,1050
17,2,10906,1779661820.35881,2,1680,1050
17,2,10907,1779661820.37963,2,1680,1050
17,2,10908,1779661820.40045,2,1680,1050
17,2,10909,1779661820.42127,2,1680,1050
17,2,10910,1779661820.44209,2,1680,1050
17,2,10911,1779661820.46291,2,1680,1050
17,2,10912,1779661820.48373,2,1680,1050
17,2,10913,1779661820.50455,2,1680,1050
17,2,10914,1779661820.52537,2,1680,1050
17,2,10915,1779661820.54619,2,1680,1050
17,2,10916,1779661820.56701,2,1680,1050
17,2,10917,1779661820.58783,2,1680,1050
17,2,10918,1779661820.60865,2,1680,1050
17,2,10919,1779661820.62947,2,1680,1050
17,2,10920,1779661820.65029,2,1680,1050
17,2,10921,1779661820.6711,2,1680,1050
17,2,10922,1779661820.69192,2,1680,1050
17,2,10923,1779661820.71274,2,1680,1050
17,2,10924,1779661820.73356,2,1680,1050
17,2,10925,1779661820.75438,2,1680,1050
17,2,10926,1779661820.7752,2,1680,1050
17,2,10927,1779661820.79602,2,1680,1050
17,2,10928,1779661820.81684,2,1680,1050
17,2,10929,1779661820.83766,2,1680,1050
17,2,10930,1779661820.85848,2,1680,1050
17,2,10931,1779661820.8793,2,1680,1050
17,2,10932,1779661820.90012,2,1680,1050
17,2,10933,1779661820.92094,2,1680,1050
17,2,10934,1779661820.94176,2,1680,1050
17,2,10935,1779661820.96258,2,1680,1050
17,2,10936,1779661820.9834,2,1680,1050
17,2,10937,1779661821.00422,2,1680,1050
17,2,10938,1779661821.02504,2,1680,1050
17,2,10939,1779661821.04586,2,1680,1050
17,2,10940,1779661821.06668,2,1680,1050
17,2,10941,1779661821.08749,2,1680,1050
17,2,10942,1779661821.10831,2,1680,1050
17,2,10943,1779661821.12913,2,1680,1050
17,2,10944,1779661821.14995,2,1680,1050
17,2,10945,1779661821.17077,2,1680,1050
17,2,10946,1779661821.19159,-1,1680,1050
17,2,10947,1779661821.21241,-1,1680,1050
17,2,10948,1779661821.23323,-1,1680,1050
17,2,10949,1779661821.25405,-1,1680,1050
17,2,10950,1779661821.27487,-1,1680,1050
17,2,10951,1779661821.29569,-1,1680,1050
17,2,10952,1779661821.31651,-1,1680,1050
17,2,10953,1779661821.33733,-1,1680,1050
17,2,10954,1779661821.35815,-1,1680,1050
17,2,10955,1779661821.37897,-1,1680,1050
17,2,10956,1779661821.39978,-1,1680,1050
17,2,10957,1779661821.42061,-1,1680,1050
17,2,10958,1779661821.44142,-1,1680,1050
17,2,10959,1779661821.46224,-1,1680,1050
17,2,10960,1779661821.48306,-1,1680,1050
17,2,10961,1779661821.50388,-1,1680,1050
17,2,10962,1779661821.5247,-1,1680,1050
17,2,10963,1779661821.54552,-1,1680,1050
17,2,10964,1779661821.56634,-1,1680,1050
17,2,10965,1779661821.58716,-1,1680,1050
17,2,10966,1779661821.60798,-1,1680,1050
17,2,10967,1779661821.6288,-1,1680,1050
17,2,10968,1779661821.64962,-1,1680,1050
17,2,10969,1779661821.67044,-1,1680,1050
17,2,10970,1779661821.69126,-1,1680,1050
17,2,10971,1779661821.71208,-1,1680,1050
17,2,10972,1779661821.7329,-1,1680,1050
17,2,10973,1779661821.75372,-1,1680,1050
17,2,10974,1779661821.77454,-1,1680,1050
17,2,10975,1779661821.79535,-1,1680,1050
17,2,10976,1779661821.81617,-1,1680,1050
17,2,10977,1779661821.83699,-1,1680,1050
17,2,10978,1779661821.85781,-1,1680,1050
17,2,10979,1779661821.87863,-1,1680,1050
17,2,10980,1779661821.89945,-1,1680,1050
17,2,10981,1779661821.92027,-1,1680,1050
17,2,10982,1779661821.94109,-1,1680,1050
17,2,10983,1779661821.96191,-1,1680,1050
17,2,10984,1779661821.98273,-1,1680,1050
17,2,10985,1779661822.00355,-1,1680,1050
17,2,10986,1779661822.02437,-1,1680,1050
17,2,10987,1779661822.04519,-1,1680,1050
17,2,10988,1779661822.06601,-1,1680,1050
17,2,10989,1779661822.08683,-1,1680,1050
17,2,10990,1779661822.10765,-1,1680,1050
17,2,10991,1779661822.12847,-1,1680,1050
17,2,10992,1779661822.14928,-1,1680,1050
17,2,10993,1779661822.17011,-1,1680,1050
17,2,10994,1779661822.19092,-1,1680,1050
17,2,10995,1779661822.21174,-1,1680,1050
17,2,10996,1779661822.23256,-1,1680,1050
17,2,10997,1779661822.25338,-1,1680,1050
17,2,10998,1779661822.2742,-1,1680,1050
17,2,10999,1779661822.29502,-1,1680,1050
17,2,11000,1779661822.31584,-1,1680,1050
17,2,11001,1779661822.33666,-1,1680,1050
17,2,11002,1779661822.35748,-1,1680,1050
17,2,11003,1779661822.3783,-1,1680,1050
17,2,11004,1779661822.39912,-1,1680,1050
17,2,11005,1779661822.41994,-1,1680,1050
17,2,11006,1779661822.44076,-1,1680,1050
17,2,11007,1779661822.46158,-1,1680,1050
17,2,11008,1779661822.48239,-1,1680,1050
17,2,11009,1779661822.50322,-1,1680,1050
17,2,11010,1779661822.52403,-1,1680,1050
17,2,11011,1779661822.54485,-1,1680,1050
17,2,11012,1779661822.56567,-1,1680,1050
17,2,11013,1779661822.58649,-1,1680,1050
17,2,11014,1779661822.60731,-1,1680,1050
17,2,11015,1779661822.62813,-1,1680,1050
17,2,11016,1779661822.64895,-1,1680,1050
17,2,11017,1779661822.66977,-1,1680,1050
17,2,11018,1779661822.69059,-1,1680,1050
17,2,11019,1779661822.71141,-1,1680,1050
17,2,11020,1779661822.73223,-1,1680,1050
17,2,11021,1779661822.75305,-1,1680,1050
17,2,11022,1779661822.77387,-1,1680,1050
17,2,11023,1779661822.79469,-1,1680,1050
17,2,11024,1779661822.81551,-1,1680,1050
17,2,11025,1779661822.83633,-1,1680,1050
17,2,11026,1779661822.85715,-1,1680,1050
17,2,11027,1779661822.87796,-1,1680,1050
17,2,11028,1779661822.89879,-1,1680,1050
17,2,11029,1779661822.9196,-1,1680,1050
17,2,11030,1779661822.94042,-1,1680,1050
17,2,11031,1779661822.96124,-1,1680,1050
17,2,11032,1779661822.98206,-1,1680,1050
17,2,11033,1779661823.00288,-1,1680,1050
17,2,11034,1779661823.0237,-1,1680,1050
17,2,11035,1779661823.04452,-1,1680,1050
17,2,11036,1779661823.06534,-1,1680,1050
17,2,11037,1779661823.08616,-1,1680,1050
17,2,11038,1779661823.10698,-1,1680,1050
17,2,11039,1779661823.1278,-1,1680,1050
17,2,11040,1779661823.14862,-1,1680,1050
17,2,11041,1779661823.16944,-1,1680,1050
17,2,11042,1779661823.19026,-1,1680,1050
17,2,11043,1779661823.21108,-1,1680,1050
17,2,11044,1779661823.2319,-1,1680,1050
17,2,11045,1779661823.25271,-1,1680,1050
17,2,11046,1779661823.27353,-1,1680,1050
17,2,11047,1779661823.29435,-1,1680,1050
17,2,11048,1779661823.31517,-1,1680,1050
17,2,11049,1779661823.33599,-1,1680,1050
17,2,11050,1779661823.35681,-1,1680,1050
17,2,11051,1779661823.37763,-1,1680,1050
17,2,11052,1779661823.39845,-1,1680,1050
17,2,11053,1779661823.41927,-1,1680,1050
17,2,11054,1779661823.44009,-1,1680,1050
17,2,11055,1779661823.46091,-1,1680,1050
17,2,11056,1779661823.48173,-1,1680,1050
17,2,11057,1779661823.50255,-1,1680,1050
17,2,11058,1779661823.52337,-1,1680,1050
17,2,11059,1779661823.54419,-1,1680,1050
17,2,11060,1779661823.56501,-1,1680,1050
17,2,11061,1779661823.58583,-1,1680,1050
17,2,11062,1779661823.60665,-1,1680,1050
17,2,11063,1779661823.62746,-1,1680,1050
17,2,11064,1779661823.64828,-1,1680,1050
17,2,11065,1779661823.6691,-1,1680,1050
17,2,11066,1779661823.68992,-1,1680,1050
17,2,11067,1779661823.71074,-1,1680,1050
17,2,11068,1779661823.73156,-1,1680,1050
17,2,11069,1779661823.75238,-1,1680,1050
17,2,11070,1779661823.7732,-1,1680,1050
17,2,11071,1779661823.79402,-1,1680,1050
17,2,11072,1779661823.81484,-1,1680,1050
17,2,11073,1779661823.83566,-1,1680,1050
17,2,11074,1779661823.85648,-1,1680,1050
17,2,11075,1779661823.8773,-1,1680,1050
17,2,11076,1779661823.89812,-1,1680,1050
17,2,11077,1779661823.91894,-1,1680,1050
17,2,11078,1779661823.93976,-1,1680,1050
17,2,11079,1779661823.96058,-1,1680,1050
17,2,11080,1779661823.9814,-1,1680,1050
17,2,11081,1779661824.00221,-1,1680,1050
17,2,11082,1779661824.02303,-1,1680,1050
17,2,11083,1779661824.04385,-1,1680,1050
17,2,11084,1779661824.06467,-1,1680,1050
17,2,11085,1779661824.08549,-1,1680,1050
17,2,11086,1779661824.10631,-1,1680,1050
17,2,11087,1779661824.12713,-1,1680,1050
17,2,11088,1779661824.14795,-1,1680,1050
17,2,11089,1779661824.16877,-1,1680,1050
17,2,11090,1779661824.18959,1,1680,1050
17,2,11091,1779661824.21041,1,1680,1050
17,2,11092,1779661824.23123,1,1680,1050
17,2,11093,1779661824.25205,1,1680,1050
17,2,11094,1779661824.27287,1,1680,1050
17,2,11095,1779661824.29369,1,1680,1050
17,2,11096,1779661824.31451,1,1680,1050
17,2,11097,1779661824.33533,1,1680,1050
17,2,11098,1779661824.35615,1,1680,1050
17,2,11099,1779661824.37696,1,1680,1050
17,2,11100,1779661824.39778,1,1680,1050
17,2,11101,1779661824.4186,1,1680,1050
17,2,11102,1779661824.43942,1,1680,1050
17,2,11103,1779661824.46024,1,1680,1050
17,2,11104,1779661824.48106,1,1680,1050
17,2,11105,1779661824.50188,1,1680,1050
17,2,11106,1779661824.5227,1,1680,1050
17,2,11107,1779661824.54352,1,1680,1050
17,2,11108,1779661824.56434,1,1680,1050
17,2,11109,1779661824.58516,1,1680,1050
17,2,11110,1779661824.60598,1,1680,1050
17,2,11111,1779661824.6268,1,1680,1050
17,2,11112,1779661824.64762,1,1680,1050
17,2,11113,1779661824.66844,1,1680,1050
17,2,11114,1779661824.68926,1,1680,1050
17,2,11115,1779661824.71008,1,1680,1050
17,2,11116,1779661824.7309,1,1680,1050
17,2,11117,1779661824.75171,1,1680,1050
17,2,11118,1779661824.77253,1,1680,1050
17,2,11119,1779661824.79335,1,1680,1050
17,2,11120,1779661824.81417,1,1680,1050
17,2,11121,1779661824.83499,1,1680,1050
17,2,11122,1779661824.85581,1,1680,1050
17,2,11123,1779661824.87663,1,1680,1050
17,2,11124,1779661824.89745,1,1680,1050
17,2,11125,1779661824.91827,1,1680,1050
17,2,11126,1779661824.93909,1,1680,1050
17,2,11127,1779661824.95991,1,1680,1050
17,2,11128,1779661824.98073,1,1680,1050
17,2,11129,1779661825.00155,1,1680,1050
17,2,11130,1779661825.02237,1,1680,1050
17,2,11131,1779661825.04319,1,1680,1050
17,2,11132,1779661825.064,1,1680,1050
17,2,11133,1779661825.08483,1,1680,1050
17,2,11134,1779661825.10564,1,1680,1050
17,2,11135,1779661825.12646,1,1680,1050
17,2,11136,1779661825.14728,1,1680,1050
17,2,11137,1779661825.1681,1,1680,1050
17,2,11138,1779661825.18892,1,1680,1050
17,2,11139,1779661825.20974,1,1680,1050
17,2,11140,1779661825.23056,1,1680,1050
17,2,11141,1779661825.25138,1,1680,1050
17,2,11142,1779661825.2722,1,1680,1050
17,2,11143,1779661825.29302,1,1680,1050
17,2,11144,1779661825.31384,1,1680,1050
17,2,11145,1779661825.33466,1,1680,1050
17,2,11146,1779661825.35548,1,1680,1050
17,2,11147,1779661825.3763,1,1680,1050
17,2,11148,1779661825.39712,1,1680,1050
17,2,11149,1779661825.41794,1,1680,1050
17,2,11150,1779661825.43875,1,1680,1050
17,2,11151,1779661825.45957,1,1680,1050
17,2,11152,1779661825.48039,1,1680,1050
17,2,11153,1779661825.50121,1,1680,1050
17,2,11154,1779661825.52203,1,1680,1050
17,2,11155,1779661825.54285,1,1680,1050
17,2,11156,1779661825.56367,1,1680,1050
17,2,11157,1779661825.58449,1,1680,1050
17,2,11158,1779661825.60531,1,1680,1050
17,2,11159,1779661825.62613,1,1680,1050
17,2,11160,1779661825.64695,1,1680,1050
17,2,11161,1779661825.66777,1,1680,1050
17,2,11162,1779661825.68859,1,1680,1050
17,2,11163,1779661825.70941,1,1680,1050
17,2,11164,1779661825.73023,1,1680,1050
17,2,11165,1779661825.75105,1,1680,1050
17,2,11166,1779661825.77187,1,1680,1050
17,2,11167,1779661825.79269,1,1680,1050
17,2,11168,1779661825.8135,1,1680,1050
17,2,11169,1779661825.83432,1,1680,1050
17,2,11170,1779661825.85514,1,1680,1050
17,2,11171,1779661825.87596,1,1680,1050
17,2,11172,1779661825.89678,1,1680,1050
17,2,11173,1779661825.9176,1,1680,1050
17,2,11174,1779661825.93842,1,1680,1050
17,2,11175,1779661825.95924,1,1680,1050
17,2,11176,1779661825.98006,1,1680,1050
17,2,11177,1779661826.00088,1,1680,1050
17,2,11178,1779661826.0217,1,1680,1050
17,2,11179,1779661826.04252,1,1680,1050
17,2,11180,1779661826.06334,1,1680,1050
17,2,11181,1779661826.08416,1,1680,1050
17,2,11182,1779661826.10498,1,1680,1050
17,2,11183,1779661826.1258,1,1680,1050
17,2,11184,1779661826.14662,1,1680,1050
17,2,11185,1779661826.16744,1,1680,1050
17,2,11186,1779661826.18825,1,1680,1050
17,2,11187,1779661826.20907,1,1680,1050
17,2,11188,1779661826.22989,1,1680,1050
17,2,11189,1779661826.25071,1,1680,1050
17,2,11190,1779661826.27153,1,1680,1050
17,2,11191,1779661826.29235,1,1680,1050
17,2,11192,1779661826.31317,1,1680,1050
17,2,11193,1779661826.33399,1,1680,1050
17,2,11194,1779661826.35481,1,1680,1050
17,2,11195,1779661826.37563,1,1680,1050
17,2,11196,1779661826.39645,1,1680,1050
17,2,11197,1779661826.41727,1,1680,1050
17,2,11198,1779661826.43809,1,1680,1050
17,2,11199,1779661826.45891,1,1680,1050
17,2,11200,1779661826.47973,1,1680,1050
17,2,11201,1779661826.50055,1,1680,1050
17,2,11202,1779661826.52137,1,1680,1050
17,2,11203,1779661826.54218,1,1680,1050
17,2,11204,1779661826.563,1,1680,1050
17,2,11205,1779661826.58382,1,1680,1050
17,2,11206,1779661826.60464,1,1680,1050
17,2,11207,1779661826.62546,1,1680,1050
17,2,11208,1779661826.64628,1,1680,1050
17,2,11209,1779661826.6671,1,1680,1050
17,2,11210,1779661826.68792,1,1680,1050
17,2,11211,1779661826.70874,1,1680,1050
17,2,11212,1779661826.72956,1,1680,1050
17,2,11213,1779661826.75038,1,1680,1050
17,2,11214,1779661826.7712,1,1680,1050
17,2,11215,1779661826.79202,1,1680,1050
17,2,11216,1779661826.81284,1,1680,1050
17,2,11217,1779661826.83366,1,1680,1050
17,2,11218,1779661826.85448,1,1680,1050
17,2,11219,1779661826.8753,1,1680,1050
17,2,11220,1779661826.89612,1,1680,1050
17,2,11221,1779661826.91694,1,1680,1050
17,2,11222,1779661826.93775,1,1680,1050
17,2,11223,1779661826.95857,1,1680,1050
17,2,11224,1779661826.97939,1,1680,1050
17,2,11225,1779661827.00021,1,1680,1050
17,2,11226,1779661827.02103,1,1680,1050
17,2,11227,1779661827.04185,1,1680,1050
17,2,11228,1779661827.06267,1,1680,1050
17,2,11229,1779661827.08349,1,1680,1050
17,2,11230,1779661827.10431,1,1680,1050
17,2,11231,1779661827.12513,1,1680,1050
17,2,11232,1779661827.14595,1,1680,1050
17,2,11233,1779661827.16677,1,1680,1050
17,2,11234,1779661827.18759,1,1680,1050
17,2,11235,1779661827.20841,1,1680,1050
17,2,11236,1779661827.22923,1,1680,1050
17,2,11237,1779661827.25005,1,1680,1050
17,2,11238,1779661827.27086,1,1680,1050
17,2,11239,1779661827.29169,1,1680,1050
17,2,11240,1779661827.3125,1,1680,1050
17,2,11241,1779661827.33332,1,1680,1050
17,2,11242,1779661827.35414,1,1680,1050
17,2,11243,1779661827.37496,1,1680,1050
17,2,11244,1779661827.39578,1,1680,1050
17,2,11245,1779661827.4166,1,1680,1050
17,2,11246,1779661827.43742,1,1680,1050
17,2,11247,1779661827.45824,1,1680,1050
17,2,11248,1779661827.47906,1,1680,1050
17,2,11249,1779661827.49988,1,1680,1050
17,2,11250,1779661827.5207,1,1680,1050
17,2,11251,1779661827.54152,1,1680,1050
17,2,11252,1779661827.56234,1,1680,1050
17,2,11253,1779661827.58316,1,1680,1050
17,2,11254,1779661827.60398,1,1680,1050
17,2,11255,1779661827.6248,1,1680,1050
17,2,11256,1779661827.64561,1,1680,1050
17,2,11257,1779661827.66643,1,1680,1050
17,2,11258,1779661827.68725,1,1680,1050
17,2,11259,1779661827.70807,1,1680,1050
17,2,11260,1779661827.72889,1,1680,1050
17,2,11261,1779661827.74971,1,1680,1050
17,2,11262,1779661827.77053,1,1680,1050
17,2,11263,1779661827.79135,1,1680,1050
17,2,11264,1779661827.81217,1,1680,1050
17,2,11265,1779661827.83299,1,1680,1050
17,2,11266,1779661827.85381,1,1680,1050
17,2,11267,1779661827.87463,1,1680,1050
17,2,11268,1779661827.89545,1,1680,1050
17,2,11269,1779661827.91627,1,1680,1050
17,2,11270,1779661827.93709,1,1680,1050
17,2,11271,1779661827.95791,1,1680,1050
17,2,11272,1779661827.97873,1,1680,1050
17,2,11273,1779661827.99954,1,1680,1050
17,2,11274,1779661828.02036,1,1680,1050
17,2,11275,1779661828.04118,1,1680,1050
17,2,11276,1779661828.062,1,1680,1050
17,2,11277,1779661828.08282,1,1680,1050
17,2,11278,1779661828.10364,1,1680,1050
17,2,11279,1779661828.12446,1,1680,1050
17,2,11280,1779661828.14528,1,1680,1050
17,2,11281,1779661828.1661,1,1680,1050
17,2,11282,1779661828.18692,2,1680,1050
17,2,11283,1779661828.20774,2,1680,1050
17,2,11284,1779661828.22856,2,1680,1050
17,2,11285,1779661828.24938,2,1680,1050
17,2,11286,1779661828.2702,2,1680,1050
17,2,11287,1779661828.29102,2,1680,1050
17,2,11288,1779661828.31184,2,1680,1050
17,2,11289,1779661828.33266,2,1680,1050
17,2,11290,1779661828.35348,2,1680,1050
17,2,11291,1779661828.37429,2,1680,1050
17,2,11292,1779661828.39511,2,1680,1050
17,2,11293,1779661828.41593,2,1680,1050
17,2,11294,1779661828.43675,2,1680,1050
17,2,11295,1779661828.45757,2,1680,1050
17,2,11296,1779661828.47839,2,1680,1050
17,2,11297,1779661828.49921,2,1680,1050
17,2,11298,1779661828.52003,2,1680,1050
17,2,11299,1779661828.54085,2,1680,1050
17,2,11300,1779661828.56167,2,1680,1050
17,2,11301,1779661828.58249,2,1680,1050
17,2,11302,1779661828.60331,2,1680,1050
17,2,11303,1779661828.62413,2,1680,1050
17,2,11304,1779661828.64495,2,1680,1050
17,2,11305,1779661828.66577,2,1680,1050
17,2,11306,1779661828.68659,2,1680,1050
17,2,11307,1779661828.70741,2,1680,1050
17,2,11308,1779661828.72822,2,1680,1050
17,2,11309,1779661828.74904,2,1680,1050
17,2,11310,1779661828.76986,2,1680,1050
17,2,11311,1779661828.79068,2,1680,1050
17,2,11312,1779661828.8115,2,1680,1050
17,2,11313,1779661828.83232,2,1680,1050
17,2,11314,1779661828.85314,2,1680,1050
17,2,11315,1779661828.87396,2,1680,1050
17,2,11316,1779661828.89478,2,1680,1050
17,2,11317,1779661828.9156,2,1680,1050
17,2,11318,1779661828.93642,2,1680,1050
17,2,11319,1779661828.95724,2,1680,1050
17,2,11320,1779661828.97806,2,1680,1050
17,2,11321,1779661828.99888,2,1680,1050
17,2,11322,1779661829.0197,2,1680,1050
17,2,11323,1779661829.04052,2,1680,1050
17,2,11324,1779661829.06134,2,1680,1050
17,2,11325,1779661829.08216,2,1680,1050
17,2,11326,1779661829.10297,2,1680,1050
17,2,11327,1779661829.1238,2,1680,1050
17,2,11328,1779661829.14461,2,1680,1050
17,2,11329,1779661829.16543,2,1680,1050
17,2,11330,1779661829.18625,2,1680,1050
17,2,11331,1779661829.20707,2,1680,1050
17,2,11332,1779661829.22789,2,1680,1050
17,2,11333,1779661829.24871,2,1680,1050
17,2,11334,1779661829.26953,2,1680,1050
17,2,11335,1779661829.29035,2,1680,1050
17,2,11336,1779661829.31117,2,1680,1050
17,2,11337,1779661829.33199,2,1680,1050
17,2,11338,1779661829.35281,2,1680,1050
17,2,11339,1779661829.37363,2,1680,1050
17,2,11340,1779661829.39445,2,1680,1050
17,2,11341,1779661829.41527,2,1680,1050
17,2,11342,1779661829.43609,2,1680,1050
17,2,11343,1779661829.4569,2,1680,1050
17,2,11344,1779661829.47773,2,1680,1050
17,2,11345,1779661829.49854,2,1680,1050
17,2,11346,1779661829.51936,2,1680,1050
17,2,11347,1779661829.54018,2,1680,1050
17,2,11348,1779661829.561,2,1680,1050
17,2,11349,1779661829.58182,2,1680,1050
17,2,11350,1779661829.60264,2,1680,1050
17,2,11351,1779661829.62346,2,1680,1050
17,2,11352,1779661829.64428,2,1680,1050
17,2,11353,1779661829.6651,2,1680,1050
17,2,11354,1779661829.68592,2,1680,1050
17,2,11355,1779661829.70674,2,1680,1050
17,2,11356,1779661829.72756,2,1680,1050
17,2,11357,1779661829.74838,2,1680,1050
17,2,11358,1779661829.7692,2,1680,1050
17,2,11359,1779661829.79002,2,1680,1050
17,2,11360,1779661829.81084,2,1680,1050
17,2,11361,1779661829.83166,2,1680,1050
17,2,11362,1779661829.85247,2,1680,1050
17,2,11363,1779661829.87329,2,1680,1050
17,2,11364,1779661829.89411,2,1680,1050
17,2,11365,1779661829.91493,2,1680,1050
17,2,11366,1779661829.93575,2,1680,1050
17,2,11367,1779661829.95657,2,1680,1050
17,2,11368,1779661829.97739,2,1680,1050
17,2,11369,1779661829.99821,2,1680,1050
17,2,11370,1779661830.01903,2,1680,1050
17,2,11371,1779661830.03985,2,1680,1050
17,2,11372,1779661830.06067,2,1680,1050
17,2,11373,1779661830.08149,2,1680,1050
17,2,11374,1779661830.10231,2,1680,1050
17,2,11375,1779661830.12313,2,1680,1050
17,2,11376,1779661830.14395,2,1680,1050
17,2,11377,1779661830.16477,2,1680,1050
17,2,11378,1779661830.18559,2,1680,1050
17,2,11379,1779661830.2064,2,1680,1050
17,2,11380,1779661830.22723,2,1680,1050
17,2,11381,1779661830.24804,2,1680,1050
17,2,11382,1779661830.26886,2,1680,1050
17,2,11383,1779661830.28968,2,1680,1050
17,2,11384,1779661830.3105,2,1680,1050
17,2,11385,1779661830.33132,2,1680,1050
17,2,11386,1779661830.35214,2,1680,1050
17,2,11387,1779661830.37296,2,1680,1050
17,2,11388,1779661830.39378,2,1680,1050
17,2,11389,1779661830.4146,2,1680,1050
17,2,11390,1779661830.43542,2,1680,1050
17,2,11391,1779661830.45624,2,1680,1050
17,2,11392,1779661830.47706,2,1680,1050
17,2,11393,1779661830.49788,2,1680,1050
17,2,11394,1779661830.5187,2,1680,1050
17,2,11395,1779661830.53951,2,1680,1050
17,2,11396,1779661830.56033,2,1680,1050
17,2,11397,1779661830.58115,2,1680,1050
17,2,11398,1779661830.60197,2,1680,1050
17,2,11399,1779661830.62279,2,1680,1050
17,2,11400,1779661830.64361,2,1680,1050
17,2,11401,1779661830.66443,2,1680,1050
17,2,11402,1779661830.68525,2,1680,1050
17,2,11403,1779661830.70607,2,1680,1050
17,2,11404,1779661830.72689,2,1680,1050
17,2,11405,1779661830.74771,2,1680,1050
17,2,11406,1779661830.76853,2,1680,1050
17,2,11407,1779661830.78935,2,1680,1050
17,2,11408,1779661830.81017,2,1680,1050
17,2,11409,1779661830.83099,2,1680,1050
17,2,11410,1779661830.85181,2,1680,1050
17,2,11411,1779661830.87263,2,1680,1050
17,2,11412,1779661830.89345,2,1680,1050
17,2,11413,1779661830.91427,2,1680,1050
17,2,11414,1779661830.93508,2,1680,1050
17,2,11415,1779661830.95591,2,1680,1050
17,2,11416,1779661830.97672,2,1680,1050
17,2,11417,1779661830.99754,2,1680,1050
17,2,11418,1779661831.01836,2,1680,1050
17,2,11419,1779661831.03918,2,1680,1050
17,2,11420,1779661831.06,2,1680,1050
17,2,11421,1779661831.08082,2,1680,1050
17,2,11422,1779661831.10164,2,1680,1050
17,2,11423,1779661831.12246,2,1680,1050
17,2,11424,1779661831.14328,2,1680,1050
17,2,11425,1779661831.1641,2,1680,1050
17,2,11426,1779661831.18492,2,1680,1050
17,2,11427,1779661831.20574,2,1680,1050
17,2,11428,1779661831.22656,2,1680,1050
17,2,11429,1779661831.24738,2,1680,1050
17,2,11430,1779661831.26819,2,1680,1050
17,2,11431,1779661831.28901,2,1680,1050
17,2,11432,1779661831.30984,2,1680,1050
17,2,11433,1779661831.33065,2,1680,1050
17,2,11434,1779661831.35147,2,1680,1050
17,2,11435,1779661831.37229,2,1680,1050
17,2,11436,1779661831.39311,2,1680,1050
17,2,11437,1779661831.41393,2,1680,1050
17,2,11438,1779661831.43475,2,1680,1050
17,2,11439,1779661831.45557,2,1680,1050
17,2,11440,1779661831.47639,2,1680,1050
17,2,11441,1779661831.49721,2,1680,1050
17,2,11442,1779661831.51803,2,1680,1050
17,2,11443,1779661831.53885,2,1680,1050
17,2,11444,1779661831.55967,2,1680,1050
17,2,11445,1779661831.58049,2,1680,1050
17,2,11446,1779661831.60131,2,1680,1050
17,2,11447,1779661831.62213,2,1680,1050
17,2,11448,1779661831.64295,2,1680,1050
17,2,11449,1779661831.66376,2,1680,1050
17,2,11450,1779661831.68458,2,1680,1050
17,2,11451,1779661831.7054,2,1680,1050
17,2,11452,1779661831.72622,2,1680,1050
17,2,11453,1779661831.74704,2,1680,1050
17,2,11454,1779661831.76786,2,1680,1050
17,2,11455,1779661831.78868,2,1680,1050
17,2,11456,1779661831.8095,2,1680,1050
17,2,11457,1779661831.83032,2,1680,1050
17,2,11458,1779661831.85114,2,1680,1050
17,2,11459,1779661831.87196,2,1680,1050
17,2,11460,1779661831.89278,2,1680,1050
17,2,11461,1779661831.9136,2,1680,1050
17,2,11462,1779661831.93442,2,1680,1050
17,2,11463,1779661831.95524,2,1680,1050
17,2,11464,1779661831.97606,2,1680,1050
17,2,11465,1779661831.99688,2,1680,1050
17,2,11466,1779661832.0177,2,1680,1050
17,2,11467,1779661832.03851,2,1680,1050
17,2,11468,1779661832.05933,2,1680,1050
17,2,11469,1779661832.08015,2,1680,1050
17,2,11470,1779661832.10097,2,1680,1050
17,2,11471,1779661832.12179,2,1680,1050
17,2,11472,1779661832.14263,2,1680,1050
17,2,11473,1779661832.16343,2,1680,1050
17,2,11474,1779661832.18425,2,1680,1050
17,2,11475,1779661832.20507,2,1680,1050
17,2,11476,1779661832.22589,2,1680,1050
17,2,11477,1779661832.24671,2,1680,1050
17,2,11478,1779661832.26753,2,1680,1050
17,2,11479,1779661832.28835,2,1680,1050
17,2,11480,1779661832.30917,2,1680,1050
17,2,11481,1779661832.32999,2,1680,1050
17,2,11482,1779661832.35081,2,1680,1050
17,2,11483,1779661832.37163,2,1680,1050
17,2,11484,1779661832.39244,2,1680,1050
17,2,11485,1779661832.41327,2,1680,1050
17,2,11486,1779661832.43408,2,1680,1050
17,2,11487,1779661832.4549,2,1680,1050
17,2,11488,1779661832.47572,2,1680,1050
17,2,11489,1779661832.49654,2,1680,1050
17,2,11490,1779661832.51736,2,1680,1050
17,2,11491,1779661832.53818,2,1680,1050
17,2,11492,1779661832.559,2,1680,1050
17,2,11493,1779661832.57982,2,1680,1050
17,2,11494,1779661832.60064,2,1680,1050
17,2,11495,1779661832.62146,2,1680,1050
17,2,11496,1779661832.64228,2,1680,1050
17,2,11497,1779661832.6631,2,1680,1050
17,2,11498,1779661832.68392,2,1680,1050
17,2,11499,1779661832.70474,2,1680,1050
17,2,11500,1779661832.72556,2,1680,1050
17,2,11501,1779661832.74638,2,1680,1050
17,2,11502,1779661832.76719,2,1680,1050
17,2,11503,1779661832.78802,2,1680,1050
17,2,11504,1779661832.80883,2,1680,1050
17,2,11505,1779661832.82965,2,1680,1050
17,2,11506,1779661832.85047,2,1680,1050
17,2,11507,1779661832.87129,2,1680,1050
17,2,11508,1779661832.89211,2,1680,1050
17,2,11509,1779661832.91293,2,1680,1050
17,2,11510,1779661832.93375,2,1680,1050
17,2,11511,1779661832.95457,2,1680,1050
17,2,11512,1779661832.97539,2,1680,1050
17,2,11513,1779661832.99621,2,1680,1050
17,2,11514,1779661833.01703,2,1680,1050
17,2,11515,1779661833.03785,2,1680,1050
17,2,11516,1779661833.05867,2,1680,1050
17,2,11517,1779661833.07949,2,1680,1050
17,2,11518,1779661833.10031,2,1680,1050
17,2,11519,1779661833.12112,2,1680,1050
17,2,11520,1779661833.14195,2,1680,1050
17,2,11521,1779661833.16276,2,1680,1050
17,2,11522,1779661833.18358,2,1680,1050
17,2,11523,1779661833.2044,2,1680,1050
17,2,11524,1779661833.22522,2,1680,1050
17,2,11525,1779661833.24604,2,1680,1050
17,2,11526,1779661833.26686,2,1680,1050
17,2,11527,1779661833.28768,2,1680,1050
17,2,11528,1779661833.3085,2,1680,1050
17,2,11529,1779661833.32932,2,1680,1050
17,2,11530,1779661833.35014,2,1680,1050
17,2,11531,1779661833.37096,2,1680,1050
17,2,11532,1779661833.39178,2,1680,1050
17,2,11533,1779661833.4126,2,1680,1050
17,2,11534,1779661833.43342,2,1680,1050
17,2,11535,1779661833.45424,2,1680,1050
17,2,11536,1779661833.47506,2,1680,1050
17,2,11537,1779661833.49587,2,1680,1050
17,2,11538,1779661833.51669,2,1680,1050
17,2,11539,1779661833.53751,2,1680,1050
17,2,11540,1779661833.55833,2,1680,1050
17,2,11541,1779661833.57915,2,1680,1050
17,2,11542,1779661833.59997,2,1680,1050
17,2,11543,1779661833.62079,2,1680,1050
17,2,11544,1779661833.64161,2,1680,1050
17,2,11545,1779661833.66243,2,1680,1050
17,2,11546,1779661833.68325,2,1680,1050
17,2,11547,1779661833.70407,2,1680,1050
17,2,11548,1779661833.72489,2,1680,1050
17,2,11549,1779661833.74571,2,1680,1050
17,2,11550,1779661833.76653,2,1680,1050
17,2,11551,1779661833.78735,2,1680,1050
17,2,11552,1779661833.80817,2,1680,1050
17,2,11553,1779661833.82899,2,1680,1050
17,2,11554,1779661833.84981,2,1680,1050
17,2,11555,1779661833.87062,2,1680,1050
17,2,11556,1779661833.89144,2,1680,1050
17,2,11557,1779661833.91226,2,1680,1050
17,2,11558,1779661833.93308,2,1680,1050
17,2,11559,1779661833.9539,2,1680,1050
17,2,11560,1779661833.97472,2,1680,1050
17,2,11561,1779661833.99554,2,1680,1050
17,2,11562,1779661834.01636,2,1680,1050
17,2,11563,1779661834.03718,2,1680,1050
17,2,11564,1779661834.058,2,1680,1050
17,2,11565,1779661834.07882,2,1680,1050
17,2,11566,1779661834.09964,2,1680,1050
17,2,11567,1779661834.12046,2,1680,1050
17,2,11568,1779661834.14128,2,1680,1050
17,2,11569,1779661834.1621,2,1680,1050
17,2,11570,1779661834.18292,1,1680,1050
17,2,11571,1779661834.20374,1,1680,1050
17,2,11572,1779661834.22456,1,1680,1050
17,2,11573,1779661834.24537,1,1680,1050
17,2,11574,1779661834.26619,1,1680,1050
17,2,11575,1779661834.28701,1,1680,1050
17,2,11576,1779661834.30783,1,1680,1050
17,2,11577,1779661834.32865,1,1680,1050
17,2,11578,1779661834.34947,1,1680,1050
17,2,11579,1779661834.37029,1,1680,1050
17,2,11580,1779661834.39111,1,1680,1050
17,2,11581,1779661834.41193,1,1680,1050
17,2,11582,1779661834.43275,1,1680,1050
17,2,11583,1779661834.45357,1,1680,1050
17,2,11584,1779661834.47439,1,1680,1050
17,2,11585,1779661834.49521,1,1680,1050
17,2,11586,1779661834.51603,1,1680,1050
17,2,11587,1779661834.53685,1,1680,1050
17,2,11588,1779661834.55767,1,1680,1050
17,2,11589,1779661834.57848,1,1680,1050
17,2,11590,1779661834.5993,1,1680,1050
17,2,11591,1779661834.62012,1,1680,1050
17,2,11592,1779661834.64094,1,1680,1050
17,2,11593,1779661834.66176,1,1680,1050
17,2,11594,1779661834.68258,1,1680,1050
17,2,11595,1779661834.7034,1,1680,1050
17,2,11596,1779661834.72422,1,1680,1050
17,2,11597,1779661834.74504,1,1680,1050
17,2,11598,1779661834.76586,1,1680,1050
17,2,11599,1779661834.78668,1,1680,1050
17,2,11600,1779661834.8075,1,1680,1050
17,2,11601,1779661834.82832,1,1680,1050
17,2,11602,1779661834.84914,1,1680,1050
17,2,11603,1779661834.86996,1,1680,1050
17,2,11604,1779661834.89078,1,1680,1050
17,2,11605,1779661834.9116,1,1680,1050
17,2,11606,1779661834.93242,1,1680,1050
17,2,11607,1779661834.95324,1,1680,1050
17,2,11608,1779661834.97406,1,1680,1050
17,2,11609,1779661834.99487,1,1680,1050
17,2,11610,1779661835.01569,1,1680,1050
17,2,11611,1779661835.03651,1,1680,1050
17,2,11612,1779661835.05733,1,1680,1050
17,2,11613,1779661835.07815,1,1680,1050
17,2,11614,1779661835.09897,1,1680,1050
17,2,11615,1779661835.11979,1,1680,1050
17,2,11616,1779661835.14061,1,1680,1050
17,2,11617,1779661835.16143,1,1680,1050
17,2,11618,1779661835.18225,1,1680,1050
17,2,11619,1779661835.20307,1,1680,1050
17,2,11620,1779661835.22389,1,1680,1050
17,2,11621,1779661835.24471,1,1680,1050
17,2,11622,1779661835.26553,1,1680,1050
17,2,11623,1779661835.28635,1,1680,1050
17,2,11624,1779661835.30717,1,1680,1050
17,2,11625,1779661835.32798,1,1680,1050
17,2,11626,1779661835.3488,1,1680,1050
17,2,11627,1779661835.36962,1,1680,1050
17,2,11628,1779661835.39044,1,1680,1050
17,2,11629,1779661835.41126,1,1680,1050
17,2,11630,1779661835.43208,1,1680,1050
17,2,11631,1779661835.4529,1,1680,1050
17,2,11632,1779661835.47372,1,1680,1050
17,2,11633,1779661835.49454,1,1680,1050
17,2,11634,1779661835.51536,1,1680,1050
17,2,11635,1779661835.53618,1,1680,1050
17,2,11636,1779661835.557,1,1680,1050
17,2,11637,1779661835.57782,1,1680,1050
17,2,11638,1779661835.59864,1,1680,1050
17,2,11639,1779661835.61946,1,1680,1050
17,2,11640,1779661835.64028,1,1680,1050
17,2,11641,1779661835.6611,1,1680,1050
17,2,11642,1779661835.68191,1,1680,1050
17,2,11643,1779661835.70273,1,1680,1050
17,2,11644,1779661835.72355,1,1680,1050
17,2,11645,1779661835.74437,1,1680,1050
17,2,11646,1779661835.76519,1,1680,1050
17,2,11647,1779661835.78601,1,1680,1050
17,2,11648,1779661835.80683,1,1680,1050
17,2,11649,1779661835.82765,1,1680,1050
17,2,11650,1779661835.84847,1,1680,1050
17,2,11651,1779661835.86929,1,1680,1050
17,2,11652,1779661835.89011,1,1680,1050
17,2,11653,1779661835.91093,1,1680,1050
17,2,11654,1779661835.93175,1,1680,1050
17,2,11655,1779661835.95257,1,1680,1050
17,2,11656,1779661835.97339,1,1680,1050
17,2,11657,1779661835.99421,1,1680,1050
17,2,11658,1779661836.01503,1,1680,1050
17,2,11659,1779661836.03585,1,1680,1050
17,2,11660,1779661836.05667,1,1680,1050
17,2,11661,1779661836.07748,1,1680,1050
17,2,11662,1779661836.0983,1,1680,1050
17,2,11663,1779661836.11912,1,1680,1050
17,2,11664,1779661836.13994,1,1680,1050
17,2,11665,1779661836.16076,1,1680,1050
17,2,11666,1779661836.18158,1,1680,1050
17,2,11667,1779661836.2024,1,1680,1050
17,2,11668,1779661836.22322,1,1680,1050
17,2,11669,1779661836.24404,1,1680,1050
17,2,11670,1779661836.26486,1,1680,1050
17,2,11671,1779661836.28568,1,1680,1050
17,2,11672,1779661836.3065,1,1680,1050
17,2,11673,1779661836.32732,1,1680,1050
17,2,11674,1779661836.34814,1,1680,1050
17,2,11675,1779661836.36896,1,1680,1050
17,2,11676,1779661836.38978,1,1680,1050
17,2,11677,1779661836.41059,1,1680,1050
17,2,11678,1779661836.43141,1,1680,1050
17,2,11679,1779661836.45223,1,1680,1050
17,2,11680,1779661836.47305,1,1680,1050
17,2,11681,1779661836.49387,1,1680,1050
17,2,11682,1779661836.51469,1,1680,1050
17,2,11683,1779661836.53551,1,1680,1050
17,2,11684,1779661836.55633,1,1680,1050
17,2,11685,1779661836.57715,1,1680,1050
17,2,11686,1779661836.59797,1,1680,1050
17,2,11687,1779661836.61879,1,1680,1050
17,2,11688,1779661836.63961,1,1680,1050
17,2,11689,1779661836.66043,1,1680,1050
17,2,11690,1779661836.68125,1,1680,1050
17,2,11691,1779661836.70207,1,1680,1050
17,2,11692,1779661836.72289,1,1680,1050
17,2,11693,1779661836.74371,1,1680,1050
17,2,11694,1779661836.76453,1,1680,1050
17,2,11695,1779661836.78535,1,1680,1050
17,2,11696,1779661836.80617,1,1680,1050
17,2,11697,1779661836.82698,1,1680,1050
17,2,11698,1779661836.8478,1,1680,1050
17,2,11699,1779661836.86862,1,1680,1050
17,2,11700,1779661836.88944,1,1680,1050
17,2,11701,1779661836.91026,1,1680,1050
17,2,11702,1779661836.93108,1,1680,1050
17,2,11703,1779661836.9519,1,1680,1050
17,2,11704,1779661836.97272,1,1680,1050
17,2,11705,1779661836.99354,1,1680,1050
17,2,11706,1779661837.01436,1,1680,1050
17,2,11707,1779661837.03518,1,1680,1050
17,2,11708,1779661837.056,1,1680,1050
17,2,11709,1779661837.07682,1,1680,1050
17,2,11710,1779661837.09764,1,1680,1050
17,2,11711,1779661837.11846,1,1680,1050
17,2,11712,1779661837.13928,1,1680,1050
17,2,11713,1779661837.1601,1,1680,1050
17,2,11714,1779661837.18091,1,1680,1050
17,2,11715,1779661837.20173,1,1680,1050
17,2,11716,1779661837.22255,1,1680,1050
17,2,11717,1779661837.24337,1,1680,1050
17,2,11718,1779661837.26419,1,1680,1050
17,2,11719,1779661837.28501,1,1680,1050
17,2,11720,1779661837.30583,1,1680,1050
17,2,11721,1779661837.32665,1,1680,1050
17,2,11722,1779661837.34747,1,1680,1050
17,2,11723,1779661837.36829,1,1680,1050
17,2,11724,1779661837.38911,1,1680,1050
17,2,11725,1779661837.40993,1,1680,1050
17,2,11726,1779661837.43075,1,1680,1050
17,2,11727,1779661837.45157,1,1680,1050
17,2,11728,1779661837.47239,1,1680,1050
17,2,11729,1779661837.49321,1,1680,1050
17,2,11730,1779661837.51402,1,1680,1050
17,2,11731,1779661837.53484,1,1680,1050
17,2,11732,1779661837.55566,1,1680,1050
17,2,11733,1779661837.57648,1,1680,1050
17,2,11734,1779661837.5973,1,1680,1050
17,2,11735,1779661837.61812,1,1680,1050
17,2,11736,1779661837.63894,1,1680,1050
17,2,11737,1779661837.65976,1,1680,1050
17,2,11738,1779661837.68058,1,1680,1050
17,2,11739,1779661837.7014,1,1680,1050
17,2,11740,1779661837.72222,1,1680,1050
17,2,11741,1779661837.74304,1,1680,1050
17,2,11742,1779661837.76386,1,1680,1050
17,2,11743,1779661837.78468,1,1680,1050
17,2,11744,1779661837.8055,1,1680,1050
17,2,11745,1779661837.82632,1,1680,1050
17,2,11746,1779661837.84714,1,1680,1050
17,2,11747,1779661837.86796,1,1680,1050
17,2,11748,1779661837.88877,1,1680,1050
17,2,11749,1779661837.90959,1,1680,1050
17,2,11750,1779661837.93041,1,1680,1050
17,2,11751,1779661837.95123,1,1680,1050
17,2,11752,1779661837.97205,1,1680,1050
17,2,11753,1779661837.99287,1,1680,1050
17,2,11754,1779661838.01369,1,1680,1050
17,2,11755,1779661838.03451,1,1680,1050
17,2,11756,1779661838.05533,1,1680,1050
17,2,11757,1779661838.07615,1,1680,1050
17,2,11758,1779661838.09697,1,1680,1050
17,2,11759,1779661838.11779,1,1680,1050
17,2,11760,1779661838.13861,1,1680,1050
17,2,11761,1779661838.15943,1,1680,1050
17,2,11762,1779661838.18025,2,1680,1050
17,2,11763,1779661838.20107,2,1680,1050
17,2,11764,1779661838.22189,2,1680,1050
17,2,11765,1779661838.2427,2,1680,1050
17,2,11766,1779661838.26353,2,1680,1050
17,2,11767,1779661838.28434,2,1680,1050
17,2,11768,1779661838.30516,2,1680,1050
17,2,11769,1779661838.32598,2,1680,1050
17,2,11770,1779661838.3468,2,1680,1050
17,2,11771,1779661838.36762,2,1680,1050
17,2,11772,1779661838.38844,2,1680,1050
17,2,11773,1779661838.40926,2,1680,1050
17,2,11774,1779661838.43008,2,1680,1050
17,2,11775,1779661838.4509,2,1680,1050
17,2,11776,1779661838.47172,2,1680,1050
17,2,11777,1779661838.49254,2,1680,1050
17,2,11778,1779661838.51336,2,1680,1050
17,2,11779,1779661838.53418,2,1680,1050
17,2,11780,1779661838.555,2,1680,1050
17,2,11781,1779661838.57582,2,1680,1050
17,2,11782,1779661838.59664,2,1680,1050
17,2,11783,1779661838.61745,2,1680,1050
17,2,11784,1779661838.63827,2,1680,1050
17,2,11785,1779661838.65909,2,1680,1050
17,2,11786,1779661838.67991,2,1680,1050
17,2,11787,1779661838.70073,2,1680,1050
17,2,11788,1779661838.72155,2,1680,1050
17,2,11789,1779661838.74237,2,1680,1050
17,2,11790,1779661838.76319,2,1680,1050
17,2,11791,1779661838.78401,2,1680,1050
17,2,11792,1779661838.80483,2,1680,1050
17,2,11793,1779661838.82565,2,1680,1050
17,2,11794,1779661838.84647,2,1680,1050
17,2,11795,1779661838.86729,2,1680,1050
17,2,11796,1779661838.88811,2,1680,1050
17,2,11797,1779661838.90893,2,1680,1050
17,2,11798,1779661838.92975,2,1680,1050
17,2,11799,1779661838.95057,2,1680,1050
17,2,11800,1779661838.97138,2,1680,1050
17,2,11801,1779661838.9922,2,1680,1050
17,2,11802,1779661839.01302,2,1680,1050
17,2,11803,1779661839.03384,2,1680,1050
17,2,11804,1779661839.05466,2,1680,1050
17,2,11805,1779661839.07548,2,1680,1050
17,2,11806,1779661839.0963,2,1680,1050
17,2,11807,1779661839.11712,2,1680,1050
17,2,11808,1779661839.13794,2,1680,1050
17,2,11809,1779661839.15876,2,1680,1050
17,2,11810,1779661839.17958,2,1680,1050
17,2,11811,1779661839.2004,2,1680,1050
17,2,11812,1779661839.22122,2,1680,1050
17,2,11813,1779661839.24204,2,1680,1050
17,2,11814,1779661839.26286,2,1680,1050
17,2,11815,1779661839.28368,2,1680,1050
17,2,11816,1779661839.3045,2,1680,1050
17,2,11817,1779661839.32532,2,1680,1050
17,2,11818,1779661839.34614,2,1680,1050
17,2,11819,1779661839.36695,2,1680,1050
17,2,11820,1779661839.38777,2,1680,1050
17,2,11821,1779661839.40859,2,1680,1050
17,2,11822,1779661839.42941,2,1680,1050
17,2,11823,1779661839.45023,2,1680,1050
17,2,11824,1779661839.47105,2,1680,1050
17,2,11825,1779661839.49187,2,1680,1050
17,2,11826,1779661839.51269,2,1680,1050
17,2,11827,1779661839.53351,2,1680,1050
17,2,11828,1779661839.55433,2,1680,1050
17,2,11829,1779661839.57515,2,1680,1050
17,2,11830,1779661839.59597,2,1680,1050
17,2,11831,1779661839.61679,2,1680,1050
17,2,11832,1779661839.63761,2,1680,1050
17,2,11833,1779661839.65843,2,1680,1050
17,2,11834,1779661839.67925,2,1680,1050
17,2,11835,1779661839.70006,2,1680,1050
17,2,11836,1779661839.72088,2,1680,1050
17,2,11837,1779661839.7417,2,1680,1050
17,2,11838,1779661839.76252,2,1680,1050
17,2,11839,1779661839.78334,2,1680,1050
17,2,11840,1779661839.80416,2,1680,1050
17,2,11841,1779661839.82498,2,1680,1050
17,2,11842,1779661839.8458,2,1680,1050
17,2,11843,1779661839.86662,2,1680,1050
17,2,11844,1779661839.88744,2,1680,1050
17,2,11845,1779661839.90826,2,1680,1050
17,2,11846,1779661839.92908,2,1680,1050
17,2,11847,1779661839.9499,2,1680,1050
17,2,11848,1779661839.97072,2,1680,1050
17,2,11849,1779661839.99154,2,1680,1050
17,2,11850,1779661840.01236,2,1680,1050
17,2,11851,1779661840.03318,2,1680,1050
17,2,11852,1779661840.054,2,1680,1050
17,2,11853,1779661840.07481,2,1680,1050
17,2,11854,1779661840.09563,2,1680,1050
17,2,11855,1779661840.11645,2,1680,1050
17,2,11856,1779661840.13727,2,1680,1050
17,2,11857,1779661840.15809,2,1680,1050
17,2,11858,1779661840.17891,2,1680,1050
17,2,11859,1779661840.19973,2,1680,1050
17,2,11860,1779661840.22055,2,1680,1050
17,2,11861,1779661840.24137,2,1680,1050
17,2,11862,1779661840.26219,2,1680,1050
17,2,11863,1779661840.28301,2,1680,1050
17,2,11864,1779661840.30383,2,1680,1050
17,2,11865,1779661840.32465,2,1680,1050
17,2,11866,1779661840.34547,2,1680,1050
17,2,11867,1779661840.36629,2,1680,1050
17,2,11868,1779661840.38711,2,1680,1050
17,2,11869,1779661840.40793,2,1680,1050
17,2,11870,1779661840.42875,2,1680,1050
17,2,11871,1779661840.44956,2,1680,1050
17,2,11872,1779661840.47038,2,1680,1050
17,2,11873,1779661840.4912,2,1680,1050
17,2,11874,1779661840.51202,2,1680,1050
17,2,11875,1779661840.53284,2,1680,1050
17,2,11876,1779661840.55366,2,1680,1050
17,2,11877,1779661840.57448,2,1680,1050
17,2,11878,1779661840.5953,2,1680,1050
17,2,11879,1779661840.61612,2,1680,1050
17,2,11880,1779661840.63694,2,1680,1050
17,2,11881,1779661840.65776,2,1680,1050
17,2,11882,1779661840.67858,2,1680,1050
17,2,11883,1779661840.6994,2,1680,1050
17,2,11884,1779661840.72022,2,1680,1050
17,2,11885,1779661840.74104,2,1680,1050
17,2,11886,1779661840.76186,2,1680,1050
17,2,11887,1779661840.78268,2,1680,1050
17,2,11888,1779661840.80349,2,1680,1050
17,2,11889,1779661840.82431,2,1680,1050
17,2,11890,1779661840.84513,2,1680,1050
17,2,11891,1779661840.86595,2,1680,1050
17,2,11892,1779661840.88677,2,1680,1050
17,2,11893,1779661840.90759,2,1680,1050
17,2,11894,1779661840.92841,2,1680,1050
17,2,11895,1779661840.94923,2,1680,1050
17,2,11896,1779661840.97005,2,1680,1050
17,2,11897,1779661840.99087,2,1680,1050
17,2,11898,1779661841.01169,2,1680,1050
17,2,11899,1779661841.03251,2,1680,1050
17,2,11900,1779661841.05333,2,1680,1050
17,2,11901,1779661841.07415,2,1680,1050
17,2,11902,1779661841.09497,2,1680,1050
17,2,11903,1779661841.11579,2,1680,1050
17,2,11904,1779661841.13661,2,1680,1050
17,2,11905,1779661841.15743,2,1680,1050
17,2,11906,1779661841.17825,2,1680,1050
17,2,11907,1779661841.19906,2,1680,1050
17,2,11908,1779661841.21988,2,1680,1050
17,2,11909,1779661841.2407,2,1680,1050
17,2,11910,1779661841.26152,2,1680,1050
17,2,11911,1779661841.28234,2,1680,1050
17,2,11912,1779661841.30316,2,1680,1050
17,2,11913,1779661841.32398,2,1680,1050
17,2,11914,1779661841.3448,2,1680,1050
17,2,11915,1779661841.36562,2,1680,1050
17,2,11916,1779661841.38644,2,1680,1050
17,2,11917,1779661841.40726,2,1680,1050
17,2,11918,1779661841.42808,2,1680,1050
17,2,11919,1779661841.4489,2,1680,1050
17,2,11920,1779661841.46972,2,1680,1050
17,2,11921,1779661841.49054,2,1680,1050
17,2,11922,1779661841.51136,2,1680,1050
17,2,11923,1779661841.53217,2,1680,1050
17,2,11924,1779661841.55299,2,1680,1050
17,2,11925,1779661841.57381,2,1680,1050
17,2,11926,1779661841.59463,2,1680,1050
17,2,11927,1779661841.61545,2,1680,1050
17,2,11928,1779661841.63627,2,1680,1050
17,2,11929,1779661841.65709,2,1680,1050
17,2,11930,1779661841.67791,2,1680,1050
17,2,11931,1779661841.69873,2,1680,1050
17,2,11932,1779661841.71955,2,1680,1050
17,2,11933,1779661841.74037,2,1680,1050
17,2,11934,1779661841.76119,2,1680,1050
17,2,11935,1779661841.78201,2,1680,1050
17,2,11936,1779661841.80283,2,1680,1050
17,2,11937,1779661841.82365,2,1680,1050
17,2,11938,1779661841.84447,2,1680,1050
17,2,11939,1779661841.86529,2,1680,1050
17,2,11940,1779661841.88611,2,1680,1050
17,2,11941,1779661841.90692,2,1680,1050
17,2,11942,1779661841.92774,2,1680,1050
17,2,11943,1779661841.94856,2,1680,1050
17,2,11944,1779661841.96938,2,1680,1050
17,2,11945,1779661841.9902,2,1680,1050
17,2,11946,1779661842.01102,2,1680,1050
17,2,11947,1779661842.03184,2,1680,1050
17,2,11948,1779661842.05266,2,1680,1050
17,2,11949,1779661842.07348,2,1680,1050
17,2,11950,1779661842.0943,2,1680,1050
17,2,11951,1779661842.11512,2,1680,1050
17,2,11952,1779661842.13594,2,1680,1050
17,2,11953,1779661842.15676,2,1680,1050
17,2,11954,1779661842.17758,1,1680,1050
17,2,11955,1779661842.1984,1,1680,1050
17,2,11956,1779661842.21922,1,1680,1050
17,2,11957,1779661842.24004,1,1680,1050
17,2,11958,1779661842.26086,1,1680,1050
17,2,11959,1779661842.28167,1,1680,1050
17,2,11960,1779661842.30249,1,1680,1050
17,2,11961,1779661842.32331,1,1680,1050
17,2,11962,1779661842.34413,1,1680,1050
17,2,11963,1779661842.36495,1,1680,1050
17,2,11964,1779661842.38577,1,1680,1050
17,2,11965,1779661842.40659,1,1680,1050
17,2,11966,1779661842.42741,1,1680,1050
17,2,11967,1779661842.44823,1,1680,1050
17,2,11968,1779661842.46905,1,1680,1050
17,2,11969,1779661842.48987,1,1680,1050
17,2,11970,1779661842.51069,1,1680,1050
17,2,11971,1779661842.53151,1,1680,1050
17,2,11972,1779661842.55233,1,1680,1050
17,2,11973,1779661842.57315,1,1680,1050
17,2,11974,1779661842.59397,1,1680,1050
17,2,11975,1779661842.61479,1,1680,1050
17,2,11976,1779661842.6356,1,1680,1050
17,2,11977,1779661842.65642,1,1680,1050
17,2,11978,1779661842.67724,1,1680,1050
17,2,11979,1779661842.69806,1,1680,1050
17,2,11980,1779661842.71888,1,1680,1050
17,2,11981,1779661842.7397,1,1680,1050
17,2,11982,1779661842.76052,1,1680,1050
17,2,11983,1779661842.78134,1,1680,1050
17,2,11984,1779661842.80216,1,1680,1050
17,2,11985,1779661842.82298,1,1680,1050
17,2,11986,1779661842.8438,1,1680,1050
17,2,11987,1779661842.86462,1,1680,1050
17,2,11988,1779661842.88544,1,1680,1050
17,2,11989,1779661842.90626,1,1680,1050
17,2,11990,1779661842.92708,1,1680,1050
17,2,11991,1779661842.9479,1,1680,1050
17,2,11992,1779661842.96872,1,1680,1050
17,2,11993,1779661842.98954,1,1680,1050
17,2,11994,1779661843.01036,1,1680,1050
17,2,11995,1779661843.03118,1,1680,1050
17,2,11996,1779661843.05199,1,1680,1050
17,2,11997,1779661843.07281,1,1680,1050
17,2,11998,1779661843.09363,1,1680,1050
17,2,11999,1779661843.11445,1,1680,1050
17,2,12000,1779661843.13527,1,1680,1050
17,2,12001,1779661843.15609,1,1680,1050
17,2,12002,1779661843.17691,1,1680,1050
17,2,12003,1779661843.19773,1,1680,1050
17,2,12004,1779661843.21855,1,1680,1050
17,2,12005,1779661843.23937,1,1680,1050
17,2,12006,1779661843.26019,1,1680,1050
17,2,12007,1779661843.28101,1,1680,1050
17,2,12008,1779661843.30183,1,1680,1050
17,2,12009,1779661843.32265,1,1680,1050
17,2,12010,1779661843.34347,1,1680,1050
17,2,12011,1779661843.36428,1,1680,1050
17,2,12012,1779661843.3851,1,1680,1050
17,2,12013,1779661843.40592,1,1680,1050
17,2,12014,1779661843.42674,1,1680,1050
17,2,12015,1779661843.44756,1,1680,1050
17,2,12016,1779661843.46838,1,1680,1050
17,2,12017,1779661843.4892,1,1680,1050
17,2,12018,1779661843.51002,1,1680,1050
17,2,12019,1779661843.53084,1,1680,1050
17,2,12020,1779661843.55166,1,1680,1050
17,2,12021,1779661843.57248,1,1680,1050
17,2,12022,1779661843.5933,1,1680,1050
17,2,12023,1779661843.61412,1,1680,1050
17,2,12024,1779661843.63494,1,1680,1050
17,2,12025,1779661843.65576,1,1680,1050
17,2,12026,1779661843.67658,1,1680,1050
17,2,12027,1779661843.6974,1,1680,1050
17,2,12028,1779661843.71822,1,1680,1050
17,2,12029,1779661843.73904,1,1680,1050
17,2,12030,1779661843.75986,1,1680,1050
17,2,12031,1779661843.78067,1,1680,1050
17,2,12032,1779661843.80149,1,1680,1050
17,2,12033,1779661843.82231,1,1680,1050
17,2,12034,1779661843.84313,1,1680,1050
17,2,12035,1779661843.86395,1,1680,1050
17,2,12036,1779661843.88477,1,1680,1050
17,2,12037,1779661843.90559,1,1680,1050
17,2,12038,1779661843.92641,1,1680,1050
17,2,12039,1779661843.94723,1,1680,1050
17,2,12040,1779661843.96805,1,1680,1050
17,2,12041,1779661843.98887,1,1680,1050
17,2,12042,1779661844.00969,1,1680,1050
17,2,12043,1779661844.03051,1,1680,1050
17,2,12044,1779661844.05133,1,1680,1050
17,2,12045,1779661844.07215,1,1680,1050
17,2,12046,1779661844.09297,1,1680,1050
17,2,12047,1779661844.11378,1,1680,1050
17,2,12048,1779661844.1346,1,1680,1050
17,2,12049,1779661844.15542,1,1680,1050
17,2,12050,1779661844.17624,1,1680,1050
17,2,12051,1779661844.19706,1,1680,1050
17,2,12052,1779661844.21788,1,1680,1050
17,2,12053,1779661844.2387,1,1680,1050
17,2,12054,1779661844.25952,1,1680,1050
17,2,12055,1779661844.28034,1,1680,1050
17,2,12056,1779661844.30116,1,1680,1050
17,2,12057,1779661844.32198,1,1680,1050
17,2,12058,1779661844.3428,1,1680,1050
17,2,12059,1779661844.36362,1,1680,1050
17,2,12060,1779661844.38444,1,1680,1050
17,2,12061,1779661844.40526,1,1680,1050
17,2,12062,1779661844.42608,1,1680,1050
17,2,12063,1779661844.4469,1,1680,1050
17,2,12064,1779661844.46771,1,1680,1050
17,2,12065,1779661844.48853,1,1680,1050
17,2,12066,1779661844.50935,1,1680,1050
17,2,12067,1779661844.53017,1,1680,1050
17,2,12068,1779661844.55099,1,1680,1050
17,2,12069,1779661844.57181,1,1680,1050
17,2,12070,1779661844.59263,1,1680,1050
17,2,12071,1779661844.61345,1,1680,1050
17,2,12072,1779661844.63427,1,1680,1050
17,2,12073,1779661844.65509,1,1680,1050
17,2,12074,1779661844.67591,1,1680,1050
17,2,12075,1779661844.69673,1,1680,1050
17,2,12076,1779661844.71755,1,1680,1050
17,2,12077,1779661844.73837,1,1680,1050
17,2,12078,1779661844.75919,1,1680,1050
17,2,12079,1779661844.78001,1,1680,1050
17,2,12080,1779661844.80083,1,1680,1050
17,2,12081,1779661844.82165,1,1680,1050
17,2,12082,1779661844.84246,1,1680,1050
17,2,12083,1779661844.86329,1,1680,1050
17,2,12084,1779661844.8841,1,1680,1050
17,2,12085,1779661844.90492,1,1680,1050
17,2,12086,1779661844.92574,1,1680,1050
17,2,12087,1779661844.94656,1,1680,1050
17,2,12088,1779661844.96738,1,1680,1050
17,2,12089,1779661844.9882,1,1680,1050
17,2,12090,1779661845.00902,1,1680,1050
17,2,12091,1779661845.02984,1,1680,1050
17,2,12092,1779661845.05066,1,1680,1050
17,2,12093,1779661845.07148,1,1680,1050
17,2,12094,1779661845.0923,1,1680,1050
17,2,12095,1779661845.11312,1,1680,1050
17,2,12096,1779661845.13394,1,1680,1050
17,2,12097,1779661845.15476,1,1680,1050
17,2,12098,1779661845.17558,1,1680,1050
17,2,12099,1779661845.19639,1,1680,1050
17,2,12100,1779661845.21721,1,1680,1050
17,2,12101,1779661845.23803,1,1680,1050
17,2,12102,1779661845.25885,1,1680,1050
17,2,12103,1779661845.27967,1,1680,1050
17,2,12104,1779661845.30049,1,1680,1050
17,2,12105,1779661845.32131,1,1680,1050
17,2,12106,1779661845.34213,1,1680,1050
17,2,12107,1779661845.36295,1,1680,1050
17,2,12108,1779661845.38377,1,1680,1050
17,2,12109,1779661845.40459,1,1680,1050
17,2,12110,1779661845.42541,1,1680,1050
17,2,12111,1779661845.44623,1,1680,1050
17,2,12112,1779661845.46705,1,1680,1050
17,2,12113,1779661845.48787,1,1680,1050
17,2,12114,1779661845.50869,1,1680,1050
17,2,12115,1779661845.52951,1,1680,1050
17,2,12116,1779661845.55033,1,1680,1050
17,2,12117,1779661845.57114,1,1680,1050
17,2,12118,1779661845.59196,1,1680,1050
17,2,12119,1779661845.61278,1,1680,1050
17,2,12120,1779661845.6336,1,1680,1050
17,2,12121,1779661845.65442,1,1680,1050
17,2,12122,1779661845.67524,1,1680,1050
17,2,12123,1779661845.69606,1,1680,1050
17,2,12124,1779661845.71688,1,1680,1050
17,2,12125,1779661845.7377,1,1680,1050
17,2,12126,1779661845.75852,1,1680,1050
17,2,12127,1779661845.77934,1,1680,1050
17,2,12128,1779661845.80016,1,1680,1050
17,2,12129,1779661845.82098,1,1680,1050
17,2,12130,1779661845.8418,1,1680,1050
17,2,12131,1779661845.86262,1,1680,1050
17,2,12132,1779661845.88344,1,1680,1050
17,2,12133,1779661845.90426,1,1680,1050
17,2,12134,1779661845.92507,1,1680,1050
17,2,12135,1779661845.9459,1,1680,1050
17,2,12136,1779661845.96671,1,1680,1050
17,2,12137,1779661845.98753,1,1680,1050
17,2,12138,1779661846.00835,1,1680,1050
17,2,12139,1779661846.02917,1,1680,1050
17,2,12140,1779661846.04999,1,1680,1050
17,2,12141,1779661846.07081,1,1680,1050
17,2,12142,1779661846.09163,1,1680,1050
17,2,12143,1779661846.11245,1,1680,1050
17,2,12144,1779661846.13327,1,1680,1050
17,2,12145,1779661846.15409,1,1680,1050
17,2,12146,1779661846.17491,2,1680,1050
17,2,12147,1779661846.19573,2,1680,1050
17,2,12148,1779661846.21655,2,1680,1050
17,2,12149,1779661846.23737,2,1680,1050
17,2,12150,1779661846.25819,2,1680,1050
17,2,12151,1779661846.27901,2,1680,1050
17,2,12152,1779661846.29982,2,1680,1050
17,2,12153,1779661846.32064,2,1680,1050
17,2,12154,1779661846.34146,2,1680,1050
17,2,12155,1779661846.36228,2,1680,1050
17,2,12156,1779661846.3831,2,1680,1050
17,2,12157,1779661846.40392,2,1680,1050
17,2,12158,1779661846.42474,2,1680,1050
17,2,12159,1779661846.44556,2,1680,1050
17,2,12160,1779661846.46638,2,1680,1050
17,2,12161,1779661846.4872,2,1680,1050
17,2,12162,1779661846.50802,2,1680,1050
17,2,12163,1779661846.52884,2,1680,1050
17,2,12164,1779661846.54966,2,1680,1050
17,2,12165,1779661846.57048,2,1680,1050
17,2,12166,1779661846.5913,2,1680,1050
17,2,12167,1779661846.61212,2,1680,1050
17,2,12168,1779661846.63294,2,1680,1050
17,2,12169,1779661846.65375,2,1680,1050
17,2,12170,1779661846.67457,2,1680,1050
17,2,12171,1779661846.69539,2,1680,1050
17,2,12172,1779661846.71621,2,1680,1050
17,2,12173,1779661846.73703,2,1680,1050
17,2,12174,1779661846.75785,2,1680,1050
17,2,12175,1779661846.77867,2,1680,1050
17,2,12176,1779661846.79949,2,1680,1050
17,2,12177,1779661846.82031,2,1680,1050
17,2,12178,1779661846.84113,2,1680,1050
17,2,12179,1779661846.86195,2,1680,1050
17,2,12180,1779661846.88277,2,1680,1050
17,2,12181,1779661846.90359,2,1680,1050
17,2,12182,1779661846.92441,2,1680,1050
17,2,12183,1779661846.94523,2,1680,1050
17,2,12184,1779661846.96605,2,1680,1050
17,2,12185,1779661846.98687,2,1680,1050
17,2,12186,1779661847.00769,2,1680,1050
17,2,12187,1779661847.0285,2,1680,1050
17,2,12188,1779661847.04932,2,1680,1050
17,2,12189,1779661847.07014,2,1680,1050
17,2,12190,1779661847.09096,2,1680,1050
17,2,12191,1779661847.11178,2,1680,1050
17,2,12192,1779661847.1326,2,1680,1050
17,2,12193,1779661847.15342,2,1680,1050
17,2,12194,1779661847.17424,2,1680,1050
17,2,12195,1779661847.19506,2,1680,1050
17,2,12196,1779661847.21588,2,1680,1050
17,2,12197,1779661847.2367,2,1680,1050
17,2,12198,1779661847.25752,2,1680,1050
17,2,12199,1779661847.27834,2,1680,1050
17,2,12200,1779661847.29916,2,1680,1050
17,2,12201,1779661847.31998,2,1680,1050
17,2,12202,1779661847.3408,2,1680,1050
17,2,12203,1779661847.36161,2,1680,1050
17,2,12204,1779661847.38244,2,1680,1050
17,2,12205,1779661847.40325,2,1680,1050
17,2,12206,1779661847.42407,2,1680,1050
17,2,12207,1779661847.44489,2,1680,1050
17,2,12208,1779661847.46571,2,1680,1050
17,2,12209,1779661847.48653,2,1680,1050
17,2,12210,1779661847.50735,2,1680,1050
17,2,12211,1779661847.52817,2,1680,1050
17,2,12212,1779661847.54899,2,1680,1050
17,2,12213,1779661847.56981,2,1680,1050
17,2,12214,1779661847.59063,2,1680,1050
17,2,12215,1779661847.61145,2,1680,1050
17,2,12216,1779661847.63227,2,1680,1050
17,2,12217,1779661847.65309,2,1680,1050
17,2,12218,1779661847.67391,2,1680,1050
17,2,12219,1779661847.69473,2,1680,1050
17,2,12220,1779661847.71555,2,1680,1050
17,2,12221,1779661847.73637,2,1680,1050
17,2,12222,1779661847.75719,2,1680,1050
17,2,12223,1779661847.77801,2,1680,1050
17,2,12224,1779661847.79882,2,1680,1050
17,2,12225,1779661847.81964,2,1680,1050
17,2,12226,1779661847.84046,2,1680,1050
17,2,12227,1779661847.86128,2,1680,1050
17,2,12228,1779661847.8821,2,1680,1050
17,2,12229,1779661847.90292,2,1680,1050
17,2,12230,1779661847.92374,2,1680,1050
17,2,12231,1779661847.94456,2,1680,1050
17,2,12232,1779661847.96538,2,1680,1050
17,2,12233,1779661847.9862,2,1680,1050
17,2,12234,1779661848.00702,2,1680,1050
17,2,12235,1779661848.02784,2,1680,1050
17,2,12236,1779661848.04866,2,1680,1050
17,2,12237,1779661848.06948,2,1680,1050
17,2,12238,1779661848.0903,2,1680,1050
17,2,12239,1779661848.11112,2,1680,1050
17,2,12240,1779661848.13193,2,1680,1050
17,2,12241,1779661848.15275,2,1680,1050
17,2,12242,1779661848.17357,1,1680,1050
17,2,12243,1779661848.19439,1,1680,1050
17,2,12244,1779661848.21521,1,1680,1050
17,2,12245,1779661848.23603,1,1680,1050
17,2,12246,1779661848.25685,1,1680,1050
17,2,12247,1779661848.27767,1,1680,1050
17,2,12248,1779661848.29849,1,1680,1050
17,2,12249,1779661848.31931,1,1680,1050
17,2,12250,1779661848.34013,1,1680,1050
17,2,12251,1779661848.36095,1,1680,1050
17,2,12252,1779661848.38177,1,1680,1050
17,2,12253,1779661848.40259,1,1680,1050
17,2,12254,1779661848.42341,1,1680,1050
17,2,12255,1779661848.44423,1,1680,1050
17,2,12256,1779661848.46505,1,1680,1050
17,2,12257,1779661848.48587,1,1680,1050
17,2,12258,1779661848.50668,1,1680,1050
17,2,12259,1779661848.5275,1,1680,1050
17,2,12260,1779661848.54832,1,1680,1050
17,2,12261,1779661848.56914,1,1680,1050
17,2,12262,1779661848.58996,1,1680,1050
17,2,12263,1779661848.61078,1,1680,1050
17,2,12264,1779661848.6316,1,1680,1050
17,2,12265,1779661848.65242,1,1680,1050
17,2,12266,1779661848.67324,1,1680,1050
17,2,12267,1779661848.69406,1,1680,1050
17,2,12268,1779661848.71488,1,1680,1050
17,2,12269,1779661848.7357,1,1680,1050
17,2,12270,1779661848.75652,1,1680,1050
17,2,12271,1779661848.77734,1,1680,1050
17,2,12272,1779661848.79816,1,1680,1050
17,2,12273,1779661848.81898,1,1680,1050
17,2,12274,1779661848.8398,1,1680,1050
17,2,12275,1779661848.86062,1,1680,1050
17,2,12276,1779661848.88144,1,1680,1050
17,2,12277,1779661848.90225,1,1680,1050
17,2,12278,1779661848.92307,1,1680,1050
17,2,12279,1779661848.94389,1,1680,1050
17,2,12280,1779661848.96471,1,1680,1050
17,2,12281,1779661848.98553,1,1680,1050
17,2,12282,1779661849.00635,1,1680,1050
17,2,12283,1779661849.02717,1,1680,1050
17,2,12284,1779661849.04799,1,1680,1050
17,2,12285,1779661849.06881,1,1680,1050
17,2,12286,1779661849.08963,1,1680,1050
17,2,12287,1779661849.11045,1,1680,1050
17,2,12288,1779661849.13127,1,1680,1050
17,2,12289,1779661849.15209,1,1680,1050
17,2,12290,1779661849.17291,1,1680,1050
17,2,12291,1779661849.19373,1,1680,1050
17,2,12292,1779661849.21454,1,1680,1050
17,2,12293,1779661849.23536,1,1680,1050
17,2,12294,1779661849.25618,1,1680,1050
17,2,12295,1779661849.277,1,1680,1050
17,2,12296,1779661849.29782,1,1680,1050
17,2,12297,1779661849.31864,1,1680,1050
17,2,12298,1779661849.33946,1,1680,1050
17,2,12299,1779661849.36028,1,1680,1050
17,2,12300,1779661849.3811,1,1680,1050
17,2,12301,1779661849.40192,1,1680,1050
17,2,12302,1779661849.42274,1,1680,1050
17,2,12303,1779661849.44356,1,1680,1050
17,2,12304,1779661849.46438,1,1680,1050
17,2,12305,1779661849.4852,1,1680,1050
17,2,12306,1779661849.50602,1,1680,1050
17,2,12307,1779661849.52684,1,1680,1050
17,2,12308,1779661849.54766,1,1680,1050
17,2,12309,1779661849.56848,1,1680,1050
17,2,12310,1779661849.58929,1,1680,1050
17,2,12311,1779661849.61011,1,1680,1050
17,2,12312,1779661849.63093,1,1680,1050
17,2,12313,1779661849.65175,1,1680,1050
17,2,12314,1779661849.67257,1,1680,1050
17,2,12315,1779661849.69339,1,1680,1050
17,2,12316,1779661849.71421,1,1680,1050
17,2,12317,1779661849.73503,1,1680,1050
17,2,12318,1779661849.75585,1,1680,1050
17,2,12319,1779661849.77667,1,1680,1050
17,2,12320,1779661849.79749,1,1680,1050
17,2,12321,1779661849.81831,1,1680,1050
17,2,12322,1779661849.83913,1,1680,1050
17,2,12323,1779661849.85995,1,1680,1050
17,2,12324,1779661849.88077,1,1680,1050
17,2,12325,1779661849.90159,1,1680,1050
17,2,12326,1779661849.92241,1,1680,1050
17,2,12327,1779661849.94323,1,1680,1050
17,2,12328,1779661849.96405,1,1680,1050
17,2,12329,1779661849.98486,1,1680,1050
17,2,12330,1779661850.00568,1,1680,1050
17,2,12331,1779661850.0265,1,1680,1050
17,2,12332,1779661850.04732,1,1680,1050
17,2,12333,1779661850.06814,1,1680,1050
17,2,12334,1779661850.08896,1,1680,1050
17,2,12335,1779661850.10978,1,1680,1050
17,2,12336,1779661850.1306,1,1680,1050
17,2,12337,1779661850.15142,1,1680,1050
17,2,12338,1779661850.17224,1,1680,1050
17,2,12339,1779661850.19306,1,1680,1050
17,2,12340,1779661850.21388,1,1680,1050
17,2,12341,1779661850.2347,1,1680,1050
17,2,12342,1779661850.25552,1,1680,1050
17,2,12343,1779661850.27634,1,1680,1050
17,2,12344,1779661850.29716,1,1680,1050
17,2,12345,1779661850.31797,1,1680,1050
17,2,12346,1779661850.33879,1,1680,1050
17,2,12347,1779661850.35961,1,1680,1050
17,2,12348,1779661850.38043,1,1680,1050
17,2,12349,1779661850.40125,1,1680,1050
17,2,12350,1779661850.42207,1,1680,1050
17,2,12351,1779661850.44289,1,1680,1050
17,2,12352,1779661850.46371,1,1680,1050
17,2,12353,1779661850.48453,1,1680,1050
17,2,12354,1779661850.50535,1,1680,1050
17,2,12355,1779661850.52617,1,1680,1050
17,2,12356,1779661850.54699,1,1680,1050
17,2,12357,1779661850.56781,1,1680,1050
17,2,12358,1779661850.58863,1,1680,1050
17,2,12359,1779661850.60945,1,1680,1050
17,2,12360,1779661850.63027,1,1680,1050
17,2,12361,1779661850.65109,1,1680,1050
17,2,12362,1779661850.67191,1,1680,1050
17,2,12363,1779661850.69272,1,1680,1050
17,2,12364,1779661850.71354,1,1680,1050
17,2,12365,1779661850.73436,1,1680,1050
17,2,12366,1779661850.75518,1,1680,1050
17,2,12367,1779661850.776,1,1680,1050
17,2,12368,1779661850.79682,1,1680,1050
17,2,12369,1779661850.81764,1,1680,1050
17,2,12370,1779661850.83846,1,1680,1050
17,2,12371,1779661850.85928,1,1680,1050
17,2,12372,1779661850.8801,1,1680,1050
17,2,12373,1779661850.90092,1,1680,1050
17,2,12374,1779661850.92174,1,1680,1050
17,2,12375,1779661850.94256,1,1680,1050
17,2,12376,1779661850.96338,1,1680,1050
17,2,12377,1779661850.9842,1,1680,1050
17,2,12378,1779661851.00502,1,1680,1050
17,2,12379,1779661851.02584,1,1680,1050
17,2,12380,1779661851.04665,1,1680,1050
17,2,12381,1779661851.06748,1,1680,1050
17,2,12382,1779661851.08829,1,1680,1050
17,2,12383,1779661851.10911,1,1680,1050
17,2,12384,1779661851.12993,1,1680,1050
17,2,12385,1779661851.15075,1,1680,1050
17,2,12386,1779661851.17157,1,1680,1050
17,2,12387,1779661851.19239,1,1680,1050
17,2,12388,1779661851.21321,1,1680,1050
17,2,12389,1779661851.23403,1,1680,1050
17,2,12390,1779661851.25485,1,1680,1050
17,2,12391,1779661851.27567,1,1680,1050
17,2,12392,1779661851.29649,1,1680,1050
17,2,12393,1779661851.31731,1,1680,1050
17,2,12394,1779661851.33813,1,1680,1050
17,2,12395,1779661851.35895,1,1680,1050
17,2,12396,1779661851.37977,1,1680,1050
17,2,12397,1779661851.40059,1,1680,1050
17,2,12398,1779661851.42141,1,1680,1050
17,2,12399,1779661851.44223,1,1680,1050
17,2,12400,1779661851.46304,1,1680,1050
17,2,12401,1779661851.48386,1,1680,1050
17,2,12402,1779661851.50468,1,1680,1050
17,2,12403,1779661851.5255,1,1680,1050
17,2,12404,1779661851.54632,1,1680,1050
17,2,12405,1779661851.56714,1,1680,1050
17,2,12406,1779661851.58796,1,1680,1050
17,2,12407,1779661851.60878,1,1680,1050
17,2,12408,1779661851.6296,1,1680,1050
17,2,12409,1779661851.65042,1,1680,1050
17,2,12410,1779661851.67124,1,1680,1050
17,2,12411,1779661851.69206,1,1680,1050
17,2,12412,1779661851.71288,1,1680,1050
17,2,12413,1779661851.7337,1,1680,1050
17,2,12414,1779661851.75452,1,1680,1050
17,2,12415,1779661851.77534,1,1680,1050
17,2,12416,1779661851.79616,1,1680,1050
17,2,12417,1779661851.81697,1,1680,1050
17,2,12418,1779661851.83779,1,1680,1050
17,2,12419,1779661851.85861,1,1680,1050
17,2,12420,1779661851.87943,1,1680,1050
17,2,12421,1779661851.90025,1,1680,1050
17,2,12422,1779661851.92107,1,1680,1050
17,2,12423,1779661851.94189,1,1680,1050
17,2,12424,1779661851.96271,1,1680,1050
17,2,12425,1779661851.98353,1,1680,1050
17,2,12426,1779661852.00435,1,1680,1050
17,2,12427,1779661852.02517,1,1680,1050
17,2,12428,1779661852.04599,1,1680,1050
17,2,12429,1779661852.06681,1,1680,1050
17,2,12430,1779661852.08763,1,1680,1050
17,2,12431,1779661852.10845,1,1680,1050
17,2,12432,1779661852.12927,1,1680,1050
17,2,12433,1779661852.15008,1,1680,1050
17,2,12434,1779661852.17091,2,1680,1050
17,2,12435,1779661852.19172,2,1680,1050
17,2,12436,1779661852.21254,2,1680,1050
17,2,12437,1779661852.23336,2,1680,1050
17,2,12438,1779661852.25418,2,1680,1050
17,2,12439,1779661852.275,2,1680,1050
17,2,12440,1779661852.29582,2,1680,1050
17,2,12441,1779661852.31664,2,1680,1050
17,2,12442,1779661852.33746,2,1680,1050
17,2,12443,1779661852.35828,2,1680,1050
17,2,12444,1779661852.3791,2,1680,1050
17,2,12445,1779661852.39992,2,1680,1050
17,2,12446,1779661852.42074,2,1680,1050
17,2,12447,1779661852.44156,2,1680,1050
17,2,12448,1779661852.46238,2,1680,1050
17,2,12449,1779661852.4832,2,1680,1050
17,2,12450,1779661852.50402,2,1680,1050
17,2,12451,1779661852.52483,2,1680,1050
17,2,12452,1779661852.54565,2,1680,1050
17,2,12453,1779661852.56647,2,1680,1050
17,2,12454,1779661852.58729,2,1680,1050
17,2,12455,1779661852.60811,2,1680,1050
17,2,12456,1779661852.62893,2,1680,1050
17,2,12457,1779661852.64975,2,1680,1050
17,2,12458,1779661852.67057,2,1680,1050
17,2,12459,1779661852.69139,2,1680,1050
17,2,12460,1779661852.71221,2,1680,1050
17,2,12461,1779661852.73303,2,1680,1050
17,2,12462,1779661852.75385,2,1680,1050
17,2,12463,1779661852.77467,2,1680,1050
17,2,12464,1779661852.79549,2,1680,1050
17,2,12465,1779661852.81631,2,1680,1050
17,2,12466,1779661852.83713,2,1680,1050
17,2,12467,1779661852.85795,2,1680,1050
17,2,12468,1779661852.87877,2,1680,1050
17,2,12469,1779661852.89959,2,1680,1050
17,2,12470,1779661852.9204,2,1680,1050
17,2,12471,1779661852.94122,2,1680,1050
17,2,12472,1779661852.96204,2,1680,1050
17,2,12473,1779661852.98286,2,1680,1050
17,2,12474,1779661853.00368,2,1680,1050
17,2,12475,1779661853.0245,2,1680,1050
17,2,12476,1779661853.04532,2,1680,1050
17,2,12477,1779661853.06614,2,1680,1050
17,2,12478,1779661853.08696,2,1680,1050
17,2,12479,1779661853.10778,2,1680,1050
17,2,12480,1779661853.1286,2,1680,1050
17,2,12481,1779661853.14942,2,1680,1050
17,2,12482,1779661853.17024,2,1680,1050
17,2,12483,1779661853.19106,2,1680,1050
17,2,12484,1779661853.21188,2,1680,1050
17,2,12485,1779661853.23269,2,1680,1050
17,2,12486,1779661853.25352,2,1680,1050
17,2,12487,1779661853.27433,2,1680,1050
17,2,12488,1779661853.29515,2,1680,1050
17,2,12489,1779661853.31597,2,1680,1050
17,2,12490,1779661853.33679,2,1680,1050
17,2,12491,1779661853.35761,2,1680,1050
17,2,12492,1779661853.37843,2,1680,1050
17,2,12493,1779661853.39925,2,1680,1050
17,2,12494,1779661853.42007,2,1680,1050
17,2,12495,1779661853.44089,2,1680,1050
17,2,12496,1779661853.46171,2,1680,1050
17,2,12497,1779661853.48253,2,1680,1050
17,2,12498,1779661853.50335,2,1680,1050
17,2,12499,1779661853.52417,2,1680,1050
17,2,12500,1779661853.54499,2,1680,1050
17,2,12501,1779661853.56581,2,1680,1050
17,2,12502,1779661853.58663,2,1680,1050
17,2,12503,1779661853.60745,2,1680,1050
17,2,12504,1779661853.62827,2,1680,1050
17,2,12505,1779661853.64908,2,1680,1050
17,2,12506,1779661853.6699,2,1680,1050
17,2,12507,1779661853.69072,2,1680,1050
17,2,12508,1779661853.71154,2,1680,1050
17,2,12509,1779661853.73236,2,1680,1050
17,2,12510,1779661853.75318,2,1680,1050
17,2,12511,1779661853.774,2,1680,1050
17,2,12512,1779661853.79482,2,1680,1050
17,2,12513,1779661853.81564,2,1680,1050
17,2,12514,1779661853.83646,2,1680,1050
17,2,12515,1779661853.85728,2,1680,1050
17,2,12516,1779661853.8781,2,1680,1050
17,2,12517,1779661853.89892,2,1680,1050
17,2,12518,1779661853.91974,2,1680,1050
17,2,12519,1779661853.94056,2,1680,1050
17,2,12520,1779661853.96138,2,1680,1050
17,2,12521,1779661853.98219,2,1680,1050
17,2,12522,1779661854.00301,2,1680,1050
17,2,12523,1779661854.02383,2,1680,1050
17,2,12524,1779661854.04465,2,1680,1050
17,2,12525,1779661854.06547,2,1680,1050
17,2,12526,1779661854.08629,2,1680,1050
17,2,12527,1779661854.10711,2,1680,1050
17,2,12528,1779661854.12793,2,1680,1050
17,2,12529,1779661854.14875,2,1680,1050
17,2,12530,1779661854.16957,2,1680,1050
17,2,12531,1779661854.19039,2,1680,1050
17,2,12532,1779661854.21121,2,1680,1050
17,2,12533,1779661854.23203,2,1680,1050
17,2,12534,1779661854.25285,2,1680,1050
17,2,12535,1779661854.27367,2,1680,1050
17,2,12536,1779661854.29449,2,1680,1050
17,2,12537,1779661854.31531,2,1680,1050
17,2,12538,1779661854.33613,2,1680,1050
17,2,12539,1779661854.35694,2,1680,1050
17,2,12540,1779661854.37776,2,1680,1050
17,2,12541,1779661854.39858,2,1680,1050
17,2,12542,1779661854.4194,2,1680,1050
17,2,12543,1779661854.44022,2,1680,1050
17,2,12544,1779661854.46104,2,1680,1050
17,2,12545,1779661854.48186,2,1680,1050
17,2,12546,1779661854.50268,2,1680,1050
17,2,12547,1779661854.5235,2,1680,1050
17,2,12548,1779661854.54432,2,1680,1050
17,2,12549,1779661854.56514,2,1680,1050
17,2,12550,1779661854.58596,2,1680,1050
17,2,12551,1779661854.60678,2,1680,1050
17,2,12552,1779661854.6276,2,1680,1050
17,2,12553,1779661854.64842,2,1680,1050
17,2,12554,1779661854.66924,2,1680,1050
17,2,12555,1779661854.69006,2,1680,1050
17,2,12556,1779661854.71088,2,1680,1050
17,2,12557,1779661854.73169,2,1680,1050
17,2,12558,1779661854.75251,2,1680,1050
17,2,12559,1779661854.77333,2,1680,1050
17,2,12560,1779661854.79415,2,1680,1050
17,2,12561,1779661854.81497,2,1680,1050
17,2,12562,1779661854.83579,2,1680,1050
17,2,12563,1779661854.85661,2,1680,1050
17,2,12564,1779661854.87743,2,1680,1050
17,2,12565,1779661854.89825,2,1680,1050
17,2,12566,1779661854.91907,2,1680,1050
17,2,12567,1779661854.93989,2,1680,1050
17,2,12568,1779661854.96071,2,1680,1050
17,2,12569,1779661854.98153,2,1680,1050
17,2,12570,1779661855.00235,2,1680,1050
17,2,12571,1779661855.02317,2,1680,1050
17,2,12572,1779661855.04399,2,1680,1050
17,2,12573,1779661855.06481,2,1680,1050
17,2,12574,1779661855.08563,2,1680,1050
17,2,12575,1779661855.10644,2,1680,1050
17,2,12576,1779661855.12726,2,1680,1050
17,2,12577,1779661855.14808,2,1680,1050
17,2,12578,1779661855.1689,2,1680,1050
17,2,12579,1779661855.18972,2,1680,1050
17,2,12580,1779661855.21054,2,1680,1050
17,2,12581,1779661855.23136,2,1680,1050
17,2,12582,1779661855.25218,2,1680,1050
17,2,12583,1779661855.273,2,1680,1050
17,2,12584,1779661855.29382,2,1680,1050
17,2,12585,1779661855.31464,2,1680,1050
17,2,12586,1779661855.33546,2,1680,1050
17,2,12587,1779661855.35628,2,1680,1050
17,2,12588,1779661855.3771,2,1680,1050
17,2,12589,1779661855.39792,2,1680,1050
17,2,12590,1779661855.41874,2,1680,1050
17,2,12591,1779661855.43955,2,1680,1050
17,2,12592,1779661855.46038,2,1680,1050
17,2,12593,1779661855.48119,2,1680,1050
17,2,12594,1779661855.50201,2,1680,1050
17,2,12595,1779661855.52283,2,1680,1050
17,2,12596,1779661855.54365,2,1680,1050
17,2,12597,1779661855.56447,2,1680,1050
17,2,12598,1779661855.58529,2,1680,1050
17,2,12599,1779661855.60611,2,1680,1050
17,2,12600,1779661855.62693,2,1680,1050
17,2,12601,1779661855.64775,2,1680,1050
17,2,12602,1779661855.66857,2,1680,1050
17,2,12603,1779661855.68939,2,1680,1050
17,2,12604,1779661855.71021,2,1680,1050
17,2,12605,1779661855.73103,2,1680,1050
17,2,12606,1779661855.75185,2,1680,1050
17,2,12607,1779661855.77267,2,1680,1050
17,2,12608,1779661855.79349,2,1680,1050
17,2,12609,1779661855.81431,2,1680,1050
17,2,12610,1779661855.83512,2,1680,1050
17,2,12611,1779661855.85594,2,1680,1050
17,2,12612,1779661855.87676,2,1680,1050
17,2,12613,1779661855.89758,2,1680,1050
17,2,12614,1779661855.9184,2,1680,1050
17,2,12615,1779661855.93922,2,1680,1050
17,2,12616,1779661855.96004,2,1680,1050
17,2,12617,1779661855.98086,2,1680,1050
17,2,12618,1779661856.00168,2,1680,1050
17,2,12619,1779661856.0225,2,1680,1050
17,2,12620,1779661856.04332,2,1680,1050
17,2,12621,1779661856.06414,2,1680,1050
17,2,12622,1779661856.08496,2,1680,1050
17,2,12623,1779661856.10578,2,1680,1050
17,2,12624,1779661856.1266,2,1680,1050
17,2,12625,1779661856.14742,2,1680,1050
17,2,12626,1779661856.16823,2,1680,1050
17,2,12627,1779661856.18905,2,1680,1050
17,2,12628,1779661856.20987,2,1680,1050
17,2,12629,1779661856.23069,2,1680,1050
17,2,12630,1779661856.25151,2,1680,1050
17,2,12631,1779661856.27233,2,1680,1050
17,2,12632,1779661856.29315,2,1680,1050
17,2,12633,1779661856.31397,2,1680,1050
17,2,12634,1779661856.33479,2,1680,1050
17,2,12635,1779661856.35561,2,1680,1050
17,2,12636,1779661856.37643,2,1680,1050
17,2,12637,1779661856.39725,2,1680,1050
17,2,12638,1779661856.41807,2,1680,1050
17,2,12639,1779661856.43889,2,1680,1050
17,2,12640,1779661856.45971,2,1680,1050
17,2,12641,1779661856.48053,2,1680,1050
17,2,12642,1779661856.50135,2,1680,1050
17,2,12643,1779661856.52216,2,1680,1050
17,2,12644,1779661856.54299,2,1680,1050
17,2,12645,1779661856.5638,2,1680,1050
17,2,12646,1779661856.58462,2,1680,1050
17,2,12647,1779661856.60544,2,1680,1050
17,2,12648,1779661856.62626,2,1680,1050
17,2,12649,1779661856.64708,2,1680,1050
17,2,12650,1779661856.6679,2,1680,1050
17,2,12651,1779661856.68872,2,1680,1050
17,2,12652,1779661856.70954,2,1680,1050
17,2,12653,1779661856.73036,2,1680,1050
17,2,12654,1779661856.75118,2,1680,1050
17,2,12655,1779661856.772,2,1680,1050
17,2,12656,1779661856.79282,2,1680,1050
17,2,12657,1779661856.81364,2,1680,1050
17,2,12658,1779661856.83446,2,1680,1050
17,2,12659,1779661856.85528,2,1680,1050
17,2,12660,1779661856.8761,2,1680,1050
17,2,12661,1779661856.89692,2,1680,1050
17,2,12662,1779661856.91773,2,1680,1050
17,2,12663,1779661856.93855,2,1680,1050
17,2,12664,1779661856.95937,2,1680,1050
17,2,12665,1779661856.98019,2,1680,1050
17,2,12666,1779661857.00101,2,1680,1050
17,2,12667,1779661857.02183,2,1680,1050
17,2,12668,1779661857.04265,2,1680,1050
17,2,12669,1779661857.06347,2,1680,1050
17,2,12670,1779661857.08429,2,1680,1050
17,2,12671,1779661857.10511,2,1680,1050
17,2,12672,1779661857.12593,2,1680,1050
17,2,12673,1779661857.14675,2,1680,1050
17,2,12674,1779661857.16757,2,1680,1050
17,2,12675,1779661857.18839,2,1680,1050
17,2,12676,1779661857.20921,2,1680,1050
17,2,12677,1779661857.23003,2,1680,1050
17,2,12678,1779661857.25085,2,1680,1050
17,2,12679,1779661857.27166,2,1680,1050
17,2,12680,1779661857.29248,2,1680,1050
17,2,12681,1779661857.3133,2,1680,1050
17,2,12682,1779661857.33412,2,1680,1050
17,2,12683,1779661857.35494,2,1680,1050
17,2,12684,1779661857.37576,2,1680,1050
17,2,12685,1779661857.39658,2,1680,1050
17,2,12686,1779661857.4174,2,1680,1050
17,2,12687,1779661857.43822,2,1680,1050
17,2,12688,1779661857.45904,2,1680,1050
17,2,12689,1779661857.47986,2,1680,1050
17,2,12690,1779661857.50068,2,1680,1050
17,2,12691,1779661857.5215,2,1680,1050
17,2,12692,1779661857.54232,2,1680,1050
17,2,12693,1779661857.56314,2,1680,1050
17,2,12694,1779661857.58396,2,1680,1050
17,2,12695,1779661857.60478,2,1680,1050
17,2,12696,1779661857.62559,2,1680,1050
17,2,12697,1779661857.64641,2,1680,1050
17,2,12698,1779661857.66723,2,1680,1050
17,2,12699,1779661857.68805,2,1680,1050
17,2,12700,1779661857.70887,2,1680,1050
17,2,12701,1779661857.72969,2,1680,1050
17,2,12702,1779661857.75051,2,1680,1050
17,2,12703,1779661857.77133,2,1680,1050
17,2,12704,1779661857.79215,2,1680,1050
17,2,12705,1779661857.81297,2,1680,1050
17,2,12706,1779661857.83379,2,1680,1050
17,2,12707,1779661857.85461,2,1680,1050
17,2,12708,1779661857.87543,2,1680,1050
17,2,12709,1779661857.89625,2,1680,1050
17,2,12710,1779661857.91707,2,1680,1050
17,2,12711,1779661857.93789,2,1680,1050
17,2,12712,1779661857.95871,2,1680,1050
17,2,12713,1779661857.97953,2,1680,1050
17,2,12714,1779661858.00034,2,1680,1050
17,2,12715,1779661858.02116,2,1680,1050
17,2,12716,1779661858.04198,2,1680,1050
17,2,12717,1779661858.0628,2,1680,1050
17,2,12718,1779661858.08362,2,1680,1050
17,2,12719,1779661858.10444,2,1680,1050
17,2,12720,1779661858.12526,2,1680,1050
17,2,12721,1779661858.14608,2,1680,1050
17,2,12722,1779661858.1669,1,1680,1050
17,2,12723,1779661858.18772,1,1680,1050
17,2,12724,1779661858.20854,1,1680,1050
17,2,12725,1779661858.22936,1,1680,1050
17,2,12726,1779661858.25018,1,1680,1050
17,2,12727,1779661858.271,1,1680,1050
17,2,12728,1779661858.29182,1,1680,1050
17,2,12729,1779661858.31264,1,1680,1050
17,2,12730,1779661858.33346,1,1680,1050
17,2,12731,1779661858.35428,1,1680,1050
17,2,12732,1779661858.37509,1,1680,1050
17,2,12733,1779661858.39591,1,1680,1050
17,2,12734,1779661858.41673,1,1680,1050
17,2,12735,1779661858.43755,1,1680,1050
17,2,12736,1779661858.45837,1,1680,1050
17,2,12737,1779661858.47919,1,1680,1050
17,2,12738,1779661858.50001,1,1680,1050
17,2,12739,1779661858.52083,1,1680,1050
17,2,12740,1779661858.54165,1,1680,1050
17,2,12741,1779661858.56247,1,1680,1050
17,2,12742,1779661858.58329,1,1680,1050
17,2,12743,1779661858.60411,1,1680,1050
17,2,12744,1779661858.62493,1,1680,1050
17,2,12745,1779661858.64575,1,1680,1050
17,2,12746,1779661858.66657,1,1680,1050
17,2,12747,1779661858.68739,1,1680,1050
17,2,12748,1779661858.70821,1,1680,1050
17,2,12749,1779661858.72902,1,1680,1050
17,2,12750,1779661858.74985,1,1680,1050
17,2,12751,1779661858.77066,1,1680,1050
17,2,12752,1779661858.79148,1,1680,1050
17,2,12753,1779661858.8123,1,1680,1050
17,2,12754,1779661858.83312,1,1680,1050
17,2,12755,1779661858.85394,1,1680,1050
17,2,12756,1779661858.87476,1,1680,1050
17,2,12757,1779661858.89558,1,1680,1050
17,2,12758,1779661858.9164,1,1680,1050
17,2,12759,1779661858.93722,1,1680,1050
17,2,12760,1779661858.95804,1,1680,1050
17,2,12761,1779661858.97886,1,1680,1050
17,2,12762,1779661858.99968,1,1680,1050
17,2,12763,1779661859.0205,1,1680,1050
17,2,12764,1779661859.04132,1,1680,1050
17,2,12765,1779661859.06214,1,1680,1050
17,2,12766,1779661859.08296,1,1680,1050
17,2,12767,1779661859.10378,1,1680,1050
17,2,12768,1779661859.12459,1,1680,1050
17,2,12769,1779661859.14541,1,1680,1050
17,2,12770,1779661859.16623,1,1680,1050
17,2,12771,1779661859.18705,1,1680,1050
17,2,12772,1779661859.20787,1,1680,1050
17,2,12773,1779661859.22869,1,1680,1050
17,2,12774,1779661859.24951,1,1680,1050
17,2,12775,1779661859.27033,1,1680,1050
17,2,12776,1779661859.29115,1,1680,1050
17,2,12777,1779661859.31197,1,1680,1050
17,2,12778,1779661859.33279,1,1680,1050
17,2,12779,1779661859.35361,1,1680,1050
17,2,12780,1779661859.37443,1,1680,1050
17,2,12781,1779661859.39525,1,1680,1050
17,2,12782,1779661859.41609,1,1680,1050
17,2,12783,1779661859.43689,1,1680,1050
17,2,12784,1779661859.45771,1,1680,1050
17,2,12785,1779661859.47852,1,1680,1050
17,2,12786,1779661859.49934,1,1680,1050
17,2,12787,1779661859.52016,1,1680,1050
17,2,12788,1779661859.54098,1,1680,1050
17,2,12789,1779661859.5618,1,1680,1050
17,2,12790,1779661859.58262,1,1680,1050
17,2,12791,1779661859.60344,1,1680,1050
17,2,12792,1779661859.62426,1,1680,1050
17,2,12793,1779661859.64508,1,1680,1050
17,2,12794,1779661859.6659,1,1680,1050
17,2,12795,1779661859.68672,1,1680,1050
17,2,12796,1779661859.70754,1,1680,1050
17,2,12797,1779661859.72836,1,1680,1050
17,2,12798,1779661859.74918,1,1680,1050
17,2,12799,1779661859.77,1,1680,1050
17,2,12800,1779661859.79082,1,1680,1050
17,2,12801,1779661859.81164,1,1680,1050
17,2,12802,1779661859.83245,1,1680,1050
17,2,12803,1779661859.85327,1,1680,1050
17,2,12804,1779661859.87409,1,1680,1050
17,2,12805,1779661859.89491,1,1680,1050
17,2,12806,1779661859.91573,1,1680,1050
17,2,12807,1779661859.93655,1,1680,1050
17,2,12808,1779661859.95737,1,1680,1050
17,2,12809,1779661859.97819,1,1680,1050
17,2,12810,1779661859.99901,1,1680,1050
17,2,12811,1779661860.01983,1,1680,1050
17,2,12812,1779661860.04065,1,1680,1050
17,2,12813,1779661860.06147,1,1680,1050
17,2,12814,1779661860.08229,1,1680,1050
17,2,12815,1779661860.10311,1,1680,1050
17,2,12816,1779661860.12393,1,1680,1050
17,2,12817,1779661860.14475,1,1680,1050
17,2,12818,1779661860.16557,1,1680,1050
17,2,12819,1779661860.18639,1,1680,1050
17,2,12820,1779661860.2072,1,1680,1050
17,2,12821,1779661860.22802,1,1680,1050
17,2,12822,1779661860.24884,1,1680,1050
17,2,12823,1779661860.26966,1,1680,1050
17,2,12824,1779661860.29048,1,1680,1050
17,2,12825,1779661860.3113,1,1680,1050
17,2,12826,1779661860.33212,1,1680,1050
17,2,12827,1779661860.35294,1,1680,1050
17,2,12828,1779661860.37376,1,1680,1050
17,2,12829,1779661860.39458,1,1680,1050
17,2,12830,1779661860.4154,1,1680,1050
17,2,12831,1779661860.43622,1,1680,1050
17,2,12832,1779661860.45704,1,1680,1050
17,2,12833,1779661860.47786,1,1680,1050
17,2,12834,1779661860.49868,1,1680,1050
17,2,12835,1779661860.5195,1,1680,1050
17,2,12836,1779661860.54032,1,1680,1050
17,2,12837,1779661860.56113,1,1680,1050
17,2,12838,1779661860.58195,1,1680,1050
17,2,12839,1779661860.60277,1,1680,1050
17,2,12840,1779661860.62359,1,1680,1050
17,2,12841,1779661860.64441,1,1680,1050
17,2,12842,1779661860.66523,1,1680,1050
17,2,12843,1779661860.68605,1,1680,1050
17,2,12844,1779661860.70687,1,1680,1050
17,2,12845,1779661860.72769,1,1680,1050
17,2,12846,1779661860.74851,1,1680,1050
17,2,12847,1779661860.76933,1,1680,1050
17,2,12848,1779661860.79015,1,1680,1050
17,2,12849,1779661860.81097,1,1680,1050
17,2,12850,1779661860.83179,1,1680,1050
17,2,12851,1779661860.85261,1,1680,1050
17,2,12852,1779661860.87343,1,1680,1050
17,2,12853,1779661860.89425,1,1680,1050
17,2,12854,1779661860.91507,1,1680,1050
17,2,12855,1779661860.93589,1,1680,1050
17,2,12856,1779661860.9567,1,1680,1050
17,2,12857,1779661860.97752,1,1680,1050
17,2,12858,1779661860.99834,1,1680,1050
17,2,12859,1779661861.01916,1,1680,1050
17,2,12860,1779661861.03998,1,1680,1050
17,2,12861,1779661861.0608,1,1680,1050
17,2,12862,1779661861.08162,1,1680,1050
17,2,12863,1779661861.10244,1,1680,1050
17,2,12864,1779661861.12326,1,1680,1050
17,2,12865,1779661861.14408,1,1680,1050
17,2,12866,1779661861.1649,1,1680,1050
17,2,12867,1779661861.18572,1,1680,1050
17,2,12868,1779661861.20654,1,1680,1050
17,2,12869,1779661861.22736,1,1680,1050
17,2,12870,1779661861.24818,1,1680,1050
17,2,12871,1779661861.269,1,1680,1050
17,2,12872,1779661861.28981,1,1680,1050
17,2,12873,1779661861.31064,1,1680,1050
17,2,12874,1779661861.33145,1,1680,1050
17,2,12875,1779661861.35227,1,1680,1050
17,2,12876,1779661861.37309,1,1680,1050
17,2,12877,1779661861.39391,1,1680,1050
17,2,12878,1779661861.41473,1,1680,1050
17,2,12879,1779661861.43555,1,1680,1050
17,2,12880,1779661861.45637,1,1680,1050
17,2,12881,1779661861.47719,1,1680,1050
17,2,12882,1779661861.49801,1,1680,1050
17,2,12883,1779661861.51883,1,1680,1050
17,2,12884,1779661861.53965,1,1680,1050
17,2,12885,1779661861.56047,1,1680,1050
17,2,12886,1779661861.58129,1,1680,1050
17,2,12887,1779661861.60211,1,1680,1050
17,2,12888,1779661861.62293,1,1680,1050
17,2,12889,1779661861.64375,1,1680,1050
17,2,12890,1779661861.66456,1,1680,1050
17,2,12891,1779661861.68538,1,1680,1050
17,2,12892,1779661861.7062,1,1680,1050
17,2,12893,1779661861.72702,1,1680,1050
17,2,12894,1779661861.74784,1,1680,1050
17,2,12895,1779661861.76866,1,1680,1050
17,2,12896,1779661861.78948,1,1680,1050
17,2,12897,1779661861.8103,1,1680,1050
17,2,12898,1779661861.83112,1,1680,1050
17,2,12899,1779661861.85194,1,1680,1050
17,2,12900,1779661861.87276,1,1680,1050
17,2,12901,1779661861.89358,1,1680,1050
17,2,12902,1779661861.9144,1,1680,1050
17,2,12903,1779661861.93522,1,1680,1050
17,2,12904,1779661861.95604,1,1680,1050
17,2,12905,1779661861.97686,1,1680,1050
17,2,12906,1779661861.99768,1,1680,1050
17,2,12907,1779661862.0185,1,1680,1050
17,2,12908,1779661862.03931,1,1680,1050
17,2,12909,1779661862.06013,1,1680,1050
17,2,12910,1779661862.08095,1,1680,1050
17,2,12911,1779661862.10177,1,1680,1050
17,2,12912,1779661862.12259,1,1680,1050
17,2,12913,1779661862.14341,1,1680,1050
17,2,12914,1779661862.16423,2,1680,1050
17,2,12915,1779661862.18505,2,1680,1050
17,2,12916,1779661862.20587,2,1680,1050
17,2,12917,1779661862.22669,2,1680,1050
17,2,12918,1779661862.24751,2,1680,1050
17,2,12919,1779661862.26833,2,1680,1050
17,2,12920,1779661862.28915,2,1680,1050
17,2,12921,1779661862.30997,2,1680,1050
17,2,12922,1779661862.33079,2,1680,1050
17,2,12923,1779661862.35161,2,1680,1050
17,2,12924,1779661862.37243,2,1680,1050
17,2,12925,1779661862.39324,2,1680,1050
17,2,12926,1779661862.41407,2,1680,1050
17,2,12927,1779661862.43488,2,1680,1050
17,2,12928,1779661862.4557,2,1680,1050
17,2,12929,1779661862.47652,2,1680,1050
17,2,12930,1779661862.49734,2,1680,1050
17,2,12931,1779661862.51816,2,1680,1050
17,2,12932,1779661862.53898,2,1680,1050
17,2,12933,1779661862.5598,2,1680,1050
17,2,12934,1779661862.58062,2,1680,1050
17,2,12935,1779661862.60144,2,1680,1050
17,2,12936,1779661862.62226,2,1680,1050
17,2,12937,1779661862.64308,2,1680,1050
17,2,12938,1779661862.6639,2,1680,1050
17,2,12939,1779661862.68472,2,1680,1050
17,2,12940,1779661862.70554,2,1680,1050
17,2,12941,1779661862.72636,2,1680,1050
17,2,12942,1779661862.74718,2,1680,1050
17,2,12943,1779661862.768,2,1680,1050
17,2,12944,1779661862.78881,2,1680,1050
17,2,12945,1779661862.80963,2,1680,1050
17,2,12946,1779661862.83045,2,1680,1050
17,2,12947,1779661862.85127,2,1680,1050
17,2,12948,1779661862.87209,2,1680,1050
17,2,12949,1779661862.89291,2,1680,1050
17,2,12950,1779661862.91373,2,1680,1050
17,2,12951,1779661862.93455,2,1680,1050
17,2,12952,1779661862.95537,2,1680,1050
17,2,12953,1779661862.97619,2,1680,1050
17,2,12954,1779661862.99701,2,1680,1050
17,2,12955,1779661863.01783,2,1680,1050
17,2,12956,1779661863.03865,2,1680,1050
17,2,12957,1779661863.05947,2,1680,1050
17,2,12958,1779661863.08029,2,1680,1050
17,2,12959,1779661863.10111,2,1680,1050
17,2,12960,1779661863.12192,2,1680,1050
17,2,12961,1779661863.14274,2,1680,1050
17,2,12962,1779661863.16356,2,1680,1050
17,2,12963,1779661863.18438,2,1680,1050
17,2,12964,1779661863.2052,2,1680,1050
17,2,12965,1779661863.22602,2,1680,1050
17,2,12966,1779661863.24684,2,1680,1050
17,2,12967,1779661863.26766,2,1680,1050
17,2,12968,1779661863.28848,2,1680,1050
17,2,12969,1779661863.3093,2,1680,1050
17,2,12970,1779661863.33012,2,1680,1050
17,2,12971,1779661863.35094,2,1680,1050
17,2,12972,1779661863.37176,2,1680,1050
17,2,12973,1779661863.39258,2,1680,1050
17,2,12974,1779661863.4134,2,1680,1050
17,2,12975,1779661863.43422,2,1680,1050
17,2,12976,1779661863.45504,2,1680,1050
17,2,12977,1779661863.47586,2,1680,1050
17,2,12978,1779661863.49667,2,1680,1050
17,2,12979,1779661863.51749,2,1680,1050
17,2,12980,1779661863.53831,2,1680,1050
17,2,12981,1779661863.55913,2,1680,1050
17,2,12982,1779661863.57995,2,1680,1050
17,2,12983,1779661863.60077,2,1680,1050
17,2,12984,1779661863.62159,2,1680,1050
17,2,12985,1779661863.64241,2,1680,1050
17,2,12986,1779661863.66323,2,1680,1050
17,2,12987,1779661863.68405,2,1680,1050
17,2,12988,1779661863.70487,2,1680,1050
17,2,12989,1779661863.72569,2,1680,1050
17,2,12990,1779661863.74651,2,1680,1050
17,2,12991,1779661863.76733,2,1680,1050
17,2,12992,1779661863.78815,2,1680,1050
17,2,12993,1779661863.80897,2,1680,1050
17,2,12994,1779661863.82979,2,1680,1050
17,2,12995,1779661863.8506,2,1680,1050
17,2,12996,1779661863.87143,2,1680,1050
17,2,12997,1779661863.89224,2,1680,1050
17,2,12998,1779661863.91306,2,1680,1050
17,2,12999,1779661863.93388,2,1680,1050
17,2,13000,1779661863.9547,2,1680,1050
17,2,13001,1779661863.97552,2,1680,1050
17,2,13002,1779661863.99634,2,1680,1050
17,2,13003,1779661864.01716,2,1680,1050
17,2,13004,1779661864.03798,2,1680,1050
17,2,13005,1779661864.0588,2,1680,1050
17,2,13006,1779661864.07962,2,1680,1050
17,2,13007,1779661864.10044,2,1680,1050
17,2,13008,1779661864.12126,2,1680,1050
17,2,13009,1779661864.14208,2,1680,1050
17,2,13010,1779661864.1629,-1,1680,1050
17,2,13011,1779661864.18372,-1,1680,1050
17,2,13012,1779661864.20454,-1,1680,1050
17,2,13013,1779661864.22535,-1,1680,1050
17,2,13014,1779661864.24618,-1,1680,1050
17,2,13015,1779661864.26699,-1,1680,1050
17,2,13016,1779661864.28781,-1,1680,1050
17,2,13017,1779661864.30863,-1,1680,1050
17,2,13018,1779661864.32945,-1,1680,1050
17,2,13019,1779661864.35027,-1,1680,1050
17,2,13020,1779661864.37109,-1,1680,1050
17,2,13021,1779661864.39191,-1,1680,1050
17,2,13022,1779661864.41273,-1,1680,1050
17,2,13023,1779661864.43355,-1,1680,1050
17,2,13024,1779661864.45437,-1,1680,1050
17,2,13025,1779661864.47519,-1,1680,1050
17,2,13026,1779661864.49601,-1,1680,1050
17,2,13027,1779661864.51683,-1,1680,1050
17,2,13028,1779661864.53765,-1,1680,1050
17,2,13029,1779661864.55847,-1,1680,1050
17,2,13030,1779661864.57929,-1,1680,1050
17,2,13031,1779661864.6001,-1,1680,1050
17,2,13032,1779661864.62092,-1,1680,1050
17,2,13033,1779661864.64174,-1,1680,1050
17,2,13034,1779661864.66256,-1,1680,1050
17,2,13035,1779661864.68338,-1,1680,1050
17,2,13036,1779661864.7042,-1,1680,1050
17,2,13037,1779661864.72502,-1,1680,1050
17,2,13038,1779661864.74584,-1,1680,1050
17,2,13039,1779661864.76666,-1,1680,1050
17,2,13040,1779661864.78748,-1,1680,1050
17,2,13041,1779661864.8083,-1,1680,1050
17,2,13042,1779661864.82912,-1,1680,1050
17,2,13043,1779661864.84994,-1,1680,1050
17,2,13044,1779661864.87076,-1,1680,1050
17,2,13045,1779661864.89158,-1,1680,1050
17,2,13046,1779661864.9124,-1,1680,1050
17,2,13047,1779661864.93322,-1,1680,1050
17,2,13048,1779661864.95404,-1,1680,1050
17,2,13049,1779661864.97485,-1,1680,1050
17,2,13050,1779661864.99567,-1,1680,1050
17,2,13051,1779661865.01649,-1,1680,1050
17,2,13052,1779661865.03731,-1,1680,1050
17,2,13053,1779661865.05813,-1,1680,1050
17,2,13054,1779661865.07895,-1,1680,1050
17,2,13055,1779661865.09977,-1,1680,1050
17,2,13056,1779661865.12059,-1,1680,1050
17,2,13057,1779661865.14141,-1,1680,1050
17,2,13058,1779661865.16223,-1,1680,1050
17,2,13059,1779661865.18305,-1,1680,1050
17,2,13060,1779661865.20387,-1,1680,1050
17,2,13061,1779661865.22469,-1,1680,1050
17,2,13062,1779661865.24551,-1,1680,1050
17,2,13063,1779661865.26633,-1,1680,1050
17,2,13064,1779661865.28715,-1,1680,1050
17,2,13065,1779661865.30797,-1,1680,1050
17,2,13066,1779661865.32879,-1,1680,1050
17,2,13067,1779661865.3496,-1,1680,1050
17,2,13068,1779661865.37042,-1,1680,1050
17,2,13069,1779661865.39124,-1,1680,1050
17,2,13070,1779661865.41206,-1,1680,1050
17,2,13071,1779661865.43288,-1,1680,1050
17,2,13072,1779661865.4537,-1,1680,1050
17,2,13073,1779661865.47452,-1,1680,1050
17,2,13074,1779661865.49534,-1,1680,1050
17,2,13075,1779661865.51616,-1,1680,1050
17,2,13076,1779661865.53698,-1,1680,1050
17,2,13077,1779661865.5578,-1,1680,1050
17,2,13078,1779661865.57862,-1,1680,1050
17,2,13079,1779661865.59944,-1,1680,1050
17,2,13080,1779661865.62026,-1,1680,1050
17,2,13081,1779661865.64108,-1,1680,1050
17,2,13082,1779661865.6619,-1,1680,1050
17,2,13083,1779661865.68272,-1,1680,1050
17,2,13084,1779661865.70353,-1,1680,1050
17,2,13085,1779661865.72435,-1,1680,1050
17,2,13086,1779661865.74517,-1,1680,1050
17,2,13087,1779661865.76599,-1,1680,1050
17,2,13088,1779661865.78681,-1,1680,1050
17,2,13089,1779661865.80763,-1,1680,1050
17,2,13090,1779661865.82845,-1,1680,1050
17,2,13091,1779661865.84927,-1,1680,1050
17,2,13092,1779661865.87009,-1,1680,1050
17,2,13093,1779661865.89091,-1,1680,1050
17,2,13094,1779661865.91173,-1,1680,1050
17,2,13095,1779661865.93255,-1,1680,1050
17,2,13096,1779661865.95337,-1,1680,1050
17,2,13097,1779661865.97419,-1,1680,1050
17,2,13098,1779661865.99501,-1,1680,1050
17,2,13099,1779661866.01583,-1,1680,1050
17,2,13100,1779661866.03665,-1,1680,1050
17,2,13101,1779661866.05746,-1,1680,1050
17,2,13102,1779661866.07828,-1,1680,1050
17,2,13103,1779661866.0991,-1,1680,1050
17,2,13104,1779661866.11992,-1,1680,1050
17,2,13105,1779661866.14074,-1,1680,1050
17,2,13106,1779661866.16156,-1,1680,1050
17,2,13107,1779661866.18238,-1,1680,1050
17,2,13108,1779661866.2032,-1,1680,1050
17,2,13109,1779661866.22402,-1,1680,1050
17,2,13110,1779661866.24484,-1,1680,1050
17,2,13111,1779661866.26566,-1,1680,1050
17,2,13112,1779661866.28648,-1,1680,1050
17,2,13113,1779661866.3073,-1,1680,1050
17,2,13114,1779661866.32812,-1,1680,1050
17,2,13115,1779661866.34894,-1,1680,1050
17,2,13116,1779661866.36976,-1,1680,1050
17,2,13117,1779661866.39058,-1,1680,1050
17,2,13118,1779661866.4114,-1,1680,1050
17,2,13119,1779661866.43221,-1,1680,1050
17,2,13120,1779661866.45303,-1,1680,1050
17,2,13121,1779661866.47385,-1,1680,1050
17,2,13122,1779661866.49467,-1,1680,1050
17,2,13123,1779661866.51549,-1,1680,1050
17,2,13124,1779661866.53631,-1,1680,1050
17,2,13125,1779661866.55713,-1,1680,1050
17,2,13126,1779661866.57795,-1,1680,1050
17,2,13127,1779661866.59877,-1,1680,1050
17,2,13128,1779661866.61959,-1,1680,1050
17,2,13129,1779661866.64041,-1,1680,1050
17,2,13130,1779661866.66123,-1,1680,1050
17,2,13131,1779661866.68205,-1,1680,1050
17,2,13132,1779661866.70287,-1,1680,1050
17,2,13133,1779661866.72369,-1,1680,1050
17,2,13134,1779661866.74451,-1,1680,1050
17,2,13135,1779661866.76533,-1,1680,1050
17,2,13136,1779661866.78614,-1,1680,1050
17,2,13137,1779661866.80696,-1,1680,1050
17,2,13138,1779661866.82778,-1,1680,1050
17,2,13139,1779661866.8486,-1,1680,1050
17,2,13140,1779661866.86942,-1,1680,1050
17,2,13141,1779661866.89024,-1,1680,1050
17,2,13142,1779661866.91106,-1,1680,1050
17,2,13143,1779661866.93188,-1,1680,1050
17,2,13144,1779661866.9527,-1,1680,1050
17,2,13145,1779661866.97352,-1,1680,1050
17,2,13146,1779661866.99434,-1,1680,1050
17,2,13147,1779661867.01516,-1,1680,1050
17,2,13148,1779661867.03598,-1,1680,1050
17,2,13149,1779661867.0568,-1,1680,1050
17,2,13150,1779661867.07762,-1,1680,1050
17,2,13151,1779661867.09844,-1,1680,1050
17,2,13152,1779661867.11926,-1,1680,1050
17,2,13153,1779661867.14007,-1,1680,1050
17,2,13154,1779661867.1609,1,1680,1050
17,2,13155,1779661867.18171,1,1680,1050
17,2,13156,1779661867.20253,1,1680,1050
17,2,13157,1779661867.22335,1,1680,1050
17,2,13158,1779661867.24417,1,1680,1050
17,2,13159,1779661867.26499,1,1680,1050
17,2,13160,1779661867.28581,1,1680,1050
17,2,13161,1779661867.30663,1,1680,1050
17,2,13162,1779661867.32745,1,1680,1050
17,2,13163,1779661867.34827,1,1680,1050
17,2,13164,1779661867.36909,1,1680,1050
17,2,13165,1779661867.38991,1,1680,1050
17,2,13166,1779661867.41073,1,1680,1050
17,2,13167,1779661867.43155,1,1680,1050
17,2,13168,1779661867.45237,1,1680,1050
17,2,13169,1779661867.47319,1,1680,1050
17,2,13170,1779661867.49401,1,1680,1050
17,2,13171,1779661867.51482,1,1680,1050
17,2,13172,1779661867.53564,1,1680,1050
17,2,13173,1779661867.55646,1,1680,1050
17,2,13174,1779661867.57728,1,1680,1050
17,2,13175,1779661867.5981,1,1680,1050
17,2,13176,1779661867.61892,1,1680,1050
17,2,13177,1779661867.63974,1,1680,1050
17,2,13178,1779661867.66056,1,1680,1050
17,2,13179,1779661867.68138,1,1680,1050
17,2,13180,1779661867.7022,1,1680,1050
17,2,13181,1779661867.72302,1,1680,1050
17,2,13182,1779661867.74384,1,1680,1050
17,2,13183,1779661867.76466,1,1680,1050
17,2,13184,1779661867.78548,1,1680,1050
17,2,13185,1779661867.8063,1,1680,1050
17,2,13186,1779661867.82712,1,1680,1050
17,2,13187,1779661867.84794,1,1680,1050
17,2,13188,1779661867.86876,1,1680,1050
17,2,13189,1779661867.88958,1,1680,1050
17,2,13190,1779661867.91039,1,1680,1050
17,2,13191,1779661867.93121,1,1680,1050
17,2,13192,1779661867.95203,1,1680,1050
17,2,13193,1779661867.97285,1,1680,1050
17,2,13194,1779661867.99367,1,1680,1050
17,2,13195,1779661868.01449,1,1680,1050
17,2,13196,1779661868.03531,1,1680,1050
17,2,13197,1779661868.05613,1,1680,1050
17,2,13198,1779661868.07695,1,1680,1050
17,2,13199,1779661868.09777,1,1680,1050
17,2,13200,1779661868.11859,1,1680,1050
17,2,13201,1779661868.13941,1,1680,1050
17,2,13202,1779661868.16023,1,1680,1050
17,2,13203,1779661868.18105,1,1680,1050
17,2,13204,1779661868.20187,1,1680,1050
17,2,13205,1779661868.22269,1,1680,1050
17,2,13206,1779661868.2435,1,1680,1050
17,2,13207,1779661868.26433,1,1680,1050
17,2,13208,1779661868.28514,1,1680,1050
17,2,13209,1779661868.30596,1,1680,1050
17,2,13210,1779661868.32678,1,1680,1050
17,2,13211,1779661868.3476,1,1680,1050
17,2,13212,1779661868.36842,1,1680,1050
17,2,13213,1779661868.38924,1,1680,1050
17,2,13214,1779661868.41006,1,1680,1050
17,2,13215,1779661868.43088,1,1680,1050
17,2,13216,1779661868.4517,1,1680,1050
17,2,13217,1779661868.47252,1,1680,1050
17,2,13218,1779661868.49334,1,1680,1050
17,2,13219,1779661868.51416,1,1680,1050
17,2,13220,1779661868.53498,1,1680,1050
17,2,13221,1779661868.5558,1,1680,1050
17,2,13222,1779661868.57662,1,1680,1050
17,2,13223,1779661868.59744,1,1680,1050
17,2,13224,1779661868.61825,1,1680,1050
17,2,13225,1779661868.63907,1,1680,1050
17,2,13226,1779661868.65989,1,1680,1050
17,2,13227,1779661868.68071,1,1680,1050
17,2,13228,1779661868.70153,1,1680,1050
17,2,13229,1779661868.72235,1,1680,1050
17,2,13230,1779661868.74317,1,1680,1050
17,2,13231,1779661868.76399,1,1680,1050
17,2,13232,1779661868.78481,1,1680,1050
17,2,13233,1779661868.80563,1,1680,1050
17,2,13234,1779661868.82645,1,1680,1050
17,2,13235,1779661868.84727,1,1680,1050
17,2,13236,1779661868.86809,1,1680,1050
17,2,13237,1779661868.88891,1,1680,1050
17,2,13238,1779661868.90973,1,1680,1050
17,2,13239,1779661868.93055,1,1680,1050
17,2,13240,1779661868.95137,1,1680,1050
17,2,13241,1779661868.97219,1,1680,1050
17,2,13242,1779661868.993,1,1680,1050
17,2,13243,1779661869.01382,1,1680,1050
17,2,13244,1779661869.03464,1,1680,1050
17,2,13245,1779661869.05546,1,1680,1050
17,2,13246,1779661869.07628,1,1680,1050
17,2,13247,1779661869.0971,1,1680,1050
17,2,13248,1779661869.11792,1,1680,1050
17,2,13249,1779661869.13874,1,1680,1050
17,2,13250,1779661869.15956,1,1680,1050
17,2,13251,1779661869.18038,1,1680,1050
17,2,13252,1779661869.2012,1,1680,1050
17,2,13253,1779661869.22202,1,1680,1050
17,2,13254,1779661869.24284,1,1680,1050
17,2,13255,1779661869.26366,1,1680,1050
17,2,13256,1779661869.28448,1,1680,1050
17,2,13257,1779661869.3053,1,1680,1050
17,2,13258,1779661869.32612,1,1680,1050
17,2,13259,1779661869.34694,1,1680,1050
17,2,13260,1779661869.36775,1,1680,1050
17,2,13261,1779661869.38857,1,1680,1050
17,2,13262,1779661869.40939,1,1680,1050
17,2,13263,1779661869.43021,1,1680,1050
17,2,13264,1779661869.45103,1,1680,1050
17,2,13265,1779661869.47185,1,1680,1050
17,2,13266,1779661869.49267,1,1680,1050
17,2,13267,1779661869.51349,1,1680,1050
17,2,13268,1779661869.53431,1,1680,1050
17,2,13269,1779661869.55513,1,1680,1050
17,2,13270,1779661869.57595,1,1680,1050
17,2,13271,1779661869.59677,1,1680,1050
17,2,13272,1779661869.61759,1,1680,1050
17,2,13273,1779661869.63841,1,1680,1050
17,2,13274,1779661869.65923,1,1680,1050
17,2,13275,1779661869.68005,1,1680,1050
17,2,13276,1779661869.70086,1,1680,1050
17,2,13277,1779661869.72169,1,1680,1050
17,2,13278,1779661869.7425,1,1680,1050
17,2,13279,1779661869.76332,1,1680,1050
17,2,13280,1779661869.78414,1,1680,1050
17,2,13281,1779661869.80496,1,1680,1050
17,2,13282,1779661869.82578,1,1680,1050
17,2,13283,1779661869.8466,1,1680,1050
17,2,13284,1779661869.86742,1,1680,1050
17,2,13285,1779661869.88824,1,1680,1050
17,2,13286,1779661869.90906,1,1680,1050
17,2,13287,1779661869.92988,1,1680,1050
17,2,13288,1779661869.9507,1,1680,1050
17,2,13289,1779661869.97152,1,1680,1050
17,2,13290,1779661869.99234,1,1680,1050
17,2,13291,1779661870.01316,1,1680,1050
17,2,13292,1779661870.03398,1,1680,1050
17,2,13293,1779661870.0548,1,1680,1050
17,2,13294,1779661870.07562,1,1680,1050
17,2,13295,1779661870.09643,1,1680,1050
17,2,13296,1779661870.11725,1,1680,1050
17,2,13297,1779661870.13807,1,1680,1050
17,2,13298,1779661870.15889,1,1680,1050
17,2,13299,1779661870.17971,1,1680,1050
17,2,13300,1779661870.20053,1,1680,1050
17,2,13301,1779661870.22135,1,1680,1050
17,2,13302,1779661870.24217,1,1680,1050
17,2,13303,1779661870.26299,1,1680,1050
17,2,13304,1779661870.28381,1,1680,1050
17,2,13305,1779661870.30463,1,1680,1050
17,2,13306,1779661870.32545,1,1680,1050
17,2,13307,1779661870.34627,1,1680,1050
17,2,13308,1779661870.36709,1,1680,1050
17,2,13309,1779661870.38791,1,1680,1050
17,2,13310,1779661870.40873,1,1680,1050
17,2,13311,1779661870.42955,1,1680,1050
17,2,13312,1779661870.45037,1,1680,1050
17,2,13313,1779661870.47118,1,1680,1050
17,2,13314,1779661870.492,1,1680,1050
17,2,13315,1779661870.51282,1,1680,1050
17,2,13316,1779661870.53364,1,1680,1050
17,2,13317,1779661870.55446,1,1680,1050
17,2,13318,1779661870.57528,1,1680,1050
17,2,13319,1779661870.5961,1,1680,1050
17,2,13320,1779661870.61692,1,1680,1050
17,2,13321,1779661870.63774,1,1680,1050
17,2,13322,1779661870.65856,1,1680,1050
17,2,13323,1779661870.67938,1,1680,1050
17,2,13324,1779661870.7002,1,1680,1050
17,2,13325,1779661870.72102,1,1680,1050
17,2,13326,1779661870.74184,1,1680,1050
17,2,13327,1779661870.76266,1,1680,1050
17,2,13328,1779661870.78348,1,1680,1050
17,2,13329,1779661870.8043,1,1680,1050
17,2,13330,1779661870.82511,1,1680,1050
17,2,13331,1779661870.84593,1,1680,1050
17,2,13332,1779661870.86675,1,1680,1050
17,2,13333,1779661870.88757,1,1680,1050
17,2,13334,1779661870.90839,1,1680,1050
17,2,13335,1779661870.92921,1,1680,1050
17,2,13336,1779661870.95003,1,1680,1050
17,2,13337,1779661870.97085,1,1680,1050
17,2,13338,1779661870.99167,1,1680,1050
17,2,13339,1779661871.01249,1,1680,1050
17,2,13340,1779661871.03331,1,1680,1050
17,2,13341,1779661871.05413,1,1680,1050
17,2,13342,1779661871.07495,1,1680,1050
17,2,13343,1779661871.09577,1,1680,1050
17,2,13344,1779661871.11659,1,1680,1050
17,2,13345,1779661871.13741,1,1680,1050
17,2,13346,1779661871.15823,2,1680,1050
17,2,13347,1779661871.17904,2,1680,1050
17,2,13348,1779661871.19987,2,1680,1050
17,2,13349,1779661871.22068,2,1680,1050
17,2,13350,1779661871.2415,2,1680,1050
17,2,13351,1779661871.26232,2,1680,1050
17,2,13352,1779661871.28314,2,1680,1050
17,2,13353,1779661871.30396,2,1680,1050
17,2,13354,1779661871.32478,2,1680,1050
17,2,13355,1779661871.3456,2,1680,1050
17,2,13356,1779661871.36642,2,1680,1050
17,2,13357,1779661871.38724,2,1680,1050
17,2,13358,1779661871.40806,2,1680,1050
17,2,13359,1779661871.42888,2,1680,1050
17,2,13360,1779661871.4497,2,1680,1050
17,2,13361,1779661871.47052,2,1680,1050
17,2,13362,1779661871.49134,2,1680,1050
17,2,13363,1779661871.51216,2,1680,1050
17,2,13364,1779661871.53298,2,1680,1050
17,2,13365,1779661871.55379,2,1680,1050
17,2,13366,1779661871.57461,2,1680,1050
17,2,13367,1779661871.59543,2,1680,1050
17,2,13368,1779661871.61625,2,1680,1050
17,2,13369,1779661871.63707,2,1680,1050
17,2,13370,1779661871.65789,2,1680,1050
17,2,13371,1779661871.67871,2,1680,1050
17,2,13372,1779661871.69953,2,1680,1050
17,2,13373,1779661871.72035,2,1680,1050
17,2,13374,1779661871.74117,2,1680,1050
17,2,13375,1779661871.76199,2,1680,1050
17,2,13376,1779661871.78281,2,1680,1050
17,2,13377,1779661871.80363,2,1680,1050
17,2,13378,1779661871.82445,2,1680,1050
17,2,13379,1779661871.84527,2,1680,1050
17,2,13380,1779661871.86609,2,1680,1050
17,2,13381,1779661871.88691,2,1680,1050
17,2,13382,1779661871.90772,2,1680,1050
17,2,13383,1779661871.92854,2,1680,1050
17,2,13384,1779661871.94939,2,1680,1050
17,2,13385,1779661871.97018,2,1680,1050
17,2,13386,1779661871.991,2,1680,1050
17,2,13387,1779661872.01182,2,1680,1050
17,2,13388,1779661872.03264,2,1680,1050
17,2,13389,1779661872.05346,2,1680,1050
17,2,13390,1779661872.07428,2,1680,1050
17,2,13391,1779661872.0951,2,1680,1050
17,2,13392,1779661872.11592,2,1680,1050
17,2,13393,1779661872.13674,2,1680,1050
17,2,13394,1779661872.15756,2,1680,1050
17,2,13395,1779661872.17838,2,1680,1050
17,2,13396,1779661872.1992,2,1680,1050
17,2,13397,1779661872.22002,2,1680,1050
17,2,13398,1779661872.24084,2,1680,1050
17,2,13399,1779661872.26166,2,1680,1050
17,2,13400,1779661872.28247,2,1680,1050
17,2,13401,1779661872.30329,2,1680,1050
17,2,13402,1779661872.32411,2,1680,1050
17,2,13403,1779661872.34493,2,1680,1050
17,2,13404,1779661872.36575,2,1680,1050
17,2,13405,1779661872.38657,2,1680,1050
17,2,13406,1779661872.40739,2,1680,1050
17,2,13407,1779661872.42821,2,1680,1050
17,2,13408,1779661872.44903,2,1680,1050
17,2,13409,1779661872.46985,2,1680,1050
17,2,13410,1779661872.49067,2,1680,1050
17,2,13411,1779661872.51149,2,1680,1050
17,2,13412,1779661872.53231,2,1680,1050
17,2,13413,1779661872.55313,2,1680,1050
17,2,13414,1779661872.57395,2,1680,1050
17,2,13415,1779661872.59477,2,1680,1050
17,2,13416,1779661872.61559,2,1680,1050
17,2,13417,1779661872.6364,2,1680,1050
17,2,13418,1779661872.65722,2,1680,1050
17,2,13419,1779661872.67804,2,1680,1050
17,2,13420,1779661872.69886,2,1680,1050
17,2,13421,1779661872.71968,2,1680,1050
17,2,13422,1779661872.7405,2,1680,1050
17,2,13423,1779661872.76132,2,1680,1050
17,2,13424,1779661872.78214,2,1680,1050
17,2,13425,1779661872.80296,2,1680,1050
17,2,13426,1779661872.82378,2,1680,1050
17,2,13427,1779661872.84462,2,1680,1050
17,2,13428,1779661872.86542,2,1680,1050
17,2,13429,1779661872.88624,2,1680,1050
17,2,13430,1779661872.90706,2,1680,1050
17,2,13431,1779661872.92788,2,1680,1050
17,2,13432,1779661872.9487,2,1680,1050
17,2,13433,1779661872.96952,2,1680,1050
17,2,13434,1779661872.99034,2,1680,1050
17,2,13435,1779661873.01115,2,1680,1050
17,2,13436,1779661873.03197,2,1680,1050
17,2,13437,1779661873.05279,2,1680,1050
17,2,13438,1779661873.07361,2,1680,1050
17,2,13439,1779661873.09443,2,1680,1050
17,2,13440,1779661873.11525,2,1680,1050
17,2,13441,1779661873.13607,2,1680,1050
17,2,13442,1779661873.15689,1,1680,1050
17,2,13443,1779661873.17771,1,1680,1050
17,2,13444,1779661873.19853,1,1680,1050
17,2,13445,1779661873.21935,1,1680,1050
17,2,13446,1779661873.24017,1,1680,1050
17,2,13447,1779661873.26099,1,1680,1050
17,2,13448,1779661873.28181,1,1680,1050
17,2,13449,1779661873.30263,1,1680,1050
17,2,13450,1779661873.32345,1,1680,1050
17,2,13451,1779661873.34427,1,1680,1050
17,2,13452,1779661873.36509,1,1680,1050
17,2,13453,1779661873.3859,1,1680,1050
17,2,13454,1779661873.40673,1,1680,1050
17,2,13455,1779661873.42754,1,1680,1050
17,2,13456,1779661873.44836,1,1680,1050
17,2,13457,1779661873.46918,1,1680,1050
17,2,13458,1779661873.49,1,1680,1050
17,2,13459,1779661873.51082,1,1680,1050
17,2,13460,1779661873.53164,1,1680,1050
17,2,13461,1779661873.55246,1,1680,1050
17,2,13462,1779661873.57328,1,1680,1050
17,2,13463,1779661873.5941,1,1680,1050
17,2,13464,1779661873.61492,1,1680,1050
17,2,13465,1779661873.63574,1,1680,1050
17,2,13466,1779661873.65656,1,1680,1050
17,2,13467,1779661873.67738,1,1680,1050
17,2,13468,1779661873.6982,1,1680,1050
17,2,13469,1779661873.71902,1,1680,1050
17,2,13470,1779661873.73983,1,1680,1050
17,2,13471,1779661873.76065,1,1680,1050
17,2,13472,1779661873.78147,1,1680,1050
17,2,13473,1779661873.80229,1,1680,1050
17,2,13474,1779661873.82311,1,1680,1050
17,2,13475,1779661873.84393,1,1680,1050
17,2,13476,1779661873.86475,1,1680,1050
17,2,13477,1779661873.88557,1,1680,1050
17,2,13478,1779661873.90639,1,1680,1050
17,2,13479,1779661873.92721,1,1680,1050
17,2,13480,1779661873.94803,1,1680,1050
17,2,13481,1779661873.96885,1,1680,1050
17,2,13482,1779661873.98967,1,1680,1050
17,2,13483,1779661874.01049,1,1680,1050
17,2,13484,1779661874.03131,1,1680,1050
17,2,13485,1779661874.05213,1,1680,1050
17,2,13486,1779661874.07295,1,1680,1050
17,2,13487,1779661874.09377,1,1680,1050
17,2,13488,1779661874.11458,1,1680,1050
17,2,13489,1779661874.1354,1,1680,1050
17,2,13490,1779661874.15622,1,1680,1050
17,2,13491,1779661874.17704,1,1680,1050
17,2,13492,1779661874.19786,1,1680,1050
17,2,13493,1779661874.21868,1,1680,1050
17,2,13494,1779661874.2395,1,1680,1050
17,2,13495,1779661874.26032,1,1680,1050
17,2,13496,1779661874.28114,1,1680,1050
17,2,13497,1779661874.30196,1,1680,1050
17,2,13498,1779661874.32278,1,1680,1050
17,2,13499,1779661874.3436,1,1680,1050
17,2,13500,1779661874.36442,1,1680,1050
17,2,13501,1779661874.38524,1,1680,1050
17,2,13502,1779661874.40606,1,1680,1050
17,2,13503,1779661874.42688,1,1680,1050
17,2,13504,1779661874.4477,1,1680,1050
17,2,13505,1779661874.46851,1,1680,1050
17,2,13506,1779661874.48933,1,1680,1050
17,2,13507,1779661874.51015,1,1680,1050
17,2,13508,1779661874.53097,1,1680,1050
17,2,13509,1779661874.55179,1,1680,1050
17,2,13510,1779661874.57261,1,1680,1050
17,2,13511,1779661874.59343,1,1680,1050
17,2,13512,1779661874.61425,1,1680,1050
17,2,13513,1779661874.63507,1,1680,1050
17,2,13514,1779661874.65589,1,1680,1050
17,2,13515,1779661874.67671,1,1680,1050
17,2,13516,1779661874.69753,1,1680,1050
17,2,13517,1779661874.71835,1,1680,1050
17,2,13518,1779661874.73917,1,1680,1050
17,2,13519,1779661874.75999,1,1680,1050
17,2,13520,1779661874.78081,1,1680,1050
17,2,13521,1779661874.80163,1,1680,1050
17,2,13522,1779661874.82245,1,1680,1050
17,2,13523,1779661874.84326,1,1680,1050
17,2,13524,1779661874.86408,1,1680,1050
17,2,13525,1779661874.8849,1,1680,1050
17,2,13526,1779661874.90572,1,1680,1050
17,2,13527,1779661874.92654,1,1680,1050
17,2,13528,1779661874.94736,1,1680,1050
17,2,13529,1779661874.96818,1,1680,1050
17,2,13530,1779661874.989,1,1680,1050
17,2,13531,1779661875.00982,1,1680,1050
17,2,13532,1779661875.03064,1,1680,1050
17,2,13533,1779661875.05146,1,1680,1050
17,2,13534,1779661875.07228,1,1680,1050
17,2,13535,1779661875.0931,1,1680,1050
17,2,13536,1779661875.11392,1,1680,1050
17,2,13537,1779661875.13474,1,1680,1050
17,2,13538,1779661875.15556,1,1680,1050
17,2,13539,1779661875.17638,1,1680,1050
17,2,13540,1779661875.1972,1,1680,1050
17,2,13541,1779661875.21802,1,1680,1050
17,2,13542,1779661875.23883,1,1680,1050
17,2,13543,1779661875.25965,1,1680,1050
17,2,13544,1779661875.28047,1,1680,1050
17,2,13545,1779661875.30129,1,1680,1050
17,2,13546,1779661875.32211,1,1680,1050
17,2,13547,1779661875.34293,1,1680,1050
17,2,13548,1779661875.36375,1,1680,1050
17,2,13549,1779661875.38457,1,1680,1050
17,2,13550,1779661875.40539,1,1680,1050
17,2,13551,1779661875.42621,1,1680,1050
17,2,13552,1779661875.44703,1,1680,1050
17,2,13553,1779661875.46785,1,1680,1050
17,2,13554,1779661875.48867,1,1680,1050
17,2,13555,1779661875.50949,1,1680,1050
17,2,13556,1779661875.53031,1,1680,1050
17,2,13557,1779661875.55113,1,1680,1050
17,2,13558,1779661875.57194,1,1680,1050
17,2,13559,1779661875.59276,1,1680,1050
17,2,13560,1779661875.61358,1,1680,1050
17,2,13561,1779661875.6344,1,1680,1050
17,2,13562,1779661875.65522,1,1680,1050
17,2,13563,1779661875.67604,1,1680,1050
17,2,13564,1779661875.69686,1,1680,1050
17,2,13565,1779661875.71768,1,1680,1050
17,2,13566,1779661875.7385,1,1680,1050
17,2,13567,1779661875.75932,1,1680,1050
17,2,13568,1779661875.78014,1,1680,1050
17,2,13569,1779661875.80096,1,1680,1050
17,2,13570,1779661875.82178,1,1680,1050
17,2,13571,1779661875.8426,1,1680,1050
17,2,13572,1779661875.86342,1,1680,1050
17,2,13573,1779661875.88424,1,1680,1050
17,2,13574,1779661875.90506,1,1680,1050
17,2,13575,1779661875.92587,1,1680,1050
17,2,13576,1779661875.94669,1,1680,1050
17,2,13577,1779661875.96751,1,1680,1050
17,2,13578,1779661875.98833,1,1680,1050
17,2,13579,1779661876.00915,1,1680,1050
17,2,13580,1779661876.02997,1,1680,1050
17,2,13581,1779661876.05079,1,1680,1050
17,2,13582,1779661876.07161,1,1680,1050
17,2,13583,1779661876.09243,1,1680,1050
17,2,13584,1779661876.11325,1,1680,1050
17,2,13585,1779661876.13407,1,1680,1050
17,2,13586,1779661876.15489,1,1680,1050
17,2,13587,1779661876.17571,1,1680,1050
17,2,13588,1779661876.19653,1,1680,1050
17,2,13589,1779661876.21735,1,1680,1050
17,2,13590,1779661876.23817,1,1680,1050
17,2,13591,1779661876.25899,1,1680,1050
17,2,13592,1779661876.27981,1,1680,1050
17,2,13593,1779661876.30062,1,1680,1050
17,2,13594,1779661876.32144,1,1680,1050
17,2,13595,1779661876.34226,1,1680,1050
17,2,13596,1779661876.36308,1,1680,1050
17,2,13597,1779661876.3839,1,1680,1050
17,2,13598,1779661876.40472,1,1680,1050
17,2,13599,1779661876.42554,1,1680,1050
17,2,13600,1779661876.44636,1,1680,1050
17,2,13601,1779661876.46718,1,1680,1050
17,2,13602,1779661876.488,1,1680,1050
17,2,13603,1779661876.50882,1,1680,1050
17,2,13604,1779661876.52964,1,1680,1050
17,2,13605,1779661876.55046,1,1680,1050
17,2,13606,1779661876.57128,1,1680,1050
17,2,13607,1779661876.5921,1,1680,1050
17,2,13608,1779661876.61292,1,1680,1050
17,2,13609,1779661876.63374,1,1680,1050
17,2,13610,1779661876.65456,1,1680,1050
17,2,13611,1779661876.67537,1,1680,1050
17,2,13612,1779661876.69619,1,1680,1050
17,2,13613,1779661876.71701,1,1680,1050
17,2,13614,1779661876.73783,1,1680,1050
17,2,13615,1779661876.75865,1,1680,1050
17,2,13616,1779661876.77947,1,1680,1050
17,2,13617,1779661876.80029,1,1680,1050
17,2,13618,1779661876.82111,1,1680,1050
17,2,13619,1779661876.84193,1,1680,1050
17,2,13620,1779661876.86275,1,1680,1050
17,2,13621,1779661876.88357,1,1680,1050
17,2,13622,1779661876.90439,1,1680,1050
17,2,13623,1779661876.92521,1,1680,1050
17,2,13624,1779661876.94603,1,1680,1050
17,2,13625,1779661876.96685,1,1680,1050
17,2,13626,1779661876.98767,1,1680,1050
17,2,13627,1779661877.00849,1,1680,1050
17,2,13628,1779661877.0293,1,1680,1050
17,2,13629,1779661877.05012,1,1680,1050
17,2,13630,1779661877.07094,1,1680,1050
17,2,13631,1779661877.09176,1,1680,1050
17,2,13632,1779661877.11258,1,1680,1050
17,2,13633,1779661877.1334,1,1680,1050
17,2,13634,1779661877.15422,2,1680,1050
17,2,13635,1779661877.17504,2,1680,1050
17,2,13636,1779661877.19586,2,1680,1050
17,2,13637,1779661877.21668,2,1680,1050
17,2,13638,1779661877.2375,2,1680,1050
17,2,13639,1779661877.25832,2,1680,1050
17,2,13640,1779661877.27914,2,1680,1050
17,2,13641,1779661877.29996,2,1680,1050
17,2,13642,1779661877.32078,2,1680,1050
17,2,13643,1779661877.3416,2,1680,1050
17,2,13644,1779661877.36242,2,1680,1050
17,2,13645,1779661877.38324,2,1680,1050
17,2,13646,1779661877.40405,2,1680,1050
17,2,13647,1779661877.42487,2,1680,1050
17,2,13648,1779661877.44569,2,1680,1050
17,2,13649,1779661877.46651,2,1680,1050
17,2,13650,1779661877.48733,2,1680,1050
17,2,13651,1779661877.50815,2,1680,1050
17,2,13652,1779661877.52897,2,1680,1050
17,2,13653,1779661877.54979,2,1680,1050
17,2,13654,1779661877.57061,2,1680,1050
17,2,13655,1779661877.59143,2,1680,1050
17,2,13656,1779661877.61225,2,1680,1050
17,2,13657,1779661877.63307,2,1680,1050
17,2,13658,1779661877.65389,2,1680,1050
17,2,13659,1779661877.67471,2,1680,1050
17,2,13660,1779661877.69553,2,1680,1050
17,2,13661,1779661877.71635,2,1680,1050
17,2,13662,1779661877.73717,2,1680,1050
17,2,13663,1779661877.75799,2,1680,1050
17,2,13664,1779661877.77881,2,1680,1050
17,2,13665,1779661877.79962,2,1680,1050
17,2,13666,1779661877.82044,2,1680,1050
17,2,13667,1779661877.84126,2,1680,1050
17,2,13668,1779661877.86208,2,1680,1050
17,2,13669,1779661877.8829,2,1680,1050
17,2,13670,1779661877.90372,2,1680,1050
17,2,13671,1779661877.92454,2,1680,1050
17,2,13672,1779661877.94536,2,1680,1050
17,2,13673,1779661877.96618,2,1680,1050
17,2,13674,1779661877.987,2,1680,1050
17,2,13675,1779661878.00782,2,1680,1050
17,2,13676,1779661878.02864,2,1680,1050
17,2,13677,1779661878.04946,2,1680,1050
17,2,13678,1779661878.07028,2,1680,1050
17,2,13679,1779661878.0911,2,1680,1050
17,2,13680,1779661878.11192,2,1680,1050
17,2,13681,1779661878.13274,2,1680,1050
17,2,13682,1779661878.15356,2,1680,1050
17,2,13683,1779661878.17437,2,1680,1050
17,2,13684,1779661878.19519,2,1680,1050
17,2,13685,1779661878.21601,2,1680,1050
17,2,13686,1779661878.23683,2,1680,1050
17,2,13687,1779661878.25765,2,1680,1050
17,2,13688,1779661878.27847,2,1680,1050
17,2,13689,1779661878.29929,2,1680,1050
17,2,13690,1779661878.32011,2,1680,1050
17,2,13691,1779661878.34093,2,1680,1050
17,2,13692,1779661878.36175,2,1680,1050
17,2,13693,1779661878.38257,2,1680,1050
17,2,13694,1779661878.40339,2,1680,1050
17,2,13695,1779661878.42421,2,1680,1050
17,2,13696,1779661878.44503,2,1680,1050
17,2,13697,1779661878.46585,2,1680,1050
17,2,13698,1779661878.48667,2,1680,1050
17,2,13699,1779661878.50749,2,1680,1050
17,2,13700,1779661878.5283,2,1680,1050
17,2,13701,1779661878.54912,2,1680,1050
17,2,13702,1779661878.56994,2,1680,1050
17,2,13703,1779661878.59076,2,1680,1050
17,2,13704,1779661878.61158,2,1680,1050
17,2,13705,1779661878.6324,2,1680,1050
17,2,13706,1779661878.65322,2,1680,1050
17,2,13707,1779661878.67404,2,1680,1050
17,2,13708,1779661878.69486,2,1680,1050
17,2,13709,1779661878.71568,2,1680,1050
17,2,13710,1779661878.7365,2,1680,1050
17,2,13711,1779661878.75732,2,1680,1050
17,2,13712,1779661878.77814,2,1680,1050
17,2,13713,1779661878.79896,2,1680,1050
17,2,13714,1779661878.81978,2,1680,1050
17,2,13715,1779661878.8406,2,1680,1050
17,2,13716,1779661878.86142,2,1680,1050
17,2,13717,1779661878.88223,2,1680,1050
17,2,13718,1779661878.90305,2,1680,1050
17,2,13719,1779661878.92387,2,1680,1050
17,2,13720,1779661878.94469,2,1680,1050
17,2,13721,1779661878.96551,2,1680,1050
17,2,13722,1779661878.98633,2,1680,1050
17,2,13723,1779661879.00715,2,1680,1050
17,2,13724,1779661879.02797,2,1680,1050
17,2,13725,1779661879.04879,2,1680,1050
17,2,13726,1779661879.06961,2,1680,1050
17,2,13727,1779661879.09043,2,1680,1050
17,2,13728,1779661879.11125,2,1680,1050
17,2,13729,1779661879.13207,2,1680,1050
17,2,13730,1779661879.15289,1,1680,1050
17,2,13731,1779661879.17371,1,1680,1050
17,2,13732,1779661879.19453,1,1680,1050
17,2,13733,1779661879.21535,1,1680,1050
17,2,13734,1779661879.23616,1,1680,1050
17,2,13735,1779661879.25698,1,1680,1050
17,2,13736,1779661879.2778,1,1680,1050
17,2,13737,1779661879.29862,1,1680,1050
17,2,13738,1779661879.31944,1,1680,1050
17,2,13739,1779661879.34026,1,1680,1050
17,2,13740,1779661879.36108,1,1680,1050
17,2,13741,1779661879.3819,1,1680,1050
17,2,13742,1779661879.40272,1,1680,1050
17,2,13743,1779661879.42354,1,1680,1050
17,2,13744,1779661879.44436,1,1680,1050
17,2,13745,1779661879.46518,1,1680,1050
17,2,13746,1779661879.486,1,1680,1050
17,2,13747,1779661879.50682,1,1680,1050
17,2,13748,1779661879.52764,1,1680,1050
17,2,13749,1779661879.54846,1,1680,1050
17,2,13750,1779661879.56928,1,1680,1050
17,2,13751,1779661879.59009,1,1680,1050
17,2,13752,1779661879.61092,1,1680,1050
17,2,13753,1779661879.63173,1,1680,1050
17,2,13754,1779661879.65255,1,1680,1050
17,2,13755,1779661879.67337,1,1680,1050
17,2,13756,1779661879.69419,1,1680,1050
17,2,13757,1779661879.71501,1,1680,1050
17,2,13758,1779661879.73583,1,1680,1050
17,2,13759,1779661879.75665,1,1680,1050
17,2,13760,1779661879.77747,1,1680,1050
17,2,13761,1779661879.79829,1,1680,1050
17,2,13762,1779661879.81911,1,1680,1050
17,2,13763,1779661879.83993,1,1680,1050
17,2,13764,1779661879.86075,1,1680,1050
17,2,13765,1779661879.88157,1,1680,1050
17,2,13766,1779661879.90239,1,1680,1050
17,2,13767,1779661879.92321,1,1680,1050
17,2,13768,1779661879.94402,1,1680,1050
17,2,13769,1779661879.96484,1,1680,1050
17,2,13770,1779661879.98566,1,1680,1050
17,2,13771,1779661880.00648,1,1680,1050
17,2,13772,1779661880.0273,1,1680,1050
17,2,13773,1779661880.04812,1,1680,1050
17,2,13774,1779661880.06894,1,1680,1050
17,2,13775,1779661880.08976,1,1680,1050
17,2,13776,1779661880.11058,1,1680,1050
17,2,13777,1779661880.1314,1,1680,1050
17,2,13778,1779661880.15222,1,1680,1050
17,2,13779,1779661880.17304,1,1680,1050
17,2,13780,1779661880.19386,1,1680,1050
17,2,13781,1779661880.21468,1,1680,1050
17,2,13782,1779661880.2355,1,1680,1050
17,2,13783,1779661880.25632,1,1680,1050
17,2,13784,1779661880.27714,1,1680,1050
17,2,13785,1779661880.29796,1,1680,1050
17,2,13786,1779661880.31878,1,1680,1050
17,2,13787,1779661880.3396,1,1680,1050
17,2,13788,1779661880.36041,1,1680,1050
17,2,13789,1779661880.38123,1,1680,1050
17,2,13790,1779661880.40205,1,1680,1050
17,2,13791,1779661880.42287,1,1680,1050
17,2,13792,1779661880.44369,1,1680,1050
17,2,13793,1779661880.46451,1,1680,1050
17,2,13794,1779661880.48533,1,1680,1050
17,2,13795,1779661880.50615,1,1680,1050
17,2,13796,1779661880.52697,1,1680,1050
17,2,13797,1779661880.54779,1,1680,1050
17,2,13798,1779661880.56861,1,1680,1050
17,2,13799,1779661880.58943,1,1680,1050
17,2,13800,1779661880.61025,1,1680,1050
17,2,13801,1779661880.63107,1,1680,1050
17,2,13802,1779661880.65189,1,1680,1050
17,2,13803,1779661880.67271,1,1680,1050
17,2,13804,1779661880.69353,1,1680,1050
17,2,13805,1779661880.71434,1,1680,1050
17,2,13806,1779661880.73516,1,1680,1050
17,2,13807,1779661880.75598,1,1680,1050
17,2,13808,1779661880.7768,1,1680,1050
17,2,13809,1779661880.79762,1,1680,1050
17,2,13810,1779661880.81844,1,1680,1050
17,2,13811,1779661880.83926,1,1680,1050
17,2,13812,1779661880.86008,1,1680,1050
17,2,13813,1779661880.8809,1,1680,1050
17,2,13814,1779661880.90172,1,1680,1050
17,2,13815,1779661880.92254,1,1680,1050
17,2,13816,1779661880.94336,1,1680,1050
17,2,13817,1779661880.96418,1,1680,1050
17,2,13818,1779661880.985,1,1680,1050
17,2,13819,1779661881.00582,1,1680,1050
17,2,13820,1779661881.02664,1,1680,1050
17,2,13821,1779661881.04745,1,1680,1050
17,2,13822,1779661881.06827,1,1680,1050
17,2,13823,1779661881.08909,1,1680,1050
17,2,13824,1779661881.10991,1,1680,1050
17,2,13825,1779661881.13073,1,1680,1050
17,2,13826,1779661881.15155,1,1680,1050
17,2,13827,1779661881.17237,1,1680,1050
17,2,13828,1779661881.19319,1,1680,1050
17,2,13829,1779661881.21401,1,1680,1050
17,2,13830,1779661881.23483,1,1680,1050
17,2,13831,1779661881.25565,1,1680,1050
17,2,13832,1779661881.27647,1,1680,1050
17,2,13833,1779661881.29729,1,1680,1050
17,2,13834,1779661881.31811,1,1680,1050
17,2,13835,1779661881.33893,1,1680,1050
17,2,13836,1779661881.35975,1,1680,1050
17,2,13837,1779661881.38057,1,1680,1050
17,2,13838,1779661881.40139,1,1680,1050
17,2,13839,1779661881.4222,1,1680,1050
17,2,13840,1779661881.44303,1,1680,1050
17,2,13841,1779661881.46384,1,1680,1050
17,2,13842,1779661881.48466,1,1680,1050
17,2,13843,1779661881.50548,1,1680,1050
17,2,13844,1779661881.5263,1,1680,1050
17,2,13845,1779661881.54712,1,1680,1050
17,2,13846,1779661881.56794,1,1680,1050
17,2,13847,1779661881.58876,1,1680,1050
17,2,13848,1779661881.60958,1,1680,1050
17,2,13849,1779661881.6304,1,1680,1050
17,2,13850,1779661881.65122,1,1680,1050
17,2,13851,1779661881.67204,1,1680,1050
17,2,13852,1779661881.69286,1,1680,1050
17,2,13853,1779661881.71368,1,1680,1050
17,2,13854,1779661881.7345,1,1680,1050
17,2,13855,1779661881.75532,1,1680,1050
17,2,13856,1779661881.77614,1,1680,1050
17,2,13857,1779661881.79696,1,1680,1050
17,2,13858,1779661881.81777,1,1680,1050
17,2,13859,1779661881.83859,1,1680,1050
17,2,13860,1779661881.85941,1,1680,1050
17,2,13861,1779661881.88023,1,1680,1050
17,2,13862,1779661881.90105,1,1680,1050
17,2,13863,1779661881.92187,1,1680,1050
17,2,13864,1779661881.94269,1,1680,1050
17,2,13865,1779661881.96351,1,1680,1050
17,2,13866,1779661881.98433,1,1680,1050
17,2,13867,1779661882.00515,1,1680,1050
17,2,13868,1779661882.02597,1,1680,1050
17,2,13869,1779661882.04679,1,1680,1050
17,2,13870,1779661882.06761,1,1680,1050
17,2,13871,1779661882.08843,1,1680,1050
17,2,13872,1779661882.10925,1,1680,1050
17,2,13873,1779661882.13006,1,1680,1050
17,2,13874,1779661882.15088,1,1680,1050
17,2,13875,1779661882.1717,1,1680,1050
17,2,13876,1779661882.19252,1,1680,1050
17,2,13877,1779661882.21334,1,1680,1050
17,2,13878,1779661882.23416,1,1680,1050
17,2,13879,1779661882.25498,1,1680,1050
17,2,13880,1779661882.2758,1,1680,1050
17,2,13881,1779661882.29662,1,1680,1050
17,2,13882,1779661882.31744,1,1680,1050
17,2,13883,1779661882.33826,1,1680,1050
17,2,13884,1779661882.35908,1,1680,1050
17,2,13885,1779661882.3799,1,1680,1050
17,2,13886,1779661882.40072,1,1680,1050
17,2,13887,1779661882.42154,1,1680,1050
17,2,13888,1779661882.44236,1,1680,1050
17,2,13889,1779661882.46318,1,1680,1050
17,2,13890,1779661882.484,1,1680,1050
17,2,13891,1779661882.50482,1,1680,1050
17,2,13892,1779661882.52564,1,1680,1050
17,2,13893,1779661882.54645,1,1680,1050
17,2,13894,1779661882.56727,1,1680,1050
17,2,13895,1779661882.58809,1,1680,1050
17,2,13896,1779661882.60891,1,1680,1050
17,2,13897,1779661882.62973,1,1680,1050
17,2,13898,1779661882.65055,1,1680,1050
17,2,13899,1779661882.67137,1,1680,1050
17,2,13900,1779661882.69219,1,1680,1050
17,2,13901,1779661882.71301,1,1680,1050
17,2,13902,1779661882.73383,1,1680,1050
17,2,13903,1779661882.75465,1,1680,1050
17,2,13904,1779661882.77547,1,1680,1050
17,2,13905,1779661882.79629,1,1680,1050
17,2,13906,1779661882.81711,1,1680,1050
17,2,13907,1779661882.83793,1,1680,1050
17,2,13908,1779661882.85875,1,1680,1050
17,2,13909,1779661882.87957,1,1680,1050
17,2,13910,1779661882.90038,1,1680,1050
17,2,13911,1779661882.9212,1,1680,1050
17,2,13912,1779661882.94202,1,1680,1050
17,2,13913,1779661882.96284,1,1680,1050
17,2,13914,1779661882.98366,1,1680,1050
17,2,13915,1779661883.00448,1,1680,1050
17,2,13916,1779661883.0253,1,1680,1050
17,2,13917,1779661883.04612,1,1680,1050
17,2,13918,1779661883.06694,1,1680,1050
17,2,13919,1779661883.08776,1,1680,1050
17,2,13920,1779661883.10858,1,1680,1050
17,2,13921,1779661883.1294,1,1680,1050
17,2,13922,1779661883.15022,2,1680,1050
17,2,13923,1779661883.17104,2,1680,1050
17,2,13924,1779661883.19186,2,1680,1050
17,2,13925,1779661883.21268,2,1680,1050
17,2,13926,1779661883.2335,2,1680,1050
17,2,13927,1779661883.25431,2,1680,1050
17,2,13928,1779661883.27513,2,1680,1050
17,2,13929,1779661883.29595,2,1680,1050
17,2,13930,1779661883.31677,2,1680,1050
17,2,13931,1779661883.33759,2,1680,1050
17,2,13932,1779661883.35841,2,1680,1050
17,2,13933,1779661883.37923,2,1680,1050
17,2,13934,1779661883.40005,2,1680,1050
17,2,13935,1779661883.42087,2,1680,1050
17,2,13936,1779661883.44169,2,1680,1050
17,2,13937,1779661883.46251,2,1680,1050
17,2,13938,1779661883.48333,2,1680,1050
17,2,13939,1779661883.50415,2,1680,1050
17,2,13940,1779661883.52497,2,1680,1050
17,2,13941,1779661883.54579,2,1680,1050
17,2,13942,1779661883.56661,2,1680,1050
17,2,13943,1779661883.58743,2,1680,1050
17,2,13944,1779661883.60825,2,1680,1050
17,2,13945,1779661883.62906,2,1680,1050
17,2,13946,1779661883.64988,2,1680,1050
17,2,13947,1779661883.6707,2,1680,1050
17,2,13948,1779661883.69152,2,1680,1050
17,2,13949,1779661883.71234,2,1680,1050
17,2,13950,1779661883.73316,2,1680,1050
17,2,13951,1779661883.75398,2,1680,1050
17,2,13952,1779661883.7748,2,1680,1050
17,2,13953,1779661883.79562,2,1680,1050
17,2,13954,1779661883.81644,2,1680,1050
17,2,13955,1779661883.83726,2,1680,1050
17,2,13956,1779661883.85808,2,1680,1050
17,2,13957,1779661883.8789,2,1680,1050
17,2,13958,1779661883.89972,2,1680,1050
17,2,13959,1779661883.92054,2,1680,1050
17,2,13960,1779661883.94136,2,1680,1050
17,2,13961,1779661883.96218,2,1680,1050
17,2,13962,1779661883.98299,2,1680,1050
17,2,13963,1779661884.00382,2,1680,1050
17,2,13964,1779661884.02463,2,1680,1050
17,2,13965,1779661884.04545,2,1680,1050
17,2,13966,1779661884.06627,2,1680,1050
17,2,13967,1779661884.08709,2,1680,1050
17,2,13968,1779661884.10791,2,1680,1050
17,2,13969,1779661884.12873,2,1680,1050
17,2,13970,1779661884.14955,2,1680,1050
17,2,13971,1779661884.17037,2,1680,1050
17,2,13972,1779661884.19119,2,1680,1050
17,2,13973,1779661884.21201,2,1680,1050
17,2,13974,1779661884.23283,2,1680,1050
17,2,13975,1779661884.25365,2,1680,1050
17,2,13976,1779661884.27447,2,1680,1050
17,2,13977,1779661884.29529,2,1680,1050
17,2,13978,1779661884.31611,2,1680,1050
17,2,13979,1779661884.33693,2,1680,1050
17,2,13980,1779661884.35774,2,1680,1050
17,2,13981,1779661884.37856,2,1680,1050
17,2,13982,1779661884.39938,2,1680,1050
17,2,13983,1779661884.4202,2,1680,1050
17,2,13984,1779661884.44102,2,1680,1050
17,2,13985,1779661884.46184,2,1680,1050
17,2,13986,1779661884.48266,2,1680,1050
17,2,13987,1779661884.50348,2,1680,1050
17,2,13988,1779661884.5243,2,1680,1050
17,2,13989,1779661884.54512,2,1680,1050
17,2,13990,1779661884.56594,2,1680,1050
17,2,13991,1779661884.58676,2,1680,1050
17,2,13992,1779661884.60758,2,1680,1050
17,2,13993,1779661884.6284,2,1680,1050
17,2,13994,1779661884.64922,2,1680,1050
17,2,13995,1779661884.67004,2,1680,1050
17,2,13996,1779661884.69086,2,1680,1050
17,2,13997,1779661884.71167,2,1680,1050
17,2,13998,1779661884.73249,2,1680,1050
17,2,13999,1779661884.75331,2,1680,1050
17,2,14000,1779661884.77413,2,1680,1050
17,2,14001,1779661884.79495,2,1680,1050
17,2,14002,1779661884.81577,2,1680,1050
17,2,14003,1779661884.83659,2,1680,1050
17,2,14004,1779661884.85741,2,1680,1050
17,2,14005,1779661884.87823,2,1680,1050
17,2,14006,1779661884.89905,2,1680,1050
17,2,14007,1779661884.91987,2,1680,1050
17,2,14008,1779661884.94069,2,1680,1050
17,2,14009,1779661884.96151,2,1680,1050
17,2,14010,1779661884.98233,2,1680,1050
17,2,14011,1779661885.00315,2,1680,1050
17,2,14012,1779661885.02397,2,1680,1050
17,2,14013,1779661885.04479,2,1680,1050
17,2,14014,1779661885.06561,2,1680,1050
17,2,14015,1779661885.08642,2,1680,1050
17,2,14016,1779661885.10724,2,1680,1050
17,2,14017,1779661885.12806,2,1680,1050
17,2,14018,1779661885.14888,1,1680,1050
17,2,14019,1779661885.1697,1,1680,1050
17,2,14020,1779661885.19052,1,1680,1050
17,2,14021,1779661885.21134,1,1680,1050
17,2,14022,1779661885.23216,1,1680,1050
17,2,14023,1779661885.25298,1,1680,1050
17,2,14024,1779661885.2738,1,1680,1050
17,2,14025,1779661885.29462,1,1680,1050
17,2,14026,1779661885.31544,1,1680,1050
17,2,14027,1779661885.33626,1,1680,1050
17,2,14028,1779661885.35708,1,1680,1050
17,2,14029,1779661885.3779,1,1680,1050
17,2,14030,1779661885.39872,1,1680,1050
17,2,14031,1779661885.41954,1,1680,1050
17,2,14032,1779661885.44035,1,1680,1050
17,2,14033,1779661885.46117,1,1680,1050
17,2,14034,1779661885.48199,1,1680,1050
17,2,14035,1779661885.50281,1,1680,1050
17,2,14036,1779661885.52363,1,1680,1050
17,2,14037,1779661885.54445,1,1680,1050
17,2,14038,1779661885.56527,1,1680,1050
17,2,14039,1779661885.58609,1,1680,1050
17,2,14040,1779661885.60691,1,1680,1050
17,2,14041,1779661885.62773,1,1680,1050
17,2,14042,1779661885.64855,1,1680,1050
17,2,14043,1779661885.66937,1,1680,1050
17,2,14044,1779661885.69019,1,1680,1050
17,2,14045,1779661885.71101,1,1680,1050
17,2,14046,1779661885.73183,1,1680,1050
17,2,14047,1779661885.75265,1,1680,1050
17,2,14048,1779661885.77347,1,1680,1050
17,2,14049,1779661885.79429,1,1680,1050
17,2,14050,1779661885.8151,1,1680,1050
17,2,14051,1779661885.83593,1,1680,1050
17,2,14052,1779661885.85674,1,1680,1050
17,2,14053,1779661885.87756,1,1680,1050
17,2,14054,1779661885.89838,1,1680,1050
17,2,14055,1779661885.9192,1,1680,1050
17,2,14056,1779661885.94002,1,1680,1050
17,2,14057,1779661885.96084,1,1680,1050
17,2,14058,1779661885.98166,1,1680,1050
17,2,14059,1779661886.00248,1,1680,1050
17,2,14060,1779661886.0233,1,1680,1050
17,2,14061,1779661886.04412,1,1680,1050
17,2,14062,1779661886.06494,1,1680,1050
17,2,14063,1779661886.08576,1,1680,1050
17,2,14064,1779661886.10658,1,1680,1050
17,2,14065,1779661886.1274,1,1680,1050
17,2,14066,1779661886.14822,1,1680,1050
17,2,14067,1779661886.16904,1,1680,1050
17,2,14068,1779661886.18985,1,1680,1050
17,2,14069,1779661886.21068,1,1680,1050
17,2,14070,1779661886.23149,1,1680,1050
17,2,14071,1779661886.25231,1,1680,1050
17,2,14072,1779661886.27313,1,1680,1050
17,2,14073,1779661886.29395,1,1680,1050
17,2,14074,1779661886.31477,1,1680,1050
17,2,14075,1779661886.33559,1,1680,1050
17,2,14076,1779661886.35641,1,1680,1050
17,2,14077,1779661886.37723,1,1680,1050
17,2,14078,1779661886.39805,1,1680,1050
17,2,14079,1779661886.41887,1,1680,1050
17,2,14080,1779661886.43969,1,1680,1050
17,2,14081,1779661886.46051,1,1680,1050
17,2,14082,1779661886.48133,1,1680,1050
17,2,14083,1779661886.50215,1,1680,1050
17,2,14084,1779661886.52297,1,1680,1050
17,2,14085,1779661886.54379,1,1680,1050
17,2,14086,1779661886.5646,1,1680,1050
17,2,14087,1779661886.58542,1,1680,1050
17,2,14088,1779661886.60624,1,1680,1050
17,2,14089,1779661886.62706,1,1680,1050
17,2,14090,1779661886.64788,1,1680,1050
17,2,14091,1779661886.6687,1,1680,1050
17,2,14092,1779661886.68952,1,1680,1050
17,2,14093,1779661886.71034,1,1680,1050
17,2,14094,1779661886.73116,1,1680,1050
17,2,14095,1779661886.75198,1,1680,1050
17,2,14096,1779661886.7728,1,1680,1050
17,2,14097,1779661886.79362,1,1680,1050
17,2,14098,1779661886.81444,1,1680,1050
17,2,14099,1779661886.83526,1,1680,1050
17,2,14100,1779661886.85608,1,1680,1050
17,2,14101,1779661886.8769,1,1680,1050
17,2,14102,1779661886.89771,1,1680,1050
17,2,14103,1779661886.91853,1,1680,1050
17,2,14104,1779661886.93935,1,1680,1050
17,2,14105,1779661886.96017,1,1680,1050
17,2,14106,1779661886.98099,1,1680,1050
17,2,14107,1779661887.00181,1,1680,1050
17,2,14108,1779661887.02263,1,1680,1050
17,2,14109,1779661887.04345,1,1680,1050
17,2,14110,1779661887.06427,1,1680,1050
17,2,14111,1779661887.08509,1,1680,1050
17,2,14112,1779661887.10591,1,1680,1050
17,2,14113,1779661887.12673,1,1680,1050
17,2,14114,1779661887.14755,1,1680,1050
17,2,14115,1779661887.16837,1,1680,1050
17,2,14116,1779661887.18919,1,1680,1050
17,2,14117,1779661887.21001,1,1680,1050
17,2,14118,1779661887.23083,1,1680,1050
17,2,14119,1779661887.25165,1,1680,1050
17,2,14120,1779661887.27246,1,1680,1050
17,2,14121,1779661887.29329,1,1680,1050
17,2,14122,1779661887.3141,1,1680,1050
17,2,14123,1779661887.33492,1,1680,1050
17,2,14124,1779661887.35574,1,1680,1050
17,2,14125,1779661887.37656,1,1680,1050
17,2,14126,1779661887.39738,1,1680,1050
17,2,14127,1779661887.4182,1,1680,1050
17,2,14128,1779661887.43902,1,1680,1050
17,2,14129,1779661887.45984,1,1680,1050
17,2,14130,1779661887.48066,1,1680,1050
17,2,14131,1779661887.50148,1,1680,1050
17,2,14132,1779661887.5223,1,1680,1050
17,2,14133,1779661887.54312,1,1680,1050
17,2,14134,1779661887.56394,1,1680,1050
17,2,14135,1779661887.58476,1,1680,1050
17,2,14136,1779661887.60558,1,1680,1050
17,2,14137,1779661887.6264,1,1680,1050
17,2,14138,1779661887.64722,1,1680,1050
17,2,14139,1779661887.66804,1,1680,1050
17,2,14140,1779661887.68885,1,1680,1050
17,2,14141,1779661887.70967,1,1680,1050
17,2,14142,1779661887.73049,1,1680,1050
17,2,14143,1779661887.75131,1,1680,1050
17,2,14144,1779661887.77213,1,1680,1050
17,2,14145,1779661887.79295,1,1680,1050
17,2,14146,1779661887.81377,1,1680,1050
17,2,14147,1779661887.83459,1,1680,1050
17,2,14148,1779661887.85541,1,1680,1050
17,2,14149,1779661887.87623,1,1680,1050
17,2,14150,1779661887.89705,1,1680,1050
17,2,14151,1779661887.91787,1,1680,1050
17,2,14152,1779661887.93869,1,1680,1050
17,2,14153,1779661887.95951,1,1680,1050
17,2,14154,1779661887.98033,1,1680,1050
17,2,14155,1779661888.00115,1,1680,1050
17,2,14156,1779661888.02197,1,1680,1050
17,2,14157,1779661888.04278,1,1680,1050
17,2,14158,1779661888.0636,1,1680,1050
17,2,14159,1779661888.08442,1,1680,1050
17,2,14160,1779661888.10524,1,1680,1050
17,2,14161,1779661888.12606,1,1680,1050
17,2,14162,1779661888.14688,1,1680,1050
17,2,14163,1779661888.1677,1,1680,1050
17,2,14164,1779661888.18852,1,1680,1050
17,2,14165,1779661888.20934,1,1680,1050
17,2,14166,1779661888.23016,1,1680,1050
17,2,14167,1779661888.25098,1,1680,1050
17,2,14168,1779661888.2718,1,1680,1050
17,2,14169,1779661888.29262,1,1680,1050
17,2,14170,1779661888.31344,1,1680,1050
17,2,14171,1779661888.33426,1,1680,1050
17,2,14172,1779661888.35508,1,1680,1050
17,2,14173,1779661888.37589,1,1680,1050
17,2,14174,1779661888.39671,1,1680,1050
17,2,14175,1779661888.41753,1,1680,1050
17,2,14176,1779661888.43835,1,1680,1050
17,2,14177,1779661888.45917,1,1680,1050
17,2,14178,1779661888.47999,1,1680,1050
17,2,14179,1779661888.50081,1,1680,1050
17,2,14180,1779661888.52163,1,1680,1050
17,2,14181,1779661888.54245,1,1680,1050
17,2,14182,1779661888.56327,1,1680,1050
17,2,14183,1779661888.58409,1,1680,1050
17,2,14184,1779661888.60491,1,1680,1050
17,2,14185,1779661888.62573,1,1680,1050
17,2,14186,1779661888.64655,1,1680,1050
17,2,14187,1779661888.66737,1,1680,1050
17,2,14188,1779661888.68819,1,1680,1050
17,2,14189,1779661888.70901,1,1680,1050
17,2,14190,1779661888.72982,1,1680,1050
17,2,14191,1779661888.75064,1,1680,1050
17,2,14192,1779661888.77146,1,1680,1050
17,2,14193,1779661888.79228,1,1680,1050
17,2,14194,1779661888.8131,1,1680,1050
17,2,14195,1779661888.83392,1,1680,1050
17,2,14196,1779661888.85474,1,1680,1050
17,2,14197,1779661888.87556,1,1680,1050
17,2,14198,1779661888.89638,1,1680,1050
17,2,14199,1779661888.9172,1,1680,1050
17,2,14200,1779661888.93802,1,1680,1050
17,2,14201,1779661888.95884,1,1680,1050
17,2,14202,1779661888.97966,1,1680,1050
17,2,14203,1779661889.00048,1,1680,1050
17,2,14204,1779661889.0213,1,1680,1050
17,2,14205,1779661889.04212,1,1680,1050
17,2,14206,1779661889.06294,1,1680,1050
17,2,14207,1779661889.08376,1,1680,1050
17,2,14208,1779661889.10458,1,1680,1050
17,2,14209,1779661889.12539,1,1680,1050
17,2,14210,1779661889.14621,2,1680,1050
17,2,14211,1779661889.16703,2,1680,1050
17,2,14212,1779661889.18785,2,1680,1050
17,2,14213,1779661889.20867,2,1680,1050
17,2,14214,1779661889.22949,2,1680,1050
17,2,14215,1779661889.25031,2,1680,1050
17,2,14216,1779661889.27113,2,1680,1050
17,2,14217,1779661889.29195,2,1680,1050
17,2,14218,1779661889.31277,2,1680,1050
17,2,14219,1779661889.33359,2,1680,1050
17,2,14220,1779661889.35441,2,1680,1050
17,2,14221,1779661889.37523,2,1680,1050
17,2,14222,1779661889.39605,2,1680,1050
17,2,14223,1779661889.41687,2,1680,1050
17,2,14224,1779661889.43769,2,1680,1050
17,2,14225,1779661889.45851,2,1680,1050
17,2,14226,1779661889.47932,2,1680,1050
17,2,14227,1779661889.50014,2,1680,1050
17,2,14228,1779661889.52096,2,1680,1050
17,2,14229,1779661889.54178,2,1680,1050
17,2,14230,1779661889.5626,2,1680,1050
17,2,14231,1779661889.58342,2,1680,1050
17,2,14232,1779661889.60424,2,1680,1050
17,2,14233,1779661889.62506,2,1680,1050
17,2,14234,1779661889.64588,2,1680,1050
17,2,14235,1779661889.6667,2,1680,1050
17,2,14236,1779661889.68752,2,1680,1050
17,2,14237,1779661889.70834,2,1680,1050
17,2,14238,1779661889.72916,2,1680,1050
17,2,14239,1779661889.74998,2,1680,1050
17,2,14240,1779661889.7708,2,1680,1050
17,2,14241,1779661889.79162,2,1680,1050
17,2,14242,1779661889.81244,2,1680,1050
17,2,14243,1779661889.83326,2,1680,1050
17,2,14244,1779661889.85408,2,1680,1050
17,2,14245,1779661889.87489,2,1680,1050
17,2,14246,1779661889.89571,2,1680,1050
17,2,14247,1779661889.91653,2,1680,1050
17,2,14248,1779661889.93735,2,1680,1050
17,2,14249,1779661889.95817,2,1680,1050
17,2,14250,1779661889.97899,2,1680,1050
17,2,14251,1779661889.99981,2,1680,1050
17,2,14252,1779661890.02063,2,1680,1050
17,2,14253,1779661890.04145,2,1680,1050
17,2,14254,1779661890.06227,2,1680,1050
17,2,14255,1779661890.08309,2,1680,1050
17,2,14256,1779661890.10391,2,1680,1050
17,2,14257,1779661890.12473,2,1680,1050
17,2,14258,1779661890.14555,2,1680,1050
17,2,14259,1779661890.16637,2,1680,1050
17,2,14260,1779661890.18719,2,1680,1050
17,2,14261,1779661890.20801,2,1680,1050
17,2,14262,1779661890.22882,2,1680,1050
17,2,14263,1779661890.24964,2,1680,1050
17,2,14264,1779661890.27046,2,1680,1050
17,2,14265,1779661890.29128,2,1680,1050
17,2,14266,1779661890.3121,2,1680,1050
17,2,14267,1779661890.33292,2,1680,1050
17,2,14268,1779661890.35374,2,1680,1050
17,2,14269,1779661890.37456,2,1680,1050
17,2,14270,1779661890.39538,2,1680,1050
17,2,14271,1779661890.4162,2,1680,1050
17,2,14272,1779661890.43702,2,1680,1050
17,2,14273,1779661890.45784,2,1680,1050
17,2,14274,1779661890.47866,2,1680,1050
17,2,14275,1779661890.49948,2,1680,1050
17,2,14276,1779661890.5203,2,1680,1050
17,2,14277,1779661890.54112,2,1680,1050
17,2,14278,1779661890.56193,2,1680,1050
17,2,14279,1779661890.58276,2,1680,1050
17,2,14280,1779661890.60357,2,1680,1050
17,2,14281,1779661890.62439,2,1680,1050
17,2,14282,1779661890.64521,2,1680,1050
17,2,14283,1779661890.66603,2,1680,1050
17,2,14284,1779661890.68685,2,1680,1050
17,2,14285,1779661890.70767,2,1680,1050
17,2,14286,1779661890.72849,2,1680,1050
17,2,14287,1779661890.74931,2,1680,1050
17,2,14288,1779661890.77013,2,1680,1050
17,2,14289,1779661890.79095,2,1680,1050
17,2,14290,1779661890.81177,2,1680,1050
17,2,14291,1779661890.83259,2,1680,1050
17,2,14292,1779661890.85341,2,1680,1050
17,2,14293,1779661890.87423,2,1680,1050
17,2,14294,1779661890.89505,2,1680,1050
17,2,14295,1779661890.91587,2,1680,1050
17,2,14296,1779661890.93668,2,1680,1050
17,2,14297,1779661890.95751,2,1680,1050
17,2,14298,1779661890.97832,2,1680,1050
17,2,14299,1779661890.99914,2,1680,1050
17,2,14300,1779661891.01996,2,1680,1050
17,2,14301,1779661891.04078,2,1680,1050
17,2,14302,1779661891.0616,2,1680,1050
17,2,14303,1779661891.08242,2,1680,1050
17,2,14304,1779661891.10324,2,1680,1050
17,2,14305,1779661891.12406,2,1680,1050
17,2,14306,1779661891.14488,1,1680,1050
17,2,14307,1779661891.1657,1,1680,1050
17,2,14308,1779661891.18652,1,1680,1050
17,2,14309,1779661891.20734,1,1680,1050
17,2,14310,1779661891.22816,1,1680,1050
17,2,14311,1779661891.24898,1,1680,1050
17,2,14312,1779661891.2698,1,1680,1050
17,2,14313,1779661891.29062,1,1680,1050
17,2,14314,1779661891.31143,1,1680,1050
17,2,14315,1779661891.33225,1,1680,1050
17,2,14316,1779661891.35307,1,1680,1050
17,2,14317,1779661891.37389,1,1680,1050
17,2,14318,1779661891.39471,1,1680,1050
17,2,14319,1779661891.41553,1,1680,1050
17,2,14320,1779661891.43635,1,1680,1050
17,2,14321,1779661891.45717,1,1680,1050
17,2,14322,1779661891.47799,1,1680,1050
17,2,14323,1779661891.49881,1,1680,1050
17,2,14324,1779661891.51963,1,1680,1050
17,2,14325,1779661891.54045,1,1680,1050
17,2,14326,1779661891.56127,1,1680,1050
17,2,14327,1779661891.58209,1,1680,1050
17,2,14328,1779661891.60291,1,1680,1050
17,2,14329,1779661891.62373,1,1680,1050
17,2,14330,1779661891.64455,1,1680,1050
17,2,14331,1779661891.66536,1,1680,1050
17,2,14332,1779661891.68618,1,1680,1050
17,2,14333,1779661891.707,1,1680,1050
17,2,14334,1779661891.72782,1,1680,1050
17,2,14335,1779661891.74864,1,1680,1050
17,2,14336,1779661891.76946,1,1680,1050
17,2,14337,1779661891.79028,1,1680,1050
17,2,14338,1779661891.8111,1,1680,1050
17,2,14339,1779661891.83192,1,1680,1050
17,2,14340,1779661891.85274,1,1680,1050
17,2,14341,1779661891.87356,1,1680,1050
17,2,14342,1779661891.89438,1,1680,1050
17,2,14343,1779661891.9152,1,1680,1050
17,2,14344,1779661891.93602,1,1680,1050
17,2,14345,1779661891.95684,1,1680,1050
17,2,14346,1779661891.97766,1,1680,1050
17,2,14347,1779661891.99848,1,1680,1050
17,2,14348,1779661892.0193,1,1680,1050
17,2,14349,1779661892.04011,1,1680,1050
17,2,14350,1779661892.06093,1,1680,1050
17,2,14351,1779661892.08175,1,1680,1050
17,2,14352,1779661892.10257,1,1680,1050
17,2,14353,1779661892.12339,1,1680,1050
17,2,14354,1779661892.14421,1,1680,1050
17,2,14355,1779661892.16503,1,1680,1050
17,2,14356,1779661892.18585,1,1680,1050
17,2,14357,1779661892.20667,1,1680,1050
17,2,14358,1779661892.22749,1,1680,1050
17,2,14359,1779661892.24831,1,1680,1050
17,2,14360,1779661892.26913,1,1680,1050
17,2,14361,1779661892.28995,1,1680,1050
17,2,14362,1779661892.31077,1,1680,1050
17,2,14363,1779661892.33159,1,1680,1050
17,2,14364,1779661892.35241,1,1680,1050
17,2,14365,1779661892.37323,1,1680,1050
17,2,14366,1779661892.39405,1,1680,1050
17,2,14367,1779661892.41486,1,1680,1050
17,2,14368,1779661892.43568,1,1680,1050
17,2,14369,1779661892.4565,1,1680,1050
17,2,14370,1779661892.47732,1,1680,1050
17,2,14371,1779661892.49814,1,1680,1050
17,2,14372,1779661892.51896,1,1680,1050
17,2,14373,1779661892.53978,1,1680,1050
17,2,14374,1779661892.5606,1,1680,1050
17,2,14375,1779661892.58142,1,1680,1050
17,2,14376,1779661892.60224,1,1680,1050
17,2,14377,1779661892.62306,1,1680,1050
17,2,14378,1779661892.64388,1,1680,1050
17,2,14379,1779661892.6647,1,1680,1050
17,2,14380,1779661892.68552,1,1680,1050
17,2,14381,1779661892.70634,1,1680,1050
17,2,14382,1779661892.72716,1,1680,1050
17,2,14383,1779661892.74798,1,1680,1050
17,2,14384,1779661892.76879,1,1680,1050
17,2,14385,1779661892.78961,1,1680,1050
17,2,14386,1779661892.81043,1,1680,1050
17,2,14387,1779661892.83125,1,1680,1050
17,2,14388,1779661892.85207,1,1680,1050
17,2,14389,1779661892.87289,1,1680,1050
17,2,14390,1779661892.89371,1,1680,1050
17,2,14391,1779661892.91453,1,1680,1050
17,2,14392,1779661892.93535,1,1680,1050
17,2,14393,1779661892.95617,1,1680,1050
17,2,14394,1779661892.97699,1,1680,1050
17,2,14395,1779661892.99781,1,1680,1050
17,2,14396,1779661893.01863,1,1680,1050
17,2,14397,1779661893.03945,1,1680,1050
17,2,14398,1779661893.06027,1,1680,1050
17,2,14399,1779661893.08109,1,1680,1050
17,2,14400,1779661893.10191,1,1680,1050
17,2,14401,1779661893.12273,1,1680,1050
17,2,14402,1779661893.14355,1,1680,1050
17,2,14403,1779661893.16436,1,1680,1050
17,2,14404,1779661893.18518,1,1680,1050
17,2,14405,1779661893.206,1,1680,1050
17,2,14406,1779661893.22682,1,1680,1050
17,2,14407,1779661893.24764,1,1680,1050
17,2,14408,1779661893.26846,1,1680,1050
17,2,14409,1779661893.28928,1,1680,1050
17,2,14410,1779661893.3101,1,1680,1050
17,2,14411,1779661893.33092,1,1680,1050
17,2,14412,1779661893.35174,1,1680,1050
17,2,14413,1779661893.37256,1,1680,1050
17,2,14414,1779661893.39338,1,1680,1050
17,2,14415,1779661893.4142,1,1680,1050
17,2,14416,1779661893.43502,1,1680,1050
17,2,14417,1779661893.45584,1,1680,1050
17,2,14418,1779661893.47666,1,1680,1050
17,2,14419,1779661893.49748,1,1680,1050
17,2,14420,1779661893.51829,1,1680,1050
17,2,14421,1779661893.53911,1,1680,1050
17,2,14422,1779661893.55993,1,1680,1050
17,2,14423,1779661893.58075,1,1680,1050
17,2,14424,1779661893.60157,1,1680,1050
17,2,14425,1779661893.62239,1,1680,1050
17,2,14426,1779661893.64321,1,1680,1050
17,2,14427,1779661893.66403,1,1680,1050
17,2,14428,1779661893.68485,1,1680,1050
17,2,14429,1779661893.70567,1,1680,1050
17,2,14430,1779661893.72649,1,1680,1050
17,2,14431,1779661893.74731,1,1680,1050
17,2,14432,1779661893.76813,1,1680,1050
17,2,14433,1779661893.78895,1,1680,1050
17,2,14434,1779661893.80977,1,1680,1050
17,2,14435,1779661893.83059,1,1680,1050
17,2,14436,1779661893.85141,1,1680,1050
17,2,14437,1779661893.87222,1,1680,1050
17,2,14438,1779661893.89304,1,1680,1050
17,2,14439,1779661893.91387,1,1680,1050
17,2,14440,1779661893.93468,1,1680,1050
17,2,14441,1779661893.9555,1,1680,1050
17,2,14442,1779661893.97632,1,1680,1050
17,2,14443,1779661893.99714,1,1680,1050
17,2,14444,1779661894.01796,1,1680,1050
17,2,14445,1779661894.03878,1,1680,1050
17,2,14446,1779661894.0596,1,1680,1050
17,2,14447,1779661894.08042,1,1680,1050
17,2,14448,1779661894.10124,1,1680,1050
17,2,14449,1779661894.12206,1,1680,1050
17,2,14450,1779661894.14288,1,1680,1050
17,2,14451,1779661894.1637,1,1680,1050
17,2,14452,1779661894.18452,1,1680,1050
17,2,14453,1779661894.20534,1,1680,1050
17,2,14454,1779661894.22616,1,1680,1050
17,2,14455,1779661894.24698,1,1680,1050
17,2,14456,1779661894.26779,1,1680,1050
17,2,14457,1779661894.28861,1,1680,1050
17,2,14458,1779661894.30943,1,1680,1050
17,2,14459,1779661894.33025,1,1680,1050
17,2,14460,1779661894.35107,1,1680,1050
17,2,14461,1779661894.37189,1,1680,1050
17,2,14462,1779661894.39271,1,1680,1050
17,2,14463,1779661894.41353,1,1680,1050
17,2,14464,1779661894.43435,1,1680,1050
17,2,14465,1779661894.45517,1,1680,1050
17,2,14466,1779661894.47599,1,1680,1050
17,2,14467,1779661894.49681,1,1680,1050
17,2,14468,1779661894.51763,1,1680,1050
17,2,14469,1779661894.53845,1,1680,1050
17,2,14470,1779661894.55927,1,1680,1050
17,2,14471,1779661894.58009,1,1680,1050
17,2,14472,1779661894.6009,1,1680,1050
17,2,14473,1779661894.62173,1,1680,1050
17,2,14474,1779661894.64254,1,1680,1050
17,2,14475,1779661894.66336,1,1680,1050
17,2,14476,1779661894.68418,1,1680,1050
17,2,14477,1779661894.705,1,1680,1050
17,2,14478,1779661894.72582,1,1680,1050
17,2,14479,1779661894.74664,1,1680,1050
17,2,14480,1779661894.76746,1,1680,1050
17,2,14481,1779661894.78828,1,1680,1050
17,2,14482,1779661894.8091,1,1680,1050
17,2,14483,1779661894.82992,1,1680,1050
17,2,14484,1779661894.85074,1,1680,1050
17,2,14485,1779661894.87156,1,1680,1050
17,2,14486,1779661894.89238,1,1680,1050
17,2,14487,1779661894.9132,1,1680,1050
17,2,14488,1779661894.93402,1,1680,1050
17,2,14489,1779661894.95483,1,1680,1050
17,2,14490,1779661894.97565,1,1680,1050
17,2,14491,1779661894.99647,1,1680,1050
17,2,14492,1779661895.01729,1,1680,1050
17,2,14493,1779661895.03811,1,1680,1050
17,2,14494,1779661895.05893,1,1680,1050
17,2,14495,1779661895.07975,1,1680,1050
17,2,14496,1779661895.10057,1,1680,1050
17,2,14497,1779661895.12139,1,1680,1050
17,2,14498,1779661895.14221,2,1680,1050
17,2,14499,1779661895.16303,2,1680,1050
17,2,14500,1779661895.18385,2,1680,1050
17,2,14501,1779661895.20467,2,1680,1050
17,2,14502,1779661895.22549,2,1680,1050
17,2,14503,1779661895.24631,2,1680,1050
17,2,14504,1779661895.26713,2,1680,1050
17,2,14505,1779661895.28795,2,1680,1050
17,2,14506,1779661895.30877,2,1680,1050
17,2,14507,1779661895.32958,2,1680,1050
17,2,14508,1779661895.3504,2,1680,1050
17,2,14509,1779661895.37122,2,1680,1050
17,2,14510,1779661895.39204,2,1680,1050
17,2,14511,1779661895.41286,2,1680,1050
17,2,14512,1779661895.43368,2,1680,1050
17,2,14513,1779661895.4545,2,1680,1050
17,2,14514,1779661895.47532,2,1680,1050
17,2,14515,1779661895.49614,2,1680,1050
17,2,14516,1779661895.51696,2,1680,1050
17,2,14517,1779661895.53778,2,1680,1050
17,2,14518,1779661895.5586,2,1680,1050
17,2,14519,1779661895.57942,2,1680,1050
17,2,14520,1779661895.60024,2,1680,1050
17,2,14521,1779661895.62106,2,1680,1050
17,2,14522,1779661895.64188,2,1680,1050
17,2,14523,1779661895.6627,2,1680,1050
17,2,14524,1779661895.68352,2,1680,1050
17,2,14525,1779661895.70433,2,1680,1050
17,2,14526,1779661895.72515,2,1680,1050
17,2,14527,1779661895.74597,2,1680,1050
17,2,14528,1779661895.76679,2,1680,1050
17,2,14529,1779661895.78761,2,1680,1050
17,2,14530,1779661895.80843,2,1680,1050
17,2,14531,1779661895.82925,2,1680,1050
17,2,14532,1779661895.85007,2,1680,1050
17,2,14533,1779661895.87089,2,1680,1050
17,2,14534,1779661895.89171,2,1680,1050
17,2,14535,1779661895.91253,2,1680,1050
17,2,14536,1779661895.93335,2,1680,1050
17,2,14537,1779661895.95417,2,1680,1050
17,2,14538,1779661895.97499,2,1680,1050
17,2,14539,1779661895.99581,2,1680,1050
17,2,14540,1779661896.01663,2,1680,1050
17,2,14541,1779661896.03745,2,1680,1050
17,2,14542,1779661896.05827,2,1680,1050
17,2,14543,1779661896.07908,2,1680,1050
17,2,14544,1779661896.0999,2,1680,1050
17,2,14545,1779661896.12072,2,1680,1050
17,2,14546,1779661896.14154,2,1680,1050
17,2,14547,1779661896.16236,2,1680,1050
17,2,14548,1779661896.18318,2,1680,1050
17,2,14549,1779661896.204,2,1680,1050
17,2,14550,1779661896.22482,2,1680,1050
17,2,14551,1779661896.24564,2,1680,1050
17,2,14552,1779661896.26646,2,1680,1050
17,2,14553,1779661896.28728,2,1680,1050
17,2,14554,1779661896.3081,2,1680,1050
17,2,14555,1779661896.32892,2,1680,1050
17,2,14556,1779661896.34974,2,1680,1050
17,2,14557,1779661896.37056,2,1680,1050
17,2,14558,1779661896.39138,2,1680,1050
17,2,14559,1779661896.4122,2,1680,1050
17,2,14560,1779661896.43302,2,1680,1050
17,2,14561,1779661896.45383,2,1680,1050
17,2,14562,1779661896.47465,2,1680,1050
17,2,14563,1779661896.49547,2,1680,1050
17,2,14564,1779661896.51629,2,1680,1050
17,2,14565,1779661896.53711,2,1680,1050
17,2,14566,1779661896.55793,2,1680,1050
17,2,14567,1779661896.57875,2,1680,1050
17,2,14568,1779661896.59957,2,1680,1050
17,2,14569,1779661896.62039,2,1680,1050
17,2,14570,1779661896.64121,2,1680,1050
17,2,14571,1779661896.66203,2,1680,1050
17,2,14572,1779661896.68285,2,1680,1050
17,2,14573,1779661896.70367,2,1680,1050
17,2,14574,1779661896.72449,2,1680,1050
17,2,14575,1779661896.74531,2,1680,1050
17,2,14576,1779661896.76613,2,1680,1050
17,2,14577,1779661896.78695,2,1680,1050
17,2,14578,1779661896.80777,2,1680,1050
17,2,14579,1779661896.82858,2,1680,1050
17,2,14580,1779661896.8494,2,1680,1050
17,2,14581,1779661896.87022,2,1680,1050
17,2,14582,1779661896.89104,2,1680,1050
17,2,14583,1779661896.91186,2,1680,1050
17,2,14584,1779661896.93268,2,1680,1050
17,2,14585,1779661896.9535,2,1680,1050
17,2,14586,1779661896.97432,2,1680,1050
17,2,14587,1779661896.99514,2,1680,1050
17,2,14588,1779661897.01596,2,1680,1050
17,2,14589,1779661897.03678,2,1680,1050
17,2,14590,1779661897.0576,2,1680,1050
17,2,14591,1779661897.07842,2,1680,1050
17,2,14592,1779661897.09924,2,1680,1050
17,2,14593,1779661897.12006,2,1680,1050
