day,run,frame_index,timestamp,frame_type,screenX,screenY
1,1,1,1779138678.29191,0,1920,1200
1,1,2,1779138678.31606,-1,1920,1200
1,1,3,1779138678.33688,-1,1920,1200
1,1,4,1779138678.3577,-1,1920,1200
1,1,5,1779138678.37852,-1,1920,1200
1,1,6,1779138678.39934,-1,1920,1200
1,1,7,1779138678.42016,-1,1920,1200
1,1,8,1779138678.44098,-1,1920,1200
1,1,9,1779138678.4618,-1,1920,1200
1,1,10,1779138678.48262,-1,1920,1200
1,1,11,1779138678.50344,-1,1920,1200
1,1,12,1779138678.52426,-1,1920,1200
1,1,13,1779138678.54508,-1,1920,1200
1,1,14,1779138678.5659,-1,1920,1200
1,1,15,1779138678.58672,-1,1920,1200
1,1,16,1779138678.60754,-1,1920,1200
1,1,17,1779138678.62836,-1,1920,1200
1,1,18,1779138678.64918,-1,1920,1200
1,1,19,1779138678.67,-1,1920,1200
1,1,20,1779138678.69082,-1,1920,1200
1,1,21,1779138678.71164,-1,1920,1200
1,1,22,1779138678.73246,-1,1920,1200
1,1,23,1779138678.75328,-1,1920,1200
1,1,24,1779138678.7741,-1,1920,1200
1,1,25,1779138678.79492,-1,1920,1200
1,1,26,1779138678.81574,-1,1920,1200
1,1,27,1779138678.83656,-1,1920,1200
1,1,28,1779138678.85738,-1,1920,1200
1,1,29,1779138678.8782,-1,1920,1200
1,1,30,1779138678.89902,-1,1920,1200
1,1,31,1779138678.91984,-1,1920,1200
1,1,32,1779138678.94066,-1,1920,1200
1,1,33,1779138678.96148,-1,1920,1200
1,1,34,1779138678.9823,-1,1920,1200
1,1,35,1779138679.00312,-1,1920,1200
1,1,36,1779138679.02394,-1,1920,1200
1,1,37,1779138679.04476,-1,1920,1200
1,1,38,1779138679.06558,-1,1920,1200
1,1,39,1779138679.0864,-1,1920,1200
1,1,40,1779138679.10722,-1,1920,1200
1,1,41,1779138679.12804,-1,1920,1200
1,1,42,1779138679.14886,-1,1920,1200
1,1,43,1779138679.16968,-1,1920,1200
1,1,44,1779138679.1905,-1,1920,1200
1,1,45,1779138679.21132,-1,1920,1200
1,1,46,1779138679.23214,-1,1920,1200
1,1,47,1779138679.25296,-1,1920,1200
1,1,48,1779138679.27378,-1,1920,1200
1,1,49,1779138679.2946,-1,1920,1200
1,1,50,1779138679.31542,-1,1920,1200
1,1,51,1779138679.33624,-1,1920,1200
1,1,52,1779138679.35706,-1,1920,1200
1,1,53,1779138679.37788,-1,1920,1200
1,1,54,1779138679.3987,-1,1920,1200
1,1,55,1779138679.41952,-1,1920,1200
1,1,56,1779138679.44034,-1,1920,1200
1,1,57,1779138679.46116,-1,1920,1200
1,1,58,1779138679.48198,-1,1920,1200
1,1,59,1779138679.5028,-1,1920,1200
1,1,60,1779138679.52362,-1,1920,1200
1,1,61,1779138679.54444,-1,1920,1200
1,1,62,1779138679.56526,-1,1920,1200
1,1,63,1779138679.58608,-1,1920,1200
1,1,64,1779138679.6069,-1,1920,1200
1,1,65,1779138679.62772,-1,1920,1200
1,1,66,1779138679.64854,-1,1920,1200
1,1,67,1779138679.66936,-1,1920,1200
1,1,68,1779138679.69018,-1,1920,1200
1,1,69,1779138679.711,-1,1920,1200
1,1,70,1779138679.73182,-1,1920,1200
1,1,71,1779138679.75264,-1,1920,1200
1,1,72,1779138679.77346,-1,1920,1200
1,1,73,1779138679.79428,-1,1920,1200
1,1,74,1779138679.8151,-1,1920,1200
1,1,75,1779138679.83592,-1,1920,1200
1,1,76,1779138679.85674,-1,1920,1200
1,1,77,1779138679.87756,-1,1920,1200
1,1,78,1779138679.89838,-1,1920,1200
1,1,79,1779138679.9192,-1,1920,1200
1,1,80,1779138679.94002,-1,1920,1200
1,1,81,1779138679.96084,-1,1920,1200
1,1,82,1779138679.98166,-1,1920,1200
1,1,83,1779138680.00248,-1,1920,1200
1,1,84,1779138680.0233,-1,1920,1200
1,1,85,1779138680.04412,-1,1920,1200
1,1,86,1779138680.06494,-1,1920,1200
1,1,87,1779138680.08576,-1,1920,1200
1,1,88,1779138680.10657,-1,1920,1200
1,1,89,1779138680.12739,-1,1920,1200
1,1,90,1779138680.14822,-1,1920,1200
1,1,91,1779138680.16904,-1,1920,1200
1,1,92,1779138680.18986,-1,1920,1200
1,1,93,1779138680.21067,-1,1920,1200
1,1,94,1779138680.23149,-1,1920,1200
1,1,95,1779138680.25231,-1,1920,1200
1,1,96,1779138680.27313,-1,1920,1200
1,1,97,1779138680.29395,-1,1920,1200
1,1,98,1779138680.31477,-1,1920,1200
1,1,99,1779138680.33559,-1,1920,1200
1,1,100,1779138680.35641,-1,1920,1200
1,1,101,1779138680.37723,-1,1920,1200
1,1,102,1779138680.39805,-1,1920,1200
1,1,103,1779138680.41887,-1,1920,1200
1,1,104,1779138680.43969,-1,1920,1200
1,1,105,1779138680.46051,-1,1920,1200
1,1,106,1779138680.48133,-1,1920,1200
1,1,107,1779138680.50215,-1,1920,1200
1,1,108,1779138680.52297,-1,1920,1200
1,1,109,1779138680.54379,-1,1920,1200
1,1,110,1779138680.56461,-1,1920,1200
1,1,111,1779138680.58543,-1,1920,1200
1,1,112,1779138680.60625,-1,1920,1200
1,1,113,1779138680.62707,-1,1920,1200
1,1,114,1779138680.64789,-1,1920,1200
1,1,115,1779138680.66871,-1,1920,1200
1,1,116,1779138680.68953,-1,1920,1200
1,1,117,1779138680.71035,-1,1920,1200
1,1,118,1779138680.73117,-1,1920,1200
1,1,119,1779138680.75199,-1,1920,1200
1,1,120,1779138680.77281,-1,1920,1200
1,1,121,1779138680.79363,-1,1920,1200
1,1,122,1779138680.81445,-1,1920,1200
1,1,123,1779138680.83527,-1,1920,1200
1,1,124,1779138680.85609,-1,1920,1200
1,1,125,1779138680.87691,-1,1920,1200
1,1,126,1779138680.89773,-1,1920,1200
1,1,127,1779138680.91855,-1,1920,1200
1,1,128,1779138680.93937,-1,1920,1200
1,1,129,1779138680.96019,-1,1920,1200
1,1,130,1779138680.98101,-1,1920,1200
1,1,131,1779138681.00183,-1,1920,1200
1,1,132,1779138681.02265,-1,1920,1200
1,1,133,1779138681.04347,-1,1920,1200
1,1,134,1779138681.06429,-1,1920,1200
1,1,135,1779138681.08511,-1,1920,1200
1,1,136,1779138681.10593,-1,1920,1200
1,1,137,1779138681.12675,-1,1920,1200
1,1,138,1779138681.14757,-1,1920,1200
1,1,139,1779138681.16839,-1,1920,1200
1,1,140,1779138681.18921,-1,1920,1200
1,1,141,1779138681.21003,-1,1920,1200
1,1,142,1779138681.23085,-1,1920,1200
1,1,143,1779138681.25167,-1,1920,1200
1,1,144,1779138681.27249,-1,1920,1200
1,1,145,1779138681.29331,-1,1920,1200
1,1,146,1779138681.31413,1,1920,1200
1,1,147,1779138681.33495,1,1920,1200
1,1,148,1779138681.35577,1,1920,1200
1,1,149,1779138681.37659,1,1920,1200
1,1,150,1779138681.39741,1,1920,1200
1,1,151,1779138681.41823,1,1920,1200
1,1,152,1779138681.43905,1,1920,1200
1,1,153,1779138681.45987,1,1920,1200
1,1,154,1779138681.48069,1,1920,1200
1,1,155,1779138681.5015,1,1920,1200
1,1,156,1779138681.52233,1,1920,1200
1,1,157,1779138681.54315,1,1920,1200
1,1,158,1779138681.56396,1,1920,1200
1,1,159,1779138681.58478,1,1920,1200
1,1,160,1779138681.6056,1,1920,1200
1,1,161,1779138681.62642,1,1920,1200
1,1,162,1779138681.64724,1,1920,1200
1,1,163,1779138681.66806,1,1920,1200
1,1,164,1779138681.68888,1,1920,1200
1,1,165,1779138681.7097,1,1920,1200
1,1,166,1779138681.73052,1,1920,1200
1,1,167,1779138681.75134,1,1920,1200
1,1,168,1779138681.77216,1,1920,1200
1,1,169,1779138681.79298,1,1920,1200
1,1,170,1779138681.8138,1,1920,1200
1,1,171,1779138681.83462,1,1920,1200
1,1,172,1779138681.85544,1,1920,1200
1,1,173,1779138681.87626,1,1920,1200
1,1,174,1779138681.89708,1,1920,1200
1,1,175,1779138681.9179,1,1920,1200
1,1,176,1779138681.93872,1,1920,1200
1,1,177,1779138681.95954,1,1920,1200
1,1,178,1779138681.98036,1,1920,1200
1,1,179,1779138682.00118,1,1920,1200
1,1,180,1779138682.022,1,1920,1200
1,1,181,1779138682.04282,1,1920,1200
1,1,182,1779138682.06364,1,1920,1200
1,1,183,1779138682.08446,1,1920,1200
1,1,184,1779138682.10528,1,1920,1200
1,1,185,1779138682.1261,1,1920,1200
1,1,186,1779138682.14692,1,1920,1200
1,1,187,1779138682.16774,1,1920,1200
1,1,188,1779138682.18856,1,1920,1200
1,1,189,1779138682.20938,1,1920,1200
1,1,190,1779138682.2302,1,1920,1200
1,1,191,1779138682.25102,1,1920,1200
1,1,192,1779138682.27184,1,1920,1200
1,1,193,1779138682.29266,1,1920,1200
1,1,194,1779138682.31348,1,1920,1200
1,1,195,1779138682.3343,1,1920,1200
1,1,196,1779138682.35512,1,1920,1200
1,1,197,1779138682.37594,1,1920,1200
1,1,198,1779138682.39676,1,1920,1200
1,1,199,1779138682.41758,1,1920,1200
1,1,200,1779138682.4384,1,1920,1200
1,1,201,1779138682.45922,1,1920,1200
1,1,202,1779138682.48004,1,1920,1200
1,1,203,1779138682.50085,1,1920,1200
1,1,204,1779138682.52168,1,1920,1200
1,1,205,1779138682.5425,1,1920,1200
1,1,206,1779138682.56331,1,1920,1200
1,1,207,1779138682.58413,1,1920,1200
1,1,208,1779138682.60495,1,1920,1200
1,1,209,1779138682.62577,1,1920,1200
1,1,210,1779138682.64659,1,1920,1200
1,1,211,1779138682.66741,1,1920,1200
1,1,212,1779138682.68823,1,1920,1200
1,1,213,1779138682.70905,1,1920,1200
1,1,214,1779138682.72987,1,1920,1200
1,1,215,1779138682.75069,1,1920,1200
1,1,216,1779138682.77151,1,1920,1200
1,1,217,1779138682.79233,1,1920,1200
1,1,218,1779138682.81315,1,1920,1200
1,1,219,1779138682.83397,1,1920,1200
1,1,220,1779138682.85479,1,1920,1200
1,1,221,1779138682.87561,1,1920,1200
1,1,222,1779138682.89643,1,1920,1200
1,1,223,1779138682.91725,1,1920,1200
1,1,224,1779138682.93807,1,1920,1200
1,1,225,1779138682.95889,1,1920,1200
1,1,226,1779138682.97971,1,1920,1200
1,1,227,1779138683.00053,1,1920,1200
1,1,228,1779138683.02135,1,1920,1200
1,1,229,1779138683.04217,1,1920,1200
1,1,230,1779138683.06299,1,1920,1200
1,1,231,1779138683.08381,1,1920,1200
1,1,232,1779138683.10463,1,1920,1200
1,1,233,1779138683.12545,1,1920,1200
1,1,234,1779138683.14627,1,1920,1200
1,1,235,1779138683.16709,1,1920,1200
1,1,236,1779138683.18791,1,1920,1200
1,1,237,1779138683.20873,1,1920,1200
1,1,238,1779138683.22955,1,1920,1200
1,1,239,1779138683.25037,1,1920,1200
1,1,240,1779138683.27119,1,1920,1200
1,1,241,1779138683.29201,1,1920,1200
1,1,242,1779138683.31283,1,1920,1200
1,1,243,1779138683.33365,1,1920,1200
1,1,244,1779138683.35447,1,1920,1200
1,1,245,1779138683.37529,1,1920,1200
1,1,246,1779138683.39611,1,1920,1200
1,1,247,1779138683.41692,1,1920,1200
1,1,248,1779138683.43775,1,1920,1200
1,1,249,1779138683.45856,1,1920,1200
1,1,250,1779138683.47938,1,1920,1200
1,1,251,1779138683.5002,1,1920,1200
1,1,252,1779138683.52102,1,1920,1200
1,1,253,1779138683.54184,1,1920,1200
1,1,254,1779138683.56266,1,1920,1200
1,1,255,1779138683.58348,1,1920,1200
1,1,256,1779138683.6043,1,1920,1200
1,1,257,1779138683.62512,1,1920,1200
1,1,258,1779138683.64594,1,1920,1200
1,1,259,1779138683.66676,1,1920,1200
1,1,260,1779138683.68758,1,1920,1200
1,1,261,1779138683.7084,1,1920,1200
1,1,262,1779138683.72922,1,1920,1200
1,1,263,1779138683.75004,1,1920,1200
1,1,264,1779138683.77086,1,1920,1200
1,1,265,1779138683.79168,1,1920,1200
1,1,266,1779138683.8125,1,1920,1200
1,1,267,1779138683.83332,1,1920,1200
1,1,268,1779138683.85414,1,1920,1200
1,1,269,1779138683.87496,1,1920,1200
1,1,270,1779138683.89578,1,1920,1200
1,1,271,1779138683.9166,1,1920,1200
1,1,272,1779138683.93742,1,1920,1200
1,1,273,1779138683.95824,1,1920,1200
1,1,274,1779138683.97906,1,1920,1200
1,1,275,1779138683.99988,1,1920,1200
1,1,276,1779138684.0207,1,1920,1200
1,1,277,1779138684.04152,1,1920,1200
1,1,278,1779138684.06234,1,1920,1200
1,1,279,1779138684.08316,1,1920,1200
1,1,280,1779138684.10398,1,1920,1200
1,1,281,1779138684.1248,1,1920,1200
1,1,282,1779138684.14562,1,1920,1200
1,1,283,1779138684.16643,1,1920,1200
1,1,284,1779138684.18725,1,1920,1200
1,1,285,1779138684.20807,1,1920,1200
1,1,286,1779138684.22889,1,1920,1200
1,1,287,1779138684.24971,1,1920,1200
1,1,288,1779138684.27053,1,1920,1200
1,1,289,1779138684.29135,1,1920,1200
1,1,290,1779138684.31217,1,1920,1200
1,1,291,1779138684.33299,1,1920,1200
1,1,292,1779138684.35381,1,1920,1200
1,1,293,1779138684.37463,1,1920,1200
1,1,294,1779138684.39545,1,1920,1200
1,1,295,1779138684.41627,1,1920,1200
1,1,296,1779138684.43709,1,1920,1200
1,1,297,1779138684.45791,1,1920,1200
1,1,298,1779138684.47873,1,1920,1200
1,1,299,1779138684.49955,1,1920,1200
1,1,300,1779138684.52037,1,1920,1200
1,1,301,1779138684.54119,1,1920,1200
1,1,302,1779138684.56201,1,1920,1200
1,1,303,1779138684.58283,1,1920,1200
1,1,304,1779138684.60365,1,1920,1200
1,1,305,1779138684.62447,1,1920,1200
1,1,306,1779138684.64529,1,1920,1200
1,1,307,1779138684.66611,1,1920,1200
1,1,308,1779138684.68693,1,1920,1200
1,1,309,1779138684.70775,1,1920,1200
1,1,310,1779138684.72857,1,1920,1200
1,1,311,1779138684.74939,1,1920,1200
1,1,312,1779138684.77021,1,1920,1200
1,1,313,1779138684.79103,1,1920,1200
1,1,314,1779138684.81185,1,1920,1200
1,1,315,1779138684.83267,1,1920,1200
1,1,316,1779138684.85349,1,1920,1200
1,1,317,1779138684.87431,1,1920,1200
1,1,318,1779138684.89513,1,1920,1200
1,1,319,1779138684.91595,1,1920,1200
1,1,320,1779138684.93676,1,1920,1200
1,1,321,1779138684.95758,1,1920,1200
1,1,322,1779138684.9784,1,1920,1200
1,1,323,1779138684.99922,1,1920,1200
1,1,324,1779138685.02004,1,1920,1200
1,1,325,1779138685.04086,1,1920,1200
1,1,326,1779138685.06168,1,1920,1200
1,1,327,1779138685.0825,1,1920,1200
1,1,328,1779138685.10332,1,1920,1200
1,1,329,1779138685.12414,1,1920,1200
1,1,330,1779138685.14496,1,1920,1200
1,1,331,1779138685.16578,1,1920,1200
1,1,332,1779138685.1866,1,1920,1200
1,1,333,1779138685.20742,1,1920,1200
1,1,334,1779138685.22824,1,1920,1200
1,1,335,1779138685.24906,1,1920,1200
1,1,336,1779138685.26988,1,1920,1200
1,1,337,1779138685.2907,1,1920,1200
1,1,338,1779138685.31152,2,1920,1200
1,1,339,1779138685.33234,2,1920,1200
1,1,340,1779138685.35316,2,1920,1200
1,1,341,1779138685.37398,2,1920,1200
1,1,342,1779138685.3948,2,1920,1200
1,1,343,1779138685.41562,2,1920,1200
1,1,344,1779138685.43644,2,1920,1200
1,1,345,1779138685.45726,2,1920,1200
1,1,346,1779138685.47808,2,1920,1200
1,1,347,1779138685.4989,2,1920,1200
1,1,348,1779138685.51972,2,1920,1200
1,1,349,1779138685.54054,2,1920,1200
1,1,350,1779138685.56135,2,1920,1200
1,1,351,1779138685.58217,2,1920,1200
1,1,352,1779138685.60299,2,1920,1200
1,1,353,1779138685.62381,2,1920,1200
1,1,354,1779138685.64463,2,1920,1200
1,1,355,1779138685.66545,2,1920,1200
1,1,356,1779138685.68627,2,1920,1200
1,1,357,1779138685.70709,2,1920,1200
1,1,358,1779138685.72791,2,1920,1200
1,1,359,1779138685.74873,2,1920,1200
1,1,360,1779138685.76955,2,1920,1200
1,1,361,1779138685.79037,2,1920,1200
1,1,362,1779138685.81119,2,1920,1200
1,1,363,1779138685.83201,2,1920,1200
1,1,364,1779138685.85283,2,1920,1200
1,1,365,1779138685.87365,2,1920,1200
1,1,366,1779138685.89447,2,1920,1200
1,1,367,1779138685.91529,2,1920,1200
1,1,368,1779138685.93611,2,1920,1200
1,1,369,1779138685.95693,2,1920,1200
1,1,370,1779138685.97775,2,1920,1200
1,1,371,1779138685.99857,2,1920,1200
1,1,372,1779138686.01939,2,1920,1200
1,1,373,1779138686.04021,2,1920,1200
1,1,374,1779138686.06103,2,1920,1200
1,1,375,1779138686.08185,2,1920,1200
1,1,376,1779138686.10267,2,1920,1200
1,1,377,1779138686.12349,2,1920,1200
1,1,378,1779138686.1443,2,1920,1200
1,1,379,1779138686.16512,2,1920,1200
1,1,380,1779138686.18594,2,1920,1200
1,1,381,1779138686.20676,2,1920,1200
1,1,382,1779138686.22758,2,1920,1200
1,1,383,1779138686.2484,2,1920,1200
1,1,384,1779138686.26922,2,1920,1200
1,1,385,1779138686.29004,2,1920,1200
1,1,386,1779138686.31086,2,1920,1200
1,1,387,1779138686.33168,2,1920,1200
1,1,388,1779138686.3525,2,1920,1200
1,1,389,1779138686.37332,2,1920,1200
1,1,390,1779138686.39414,2,1920,1200
1,1,391,1779138686.41496,2,1920,1200
1,1,392,1779138686.43578,2,1920,1200
1,1,393,1779138686.4566,2,1920,1200
1,1,394,1779138686.47742,2,1920,1200
1,1,395,1779138686.49824,2,1920,1200
1,1,396,1779138686.51906,2,1920,1200
1,1,397,1779138686.53988,2,1920,1200
1,1,398,1779138686.5607,2,1920,1200
1,1,399,1779138686.58152,2,1920,1200
1,1,400,1779138686.60234,2,1920,1200
1,1,401,1779138686.62316,2,1920,1200
1,1,402,1779138686.64398,2,1920,1200
1,1,403,1779138686.66479,2,1920,1200
1,1,404,1779138686.68562,2,1920,1200
1,1,405,1779138686.70643,2,1920,1200
1,1,406,1779138686.72726,2,1920,1200
1,1,407,1779138686.74807,2,1920,1200
1,1,408,1779138686.76889,2,1920,1200
1,1,409,1779138686.78971,2,1920,1200
1,1,410,1779138686.81053,2,1920,1200
1,1,411,1779138686.83135,2,1920,1200
1,1,412,1779138686.85217,2,1920,1200
1,1,413,1779138686.87299,2,1920,1200
1,1,414,1779138686.89381,2,1920,1200
1,1,415,1779138686.91463,2,1920,1200
1,1,416,1779138686.93545,2,1920,1200
1,1,417,1779138686.95627,2,1920,1200
1,1,418,1779138686.97709,2,1920,1200
1,1,419,1779138686.99791,2,1920,1200
1,1,420,1779138687.01873,2,1920,1200
1,1,421,1779138687.03955,2,1920,1200
1,1,422,1779138687.06037,2,1920,1200
1,1,423,1779138687.08119,2,1920,1200
1,1,424,1779138687.10201,2,1920,1200
1,1,425,1779138687.12283,2,1920,1200
1,1,426,1779138687.14365,2,1920,1200
1,1,427,1779138687.16447,2,1920,1200
1,1,428,1779138687.18529,2,1920,1200
1,1,429,1779138687.20611,2,1920,1200
1,1,430,1779138687.22692,2,1920,1200
1,1,431,1779138687.24774,2,1920,1200
1,1,432,1779138687.26856,2,1920,1200
1,1,433,1779138687.28938,2,1920,1200
1,1,434,1779138687.3102,2,1920,1200
1,1,435,1779138687.33102,2,1920,1200
1,1,436,1779138687.35184,2,1920,1200
1,1,437,1779138687.37266,2,1920,1200
1,1,438,1779138687.39348,2,1920,1200
1,1,439,1779138687.4143,2,1920,1200
1,1,440,1779138687.43512,2,1920,1200
1,1,441,1779138687.45594,2,1920,1200
1,1,442,1779138687.47676,2,1920,1200
1,1,443,1779138687.49758,2,1920,1200
1,1,444,1779138687.5184,2,1920,1200
1,1,445,1779138687.53922,2,1920,1200
1,1,446,1779138687.56004,2,1920,1200
1,1,447,1779138687.58086,2,1920,1200
1,1,448,1779138687.60168,2,1920,1200
1,1,449,1779138687.6225,2,1920,1200
1,1,450,1779138687.64332,2,1920,1200
1,1,451,1779138687.66414,2,1920,1200
1,1,452,1779138687.68496,2,1920,1200
1,1,453,1779138687.70578,2,1920,1200
1,1,454,1779138687.7266,2,1920,1200
1,1,455,1779138687.74742,2,1920,1200
1,1,456,1779138687.76823,2,1920,1200
1,1,457,1779138687.78905,2,1920,1200
1,1,458,1779138687.80987,2,1920,1200
1,1,459,1779138687.83069,2,1920,1200
1,1,460,1779138687.85151,2,1920,1200
1,1,461,1779138687.87233,2,1920,1200
1,1,462,1779138687.89315,2,1920,1200
1,1,463,1779138687.91397,2,1920,1200
1,1,464,1779138687.93479,2,1920,1200
1,1,465,1779138687.95561,2,1920,1200
1,1,466,1779138687.97643,2,1920,1200
1,1,467,1779138687.99725,2,1920,1200
1,1,468,1779138688.01807,2,1920,1200
1,1,469,1779138688.03889,2,1920,1200
1,1,470,1779138688.05971,2,1920,1200
1,1,471,1779138688.08053,2,1920,1200
1,1,472,1779138688.10135,2,1920,1200
1,1,473,1779138688.12217,2,1920,1200
1,1,474,1779138688.14299,2,1920,1200
1,1,475,1779138688.16381,2,1920,1200
1,1,476,1779138688.18463,2,1920,1200
1,1,477,1779138688.20544,2,1920,1200
1,1,478,1779138688.22627,2,1920,1200
1,1,479,1779138688.24708,2,1920,1200
1,1,480,1779138688.2679,2,1920,1200
1,1,481,1779138688.28872,2,1920,1200
1,1,482,1779138688.30954,2,1920,1200
1,1,483,1779138688.33036,2,1920,1200
1,1,484,1779138688.35118,2,1920,1200
1,1,485,1779138688.372,2,1920,1200
1,1,486,1779138688.39282,2,1920,1200
1,1,487,1779138688.41364,2,1920,1200
1,1,488,1779138688.43446,2,1920,1200
1,1,489,1779138688.45528,2,1920,1200
1,1,490,1779138688.4761,2,1920,1200
1,1,491,1779138688.49692,2,1920,1200
1,1,492,1779138688.51774,2,1920,1200
1,1,493,1779138688.53856,2,1920,1200
1,1,494,1779138688.55938,2,1920,1200
1,1,495,1779138688.5802,2,1920,1200
1,1,496,1779138688.60102,2,1920,1200
1,1,497,1779138688.62184,2,1920,1200
1,1,498,1779138688.64266,2,1920,1200
1,1,499,1779138688.66348,2,1920,1200
1,1,500,1779138688.6843,2,1920,1200
1,1,501,1779138688.70511,2,1920,1200
1,1,502,1779138688.72593,2,1920,1200
1,1,503,1779138688.74675,2,1920,1200
1,1,504,1779138688.76757,2,1920,1200
1,1,505,1779138688.78839,2,1920,1200
1,1,506,1779138688.80921,2,1920,1200
1,1,507,1779138688.83003,2,1920,1200
1,1,508,1779138688.85085,2,1920,1200
1,1,509,1779138688.87167,2,1920,1200
1,1,510,1779138688.89249,2,1920,1200
1,1,511,1779138688.91331,2,1920,1200
1,1,512,1779138688.93413,2,1920,1200
1,1,513,1779138688.95495,2,1920,1200
1,1,514,1779138688.97577,2,1920,1200
1,1,515,1779138688.99659,2,1920,1200
1,1,516,1779138689.01741,2,1920,1200
1,1,517,1779138689.03823,2,1920,1200
1,1,518,1779138689.05905,2,1920,1200
1,1,519,1779138689.07987,2,1920,1200
1,1,520,1779138689.10069,2,1920,1200
1,1,521,1779138689.12151,2,1920,1200
1,1,522,1779138689.14232,2,1920,1200
1,1,523,1779138689.16315,2,1920,1200
1,1,524,1779138689.18396,2,1920,1200
1,1,525,1779138689.20478,2,1920,1200
1,1,526,1779138689.2256,2,1920,1200
1,1,527,1779138689.24642,2,1920,1200
1,1,528,1779138689.26724,2,1920,1200
1,1,529,1779138689.28806,2,1920,1200
1,1,530,1779138689.30888,2,1920,1200
1,1,531,1779138689.3297,2,1920,1200
1,1,532,1779138689.35052,2,1920,1200
1,1,533,1779138689.37134,2,1920,1200
1,1,534,1779138689.39216,2,1920,1200
1,1,535,1779138689.41298,2,1920,1200
1,1,536,1779138689.4338,2,1920,1200
1,1,537,1779138689.45462,2,1920,1200
1,1,538,1779138689.47544,2,1920,1200
1,1,539,1779138689.49626,2,1920,1200
1,1,540,1779138689.51708,2,1920,1200
1,1,541,1779138689.5379,2,1920,1200
1,1,542,1779138689.55871,2,1920,1200
1,1,543,1779138689.57954,2,1920,1200
1,1,544,1779138689.60035,2,1920,1200
1,1,545,1779138689.62117,2,1920,1200
1,1,546,1779138689.64199,2,1920,1200
1,1,547,1779138689.66281,2,1920,1200
1,1,548,1779138689.68363,2,1920,1200
1,1,549,1779138689.70445,2,1920,1200
1,1,550,1779138689.72527,2,1920,1200
1,1,551,1779138689.74609,2,1920,1200
1,1,552,1779138689.76691,2,1920,1200
1,1,553,1779138689.78773,2,1920,1200
1,1,554,1779138689.80855,2,1920,1200
1,1,555,1779138689.82937,2,1920,1200
1,1,556,1779138689.85019,2,1920,1200
1,1,557,1779138689.87101,2,1920,1200
1,1,558,1779138689.89183,2,1920,1200
1,1,559,1779138689.91265,2,1920,1200
1,1,560,1779138689.93347,2,1920,1200
1,1,561,1779138689.95429,2,1920,1200
1,1,562,1779138689.97511,2,1920,1200
1,1,563,1779138689.99593,2,1920,1200
1,1,564,1779138690.01675,2,1920,1200
1,1,565,1779138690.03756,2,1920,1200
1,1,566,1779138690.05838,2,1920,1200
1,1,567,1779138690.0792,2,1920,1200
1,1,568,1779138690.10002,2,1920,1200
1,1,569,1779138690.12084,2,1920,1200
1,1,570,1779138690.14166,2,1920,1200
1,1,571,1779138690.16248,2,1920,1200
1,1,572,1779138690.1833,2,1920,1200
1,1,573,1779138690.20412,2,1920,1200
1,1,574,1779138690.22494,2,1920,1200
1,1,575,1779138690.24576,2,1920,1200
1,1,576,1779138690.26658,2,1920,1200
1,1,577,1779138690.2874,2,1920,1200
1,1,578,1779138690.30822,2,1920,1200
1,1,579,1779138690.32904,2,1920,1200
1,1,580,1779138690.34986,2,1920,1200
1,1,581,1779138690.37068,2,1920,1200
1,1,582,1779138690.3915,2,1920,1200
1,1,583,1779138690.41232,2,1920,1200
1,1,584,1779138690.43313,2,1920,1200
1,1,585,1779138690.45395,2,1920,1200
1,1,586,1779138690.47477,2,1920,1200
1,1,587,1779138690.49559,2,1920,1200
1,1,588,1779138690.51641,2,1920,1200
1,1,589,1779138690.53723,2,1920,1200
1,1,590,1779138690.55805,2,1920,1200
1,1,591,1779138690.57887,2,1920,1200
1,1,592,1779138690.59969,2,1920,1200
1,1,593,1779138690.62051,2,1920,1200
1,1,594,1779138690.64133,2,1920,1200
1,1,595,1779138690.66215,2,1920,1200
1,1,596,1779138690.68297,2,1920,1200
1,1,597,1779138690.70379,2,1920,1200
1,1,598,1779138690.72461,2,1920,1200
1,1,599,1779138690.74543,2,1920,1200
1,1,600,1779138690.76625,2,1920,1200
1,1,601,1779138690.78707,2,1920,1200
1,1,602,1779138690.80788,2,1920,1200
1,1,603,1779138690.8287,2,1920,1200
1,1,604,1779138690.84952,2,1920,1200
1,1,605,1779138690.87034,2,1920,1200
1,1,606,1779138690.89116,2,1920,1200
1,1,607,1779138690.91198,2,1920,1200
1,1,608,1779138690.9328,2,1920,1200
1,1,609,1779138690.95362,2,1920,1200
1,1,610,1779138690.97444,2,1920,1200
1,1,611,1779138690.99526,2,1920,1200
1,1,612,1779138691.01608,2,1920,1200
1,1,613,1779138691.0369,2,1920,1200
1,1,614,1779138691.05772,2,1920,1200
1,1,615,1779138691.07854,2,1920,1200
1,1,616,1779138691.09936,2,1920,1200
1,1,617,1779138691.12018,2,1920,1200
1,1,618,1779138691.141,2,1920,1200
1,1,619,1779138691.16182,2,1920,1200
1,1,620,1779138691.18264,2,1920,1200
1,1,621,1779138691.20346,2,1920,1200
1,1,622,1779138691.22427,2,1920,1200
1,1,623,1779138691.24509,2,1920,1200
1,1,624,1779138691.26591,2,1920,1200
1,1,625,1779138691.28673,2,1920,1200
1,1,626,1779138691.30755,1,1920,1200
1,1,627,1779138691.32837,1,1920,1200
1,1,628,1779138691.34919,1,1920,1200
1,1,629,1779138691.37001,1,1920,1200
1,1,630,1779138691.39083,1,1920,1200
1,1,631,1779138691.41165,1,1920,1200
1,1,632,1779138691.43247,1,1920,1200
1,1,633,1779138691.45329,1,1920,1200
1,1,634,1779138691.47411,1,1920,1200
1,1,635,1779138691.49493,1,1920,1200
1,1,636,1779138691.51575,1,1920,1200
1,1,637,1779138691.53657,1,1920,1200
1,1,638,1779138691.55739,1,1920,1200
1,1,639,1779138691.57821,1,1920,1200
1,1,640,1779138691.59902,1,1920,1200
1,1,641,1779138691.61984,1,1920,1200
1,1,642,1779138691.64066,1,1920,1200
1,1,643,1779138691.66148,1,1920,1200
1,1,644,1779138691.6823,1,1920,1200
1,1,645,1779138691.70312,1,1920,1200
1,1,646,1779138691.72394,1,1920,1200
1,1,647,1779138691.74476,1,1920,1200
1,1,648,1779138691.76558,1,1920,1200
1,1,649,1779138691.7864,1,1920,1200
1,1,650,1779138691.80722,1,1920,1200
1,1,651,1779138691.82804,1,1920,1200
1,1,652,1779138691.84886,1,1920,1200
1,1,653,1779138691.86968,1,1920,1200
1,1,654,1779138691.8905,1,1920,1200
1,1,655,1779138691.91132,1,1920,1200
1,1,656,1779138691.93214,1,1920,1200
1,1,657,1779138691.95296,1,1920,1200
1,1,658,1779138691.97378,1,1920,1200
1,1,659,1779138691.99459,1,1920,1200
1,1,660,1779138692.01541,1,1920,1200
1,1,661,1779138692.03623,1,1920,1200
1,1,662,1779138692.05705,1,1920,1200
1,1,663,1779138692.07787,1,1920,1200
1,1,664,1779138692.09869,1,1920,1200
1,1,665,1779138692.11951,1,1920,1200
1,1,666,1779138692.14033,1,1920,1200
1,1,667,1779138692.16115,1,1920,1200
1,1,668,1779138692.18197,1,1920,1200
1,1,669,1779138692.20279,1,1920,1200
1,1,670,1779138692.22361,1,1920,1200
1,1,671,1779138692.24443,1,1920,1200
1,1,672,1779138692.26525,1,1920,1200
1,1,673,1779138692.28607,1,1920,1200
1,1,674,1779138692.30689,1,1920,1200
1,1,675,1779138692.32771,1,1920,1200
1,1,676,1779138692.34853,1,1920,1200
1,1,677,1779138692.36934,1,1920,1200
1,1,678,1779138692.39016,1,1920,1200
1,1,679,1779138692.41098,1,1920,1200
1,1,680,1779138692.4318,1,1920,1200
1,1,681,1779138692.45262,1,1920,1200
1,1,682,1779138692.47344,1,1920,1200
1,1,683,1779138692.49426,1,1920,1200
1,1,684,1779138692.51508,1,1920,1200
1,1,685,1779138692.5359,1,1920,1200
1,1,686,1779138692.55672,1,1920,1200
1,1,687,1779138692.57754,1,1920,1200
1,1,688,1779138692.59836,1,1920,1200
1,1,689,1779138692.61918,1,1920,1200
1,1,690,1779138692.64,1,1920,1200
1,1,691,1779138692.66082,1,1920,1200
1,1,692,1779138692.68164,1,1920,1200
1,1,693,1779138692.70245,1,1920,1200
1,1,694,1779138692.72327,1,1920,1200
1,1,695,1779138692.74409,1,1920,1200
1,1,696,1779138692.76491,1,1920,1200
1,1,697,1779138692.78573,1,1920,1200
1,1,698,1779138692.80655,1,1920,1200
1,1,699,1779138692.82737,1,1920,1200
1,1,700,1779138692.84819,1,1920,1200
1,1,701,1779138692.86901,1,1920,1200
1,1,702,1779138692.88983,1,1920,1200
1,1,703,1779138692.91065,1,1920,1200
1,1,704,1779138692.93147,1,1920,1200
1,1,705,1779138692.95229,1,1920,1200
1,1,706,1779138692.97311,1,1920,1200
1,1,707,1779138692.99393,1,1920,1200
1,1,708,1779138693.01475,1,1920,1200
1,1,709,1779138693.03557,1,1920,1200
1,1,710,1779138693.05638,1,1920,1200
1,1,711,1779138693.0772,1,1920,1200
1,1,712,1779138693.09802,1,1920,1200
1,1,713,1779138693.11884,1,1920,1200
1,1,714,1779138693.13966,1,1920,1200
1,1,715,1779138693.16048,1,1920,1200
1,1,716,1779138693.1813,1,1920,1200
1,1,717,1779138693.20212,1,1920,1200
1,1,718,1779138693.22294,1,1920,1200
1,1,719,1779138693.24376,1,1920,1200
1,1,720,1779138693.26458,1,1920,1200
1,1,721,1779138693.2854,1,1920,1200
1,1,722,1779138693.30622,1,1920,1200
1,1,723,1779138693.32704,1,1920,1200
1,1,724,1779138693.34786,1,1920,1200
1,1,725,1779138693.36867,1,1920,1200
1,1,726,1779138693.38949,1,1920,1200
1,1,727,1779138693.41031,1,1920,1200
1,1,728,1779138693.43113,1,1920,1200
1,1,729,1779138693.45195,1,1920,1200
1,1,730,1779138693.47277,1,1920,1200
1,1,731,1779138693.49359,1,1920,1200
1,1,732,1779138693.51441,1,1920,1200
1,1,733,1779138693.53523,1,1920,1200
1,1,734,1779138693.55605,1,1920,1200
1,1,735,1779138693.57687,1,1920,1200
1,1,736,1779138693.59769,1,1920,1200
1,1,737,1779138693.61851,1,1920,1200
1,1,738,1779138693.63933,1,1920,1200
1,1,739,1779138693.66015,1,1920,1200
1,1,740,1779138693.68097,1,1920,1200
1,1,741,1779138693.70178,1,1920,1200
1,1,742,1779138693.7226,1,1920,1200
1,1,743,1779138693.74342,1,1920,1200
1,1,744,1779138693.76424,1,1920,1200
1,1,745,1779138693.78506,1,1920,1200
1,1,746,1779138693.80588,1,1920,1200
1,1,747,1779138693.8267,1,1920,1200
1,1,748,1779138693.84752,1,1920,1200
1,1,749,1779138693.86834,1,1920,1200
1,1,750,1779138693.88916,1,1920,1200
1,1,751,1779138693.90998,1,1920,1200
1,1,752,1779138693.9308,1,1920,1200
1,1,753,1779138693.95162,1,1920,1200
1,1,754,1779138693.97244,1,1920,1200
1,1,755,1779138693.99326,1,1920,1200
1,1,756,1779138694.01408,1,1920,1200
1,1,757,1779138694.03489,1,1920,1200
1,1,758,1779138694.05572,1,1920,1200
1,1,759,1779138694.07653,1,1920,1200
1,1,760,1779138694.09735,1,1920,1200
1,1,761,1779138694.11817,1,1920,1200
1,1,762,1779138694.13899,1,1920,1200
1,1,763,1779138694.15981,1,1920,1200
1,1,764,1779138694.18063,1,1920,1200
1,1,765,1779138694.20145,1,1920,1200
1,1,766,1779138694.22227,1,1920,1200
1,1,767,1779138694.24309,1,1920,1200
1,1,768,1779138694.26391,1,1920,1200
1,1,769,1779138694.28473,1,1920,1200
1,1,770,1779138694.30555,1,1920,1200
1,1,771,1779138694.32637,1,1920,1200
1,1,772,1779138694.34719,1,1920,1200
1,1,773,1779138694.36801,1,1920,1200
1,1,774,1779138694.38882,1,1920,1200
1,1,775,1779138694.40964,1,1920,1200
1,1,776,1779138694.43046,1,1920,1200
1,1,777,1779138694.45128,1,1920,1200
1,1,778,1779138694.4721,1,1920,1200
1,1,779,1779138694.49292,1,1920,1200
1,1,780,1779138694.51374,1,1920,1200
1,1,781,1779138694.53456,1,1920,1200
1,1,782,1779138694.55538,1,1920,1200
1,1,783,1779138694.5762,1,1920,1200
1,1,784,1779138694.59702,1,1920,1200
1,1,785,1779138694.61784,1,1920,1200
1,1,786,1779138694.63866,1,1920,1200
1,1,787,1779138694.65948,1,1920,1200
1,1,788,1779138694.6803,1,1920,1200
1,1,789,1779138694.70111,1,1920,1200
1,1,790,1779138694.72193,1,1920,1200
1,1,791,1779138694.74275,1,1920,1200
1,1,792,1779138694.76357,1,1920,1200
1,1,793,1779138694.78439,1,1920,1200
1,1,794,1779138694.80521,1,1920,1200
1,1,795,1779138694.82603,1,1920,1200
1,1,796,1779138694.84685,1,1920,1200
1,1,797,1779138694.86767,1,1920,1200
1,1,798,1779138694.88849,1,1920,1200
1,1,799,1779138694.90931,1,1920,1200
1,1,800,1779138694.93013,1,1920,1200
1,1,801,1779138694.95095,1,1920,1200
1,1,802,1779138694.97177,1,1920,1200
1,1,803,1779138694.99259,1,1920,1200
1,1,804,1779138695.01341,1,1920,1200
1,1,805,1779138695.03422,1,1920,1200
1,1,806,1779138695.05504,1,1920,1200
1,1,807,1779138695.07586,1,1920,1200
1,1,808,1779138695.09668,1,1920,1200
1,1,809,1779138695.1175,1,1920,1200
1,1,810,1779138695.13832,1,1920,1200
1,1,811,1779138695.15914,1,1920,1200
1,1,812,1779138695.17996,1,1920,1200
1,1,813,1779138695.20078,1,1920,1200
1,1,814,1779138695.2216,1,1920,1200
1,1,815,1779138695.24242,1,1920,1200
1,1,816,1779138695.26324,1,1920,1200
1,1,817,1779138695.28406,1,1920,1200
1,1,818,1779138695.30487,2,1920,1200
1,1,819,1779138695.32569,2,1920,1200
1,1,820,1779138695.34651,2,1920,1200
1,1,821,1779138695.36733,2,1920,1200
1,1,822,1779138695.38815,2,1920,1200
1,1,823,1779138695.40897,2,1920,1200
1,1,824,1779138695.42979,2,1920,1200
1,1,825,1779138695.45061,2,1920,1200
1,1,826,1779138695.47143,2,1920,1200
1,1,827,1779138695.49225,2,1920,1200
1,1,828,1779138695.51307,2,1920,1200
1,1,829,1779138695.53389,2,1920,1200
1,1,830,1779138695.55471,2,1920,1200
1,1,831,1779138695.57553,2,1920,1200
1,1,832,1779138695.59634,2,1920,1200
1,1,833,1779138695.61717,2,1920,1200
1,1,834,1779138695.63798,2,1920,1200
1,1,835,1779138695.6588,2,1920,1200
1,1,836,1779138695.67962,2,1920,1200
1,1,837,1779138695.70044,2,1920,1200
1,1,838,1779138695.72126,2,1920,1200
1,1,839,1779138695.74208,2,1920,1200
1,1,840,1779138695.7629,2,1920,1200
1,1,841,1779138695.78372,2,1920,1200
1,1,842,1779138695.80454,2,1920,1200
1,1,843,1779138695.82536,2,1920,1200
1,1,844,1779138695.84618,2,1920,1200
1,1,845,1779138695.867,2,1920,1200
1,1,846,1779138695.88782,2,1920,1200
1,1,847,1779138695.90863,2,1920,1200
1,1,848,1779138695.92945,2,1920,1200
1,1,849,1779138695.95027,2,1920,1200
1,1,850,1779138695.97109,2,1920,1200
1,1,851,1779138695.99191,2,1920,1200
1,1,852,1779138696.01273,2,1920,1200
1,1,853,1779138696.03355,2,1920,1200
1,1,854,1779138696.05437,2,1920,1200
1,1,855,1779138696.07519,2,1920,1200
1,1,856,1779138696.09601,2,1920,1200
1,1,857,1779138696.11683,2,1920,1200
1,1,858,1779138696.13765,2,1920,1200
1,1,859,1779138696.15847,2,1920,1200
1,1,860,1779138696.17929,2,1920,1200
1,1,861,1779138696.20011,2,1920,1200
1,1,862,1779138696.22093,2,1920,1200
1,1,863,1779138696.24174,2,1920,1200
1,1,864,1779138696.26256,2,1920,1200
1,1,865,1779138696.28338,2,1920,1200
1,1,866,1779138696.3042,2,1920,1200
1,1,867,1779138696.32502,2,1920,1200
1,1,868,1779138696.34584,2,1920,1200
1,1,869,1779138696.36666,2,1920,1200
1,1,870,1779138696.38748,2,1920,1200
1,1,871,1779138696.4083,2,1920,1200
1,1,872,1779138696.42912,2,1920,1200
1,1,873,1779138696.44994,2,1920,1200
1,1,874,1779138696.47076,2,1920,1200
1,1,875,1779138696.49157,2,1920,1200
1,1,876,1779138696.51239,2,1920,1200
1,1,877,1779138696.53321,2,1920,1200
1,1,878,1779138696.55403,2,1920,1200
1,1,879,1779138696.57485,2,1920,1200
1,1,880,1779138696.59567,2,1920,1200
1,1,881,1779138696.61649,2,1920,1200
1,1,882,1779138696.63731,2,1920,1200
1,1,883,1779138696.65813,2,1920,1200
1,1,884,1779138696.67895,2,1920,1200
1,1,885,1779138696.69977,2,1920,1200
1,1,886,1779138696.72059,2,1920,1200
1,1,887,1779138696.74141,2,1920,1200
1,1,888,1779138696.76223,2,1920,1200
1,1,889,1779138696.78305,2,1920,1200
1,1,890,1779138696.80387,2,1920,1200
1,1,891,1779138696.82468,2,1920,1200
1,1,892,1779138696.8455,2,1920,1200
1,1,893,1779138696.86632,2,1920,1200
1,1,894,1779138696.88714,2,1920,1200
1,1,895,1779138696.90796,2,1920,1200
1,1,896,1779138696.92878,2,1920,1200
1,1,897,1779138696.9496,2,1920,1200
1,1,898,1779138696.97042,2,1920,1200
1,1,899,1779138696.99124,2,1920,1200
1,1,900,1779138697.01206,2,1920,1200
1,1,901,1779138697.03288,2,1920,1200
1,1,902,1779138697.0537,2,1920,1200
1,1,903,1779138697.07452,2,1920,1200
1,1,904,1779138697.09533,2,1920,1200
1,1,905,1779138697.11615,2,1920,1200
1,1,906,1779138697.13697,2,1920,1200
1,1,907,1779138697.15779,2,1920,1200
1,1,908,1779138697.17861,2,1920,1200
1,1,909,1779138697.19943,2,1920,1200
1,1,910,1779138697.22025,2,1920,1200
1,1,911,1779138697.24107,2,1920,1200
1,1,912,1779138697.26189,2,1920,1200
1,1,913,1779138697.28271,2,1920,1200
1,1,914,1779138697.30353,1,1920,1200
1,1,915,1779138697.32435,1,1920,1200
1,1,916,1779138697.34517,1,1920,1200
1,1,917,1779138697.36599,1,1920,1200
1,1,918,1779138697.3868,1,1920,1200
1,1,919,1779138697.40762,1,1920,1200
1,1,920,1779138697.42844,1,1920,1200
1,1,921,1779138697.44926,1,1920,1200
1,1,922,1779138697.47008,1,1920,1200
1,1,923,1779138697.4909,1,1920,1200
1,1,924,1779138697.51172,1,1920,1200
1,1,925,1779138697.53254,1,1920,1200
1,1,926,1779138697.55336,1,1920,1200
1,1,927,1779138697.57418,1,1920,1200
1,1,928,1779138697.595,1,1920,1200
1,1,929,1779138697.61582,1,1920,1200
1,1,930,1779138697.63663,1,1920,1200
1,1,931,1779138697.65745,1,1920,1200
1,1,932,1779138697.67827,1,1920,1200
1,1,933,1779138697.69909,1,1920,1200
1,1,934,1779138697.71991,1,1920,1200
1,1,935,1779138697.74073,1,1920,1200
1,1,936,1779138697.76155,1,1920,1200
1,1,937,1779138697.78237,1,1920,1200
1,1,938,1779138697.80319,1,1920,1200
1,1,939,1779138697.82401,1,1920,1200
1,1,940,1779138697.84483,1,1920,1200
1,1,941,1779138697.86565,1,1920,1200
1,1,942,1779138697.88647,1,1920,1200
1,1,943,1779138697.90728,1,1920,1200
1,1,944,1779138697.92811,1,1920,1200
1,1,945,1779138697.94892,1,1920,1200
1,1,946,1779138697.96974,1,1920,1200
1,1,947,1779138697.99056,1,1920,1200
1,1,948,1779138698.01138,1,1920,1200
1,1,949,1779138698.0322,1,1920,1200
1,1,950,1779138698.05302,1,1920,1200
1,1,951,1779138698.07384,1,1920,1200
1,1,952,1779138698.09466,1,1920,1200
1,1,953,1779138698.11548,1,1920,1200
1,1,954,1779138698.1363,1,1920,1200
1,1,955,1779138698.15712,1,1920,1200
1,1,956,1779138698.17793,1,1920,1200
1,1,957,1779138698.19875,1,1920,1200
1,1,958,1779138698.21957,1,1920,1200
1,1,959,1779138698.24039,1,1920,1200
1,1,960,1779138698.26121,1,1920,1200
1,1,961,1779138698.28203,1,1920,1200
1,1,962,1779138698.30285,1,1920,1200
1,1,963,1779138698.32367,1,1920,1200
1,1,964,1779138698.34449,1,1920,1200
1,1,965,1779138698.36531,1,1920,1200
1,1,966,1779138698.38613,1,1920,1200
1,1,967,1779138698.40695,1,1920,1200
1,1,968,1779138698.42777,1,1920,1200
1,1,969,1779138698.44858,1,1920,1200
1,1,970,1779138698.4694,1,1920,1200
1,1,971,1779138698.49022,1,1920,1200
1,1,972,1779138698.51104,1,1920,1200
1,1,973,1779138698.53186,1,1920,1200
1,1,974,1779138698.55268,1,1920,1200
1,1,975,1779138698.5735,1,1920,1200
1,1,976,1779138698.59432,1,1920,1200
1,1,977,1779138698.61514,1,1920,1200
1,1,978,1779138698.63596,1,1920,1200
1,1,979,1779138698.65678,1,1920,1200
1,1,980,1779138698.6776,1,1920,1200
1,1,981,1779138698.69842,1,1920,1200
1,1,982,1779138698.71923,1,1920,1200
1,1,983,1779138698.74005,1,1920,1200
1,1,984,1779138698.76087,1,1920,1200
1,1,985,1779138698.78169,1,1920,1200
1,1,986,1779138698.80251,1,1920,1200
1,1,987,1779138698.82333,1,1920,1200
1,1,988,1779138698.84415,1,1920,1200
1,1,989,1779138698.86497,1,1920,1200
1,1,990,1779138698.88579,1,1920,1200
1,1,991,1779138698.90661,1,1920,1200
1,1,992,1779138698.92743,1,1920,1200
1,1,993,1779138698.94825,1,1920,1200
1,1,994,1779138698.96907,1,1920,1200
1,1,995,1779138698.98989,1,1920,1200
1,1,996,1779138699.0107,1,1920,1200
1,1,997,1779138699.03152,1,1920,1200
1,1,998,1779138699.05234,1,1920,1200
1,1,999,1779138699.07316,1,1920,1200
1,1,1000,1779138699.09398,1,1920,1200
1,1,1001,1779138699.1148,1,1920,1200
1,1,1002,1779138699.13562,1,1920,1200
1,1,1003,1779138699.15644,1,1920,1200
1,1,1004,1779138699.17726,1,1920,1200
1,1,1005,1779138699.19808,1,1920,1200
1,1,1006,1779138699.2189,1,1920,1200
1,1,1007,1779138699.23972,1,1920,1200
1,1,1008,1779138699.26053,1,1920,1200
1,1,1009,1779138699.28135,1,1920,1200
1,1,1010,1779138699.30217,1,1920,1200
1,1,1011,1779138699.32299,1,1920,1200
1,1,1012,1779138699.34381,1,1920,1200
1,1,1013,1779138699.36463,1,1920,1200
1,1,1014,1779138699.38545,1,1920,1200
1,1,1015,1779138699.40627,1,1920,1200
1,1,1016,1779138699.42709,1,1920,1200
1,1,1017,1779138699.44791,1,1920,1200
1,1,1018,1779138699.46873,1,1920,1200
1,1,1019,1779138699.48955,1,1920,1200
1,1,1020,1779138699.51037,1,1920,1200
1,1,1021,1779138699.53118,1,1920,1200
1,1,1022,1779138699.552,1,1920,1200
1,1,1023,1779138699.57282,1,1920,1200
1,1,1024,1779138699.59364,1,1920,1200
1,1,1025,1779138699.61446,1,1920,1200
1,1,1026,1779138699.63528,1,1920,1200
1,1,1027,1779138699.6561,1,1920,1200
1,1,1028,1779138699.67692,1,1920,1200
1,1,1029,1779138699.69774,1,1920,1200
1,1,1030,1779138699.71856,1,1920,1200
1,1,1031,1779138699.73938,1,1920,1200
1,1,1032,1779138699.7602,1,1920,1200
1,1,1033,1779138699.78101,1,1920,1200
1,1,1034,1779138699.80183,1,1920,1200
1,1,1035,1779138699.82265,1,1920,1200
1,1,1036,1779138699.84347,1,1920,1200
1,1,1037,1779138699.86429,1,1920,1200
1,1,1038,1779138699.88511,1,1920,1200
1,1,1039,1779138699.90593,1,1920,1200
1,1,1040,1779138699.92675,1,1920,1200
1,1,1041,1779138699.94757,1,1920,1200
1,1,1042,1779138699.96839,1,1920,1200
1,1,1043,1779138699.98921,1,1920,1200
1,1,1044,1779138700.01003,1,1920,1200
1,1,1045,1779138700.03084,1,1920,1200
1,1,1046,1779138700.05166,1,1920,1200
1,1,1047,1779138700.07248,1,1920,1200
1,1,1048,1779138700.0933,1,1920,1200
1,1,1049,1779138700.11412,1,1920,1200
1,1,1050,1779138700.13494,1,1920,1200
1,1,1051,1779138700.15576,1,1920,1200
1,1,1052,1779138700.17658,1,1920,1200
1,1,1053,1779138700.1974,1,1920,1200
1,1,1054,1779138700.21822,1,1920,1200
1,1,1055,1779138700.23904,1,1920,1200
1,1,1056,1779138700.25986,1,1920,1200
1,1,1057,1779138700.28067,1,1920,1200
1,1,1058,1779138700.30149,1,1920,1200
1,1,1059,1779138700.32231,1,1920,1200
1,1,1060,1779138700.34313,1,1920,1200
1,1,1061,1779138700.36395,1,1920,1200
1,1,1062,1779138700.38477,1,1920,1200
1,1,1063,1779138700.40559,1,1920,1200
1,1,1064,1779138700.42641,1,1920,1200
1,1,1065,1779138700.44723,1,1920,1200
1,1,1066,1779138700.46805,1,1920,1200
1,1,1067,1779138700.48887,1,1920,1200
1,1,1068,1779138700.50969,1,1920,1200
1,1,1069,1779138700.5305,1,1920,1200
1,1,1070,1779138700.55132,1,1920,1200
1,1,1071,1779138700.57214,1,1920,1200
1,1,1072,1779138700.59296,1,1920,1200
1,1,1073,1779138700.61378,1,1920,1200
1,1,1074,1779138700.6346,1,1920,1200
1,1,1075,1779138700.65542,1,1920,1200
1,1,1076,1779138700.67624,1,1920,1200
1,1,1077,1779138700.69706,1,1920,1200
1,1,1078,1779138700.71788,1,1920,1200
1,1,1079,1779138700.7387,1,1920,1200
1,1,1080,1779138700.75951,1,1920,1200
1,1,1081,1779138700.78033,1,1920,1200
1,1,1082,1779138700.80115,1,1920,1200
1,1,1083,1779138700.82197,1,1920,1200
1,1,1084,1779138700.84279,1,1920,1200
1,1,1085,1779138700.86361,1,1920,1200
1,1,1086,1779138700.88443,1,1920,1200
1,1,1087,1779138700.90525,1,1920,1200
1,1,1088,1779138700.92607,1,1920,1200
1,1,1089,1779138700.94689,1,1920,1200
1,1,1090,1779138700.96771,1,1920,1200
1,1,1091,1779138700.98853,1,1920,1200
1,1,1092,1779138701.00934,1,1920,1200
1,1,1093,1779138701.03016,1,1920,1200
1,1,1094,1779138701.05098,1,1920,1200
1,1,1095,1779138701.0718,1,1920,1200
1,1,1096,1779138701.09262,1,1920,1200
1,1,1097,1779138701.11344,1,1920,1200
1,1,1098,1779138701.13426,1,1920,1200
1,1,1099,1779138701.15508,1,1920,1200
1,1,1100,1779138701.1759,1,1920,1200
1,1,1101,1779138701.19672,1,1920,1200
1,1,1102,1779138701.21754,1,1920,1200
1,1,1103,1779138701.23836,1,1920,1200
1,1,1104,1779138701.25918,1,1920,1200
1,1,1105,1779138701.27999,1,1920,1200
1,1,1106,1779138701.30081,2,1920,1200
1,1,1107,1779138701.32163,2,1920,1200
1,1,1108,1779138701.34245,2,1920,1200
1,1,1109,1779138701.36327,2,1920,1200
1,1,1110,1779138701.38409,2,1920,1200
1,1,1111,1779138701.40491,2,1920,1200
1,1,1112,1779138701.42573,2,1920,1200
1,1,1113,1779138701.44655,2,1920,1200
1,1,1114,1779138701.46737,2,1920,1200
1,1,1115,1779138701.48818,2,1920,1200
1,1,1116,1779138701.509,2,1920,1200
1,1,1117,1779138701.52982,2,1920,1200
1,1,1118,1779138701.55064,2,1920,1200
1,1,1119,1779138701.57146,2,1920,1200
1,1,1120,1779138701.59228,2,1920,1200
1,1,1121,1779138701.6131,2,1920,1200
1,1,1122,1779138701.63392,2,1920,1200
1,1,1123,1779138701.65474,2,1920,1200
1,1,1124,1779138701.67556,2,1920,1200
1,1,1125,1779138701.69638,2,1920,1200
1,1,1126,1779138701.71719,2,1920,1200
1,1,1127,1779138701.73801,2,1920,1200
1,1,1128,1779138701.75883,2,1920,1200
1,1,1129,1779138701.77965,2,1920,1200
1,1,1130,1779138701.80047,2,1920,1200
1,1,1131,1779138701.82129,2,1920,1200
1,1,1132,1779138701.84211,2,1920,1200
1,1,1133,1779138701.86293,2,1920,1200
1,1,1134,1779138701.88375,2,1920,1200
1,1,1135,1779138701.90457,2,1920,1200
1,1,1136,1779138701.92539,2,1920,1200
1,1,1137,1779138701.94621,2,1920,1200
1,1,1138,1779138701.96703,2,1920,1200
1,1,1139,1779138701.98784,2,1920,1200
1,1,1140,1779138702.00866,2,1920,1200
1,1,1141,1779138702.02948,2,1920,1200
1,1,1142,1779138702.0503,2,1920,1200
1,1,1143,1779138702.07112,2,1920,1200
1,1,1144,1779138702.09194,2,1920,1200
1,1,1145,1779138702.11276,2,1920,1200
1,1,1146,1779138702.13358,2,1920,1200
1,1,1147,1779138702.1544,2,1920,1200
1,1,1148,1779138702.17522,2,1920,1200
1,1,1149,1779138702.19603,2,1920,1200
1,1,1150,1779138702.21685,2,1920,1200
1,1,1151,1779138702.2377,2,1920,1200
1,1,1152,1779138702.25849,2,1920,1200
1,1,1153,1779138702.27931,2,1920,1200
1,1,1154,1779138702.30013,2,1920,1200
1,1,1155,1779138702.32095,2,1920,1200
1,1,1156,1779138702.34177,2,1920,1200
1,1,1157,1779138702.36259,2,1920,1200
1,1,1158,1779138702.38341,2,1920,1200
1,1,1159,1779138702.40423,2,1920,1200
1,1,1160,1779138702.42505,2,1920,1200
1,1,1161,1779138702.44587,2,1920,1200
1,1,1162,1779138702.46668,2,1920,1200
1,1,1163,1779138702.4875,2,1920,1200
1,1,1164,1779138702.50832,2,1920,1200
1,1,1165,1779138702.52914,2,1920,1200
1,1,1166,1779138702.54996,2,1920,1200
1,1,1167,1779138702.57078,2,1920,1200
1,1,1168,1779138702.5916,2,1920,1200
1,1,1169,1779138702.61242,2,1920,1200
1,1,1170,1779138702.63324,2,1920,1200
1,1,1171,1779138702.65406,2,1920,1200
1,1,1172,1779138702.67488,2,1920,1200
1,1,1173,1779138702.69569,2,1920,1200
1,1,1174,1779138702.71651,2,1920,1200
1,1,1175,1779138702.73733,2,1920,1200
1,1,1176,1779138702.75815,2,1920,1200
1,1,1177,1779138702.77897,2,1920,1200
1,1,1178,1779138702.79979,2,1920,1200
1,1,1179,1779138702.82061,2,1920,1200
1,1,1180,1779138702.84143,2,1920,1200
1,1,1181,1779138702.86225,2,1920,1200
1,1,1182,1779138702.88307,2,1920,1200
1,1,1183,1779138702.90389,2,1920,1200
1,1,1184,1779138702.9247,2,1920,1200
1,1,1185,1779138702.94552,2,1920,1200
1,1,1186,1779138702.96634,2,1920,1200
1,1,1187,1779138702.98716,2,1920,1200
1,1,1188,1779138703.00798,2,1920,1200
1,1,1189,1779138703.0288,2,1920,1200
1,1,1190,1779138703.04962,2,1920,1200
1,1,1191,1779138703.07044,2,1920,1200
1,1,1192,1779138703.09126,2,1920,1200
1,1,1193,1779138703.11208,2,1920,1200
1,1,1194,1779138703.13289,2,1920,1200
1,1,1195,1779138703.15371,2,1920,1200
1,1,1196,1779138703.17453,2,1920,1200
1,1,1197,1779138703.19535,2,1920,1200
1,1,1198,1779138703.21617,2,1920,1200
1,1,1199,1779138703.23699,2,1920,1200
1,1,1200,1779138703.25781,2,1920,1200
1,1,1201,1779138703.27863,2,1920,1200
1,1,1202,1779138703.29945,1,1920,1200
1,1,1203,1779138703.32027,1,1920,1200
1,1,1204,1779138703.34109,1,1920,1200
1,1,1205,1779138703.36191,1,1920,1200
1,1,1206,1779138703.38272,1,1920,1200
1,1,1207,1779138703.40354,1,1920,1200
1,1,1208,1779138703.42436,1,1920,1200
1,1,1209,1779138703.44518,1,1920,1200
1,1,1210,1779138703.466,1,1920,1200
1,1,1211,1779138703.48682,1,1920,1200
1,1,1212,1779138703.50764,1,1920,1200
1,1,1213,1779138703.52846,1,1920,1200
1,1,1214,1779138703.54928,1,1920,1200
1,1,1215,1779138703.5701,1,1920,1200
1,1,1216,1779138703.59091,1,1920,1200
1,1,1217,1779138703.61173,1,1920,1200
1,1,1218,1779138703.63255,1,1920,1200
1,1,1219,1779138703.65337,1,1920,1200
1,1,1220,1779138703.67419,1,1920,1200
1,1,1221,1779138703.69501,1,1920,1200
1,1,1222,1779138703.71583,1,1920,1200
1,1,1223,1779138703.73665,1,1920,1200
1,1,1224,1779138703.75747,1,1920,1200
1,1,1225,1779138703.77829,1,1920,1200
1,1,1226,1779138703.7991,1,1920,1200
1,1,1227,1779138703.81992,1,1920,1200
1,1,1228,1779138703.84074,1,1920,1200
1,1,1229,1779138703.86156,1,1920,1200
1,1,1230,1779138703.88238,1,1920,1200
1,1,1231,1779138703.9032,1,1920,1200
1,1,1232,1779138703.92402,1,1920,1200
1,1,1233,1779138703.94484,1,1920,1200
1,1,1234,1779138703.96566,1,1920,1200
1,1,1235,1779138703.98648,1,1920,1200
1,1,1236,1779138704.0073,1,1920,1200
1,1,1237,1779138704.02811,1,1920,1200
1,1,1238,1779138704.04893,1,1920,1200
1,1,1239,1779138704.06975,1,1920,1200
1,1,1240,1779138704.09057,1,1920,1200
1,1,1241,1779138704.11139,1,1920,1200
1,1,1242,1779138704.13221,1,1920,1200
1,1,1243,1779138704.15303,1,1920,1200
1,1,1244,1779138704.17385,1,1920,1200
1,1,1245,1779138704.19467,1,1920,1200
1,1,1246,1779138704.21549,1,1920,1200
1,1,1247,1779138704.23631,1,1920,1200
1,1,1248,1779138704.25712,1,1920,1200
1,1,1249,1779138704.27794,1,1920,1200
1,1,1250,1779138704.29876,1,1920,1200
1,1,1251,1779138704.31958,1,1920,1200
1,1,1252,1779138704.3404,1,1920,1200
1,1,1253,1779138704.36122,1,1920,1200
1,1,1254,1779138704.38204,1,1920,1200
1,1,1255,1779138704.40286,1,1920,1200
1,1,1256,1779138704.42368,1,1920,1200
1,1,1257,1779138704.4445,1,1920,1200
1,1,1258,1779138704.46532,1,1920,1200
1,1,1259,1779138704.48613,1,1920,1200
1,1,1260,1779138704.50695,1,1920,1200
1,1,1261,1779138704.52777,1,1920,1200
1,1,1262,1779138704.54859,1,1920,1200
1,1,1263,1779138704.56941,1,1920,1200
1,1,1264,1779138704.59023,1,1920,1200
1,1,1265,1779138704.61105,1,1920,1200
1,1,1266,1779138704.63187,1,1920,1200
1,1,1267,1779138704.65269,1,1920,1200
1,1,1268,1779138704.6735,1,1920,1200
1,1,1269,1779138704.69432,1,1920,1200
1,1,1270,1779138704.71514,1,1920,1200
1,1,1271,1779138704.73596,1,1920,1200
1,1,1272,1779138704.75678,1,1920,1200
1,1,1273,1779138704.7776,1,1920,1200
1,1,1274,1779138704.79842,1,1920,1200
1,1,1275,1779138704.81924,1,1920,1200
1,1,1276,1779138704.84006,1,1920,1200
1,1,1277,1779138704.86088,1,1920,1200
1,1,1278,1779138704.8817,1,1920,1200
1,1,1279,1779138704.90252,1,1920,1200
1,1,1280,1779138704.92333,1,1920,1200
1,1,1281,1779138704.94415,1,1920,1200
1,1,1282,1779138704.96497,1,1920,1200
1,1,1283,1779138704.98579,1,1920,1200
1,1,1284,1779138705.00661,1,1920,1200
1,1,1285,1779138705.02743,1,1920,1200
1,1,1286,1779138705.04825,1,1920,1200
1,1,1287,1779138705.06907,1,1920,1200
1,1,1288,1779138705.08989,1,1920,1200
1,1,1289,1779138705.11071,1,1920,1200
1,1,1290,1779138705.13153,1,1920,1200
1,1,1291,1779138705.15234,1,1920,1200
1,1,1292,1779138705.17316,1,1920,1200
1,1,1293,1779138705.19398,1,1920,1200
1,1,1294,1779138705.2148,1,1920,1200
1,1,1295,1779138705.23562,1,1920,1200
1,1,1296,1779138705.25644,1,1920,1200
1,1,1297,1779138705.27726,1,1920,1200
1,1,1298,1779138705.29808,1,1920,1200
1,1,1299,1779138705.3189,1,1920,1200
1,1,1300,1779138705.33972,1,1920,1200
1,1,1301,1779138705.36053,1,1920,1200
1,1,1302,1779138705.38135,1,1920,1200
1,1,1303,1779138705.40217,1,1920,1200
1,1,1304,1779138705.42299,1,1920,1200
1,1,1305,1779138705.44381,1,1920,1200
1,1,1306,1779138705.46463,1,1920,1200
1,1,1307,1779138705.48545,1,1920,1200
1,1,1308,1779138705.50627,1,1920,1200
1,1,1309,1779138705.52709,1,1920,1200
1,1,1310,1779138705.5479,1,1920,1200
1,1,1311,1779138705.56872,1,1920,1200
1,1,1312,1779138705.58954,1,1920,1200
1,1,1313,1779138705.61036,1,1920,1200
1,1,1314,1779138705.63118,1,1920,1200
1,1,1315,1779138705.652,1,1920,1200
1,1,1316,1779138705.67282,1,1920,1200
1,1,1317,1779138705.69364,1,1920,1200
1,1,1318,1779138705.71446,1,1920,1200
1,1,1319,1779138705.73528,1,1920,1200
1,1,1320,1779138705.75609,1,1920,1200
1,1,1321,1779138705.77691,1,1920,1200
1,1,1322,1779138705.79773,1,1920,1200
1,1,1323,1779138705.81857,1,1920,1200
1,1,1324,1779138705.83937,1,1920,1200
1,1,1325,1779138705.86019,1,1920,1200
1,1,1326,1779138705.88101,1,1920,1200
1,1,1327,1779138705.90183,1,1920,1200
1,1,1328,1779138705.92265,1,1920,1200
1,1,1329,1779138705.94347,1,1920,1200
1,1,1330,1779138705.96429,1,1920,1200
1,1,1331,1779138705.9851,1,1920,1200
1,1,1332,1779138706.00592,1,1920,1200
1,1,1333,1779138706.02674,1,1920,1200
1,1,1334,1779138706.04756,1,1920,1200
1,1,1335,1779138706.06838,1,1920,1200
1,1,1336,1779138706.0892,1,1920,1200
1,1,1337,1779138706.11002,1,1920,1200
1,1,1338,1779138706.13084,1,1920,1200
1,1,1339,1779138706.15166,1,1920,1200
1,1,1340,1779138706.17247,1,1920,1200
1,1,1341,1779138706.19329,1,1920,1200
1,1,1342,1779138706.21411,1,1920,1200
1,1,1343,1779138706.23493,1,1920,1200
1,1,1344,1779138706.25575,1,1920,1200
1,1,1345,1779138706.27657,1,1920,1200
1,1,1346,1779138706.29739,1,1920,1200
1,1,1347,1779138706.31821,1,1920,1200
1,1,1348,1779138706.33903,1,1920,1200
1,1,1349,1779138706.35985,1,1920,1200
1,1,1350,1779138706.38067,1,1920,1200
1,1,1351,1779138706.40148,1,1920,1200
1,1,1352,1779138706.4223,1,1920,1200
1,1,1353,1779138706.44312,1,1920,1200
1,1,1354,1779138706.46394,1,1920,1200
1,1,1355,1779138706.48476,1,1920,1200
1,1,1356,1779138706.50558,1,1920,1200
1,1,1357,1779138706.5264,1,1920,1200
1,1,1358,1779138706.54722,1,1920,1200
1,1,1359,1779138706.56804,1,1920,1200
1,1,1360,1779138706.58886,1,1920,1200
1,1,1361,1779138706.60967,1,1920,1200
1,1,1362,1779138706.63049,1,1920,1200
1,1,1363,1779138706.65131,1,1920,1200
1,1,1364,1779138706.67213,1,1920,1200
1,1,1365,1779138706.69295,1,1920,1200
1,1,1366,1779138706.71377,1,1920,1200
1,1,1367,1779138706.73459,1,1920,1200
1,1,1368,1779138706.75541,1,1920,1200
1,1,1369,1779138706.77623,1,1920,1200
1,1,1370,1779138706.79705,1,1920,1200
1,1,1371,1779138706.81786,1,1920,1200
1,1,1372,1779138706.83868,1,1920,1200
1,1,1373,1779138706.8595,1,1920,1200
1,1,1374,1779138706.88032,1,1920,1200
1,1,1375,1779138706.90114,1,1920,1200
1,1,1376,1779138706.92196,1,1920,1200
1,1,1377,1779138706.94278,1,1920,1200
1,1,1378,1779138706.9636,1,1920,1200
1,1,1379,1779138706.98442,1,1920,1200
1,1,1380,1779138707.00523,1,1920,1200
1,1,1381,1779138707.02605,1,1920,1200
1,1,1382,1779138707.04687,1,1920,1200
1,1,1383,1779138707.06769,1,1920,1200
1,1,1384,1779138707.08851,1,1920,1200
1,1,1385,1779138707.10933,1,1920,1200
1,1,1386,1779138707.13015,1,1920,1200
1,1,1387,1779138707.15097,1,1920,1200
1,1,1388,1779138707.17179,1,1920,1200
1,1,1389,1779138707.19261,1,1920,1200
1,1,1390,1779138707.21342,1,1920,1200
1,1,1391,1779138707.23424,1,1920,1200
1,1,1392,1779138707.25506,1,1920,1200
1,1,1393,1779138707.27588,1,1920,1200
1,1,1394,1779138707.2967,2,1920,1200
1,1,1395,1779138707.31752,2,1920,1200
1,1,1396,1779138707.33834,2,1920,1200
1,1,1397,1779138707.35916,2,1920,1200
1,1,1398,1779138707.37998,2,1920,1200
1,1,1399,1779138707.4008,2,1920,1200
1,1,1400,1779138707.42161,2,1920,1200
1,1,1401,1779138707.44243,2,1920,1200
1,1,1402,1779138707.46325,2,1920,1200
1,1,1403,1779138707.48407,2,1920,1200
1,1,1404,1779138707.50489,2,1920,1200
1,1,1405,1779138707.52571,2,1920,1200
1,1,1406,1779138707.54653,2,1920,1200
1,1,1407,1779138707.56735,2,1920,1200
1,1,1408,1779138707.58817,2,1920,1200
1,1,1409,1779138707.60899,2,1920,1200
1,1,1410,1779138707.6298,2,1920,1200
1,1,1411,1779138707.65062,2,1920,1200
1,1,1412,1779138707.67144,2,1920,1200
1,1,1413,1779138707.69226,2,1920,1200
1,1,1414,1779138707.71308,2,1920,1200
1,1,1415,1779138707.7339,2,1920,1200
1,1,1416,1779138707.75472,2,1920,1200
1,1,1417,1779138707.77554,2,1920,1200
1,1,1418,1779138707.79636,2,1920,1200
1,1,1419,1779138707.81717,2,1920,1200
1,1,1420,1779138707.83799,2,1920,1200
1,1,1421,1779138707.85881,2,1920,1200
1,1,1422,1779138707.87963,2,1920,1200
1,1,1423,1779138707.90045,2,1920,1200
1,1,1424,1779138707.92127,2,1920,1200
1,1,1425,1779138707.94209,2,1920,1200
1,1,1426,1779138707.96291,2,1920,1200
1,1,1427,1779138707.98373,2,1920,1200
1,1,1428,1779138708.00455,2,1920,1200
1,1,1429,1779138708.02536,2,1920,1200
1,1,1430,1779138708.04618,2,1920,1200
1,1,1431,1779138708.067,2,1920,1200
1,1,1432,1779138708.08782,2,1920,1200
1,1,1433,1779138708.10864,2,1920,1200
1,1,1434,1779138708.12946,2,1920,1200
1,1,1435,1779138708.15028,2,1920,1200
1,1,1436,1779138708.1711,2,1920,1200
1,1,1437,1779138708.19192,2,1920,1200
1,1,1438,1779138708.21273,2,1920,1200
1,1,1439,1779138708.23355,2,1920,1200
1,1,1440,1779138708.25437,2,1920,1200
1,1,1441,1779138708.27519,2,1920,1200
1,1,1442,1779138708.29601,2,1920,1200
1,1,1443,1779138708.31683,2,1920,1200
1,1,1444,1779138708.33765,2,1920,1200
1,1,1445,1779138708.35847,2,1920,1200
1,1,1446,1779138708.37929,2,1920,1200
1,1,1447,1779138708.40011,2,1920,1200
1,1,1448,1779138708.42092,2,1920,1200
1,1,1449,1779138708.44174,2,1920,1200
1,1,1450,1779138708.46256,2,1920,1200
1,1,1451,1779138708.48338,2,1920,1200
1,1,1452,1779138708.5042,2,1920,1200
1,1,1453,1779138708.52502,2,1920,1200
1,1,1454,1779138708.54584,2,1920,1200
1,1,1455,1779138708.56666,2,1920,1200
1,1,1456,1779138708.58748,2,1920,1200
1,1,1457,1779138708.60829,2,1920,1200
1,1,1458,1779138708.62911,2,1920,1200
1,1,1459,1779138708.64993,2,1920,1200
1,1,1460,1779138708.67075,2,1920,1200
1,1,1461,1779138708.69157,2,1920,1200
1,1,1462,1779138708.71239,2,1920,1200
1,1,1463,1779138708.73321,2,1920,1200
1,1,1464,1779138708.75403,2,1920,1200
1,1,1465,1779138708.77485,2,1920,1200
1,1,1466,1779138708.79566,2,1920,1200
1,1,1467,1779138708.81648,2,1920,1200
1,1,1468,1779138708.8373,2,1920,1200
1,1,1469,1779138708.85812,2,1920,1200
1,1,1470,1779138708.87894,2,1920,1200
1,1,1471,1779138708.89976,2,1920,1200
1,1,1472,1779138708.92058,2,1920,1200
1,1,1473,1779138708.9414,2,1920,1200
1,1,1474,1779138708.96222,2,1920,1200
1,1,1475,1779138708.98303,2,1920,1200
1,1,1476,1779138709.00385,2,1920,1200
1,1,1477,1779138709.02467,2,1920,1200
1,1,1478,1779138709.04549,2,1920,1200
1,1,1479,1779138709.06631,2,1920,1200
1,1,1480,1779138709.08713,2,1920,1200
1,1,1481,1779138709.10795,2,1920,1200
1,1,1482,1779138709.12877,2,1920,1200
1,1,1483,1779138709.14959,2,1920,1200
1,1,1484,1779138709.17041,2,1920,1200
1,1,1485,1779138709.19123,2,1920,1200
1,1,1486,1779138709.21204,2,1920,1200
1,1,1487,1779138709.23286,2,1920,1200
1,1,1488,1779138709.25368,2,1920,1200
1,1,1489,1779138709.2745,2,1920,1200
1,1,1490,1779138709.29532,2,1920,1200
1,1,1491,1779138709.31614,2,1920,1200
1,1,1492,1779138709.33696,2,1920,1200
1,1,1493,1779138709.35778,2,1920,1200
1,1,1494,1779138709.37859,2,1920,1200
1,1,1495,1779138709.39941,2,1920,1200
1,1,1496,1779138709.42023,2,1920,1200
1,1,1497,1779138709.44105,2,1920,1200
1,1,1498,1779138709.46187,2,1920,1200
1,1,1499,1779138709.48269,2,1920,1200
1,1,1500,1779138709.50351,2,1920,1200
1,1,1501,1779138709.52433,2,1920,1200
1,1,1502,1779138709.54515,2,1920,1200
1,1,1503,1779138709.56596,2,1920,1200
1,1,1504,1779138709.58678,2,1920,1200
1,1,1505,1779138709.6076,2,1920,1200
1,1,1506,1779138709.62842,2,1920,1200
1,1,1507,1779138709.64924,2,1920,1200
1,1,1508,1779138709.67006,2,1920,1200
1,1,1509,1779138709.69088,2,1920,1200
1,1,1510,1779138709.7117,2,1920,1200
1,1,1511,1779138709.73252,2,1920,1200
1,1,1512,1779138709.75333,2,1920,1200
1,1,1513,1779138709.77415,2,1920,1200
1,1,1514,1779138709.79497,2,1920,1200
1,1,1515,1779138709.81579,2,1920,1200
1,1,1516,1779138709.83661,2,1920,1200
1,1,1517,1779138709.85743,2,1920,1200
1,1,1518,1779138709.87825,2,1920,1200
1,1,1519,1779138709.89907,2,1920,1200
1,1,1520,1779138709.91989,2,1920,1200
1,1,1521,1779138709.9407,2,1920,1200
1,1,1522,1779138709.96152,2,1920,1200
1,1,1523,1779138709.98234,2,1920,1200
1,1,1524,1779138710.00316,2,1920,1200
1,1,1525,1779138710.02398,2,1920,1200
1,1,1526,1779138710.0448,2,1920,1200
1,1,1527,1779138710.06562,2,1920,1200
1,1,1528,1779138710.08644,2,1920,1200
1,1,1529,1779138710.10726,2,1920,1200
1,1,1530,1779138710.12808,2,1920,1200
1,1,1531,1779138710.14889,2,1920,1200
1,1,1532,1779138710.16971,2,1920,1200
1,1,1533,1779138710.19053,2,1920,1200
1,1,1534,1779138710.21135,2,1920,1200
1,1,1535,1779138710.23217,2,1920,1200
1,1,1536,1779138710.25299,2,1920,1200
1,1,1537,1779138710.27381,2,1920,1200
1,1,1538,1779138710.29463,2,1920,1200
1,1,1539,1779138710.31545,2,1920,1200
1,1,1540,1779138710.33626,2,1920,1200
1,1,1541,1779138710.35708,2,1920,1200
1,1,1542,1779138710.3779,2,1920,1200
1,1,1543,1779138710.39872,2,1920,1200
1,1,1544,1779138710.41954,2,1920,1200
1,1,1545,1779138710.44036,2,1920,1200
1,1,1546,1779138710.46118,2,1920,1200
1,1,1547,1779138710.482,2,1920,1200
1,1,1548,1779138710.50282,2,1920,1200
1,1,1549,1779138710.52363,2,1920,1200
1,1,1550,1779138710.54445,2,1920,1200
1,1,1551,1779138710.56527,2,1920,1200
1,1,1552,1779138710.58609,2,1920,1200
1,1,1553,1779138710.60691,2,1920,1200
1,1,1554,1779138710.62773,2,1920,1200
1,1,1555,1779138710.64855,2,1920,1200
1,1,1556,1779138710.66937,2,1920,1200
1,1,1557,1779138710.69019,2,1920,1200
1,1,1558,1779138710.711,2,1920,1200
1,1,1559,1779138710.73182,2,1920,1200
1,1,1560,1779138710.75264,2,1920,1200
1,1,1561,1779138710.77346,2,1920,1200
1,1,1562,1779138710.79428,2,1920,1200
1,1,1563,1779138710.8151,2,1920,1200
1,1,1564,1779138710.83592,2,1920,1200
1,1,1565,1779138710.85674,2,1920,1200
1,1,1566,1779138710.87755,2,1920,1200
1,1,1567,1779138710.89837,2,1920,1200
1,1,1568,1779138710.91919,2,1920,1200
1,1,1569,1779138710.94001,2,1920,1200
1,1,1570,1779138710.96083,2,1920,1200
1,1,1571,1779138710.98165,2,1920,1200
1,1,1572,1779138711.00247,2,1920,1200
1,1,1573,1779138711.02329,2,1920,1200
1,1,1574,1779138711.04411,2,1920,1200
1,1,1575,1779138711.06492,2,1920,1200
1,1,1576,1779138711.08574,2,1920,1200
1,1,1577,1779138711.10656,2,1920,1200
1,1,1578,1779138711.12738,2,1920,1200
1,1,1579,1779138711.1482,2,1920,1200
1,1,1580,1779138711.16902,2,1920,1200
1,1,1581,1779138711.18984,2,1920,1200
1,1,1582,1779138711.21066,2,1920,1200
1,1,1583,1779138711.23148,2,1920,1200
1,1,1584,1779138711.2523,2,1920,1200
1,1,1585,1779138711.27311,2,1920,1200
1,1,1586,1779138711.29393,1,1920,1200
1,1,1587,1779138711.31475,1,1920,1200
1,1,1588,1779138711.33557,1,1920,1200
1,1,1589,1779138711.35639,1,1920,1200
1,1,1590,1779138711.37721,1,1920,1200
1,1,1591,1779138711.39803,1,1920,1200
1,1,1592,1779138711.41885,1,1920,1200
1,1,1593,1779138711.43966,1,1920,1200
1,1,1594,1779138711.46048,1,1920,1200
1,1,1595,1779138711.4813,1,1920,1200
1,1,1596,1779138711.50212,1,1920,1200
1,1,1597,1779138711.52294,1,1920,1200
1,1,1598,1779138711.54376,1,1920,1200
1,1,1599,1779138711.56458,1,1920,1200
1,1,1600,1779138711.5854,1,1920,1200
1,1,1601,1779138711.60622,1,1920,1200
1,1,1602,1779138711.62703,1,1920,1200
1,1,1603,1779138711.64785,1,1920,1200
1,1,1604,1779138711.66867,1,1920,1200
1,1,1605,1779138711.68949,1,1920,1200
1,1,1606,1779138711.71031,1,1920,1200
1,1,1607,1779138711.73113,1,1920,1200
1,1,1608,1779138711.75195,1,1920,1200
1,1,1609,1779138711.77277,1,1920,1200
1,1,1610,1779138711.79358,1,1920,1200
1,1,1611,1779138711.8144,1,1920,1200
1,1,1612,1779138711.83522,1,1920,1200
1,1,1613,1779138711.85604,1,1920,1200
1,1,1614,1779138711.87686,1,1920,1200
1,1,1615,1779138711.89768,1,1920,1200
1,1,1616,1779138711.9185,1,1920,1200
1,1,1617,1779138711.93932,1,1920,1200
1,1,1618,1779138711.96014,1,1920,1200
1,1,1619,1779138711.98095,1,1920,1200
1,1,1620,1779138712.00177,1,1920,1200
1,1,1621,1779138712.02259,1,1920,1200
1,1,1622,1779138712.04341,1,1920,1200
1,1,1623,1779138712.06423,1,1920,1200
1,1,1624,1779138712.08505,1,1920,1200
1,1,1625,1779138712.10587,1,1920,1200
1,1,1626,1779138712.12669,1,1920,1200
1,1,1627,1779138712.14751,1,1920,1200
1,1,1628,1779138712.16832,1,1920,1200
1,1,1629,1779138712.18914,1,1920,1200
1,1,1630,1779138712.20996,1,1920,1200
1,1,1631,1779138712.23078,1,1920,1200
1,1,1632,1779138712.2516,1,1920,1200
1,1,1633,1779138712.27242,1,1920,1200
1,1,1634,1779138712.29324,1,1920,1200
1,1,1635,1779138712.31406,1,1920,1200
1,1,1636,1779138712.33487,1,1920,1200
1,1,1637,1779138712.35569,1,1920,1200
1,1,1638,1779138712.37651,1,1920,1200
1,1,1639,1779138712.39733,1,1920,1200
1,1,1640,1779138712.41815,1,1920,1200
1,1,1641,1779138712.43897,1,1920,1200
1,1,1642,1779138712.45979,1,1920,1200
1,1,1643,1779138712.48061,1,1920,1200
1,1,1644,1779138712.50143,1,1920,1200
1,1,1645,1779138712.52224,1,1920,1200
1,1,1646,1779138712.54306,1,1920,1200
1,1,1647,1779138712.56388,1,1920,1200
1,1,1648,1779138712.5847,1,1920,1200
1,1,1649,1779138712.60552,1,1920,1200
1,1,1650,1779138712.62634,1,1920,1200
1,1,1651,1779138712.64716,1,1920,1200
1,1,1652,1779138712.66798,1,1920,1200
1,1,1653,1779138712.6888,1,1920,1200
1,1,1654,1779138712.70961,1,1920,1200
1,1,1655,1779138712.73043,1,1920,1200
1,1,1656,1779138712.75125,1,1920,1200
1,1,1657,1779138712.77207,1,1920,1200
1,1,1658,1779138712.79289,1,1920,1200
1,1,1659,1779138712.81371,1,1920,1200
1,1,1660,1779138712.83453,1,1920,1200
1,1,1661,1779138712.85535,1,1920,1200
1,1,1662,1779138712.87617,1,1920,1200
1,1,1663,1779138712.89698,1,1920,1200
1,1,1664,1779138712.9178,1,1920,1200
1,1,1665,1779138712.93862,1,1920,1200
1,1,1666,1779138712.95944,1,1920,1200
1,1,1667,1779138712.98026,1,1920,1200
1,1,1668,1779138713.00108,1,1920,1200
1,1,1669,1779138713.0219,1,1920,1200
1,1,1670,1779138713.04272,1,1920,1200
1,1,1671,1779138713.06353,1,1920,1200
1,1,1672,1779138713.08435,1,1920,1200
1,1,1673,1779138713.10517,1,1920,1200
1,1,1674,1779138713.12599,1,1920,1200
1,1,1675,1779138713.14681,1,1920,1200
1,1,1676,1779138713.16763,1,1920,1200
1,1,1677,1779138713.18845,1,1920,1200
1,1,1678,1779138713.20927,1,1920,1200
1,1,1679,1779138713.23009,1,1920,1200
1,1,1680,1779138713.2509,1,1920,1200
1,1,1681,1779138713.27172,1,1920,1200
1,1,1682,1779138713.29254,1,1920,1200
1,1,1683,1779138713.31336,1,1920,1200
1,1,1684,1779138713.33418,1,1920,1200
1,1,1685,1779138713.355,1,1920,1200
1,1,1686,1779138713.37582,1,1920,1200
1,1,1687,1779138713.39663,1,1920,1200
1,1,1688,1779138713.41745,1,1920,1200
1,1,1689,1779138713.43827,1,1920,1200
1,1,1690,1779138713.45909,1,1920,1200
1,1,1691,1779138713.47991,1,1920,1200
1,1,1692,1779138713.50073,1,1920,1200
1,1,1693,1779138713.52155,1,1920,1200
1,1,1694,1779138713.54237,1,1920,1200
1,1,1695,1779138713.56319,1,1920,1200
1,1,1696,1779138713.58401,1,1920,1200
1,1,1697,1779138713.60482,1,1920,1200
1,1,1698,1779138713.62564,1,1920,1200
1,1,1699,1779138713.64646,1,1920,1200
1,1,1700,1779138713.66728,1,1920,1200
1,1,1701,1779138713.6881,1,1920,1200
1,1,1702,1779138713.70892,1,1920,1200
1,1,1703,1779138713.72974,1,1920,1200
1,1,1704,1779138713.75056,1,1920,1200
1,1,1705,1779138713.77137,1,1920,1200
1,1,1706,1779138713.79219,1,1920,1200
1,1,1707,1779138713.81301,1,1920,1200
1,1,1708,1779138713.83383,1,1920,1200
1,1,1709,1779138713.85465,1,1920,1200
1,1,1710,1779138713.87547,1,1920,1200
1,1,1711,1779138713.89629,1,1920,1200
1,1,1712,1779138713.91711,1,1920,1200
1,1,1713,1779138713.93792,1,1920,1200
1,1,1714,1779138713.95874,1,1920,1200
1,1,1715,1779138713.97956,1,1920,1200
1,1,1716,1779138714.00038,1,1920,1200
1,1,1717,1779138714.0212,1,1920,1200
1,1,1718,1779138714.04202,1,1920,1200
1,1,1719,1779138714.06284,1,1920,1200
1,1,1720,1779138714.08366,1,1920,1200
1,1,1721,1779138714.10447,1,1920,1200
1,1,1722,1779138714.12529,1,1920,1200
1,1,1723,1779138714.14611,1,1920,1200
1,1,1724,1779138714.16693,1,1920,1200
1,1,1725,1779138714.18775,1,1920,1200
1,1,1726,1779138714.20857,1,1920,1200
1,1,1727,1779138714.22939,1,1920,1200
1,1,1728,1779138714.25021,1,1920,1200
1,1,1729,1779138714.27103,1,1920,1200
1,1,1730,1779138714.29184,1,1920,1200
1,1,1731,1779138714.31266,1,1920,1200
1,1,1732,1779138714.33348,1,1920,1200
1,1,1733,1779138714.3543,1,1920,1200
1,1,1734,1779138714.37512,1,1920,1200
1,1,1735,1779138714.39594,1,1920,1200
1,1,1736,1779138714.41676,1,1920,1200
1,1,1737,1779138714.43758,1,1920,1200
1,1,1738,1779138714.45839,1,1920,1200
1,1,1739,1779138714.47921,1,1920,1200
1,1,1740,1779138714.50003,1,1920,1200
1,1,1741,1779138714.52085,1,1920,1200
1,1,1742,1779138714.54167,1,1920,1200
1,1,1743,1779138714.56249,1,1920,1200
1,1,1744,1779138714.58331,1,1920,1200
1,1,1745,1779138714.60413,1,1920,1200
1,1,1746,1779138714.62495,1,1920,1200
1,1,1747,1779138714.64576,1,1920,1200
1,1,1748,1779138714.66658,1,1920,1200
1,1,1749,1779138714.6874,1,1920,1200
1,1,1750,1779138714.70822,1,1920,1200
1,1,1751,1779138714.72904,1,1920,1200
1,1,1752,1779138714.74986,1,1920,1200
1,1,1753,1779138714.77068,1,1920,1200
1,1,1754,1779138714.7915,1,1920,1200
1,1,1755,1779138714.81231,1,1920,1200
1,1,1756,1779138714.83313,1,1920,1200
1,1,1757,1779138714.85395,1,1920,1200
1,1,1758,1779138714.87477,1,1920,1200
1,1,1759,1779138714.89559,1,1920,1200
1,1,1760,1779138714.91641,1,1920,1200
1,1,1761,1779138714.93723,1,1920,1200
1,1,1762,1779138714.95805,1,1920,1200
1,1,1763,1779138714.97886,1,1920,1200
1,1,1764,1779138714.99968,1,1920,1200
1,1,1765,1779138715.0205,1,1920,1200
1,1,1766,1779138715.04132,1,1920,1200
1,1,1767,1779138715.06214,1,1920,1200
1,1,1768,1779138715.08296,1,1920,1200
1,1,1769,1779138715.10378,1,1920,1200
1,1,1770,1779138715.1246,1,1920,1200
1,1,1771,1779138715.14541,1,1920,1200
1,1,1772,1779138715.16623,1,1920,1200
1,1,1773,1779138715.18705,1,1920,1200
1,1,1774,1779138715.20787,1,1920,1200
1,1,1775,1779138715.22869,1,1920,1200
1,1,1776,1779138715.24951,1,1920,1200
1,1,1777,1779138715.27033,1,1920,1200
1,1,1778,1779138715.29115,2,1920,1200
1,1,1779,1779138715.31196,2,1920,1200
1,1,1780,1779138715.33278,2,1920,1200
1,1,1781,1779138715.3536,2,1920,1200
1,1,1782,1779138715.37442,2,1920,1200
1,1,1783,1779138715.39524,2,1920,1200
1,1,1784,1779138715.41606,2,1920,1200
1,1,1785,1779138715.43688,2,1920,1200
1,1,1786,1779138715.4577,2,1920,1200
1,1,1787,1779138715.47851,2,1920,1200
1,1,1788,1779138715.49933,2,1920,1200
1,1,1789,1779138715.52015,2,1920,1200
1,1,1790,1779138715.54097,2,1920,1200
1,1,1791,1779138715.56179,2,1920,1200
1,1,1792,1779138715.58261,2,1920,1200
1,1,1793,1779138715.60343,2,1920,1200
1,1,1794,1779138715.62425,2,1920,1200
1,1,1795,1779138715.64507,2,1920,1200
1,1,1796,1779138715.66588,2,1920,1200
1,1,1797,1779138715.6867,2,1920,1200
1,1,1798,1779138715.70752,2,1920,1200
1,1,1799,1779138715.72834,2,1920,1200
1,1,1800,1779138715.74916,2,1920,1200
1,1,1801,1779138715.76998,2,1920,1200
1,1,1802,1779138715.7908,2,1920,1200
1,1,1803,1779138715.81162,2,1920,1200
1,1,1804,1779138715.83243,2,1920,1200
1,1,1805,1779138715.85325,2,1920,1200
1,1,1806,1779138715.87407,2,1920,1200
1,1,1807,1779138715.89489,2,1920,1200
1,1,1808,1779138715.91571,2,1920,1200
1,1,1809,1779138715.93653,2,1920,1200
1,1,1810,1779138715.95735,2,1920,1200
1,1,1811,1779138715.97817,2,1920,1200
1,1,1812,1779138715.99898,2,1920,1200
1,1,1813,1779138716.0198,2,1920,1200
1,1,1814,1779138716.04062,2,1920,1200
1,1,1815,1779138716.06144,2,1920,1200
1,1,1816,1779138716.08226,2,1920,1200
1,1,1817,1779138716.10308,2,1920,1200
1,1,1818,1779138716.1239,2,1920,1200
1,1,1819,1779138716.14472,2,1920,1200
1,1,1820,1779138716.16553,2,1920,1200
1,1,1821,1779138716.18635,2,1920,1200
1,1,1822,1779138716.20717,2,1920,1200
1,1,1823,1779138716.22799,2,1920,1200
1,1,1824,1779138716.24881,2,1920,1200
1,1,1825,1779138716.26963,2,1920,1200
1,1,1826,1779138716.29045,2,1920,1200
1,1,1827,1779138716.31127,2,1920,1200
1,1,1828,1779138716.33208,2,1920,1200
1,1,1829,1779138716.3529,2,1920,1200
1,1,1830,1779138716.37372,2,1920,1200
1,1,1831,1779138716.39454,2,1920,1200
1,1,1832,1779138716.41536,2,1920,1200
1,1,1833,1779138716.43618,2,1920,1200
1,1,1834,1779138716.457,2,1920,1200
1,1,1835,1779138716.47782,2,1920,1200
1,1,1836,1779138716.49863,2,1920,1200
1,1,1837,1779138716.51945,2,1920,1200
1,1,1838,1779138716.54027,2,1920,1200
1,1,1839,1779138716.56109,2,1920,1200
1,1,1840,1779138716.58191,2,1920,1200
1,1,1841,1779138716.60273,2,1920,1200
1,1,1842,1779138716.62355,2,1920,1200
1,1,1843,1779138716.64437,2,1920,1200
1,1,1844,1779138716.66518,2,1920,1200
1,1,1845,1779138716.686,2,1920,1200
1,1,1846,1779138716.70682,2,1920,1200
1,1,1847,1779138716.72764,2,1920,1200
1,1,1848,1779138716.74846,2,1920,1200
1,1,1849,1779138716.76928,2,1920,1200
1,1,1850,1779138716.7901,2,1920,1200
1,1,1851,1779138716.81091,2,1920,1200
1,1,1852,1779138716.83173,2,1920,1200
1,1,1853,1779138716.85255,2,1920,1200
1,1,1854,1779138716.87337,2,1920,1200
1,1,1855,1779138716.89419,2,1920,1200
1,1,1856,1779138716.91501,2,1920,1200
1,1,1857,1779138716.93583,2,1920,1200
1,1,1858,1779138716.95665,2,1920,1200
1,1,1859,1779138716.97746,2,1920,1200
1,1,1860,1779138716.99828,2,1920,1200
1,1,1861,1779138717.0191,2,1920,1200
1,1,1862,1779138717.03992,2,1920,1200
1,1,1863,1779138717.06074,2,1920,1200
1,1,1864,1779138717.08156,2,1920,1200
1,1,1865,1779138717.10238,2,1920,1200
1,1,1866,1779138717.1232,2,1920,1200
1,1,1867,1779138717.14401,2,1920,1200
1,1,1868,1779138717.16483,2,1920,1200
1,1,1869,1779138717.18565,2,1920,1200
1,1,1870,1779138717.20647,2,1920,1200
1,1,1871,1779138717.22729,2,1920,1200
1,1,1872,1779138717.24811,2,1920,1200
1,1,1873,1779138717.26893,2,1920,1200
1,1,1874,1779138717.28975,2,1920,1200
1,1,1875,1779138717.31056,2,1920,1200
1,1,1876,1779138717.33138,2,1920,1200
1,1,1877,1779138717.3522,2,1920,1200
1,1,1878,1779138717.37302,2,1920,1200
1,1,1879,1779138717.39384,2,1920,1200
1,1,1880,1779138717.41466,2,1920,1200
1,1,1881,1779138717.43548,2,1920,1200
1,1,1882,1779138717.4563,2,1920,1200
1,1,1883,1779138717.47711,2,1920,1200
1,1,1884,1779138717.49793,2,1920,1200
1,1,1885,1779138717.51875,2,1920,1200
1,1,1886,1779138717.53957,2,1920,1200
1,1,1887,1779138717.56039,2,1920,1200
1,1,1888,1779138717.58121,2,1920,1200
1,1,1889,1779138717.60203,2,1920,1200
1,1,1890,1779138717.62285,2,1920,1200
1,1,1891,1779138717.64366,2,1920,1200
1,1,1892,1779138717.66448,2,1920,1200
1,1,1893,1779138717.6853,2,1920,1200
1,1,1894,1779138717.70612,2,1920,1200
1,1,1895,1779138717.72694,2,1920,1200
1,1,1896,1779138717.74776,2,1920,1200
1,1,1897,1779138717.76858,2,1920,1200
1,1,1898,1779138717.78939,2,1920,1200
1,1,1899,1779138717.81021,2,1920,1200
1,1,1900,1779138717.83103,2,1920,1200
1,1,1901,1779138717.85185,2,1920,1200
1,1,1902,1779138717.87267,2,1920,1200
1,1,1903,1779138717.89349,2,1920,1200
1,1,1904,1779138717.91431,2,1920,1200
1,1,1905,1779138717.93513,2,1920,1200
1,1,1906,1779138717.95594,2,1920,1200
1,1,1907,1779138717.97676,2,1920,1200
1,1,1908,1779138717.99758,2,1920,1200
1,1,1909,1779138718.0184,2,1920,1200
1,1,1910,1779138718.03922,2,1920,1200
1,1,1911,1779138718.06004,2,1920,1200
1,1,1912,1779138718.08086,2,1920,1200
1,1,1913,1779138718.10167,2,1920,1200
1,1,1914,1779138718.12249,2,1920,1200
1,1,1915,1779138718.14331,2,1920,1200
1,1,1916,1779138718.16413,2,1920,1200
1,1,1917,1779138718.18495,2,1920,1200
1,1,1918,1779138718.20577,2,1920,1200
1,1,1919,1779138718.22659,2,1920,1200
1,1,1920,1779138718.24741,2,1920,1200
1,1,1921,1779138718.26823,2,1920,1200
1,1,1922,1779138718.28904,2,1920,1200
1,1,1923,1779138718.30986,2,1920,1200
1,1,1924,1779138718.33068,2,1920,1200
1,1,1925,1779138718.3515,2,1920,1200
1,1,1926,1779138718.37232,2,1920,1200
1,1,1927,1779138718.39314,2,1920,1200
1,1,1928,1779138718.41396,2,1920,1200
1,1,1929,1779138718.43477,2,1920,1200
1,1,1930,1779138718.45559,2,1920,1200
1,1,1931,1779138718.47641,2,1920,1200
1,1,1932,1779138718.49723,2,1920,1200
1,1,1933,1779138718.51805,2,1920,1200
1,1,1934,1779138718.53887,2,1920,1200
1,1,1935,1779138718.55969,2,1920,1200
1,1,1936,1779138718.5805,2,1920,1200
1,1,1937,1779138718.60132,2,1920,1200
1,1,1938,1779138718.62214,2,1920,1200
1,1,1939,1779138718.64296,2,1920,1200
1,1,1940,1779138718.66378,2,1920,1200
1,1,1941,1779138718.6846,2,1920,1200
1,1,1942,1779138718.70542,2,1920,1200
1,1,1943,1779138718.72624,2,1920,1200
1,1,1944,1779138718.74706,2,1920,1200
1,1,1945,1779138718.76787,2,1920,1200
1,1,1946,1779138718.78869,2,1920,1200
1,1,1947,1779138718.80951,2,1920,1200
1,1,1948,1779138718.83033,2,1920,1200
1,1,1949,1779138718.85115,2,1920,1200
1,1,1950,1779138718.87197,2,1920,1200
1,1,1951,1779138718.89279,2,1920,1200
1,1,1952,1779138718.9136,2,1920,1200
1,1,1953,1779138718.93442,2,1920,1200
1,1,1954,1779138718.95524,2,1920,1200
1,1,1955,1779138718.97606,2,1920,1200
1,1,1956,1779138718.99688,2,1920,1200
1,1,1957,1779138719.0177,2,1920,1200
1,1,1958,1779138719.03852,2,1920,1200
1,1,1959,1779138719.05934,2,1920,1200
1,1,1960,1779138719.08015,2,1920,1200
1,1,1961,1779138719.10097,2,1920,1200
1,1,1962,1779138719.12179,2,1920,1200
1,1,1963,1779138719.14261,2,1920,1200
1,1,1964,1779138719.16343,2,1920,1200
1,1,1965,1779138719.18425,2,1920,1200
1,1,1966,1779138719.20507,2,1920,1200
1,1,1967,1779138719.22589,2,1920,1200
1,1,1968,1779138719.2467,2,1920,1200
1,1,1969,1779138719.26752,2,1920,1200
1,1,1970,1779138719.28834,1,1920,1200
1,1,1971,1779138719.30916,1,1920,1200
1,1,1972,1779138719.32998,1,1920,1200
1,1,1973,1779138719.3508,1,1920,1200
1,1,1974,1779138719.37162,1,1920,1200
1,1,1975,1779138719.39243,1,1920,1200
1,1,1976,1779138719.41325,1,1920,1200
1,1,1977,1779138719.43407,1,1920,1200
1,1,1978,1779138719.45489,1,1920,1200
1,1,1979,1779138719.47571,1,1920,1200
1,1,1980,1779138719.49653,1,1920,1200
1,1,1981,1779138719.51735,1,1920,1200
1,1,1982,1779138719.53817,1,1920,1200
1,1,1983,1779138719.55898,1,1920,1200
1,1,1984,1779138719.5798,1,1920,1200
1,1,1985,1779138719.60062,1,1920,1200
1,1,1986,1779138719.62144,1,1920,1200
1,1,1987,1779138719.64226,1,1920,1200
1,1,1988,1779138719.66308,1,1920,1200
1,1,1989,1779138719.6839,1,1920,1200
1,1,1990,1779138719.70471,1,1920,1200
1,1,1991,1779138719.72553,1,1920,1200
1,1,1992,1779138719.74635,1,1920,1200
1,1,1993,1779138719.76717,1,1920,1200
1,1,1994,1779138719.78799,1,1920,1200
1,1,1995,1779138719.80881,1,1920,1200
1,1,1996,1779138719.82963,1,1920,1200
1,1,1997,1779138719.85045,1,1920,1200
1,1,1998,1779138719.87126,1,1920,1200
1,1,1999,1779138719.89208,1,1920,1200
1,1,2000,1779138719.9129,1,1920,1200
1,1,2001,1779138719.93372,1,1920,1200
1,1,2002,1779138719.95454,1,1920,1200
1,1,2003,1779138719.97536,1,1920,1200
1,1,2004,1779138719.99618,1,1920,1200
1,1,2005,1779138720.01699,1,1920,1200
1,1,2006,1779138720.03781,1,1920,1200
1,1,2007,1779138720.05863,1,1920,1200
1,1,2008,1779138720.07945,1,1920,1200
1,1,2009,1779138720.10027,1,1920,1200
1,1,2010,1779138720.12109,1,1920,1200
1,1,2011,1779138720.14191,1,1920,1200
1,1,2012,1779138720.16272,1,1920,1200
1,1,2013,1779138720.18354,1,1920,1200
1,1,2014,1779138720.20436,1,1920,1200
1,1,2015,1779138720.22518,1,1920,1200
1,1,2016,1779138720.246,1,1920,1200
1,1,2017,1779138720.26682,1,1920,1200
1,1,2018,1779138720.28764,1,1920,1200
1,1,2019,1779138720.30846,1,1920,1200
1,1,2020,1779138720.32927,1,1920,1200
1,1,2021,1779138720.35009,1,1920,1200
1,1,2022,1779138720.37091,1,1920,1200
1,1,2023,1779138720.39173,1,1920,1200
1,1,2024,1779138720.41255,1,1920,1200
1,1,2025,1779138720.43337,1,1920,1200
1,1,2026,1779138720.45419,1,1920,1200
1,1,2027,1779138720.475,1,1920,1200
1,1,2028,1779138720.49582,1,1920,1200
1,1,2029,1779138720.51664,1,1920,1200
1,1,2030,1779138720.53746,1,1920,1200
1,1,2031,1779138720.55828,1,1920,1200
1,1,2032,1779138720.5791,1,1920,1200
1,1,2033,1779138720.59992,1,1920,1200
1,1,2034,1779138720.62073,1,1920,1200
1,1,2035,1779138720.64155,1,1920,1200
1,1,2036,1779138720.66237,1,1920,1200
1,1,2037,1779138720.68319,1,1920,1200
1,1,2038,1779138720.70401,1,1920,1200
1,1,2039,1779138720.72483,1,1920,1200
1,1,2040,1779138720.74565,1,1920,1200
1,1,2041,1779138720.76646,1,1920,1200
1,1,2042,1779138720.78728,1,1920,1200
1,1,2043,1779138720.8081,1,1920,1200
1,1,2044,1779138720.82892,1,1920,1200
1,1,2045,1779138720.84974,1,1920,1200
1,1,2046,1779138720.87056,1,1920,1200
1,1,2047,1779138720.89138,1,1920,1200
1,1,2048,1779138720.9122,1,1920,1200
1,1,2049,1779138720.93302,1,1920,1200
1,1,2050,1779138720.95383,1,1920,1200
1,1,2051,1779138720.97465,1,1920,1200
1,1,2052,1779138720.99547,1,1920,1200
1,1,2053,1779138721.01629,1,1920,1200
1,1,2054,1779138721.03711,1,1920,1200
1,1,2055,1779138721.05793,1,1920,1200
1,1,2056,1779138721.07874,1,1920,1200
1,1,2057,1779138721.09956,1,1920,1200
1,1,2058,1779138721.12038,1,1920,1200
1,1,2059,1779138721.1412,1,1920,1200
1,1,2060,1779138721.16202,1,1920,1200
1,1,2061,1779138721.18284,1,1920,1200
1,1,2062,1779138721.20366,1,1920,1200
1,1,2063,1779138721.22448,1,1920,1200
1,1,2064,1779138721.24529,1,1920,1200
1,1,2065,1779138721.26611,1,1920,1200
1,1,2066,1779138721.28693,1,1920,1200
1,1,2067,1779138721.30775,1,1920,1200
1,1,2068,1779138721.32857,1,1920,1200
1,1,2069,1779138721.34939,1,1920,1200
1,1,2070,1779138721.37021,1,1920,1200
1,1,2071,1779138721.39102,1,1920,1200
1,1,2072,1779138721.41184,1,1920,1200
1,1,2073,1779138721.43266,1,1920,1200
1,1,2074,1779138721.45348,1,1920,1200
1,1,2075,1779138721.4743,1,1920,1200
1,1,2076,1779138721.49512,1,1920,1200
1,1,2077,1779138721.51594,1,1920,1200
1,1,2078,1779138721.53676,1,1920,1200
1,1,2079,1779138721.55757,1,1920,1200
1,1,2080,1779138721.57839,1,1920,1200
1,1,2081,1779138721.59921,1,1920,1200
1,1,2082,1779138721.62003,1,1920,1200
1,1,2083,1779138721.64085,1,1920,1200
1,1,2084,1779138721.66167,1,1920,1200
1,1,2085,1779138721.68249,1,1920,1200
1,1,2086,1779138721.7033,1,1920,1200
1,1,2087,1779138721.72412,1,1920,1200
1,1,2088,1779138721.74494,1,1920,1200
1,1,2089,1779138721.76576,1,1920,1200
1,1,2090,1779138721.78658,1,1920,1200
1,1,2091,1779138721.8074,1,1920,1200
1,1,2092,1779138721.82822,1,1920,1200
1,1,2093,1779138721.84904,1,1920,1200
1,1,2094,1779138721.86985,1,1920,1200
1,1,2095,1779138721.89067,1,1920,1200
1,1,2096,1779138721.91149,1,1920,1200
1,1,2097,1779138721.93231,1,1920,1200
1,1,2098,1779138721.95313,1,1920,1200
1,1,2099,1779138721.97395,1,1920,1200
1,1,2100,1779138721.99477,1,1920,1200
1,1,2101,1779138722.01558,1,1920,1200
1,1,2102,1779138722.0364,1,1920,1200
1,1,2103,1779138722.05722,1,1920,1200
1,1,2104,1779138722.07804,1,1920,1200
1,1,2105,1779138722.09886,1,1920,1200
1,1,2106,1779138722.11968,1,1920,1200
1,1,2107,1779138722.1405,1,1920,1200
1,1,2108,1779138722.16131,1,1920,1200
1,1,2109,1779138722.18213,1,1920,1200
1,1,2110,1779138722.20295,1,1920,1200
1,1,2111,1779138722.22377,1,1920,1200
1,1,2112,1779138722.24459,1,1920,1200
1,1,2113,1779138722.26541,1,1920,1200
1,1,2114,1779138722.28623,1,1920,1200
1,1,2115,1779138722.30704,1,1920,1200
1,1,2116,1779138722.32786,1,1920,1200
1,1,2117,1779138722.34868,1,1920,1200
1,1,2118,1779138722.3695,1,1920,1200
1,1,2119,1779138722.39032,1,1920,1200
1,1,2120,1779138722.41114,1,1920,1200
1,1,2121,1779138722.43196,1,1920,1200
1,1,2122,1779138722.45278,1,1920,1200
1,1,2123,1779138722.47359,1,1920,1200
1,1,2124,1779138722.49441,1,1920,1200
1,1,2125,1779138722.51523,1,1920,1200
1,1,2126,1779138722.53605,1,1920,1200
1,1,2127,1779138722.55687,1,1920,1200
1,1,2128,1779138722.57769,1,1920,1200
1,1,2129,1779138722.5985,1,1920,1200
1,1,2130,1779138722.61932,1,1920,1200
1,1,2131,1779138722.64014,1,1920,1200
1,1,2132,1779138722.66096,1,1920,1200
1,1,2133,1779138722.68178,1,1920,1200
1,1,2134,1779138722.7026,1,1920,1200
1,1,2135,1779138722.72342,1,1920,1200
1,1,2136,1779138722.74424,1,1920,1200
1,1,2137,1779138722.76505,1,1920,1200
1,1,2138,1779138722.78587,1,1920,1200
1,1,2139,1779138722.80669,1,1920,1200
1,1,2140,1779138722.82751,1,1920,1200
1,1,2141,1779138722.84833,1,1920,1200
1,1,2142,1779138722.86915,1,1920,1200
1,1,2143,1779138722.88996,1,1920,1200
1,1,2144,1779138722.91078,1,1920,1200
1,1,2145,1779138722.9316,1,1920,1200
1,1,2146,1779138722.95242,1,1920,1200
1,1,2147,1779138722.97324,1,1920,1200
1,1,2148,1779138722.99406,1,1920,1200
1,1,2149,1779138723.01488,1,1920,1200
1,1,2150,1779138723.03569,1,1920,1200
1,1,2151,1779138723.05651,1,1920,1200
1,1,2152,1779138723.07733,1,1920,1200
1,1,2153,1779138723.09815,1,1920,1200
1,1,2154,1779138723.11897,1,1920,1200
1,1,2155,1779138723.13979,1,1920,1200
1,1,2156,1779138723.16061,1,1920,1200
1,1,2157,1779138723.18143,1,1920,1200
1,1,2158,1779138723.20224,1,1920,1200
1,1,2159,1779138723.22306,1,1920,1200
1,1,2160,1779138723.24388,1,1920,1200
1,1,2161,1779138723.2647,1,1920,1200
1,1,2162,1779138723.28552,2,1920,1200
1,1,2163,1779138723.30634,2,1920,1200
1,1,2164,1779138723.32716,2,1920,1200
1,1,2165,1779138723.34797,2,1920,1200
1,1,2166,1779138723.36879,2,1920,1200
1,1,2167,1779138723.38961,2,1920,1200
1,1,2168,1779138723.41043,2,1920,1200
1,1,2169,1779138723.43125,2,1920,1200
1,1,2170,1779138723.45207,2,1920,1200
1,1,2171,1779138723.47289,2,1920,1200
1,1,2172,1779138723.4937,2,1920,1200
1,1,2173,1779138723.51452,2,1920,1200
1,1,2174,1779138723.53534,2,1920,1200
1,1,2175,1779138723.55616,2,1920,1200
1,1,2176,1779138723.57698,2,1920,1200
1,1,2177,1779138723.5978,2,1920,1200
1,1,2178,1779138723.61862,2,1920,1200
1,1,2179,1779138723.63944,2,1920,1200
1,1,2180,1779138723.66025,2,1920,1200
1,1,2181,1779138723.68107,2,1920,1200
1,1,2182,1779138723.70189,2,1920,1200
1,1,2183,1779138723.72271,2,1920,1200
1,1,2184,1779138723.74353,2,1920,1200
1,1,2185,1779138723.76435,2,1920,1200
1,1,2186,1779138723.78517,2,1920,1200
1,1,2187,1779138723.80598,2,1920,1200
1,1,2188,1779138723.8268,2,1920,1200
1,1,2189,1779138723.84762,2,1920,1200
1,1,2190,1779138723.86844,2,1920,1200
1,1,2191,1779138723.88926,2,1920,1200
1,1,2192,1779138723.91008,2,1920,1200
1,1,2193,1779138723.93089,2,1920,1200
1,1,2194,1779138723.95171,2,1920,1200
1,1,2195,1779138723.97253,2,1920,1200
1,1,2196,1779138723.99335,2,1920,1200
1,1,2197,1779138724.01417,2,1920,1200
1,1,2198,1779138724.03499,2,1920,1200
1,1,2199,1779138724.05581,2,1920,1200
1,1,2200,1779138724.07663,2,1920,1200
1,1,2201,1779138724.09744,2,1920,1200
1,1,2202,1779138724.11826,2,1920,1200
1,1,2203,1779138724.13908,2,1920,1200
1,1,2204,1779138724.1599,2,1920,1200
1,1,2205,1779138724.18072,2,1920,1200
1,1,2206,1779138724.20154,2,1920,1200
1,1,2207,1779138724.22236,2,1920,1200
1,1,2208,1779138724.24317,2,1920,1200
1,1,2209,1779138724.26399,2,1920,1200
1,1,2210,1779138724.28481,2,1920,1200
1,1,2211,1779138724.30563,2,1920,1200
1,1,2212,1779138724.32645,2,1920,1200
1,1,2213,1779138724.34727,2,1920,1200
1,1,2214,1779138724.36808,2,1920,1200
1,1,2215,1779138724.3889,2,1920,1200
1,1,2216,1779138724.40972,2,1920,1200
1,1,2217,1779138724.43054,2,1920,1200
1,1,2218,1779138724.45136,2,1920,1200
1,1,2219,1779138724.47218,2,1920,1200
1,1,2220,1779138724.493,2,1920,1200
1,1,2221,1779138724.51381,2,1920,1200
1,1,2222,1779138724.53463,2,1920,1200
1,1,2223,1779138724.55545,2,1920,1200
1,1,2224,1779138724.57627,2,1920,1200
1,1,2225,1779138724.59709,2,1920,1200
1,1,2226,1779138724.61791,2,1920,1200
1,1,2227,1779138724.63873,2,1920,1200
1,1,2228,1779138724.65954,2,1920,1200
1,1,2229,1779138724.68036,2,1920,1200
1,1,2230,1779138724.70118,2,1920,1200
1,1,2231,1779138724.722,2,1920,1200
1,1,2232,1779138724.74282,2,1920,1200
1,1,2233,1779138724.76364,2,1920,1200
1,1,2234,1779138724.78446,2,1920,1200
1,1,2235,1779138724.80528,2,1920,1200
1,1,2236,1779138724.82609,2,1920,1200
1,1,2237,1779138724.84691,2,1920,1200
1,1,2238,1779138724.86773,2,1920,1200
1,1,2239,1779138724.88855,2,1920,1200
1,1,2240,1779138724.90937,2,1920,1200
1,1,2241,1779138724.93019,2,1920,1200
1,1,2242,1779138724.95101,2,1920,1200
1,1,2243,1779138724.97182,2,1920,1200
1,1,2244,1779138724.99264,2,1920,1200
1,1,2245,1779138725.01346,2,1920,1200
1,1,2246,1779138725.03428,2,1920,1200
1,1,2247,1779138725.0551,2,1920,1200
1,1,2248,1779138725.07592,2,1920,1200
1,1,2249,1779138725.09674,2,1920,1200
1,1,2250,1779138725.11755,2,1920,1200
1,1,2251,1779138725.13837,2,1920,1200
1,1,2252,1779138725.15919,2,1920,1200
1,1,2253,1779138725.18001,2,1920,1200
1,1,2254,1779138725.20083,2,1920,1200
1,1,2255,1779138725.22165,2,1920,1200
1,1,2256,1779138725.24247,2,1920,1200
1,1,2257,1779138725.26328,2,1920,1200
1,1,2258,1779138725.2841,2,1920,1200
1,1,2259,1779138725.30492,2,1920,1200
1,1,2260,1779138725.32574,2,1920,1200
1,1,2261,1779138725.34656,2,1920,1200
1,1,2262,1779138725.36738,2,1920,1200
1,1,2263,1779138725.38819,2,1920,1200
1,1,2264,1779138725.40901,2,1920,1200
1,1,2265,1779138725.42983,2,1920,1200
1,1,2266,1779138725.45065,2,1920,1200
1,1,2267,1779138725.47147,2,1920,1200
1,1,2268,1779138725.49229,2,1920,1200
1,1,2269,1779138725.51311,2,1920,1200
1,1,2270,1779138725.53392,2,1920,1200
1,1,2271,1779138725.55474,2,1920,1200
1,1,2272,1779138725.57556,2,1920,1200
1,1,2273,1779138725.59638,2,1920,1200
1,1,2274,1779138725.6172,2,1920,1200
1,1,2275,1779138725.63802,2,1920,1200
1,1,2276,1779138725.65883,2,1920,1200
1,1,2277,1779138725.67965,2,1920,1200
1,1,2278,1779138725.70047,2,1920,1200
1,1,2279,1779138725.72129,2,1920,1200
1,1,2280,1779138725.74211,2,1920,1200
1,1,2281,1779138725.76293,2,1920,1200
1,1,2282,1779138725.78375,2,1920,1200
1,1,2283,1779138725.80456,2,1920,1200
1,1,2284,1779138725.82538,2,1920,1200
1,1,2285,1779138725.8462,2,1920,1200
1,1,2286,1779138725.86702,2,1920,1200
1,1,2287,1779138725.88784,2,1920,1200
1,1,2288,1779138725.90866,2,1920,1200
1,1,2289,1779138725.92948,2,1920,1200
1,1,2290,1779138725.9503,2,1920,1200
1,1,2291,1779138725.97111,2,1920,1200
1,1,2292,1779138725.99193,2,1920,1200
1,1,2293,1779138726.01275,2,1920,1200
1,1,2294,1779138726.03357,2,1920,1200
1,1,2295,1779138726.05439,2,1920,1200
1,1,2296,1779138726.07521,2,1920,1200
1,1,2297,1779138726.09603,2,1920,1200
1,1,2298,1779138726.11684,2,1920,1200
1,1,2299,1779138726.13766,2,1920,1200
1,1,2300,1779138726.15848,2,1920,1200
1,1,2301,1779138726.1793,2,1920,1200
1,1,2302,1779138726.20012,2,1920,1200
1,1,2303,1779138726.22094,2,1920,1200
1,1,2304,1779138726.24176,2,1920,1200
1,1,2305,1779138726.26257,2,1920,1200
1,1,2306,1779138726.28339,2,1920,1200
1,1,2307,1779138726.30421,2,1920,1200
1,1,2308,1779138726.32503,2,1920,1200
1,1,2309,1779138726.34585,2,1920,1200
1,1,2310,1779138726.36667,2,1920,1200
1,1,2311,1779138726.38748,2,1920,1200
1,1,2312,1779138726.4083,2,1920,1200
1,1,2313,1779138726.42912,2,1920,1200
1,1,2314,1779138726.44994,2,1920,1200
1,1,2315,1779138726.47076,2,1920,1200
1,1,2316,1779138726.49158,2,1920,1200
1,1,2317,1779138726.51239,2,1920,1200
1,1,2318,1779138726.53321,2,1920,1200
1,1,2319,1779138726.55403,2,1920,1200
1,1,2320,1779138726.57485,2,1920,1200
1,1,2321,1779138726.59567,2,1920,1200
1,1,2322,1779138726.61649,2,1920,1200
1,1,2323,1779138726.63731,2,1920,1200
1,1,2324,1779138726.65812,2,1920,1200
1,1,2325,1779138726.67894,2,1920,1200
1,1,2326,1779138726.69976,2,1920,1200
1,1,2327,1779138726.72058,2,1920,1200
1,1,2328,1779138726.7414,2,1920,1200
1,1,2329,1779138726.76222,2,1920,1200
1,1,2330,1779138726.78304,2,1920,1200
1,1,2331,1779138726.80385,2,1920,1200
1,1,2332,1779138726.82467,2,1920,1200
1,1,2333,1779138726.84549,2,1920,1200
1,1,2334,1779138726.86631,2,1920,1200
1,1,2335,1779138726.88713,2,1920,1200
1,1,2336,1779138726.90795,2,1920,1200
1,1,2337,1779138726.92877,2,1920,1200
1,1,2338,1779138726.94959,2,1920,1200
1,1,2339,1779138726.9704,2,1920,1200
1,1,2340,1779138726.99122,2,1920,1200
1,1,2341,1779138727.01204,2,1920,1200
1,1,2342,1779138727.03286,2,1920,1200
1,1,2343,1779138727.05368,2,1920,1200
1,1,2344,1779138727.0745,2,1920,1200
1,1,2345,1779138727.09531,2,1920,1200
1,1,2346,1779138727.11613,2,1920,1200
1,1,2347,1779138727.13695,2,1920,1200
1,1,2348,1779138727.15777,2,1920,1200
1,1,2349,1779138727.17859,2,1920,1200
1,1,2350,1779138727.19941,2,1920,1200
1,1,2351,1779138727.22022,2,1920,1200
1,1,2352,1779138727.24104,2,1920,1200
1,1,2353,1779138727.26186,2,1920,1200
1,1,2354,1779138727.28268,2,1920,1200
1,1,2355,1779138727.3035,2,1920,1200
1,1,2356,1779138727.32432,2,1920,1200
1,1,2357,1779138727.34514,2,1920,1200
1,1,2358,1779138727.36595,2,1920,1200
1,1,2359,1779138727.38677,2,1920,1200
1,1,2360,1779138727.40759,2,1920,1200
1,1,2361,1779138727.42841,2,1920,1200
1,1,2362,1779138727.44923,2,1920,1200
1,1,2363,1779138727.47005,2,1920,1200
1,1,2364,1779138727.49087,2,1920,1200
1,1,2365,1779138727.51168,2,1920,1200
1,1,2366,1779138727.5325,2,1920,1200
1,1,2367,1779138727.55332,2,1920,1200
1,1,2368,1779138727.57414,2,1920,1200
1,1,2369,1779138727.59496,2,1920,1200
1,1,2370,1779138727.61578,2,1920,1200
1,1,2371,1779138727.63659,2,1920,1200
1,1,2372,1779138727.65741,2,1920,1200
1,1,2373,1779138727.67823,2,1920,1200
1,1,2374,1779138727.69905,2,1920,1200
1,1,2375,1779138727.71987,2,1920,1200
1,1,2376,1779138727.74069,2,1920,1200
1,1,2377,1779138727.76151,2,1920,1200
1,1,2378,1779138727.78233,2,1920,1200
1,1,2379,1779138727.80314,2,1920,1200
1,1,2380,1779138727.82396,2,1920,1200
1,1,2381,1779138727.84478,2,1920,1200
1,1,2382,1779138727.8656,2,1920,1200
1,1,2383,1779138727.88642,2,1920,1200
1,1,2384,1779138727.90724,2,1920,1200
1,1,2385,1779138727.92805,2,1920,1200
1,1,2386,1779138727.94887,2,1920,1200
1,1,2387,1779138727.96969,2,1920,1200
1,1,2388,1779138727.99051,2,1920,1200
1,1,2389,1779138728.01133,2,1920,1200
1,1,2390,1779138728.03215,2,1920,1200
1,1,2391,1779138728.05296,2,1920,1200
1,1,2392,1779138728.07378,2,1920,1200
1,1,2393,1779138728.0946,2,1920,1200
1,1,2394,1779138728.11542,2,1920,1200
1,1,2395,1779138728.13624,2,1920,1200
1,1,2396,1779138728.15706,2,1920,1200
1,1,2397,1779138728.17788,2,1920,1200
1,1,2398,1779138728.19869,2,1920,1200
1,1,2399,1779138728.21951,2,1920,1200
1,1,2400,1779138728.24033,2,1920,1200
1,1,2401,1779138728.26115,2,1920,1200
1,1,2402,1779138728.28197,2,1920,1200
1,1,2403,1779138728.30279,2,1920,1200
1,1,2404,1779138728.32361,2,1920,1200
1,1,2405,1779138728.34442,2,1920,1200
1,1,2406,1779138728.36524,2,1920,1200
1,1,2407,1779138728.38606,2,1920,1200
1,1,2408,1779138728.40688,2,1920,1200
1,1,2409,1779138728.4277,2,1920,1200
1,1,2410,1779138728.44852,2,1920,1200
1,1,2411,1779138728.46933,2,1920,1200
1,1,2412,1779138728.49015,2,1920,1200
1,1,2413,1779138728.51097,2,1920,1200
1,1,2414,1779138728.53179,2,1920,1200
1,1,2415,1779138728.55261,2,1920,1200
1,1,2416,1779138728.57343,2,1920,1200
1,1,2417,1779138728.59425,2,1920,1200
1,1,2418,1779138728.61506,2,1920,1200
1,1,2419,1779138728.63588,2,1920,1200
1,1,2420,1779138728.6567,2,1920,1200
1,1,2421,1779138728.67752,2,1920,1200
1,1,2422,1779138728.69834,2,1920,1200
1,1,2423,1779138728.71916,2,1920,1200
1,1,2424,1779138728.73998,2,1920,1200
1,1,2425,1779138728.76079,2,1920,1200
1,1,2426,1779138728.78161,2,1920,1200
1,1,2427,1779138728.80243,2,1920,1200
1,1,2428,1779138728.82325,2,1920,1200
1,1,2429,1779138728.84407,2,1920,1200
1,1,2430,1779138728.86489,2,1920,1200
1,1,2431,1779138728.8857,2,1920,1200
1,1,2432,1779138728.90652,2,1920,1200
1,1,2433,1779138728.92734,2,1920,1200
1,1,2434,1779138728.94816,2,1920,1200
1,1,2435,1779138728.96898,2,1920,1200
1,1,2436,1779138728.9898,2,1920,1200
1,1,2437,1779138729.01062,2,1920,1200
1,1,2438,1779138729.03143,2,1920,1200
1,1,2439,1779138729.05225,2,1920,1200
1,1,2440,1779138729.07307,2,1920,1200
1,1,2441,1779138729.09389,2,1920,1200
1,1,2442,1779138729.11471,2,1920,1200
1,1,2443,1779138729.13553,2,1920,1200
1,1,2444,1779138729.15635,2,1920,1200
1,1,2445,1779138729.17716,2,1920,1200
1,1,2446,1779138729.19798,2,1920,1200
1,1,2447,1779138729.2188,2,1920,1200
1,1,2448,1779138729.23962,2,1920,1200
1,1,2449,1779138729.26044,2,1920,1200
1,1,2450,1779138729.28126,1,1920,1200
1,1,2451,1779138729.30207,1,1920,1200
1,1,2452,1779138729.32289,1,1920,1200
1,1,2453,1779138729.34371,1,1920,1200
1,1,2454,1779138729.36453,1,1920,1200
1,1,2455,1779138729.38535,1,1920,1200
1,1,2456,1779138729.40617,1,1920,1200
1,1,2457,1779138729.42699,1,1920,1200
1,1,2458,1779138729.4478,1,1920,1200
1,1,2459,1779138729.46862,1,1920,1200
1,1,2460,1779138729.48944,1,1920,1200
1,1,2461,1779138729.51026,1,1920,1200
1,1,2462,1779138729.53108,1,1920,1200
1,1,2463,1779138729.5519,1,1920,1200
1,1,2464,1779138729.57272,1,1920,1200
1,1,2465,1779138729.59353,1,1920,1200
1,1,2466,1779138729.61435,1,1920,1200
1,1,2467,1779138729.63517,1,1920,1200
1,1,2468,1779138729.65599,1,1920,1200
1,1,2469,1779138729.67681,1,1920,1200
1,1,2470,1779138729.69762,1,1920,1200
1,1,2471,1779138729.71844,1,1920,1200
1,1,2472,1779138729.73926,1,1920,1200
1,1,2473,1779138729.76008,1,1920,1200
1,1,2474,1779138729.7809,1,1920,1200
1,1,2475,1779138729.80172,1,1920,1200
1,1,2476,1779138729.82254,1,1920,1200
1,1,2477,1779138729.84335,1,1920,1200
1,1,2478,1779138729.86417,1,1920,1200
1,1,2479,1779138729.88499,1,1920,1200
1,1,2480,1779138729.90581,1,1920,1200
1,1,2481,1779138729.92663,1,1920,1200
1,1,2482,1779138729.94745,1,1920,1200
1,1,2483,1779138729.96827,1,1920,1200
1,1,2484,1779138729.98908,1,1920,1200
1,1,2485,1779138730.0099,1,1920,1200
1,1,2486,1779138730.03072,1,1920,1200
1,1,2487,1779138730.05154,1,1920,1200
1,1,2488,1779138730.07236,1,1920,1200
1,1,2489,1779138730.09318,1,1920,1200
1,1,2490,1779138730.11399,1,1920,1200
1,1,2491,1779138730.13481,1,1920,1200
1,1,2492,1779138730.15563,1,1920,1200
1,1,2493,1779138730.17645,1,1920,1200
1,1,2494,1779138730.19727,1,1920,1200
1,1,2495,1779138730.21809,1,1920,1200
1,1,2496,1779138730.23891,1,1920,1200
1,1,2497,1779138730.25972,1,1920,1200
1,1,2498,1779138730.28054,1,1920,1200
1,1,2499,1779138730.30136,1,1920,1200
1,1,2500,1779138730.32218,1,1920,1200
1,1,2501,1779138730.343,1,1920,1200
1,1,2502,1779138730.36382,1,1920,1200
1,1,2503,1779138730.38463,1,1920,1200
1,1,2504,1779138730.40545,1,1920,1200
1,1,2505,1779138730.42627,1,1920,1200
1,1,2506,1779138730.44709,1,1920,1200
1,1,2507,1779138730.46791,1,1920,1200
1,1,2508,1779138730.48873,1,1920,1200
1,1,2509,1779138730.50955,1,1920,1200
1,1,2510,1779138730.53036,1,1920,1200
1,1,2511,1779138730.55118,1,1920,1200
1,1,2512,1779138730.572,1,1920,1200
1,1,2513,1779138730.59282,1,1920,1200
1,1,2514,1779138730.61364,1,1920,1200
1,1,2515,1779138730.63446,1,1920,1200
1,1,2516,1779138730.65527,1,1920,1200
1,1,2517,1779138730.67609,1,1920,1200
1,1,2518,1779138730.69691,1,1920,1200
1,1,2519,1779138730.71773,1,1920,1200
1,1,2520,1779138730.73855,1,1920,1200
1,1,2521,1779138730.75937,1,1920,1200
1,1,2522,1779138730.78019,1,1920,1200
1,1,2523,1779138730.801,1,1920,1200
1,1,2524,1779138730.82182,1,1920,1200
1,1,2525,1779138730.84264,1,1920,1200
1,1,2526,1779138730.86346,1,1920,1200
1,1,2527,1779138730.88428,1,1920,1200
1,1,2528,1779138730.9051,1,1920,1200
1,1,2529,1779138730.92591,1,1920,1200
1,1,2530,1779138730.94673,1,1920,1200
1,1,2531,1779138730.96755,1,1920,1200
1,1,2532,1779138730.98837,1,1920,1200
1,1,2533,1779138731.00919,1,1920,1200
1,1,2534,1779138731.03001,1,1920,1200
1,1,2535,1779138731.05082,1,1920,1200
1,1,2536,1779138731.07164,1,1920,1200
1,1,2537,1779138731.09246,1,1920,1200
1,1,2538,1779138731.11328,1,1920,1200
1,1,2539,1779138731.1341,1,1920,1200
1,1,2540,1779138731.15492,1,1920,1200
1,1,2541,1779138731.17573,1,1920,1200
1,1,2542,1779138731.19655,1,1920,1200
1,1,2543,1779138731.21737,1,1920,1200
1,1,2544,1779138731.23819,1,1920,1200
1,1,2545,1779138731.25901,1,1920,1200
1,1,2546,1779138731.27983,1,1920,1200
1,1,2547,1779138731.30065,1,1920,1200
1,1,2548,1779138731.32146,1,1920,1200
1,1,2549,1779138731.34228,1,1920,1200
1,1,2550,1779138731.3631,1,1920,1200
1,1,2551,1779138731.38392,1,1920,1200
1,1,2552,1779138731.40474,1,1920,1200
1,1,2553,1779138731.42556,1,1920,1200
1,1,2554,1779138731.44638,1,1920,1200
1,1,2555,1779138731.46719,1,1920,1200
1,1,2556,1779138731.48801,1,1920,1200
1,1,2557,1779138731.50883,1,1920,1200
1,1,2558,1779138731.52965,1,1920,1200
1,1,2559,1779138731.55047,1,1920,1200
1,1,2560,1779138731.57129,1,1920,1200
1,1,2561,1779138731.5921,1,1920,1200
1,1,2562,1779138731.61292,1,1920,1200
1,1,2563,1779138731.63374,1,1920,1200
1,1,2564,1779138731.65456,1,1920,1200
1,1,2565,1779138731.67538,1,1920,1200
1,1,2566,1779138731.6962,1,1920,1200
1,1,2567,1779138731.71702,1,1920,1200
1,1,2568,1779138731.73783,1,1920,1200
1,1,2569,1779138731.75865,1,1920,1200
1,1,2570,1779138731.77947,1,1920,1200
1,1,2571,1779138731.80029,1,1920,1200
1,1,2572,1779138731.82111,1,1920,1200
1,1,2573,1779138731.84192,1,1920,1200
1,1,2574,1779138731.86274,1,1920,1200
1,1,2575,1779138731.88356,1,1920,1200
1,1,2576,1779138731.90438,1,1920,1200
1,1,2577,1779138731.9252,1,1920,1200
1,1,2578,1779138731.94602,1,1920,1200
1,1,2579,1779138731.96684,1,1920,1200
1,1,2580,1779138731.98765,1,1920,1200
1,1,2581,1779138732.00847,1,1920,1200
1,1,2582,1779138732.02929,1,1920,1200
1,1,2583,1779138732.05011,1,1920,1200
1,1,2584,1779138732.07093,1,1920,1200
1,1,2585,1779138732.09175,1,1920,1200
1,1,2586,1779138732.11256,1,1920,1200
1,1,2587,1779138732.13338,1,1920,1200
1,1,2588,1779138732.1542,1,1920,1200
1,1,2589,1779138732.17502,1,1920,1200
1,1,2590,1779138732.19584,1,1920,1200
1,1,2591,1779138732.21666,1,1920,1200
1,1,2592,1779138732.23748,1,1920,1200
1,1,2593,1779138732.25829,1,1920,1200
1,1,2594,1779138732.27911,1,1920,1200
1,1,2595,1779138732.29993,1,1920,1200
1,1,2596,1779138732.32075,1,1920,1200
1,1,2597,1779138732.34157,1,1920,1200
1,1,2598,1779138732.36239,1,1920,1200
1,1,2599,1779138732.3832,1,1920,1200
1,1,2600,1779138732.40402,1,1920,1200
1,1,2601,1779138732.42484,1,1920,1200
1,1,2602,1779138732.44566,1,1920,1200
1,1,2603,1779138732.46648,1,1920,1200
1,1,2604,1779138732.4873,1,1920,1200
1,1,2605,1779138732.50811,1,1920,1200
1,1,2606,1779138732.52893,1,1920,1200
1,1,2607,1779138732.54975,1,1920,1200
1,1,2608,1779138732.57057,1,1920,1200
1,1,2609,1779138732.59139,1,1920,1200
1,1,2610,1779138732.61221,1,1920,1200
1,1,2611,1779138732.63303,1,1920,1200
1,1,2612,1779138732.65384,1,1920,1200
1,1,2613,1779138732.67466,1,1920,1200
1,1,2614,1779138732.69548,1,1920,1200
1,1,2615,1779138732.7163,1,1920,1200
1,1,2616,1779138732.73712,1,1920,1200
1,1,2617,1779138732.75794,1,1920,1200
1,1,2618,1779138732.77875,1,1920,1200
1,1,2619,1779138732.79957,1,1920,1200
1,1,2620,1779138732.82039,1,1920,1200
1,1,2621,1779138732.84121,1,1920,1200
1,1,2622,1779138732.86203,1,1920,1200
1,1,2623,1779138732.88285,1,1920,1200
1,1,2624,1779138732.90366,1,1920,1200
1,1,2625,1779138732.92448,1,1920,1200
1,1,2626,1779138732.9453,1,1920,1200
1,1,2627,1779138732.96612,1,1920,1200
1,1,2628,1779138732.98694,1,1920,1200
1,1,2629,1779138733.00776,1,1920,1200
1,1,2630,1779138733.02858,1,1920,1200
1,1,2631,1779138733.04939,1,1920,1200
1,1,2632,1779138733.07021,1,1920,1200
1,1,2633,1779138733.09103,1,1920,1200
1,1,2634,1779138733.11185,1,1920,1200
1,1,2635,1779138733.13267,1,1920,1200
1,1,2636,1779138733.15349,1,1920,1200
1,1,2637,1779138733.1743,1,1920,1200
1,1,2638,1779138733.19512,1,1920,1200
1,1,2639,1779138733.21594,1,1920,1200
1,1,2640,1779138733.23676,1,1920,1200
1,1,2641,1779138733.25758,1,1920,1200
1,1,2642,1779138733.2784,2,1920,1200
1,1,2643,1779138733.29921,2,1920,1200
1,1,2644,1779138733.32003,2,1920,1200
1,1,2645,1779138733.34085,2,1920,1200
1,1,2646,1779138733.36167,2,1920,1200
1,1,2647,1779138733.38249,2,1920,1200
1,1,2648,1779138733.40331,2,1920,1200
1,1,2649,1779138733.42412,2,1920,1200
1,1,2650,1779138733.44494,2,1920,1200
1,1,2651,1779138733.46576,2,1920,1200
1,1,2652,1779138733.48658,2,1920,1200
1,1,2653,1779138733.5074,2,1920,1200
1,1,2654,1779138733.52822,2,1920,1200
1,1,2655,1779138733.54904,2,1920,1200
1,1,2656,1779138733.56985,2,1920,1200
1,1,2657,1779138733.59067,2,1920,1200
1,1,2658,1779138733.61149,2,1920,1200
1,1,2659,1779138733.63231,2,1920,1200
1,1,2660,1779138733.65313,2,1920,1200
1,1,2661,1779138733.67394,2,1920,1200
1,1,2662,1779138733.69476,2,1920,1200
1,1,2663,1779138733.71558,2,1920,1200
1,1,2664,1779138733.7364,2,1920,1200
1,1,2665,1779138733.75722,2,1920,1200
1,1,2666,1779138733.77804,2,1920,1200
1,1,2667,1779138733.79886,2,1920,1200
1,1,2668,1779138733.81967,2,1920,1200
1,1,2669,1779138733.84049,2,1920,1200
1,1,2670,1779138733.86131,2,1920,1200
1,1,2671,1779138733.88213,2,1920,1200
1,1,2672,1779138733.90295,2,1920,1200
1,1,2673,1779138733.92377,2,1920,1200
1,1,2674,1779138733.94458,2,1920,1200
1,1,2675,1779138733.9654,2,1920,1200
1,1,2676,1779138733.98622,2,1920,1200
1,1,2677,1779138734.00704,2,1920,1200
1,1,2678,1779138734.02786,2,1920,1200
1,1,2679,1779138734.04868,2,1920,1200
1,1,2680,1779138734.0695,2,1920,1200
1,1,2681,1779138734.09031,2,1920,1200
1,1,2682,1779138734.11113,2,1920,1200
1,1,2683,1779138734.13195,2,1920,1200
1,1,2684,1779138734.15277,2,1920,1200
1,1,2685,1779138734.17359,2,1920,1200
1,1,2686,1779138734.19441,2,1920,1200
1,1,2687,1779138734.21522,2,1920,1200
1,1,2688,1779138734.23604,2,1920,1200
1,1,2689,1779138734.25686,2,1920,1200
1,1,2690,1779138734.27768,2,1920,1200
1,1,2691,1779138734.2985,2,1920,1200
1,1,2692,1779138734.31931,2,1920,1200
1,1,2693,1779138734.34013,2,1920,1200
1,1,2694,1779138734.36095,2,1920,1200
1,1,2695,1779138734.38177,2,1920,1200
1,1,2696,1779138734.40259,2,1920,1200
1,1,2697,1779138734.42341,2,1920,1200
1,1,2698,1779138734.44423,2,1920,1200
1,1,2699,1779138734.46504,2,1920,1200
1,1,2700,1779138734.48586,2,1920,1200
1,1,2701,1779138734.50668,2,1920,1200
1,1,2702,1779138734.5275,2,1920,1200
1,1,2703,1779138734.54832,2,1920,1200
1,1,2704,1779138734.56914,2,1920,1200
1,1,2705,1779138734.58995,2,1920,1200
1,1,2706,1779138734.61077,2,1920,1200
1,1,2707,1779138734.63159,2,1920,1200
1,1,2708,1779138734.65241,2,1920,1200
1,1,2709,1779138734.67323,2,1920,1200
1,1,2710,1779138734.69405,2,1920,1200
1,1,2711,1779138734.71486,2,1920,1200
1,1,2712,1779138734.73568,2,1920,1200
1,1,2713,1779138734.7565,2,1920,1200
1,1,2714,1779138734.77732,2,1920,1200
1,1,2715,1779138734.79814,2,1920,1200
1,1,2716,1779138734.81896,2,1920,1200
1,1,2717,1779138734.83978,2,1920,1200
1,1,2718,1779138734.86059,2,1920,1200
1,1,2719,1779138734.88141,2,1920,1200
1,1,2720,1779138734.90223,2,1920,1200
1,1,2721,1779138734.92305,2,1920,1200
1,1,2722,1779138734.94387,2,1920,1200
1,1,2723,1779138734.96469,2,1920,1200
1,1,2724,1779138734.9855,2,1920,1200
1,1,2725,1779138735.00632,2,1920,1200
1,1,2726,1779138735.02714,2,1920,1200
1,1,2727,1779138735.04796,2,1920,1200
1,1,2728,1779138735.06878,2,1920,1200
1,1,2729,1779138735.0896,2,1920,1200
1,1,2730,1779138735.11041,2,1920,1200
1,1,2731,1779138735.13123,2,1920,1200
1,1,2732,1779138735.15205,2,1920,1200
1,1,2733,1779138735.17287,2,1920,1200
1,1,2734,1779138735.19369,2,1920,1200
1,1,2735,1779138735.21451,2,1920,1200
1,1,2736,1779138735.23532,2,1920,1200
1,1,2737,1779138735.25614,2,1920,1200
1,1,2738,1779138735.27696,1,1920,1200
1,1,2739,1779138735.29778,1,1920,1200
1,1,2740,1779138735.3186,1,1920,1200
1,1,2741,1779138735.33942,1,1920,1200
1,1,2742,1779138735.36023,1,1920,1200
1,1,2743,1779138735.38105,1,1920,1200
1,1,2744,1779138735.40187,1,1920,1200
1,1,2745,1779138735.42269,1,1920,1200
1,1,2746,1779138735.44351,1,1920,1200
1,1,2747,1779138735.46433,1,1920,1200
1,1,2748,1779138735.48514,1,1920,1200
1,1,2749,1779138735.50596,1,1920,1200
1,1,2750,1779138735.52678,1,1920,1200
1,1,2751,1779138735.5476,1,1920,1200
1,1,2752,1779138735.56842,1,1920,1200
1,1,2753,1779138735.58924,1,1920,1200
1,1,2754,1779138735.61005,1,1920,1200
1,1,2755,1779138735.63087,1,1920,1200
1,1,2756,1779138735.65169,1,1920,1200
1,1,2757,1779138735.67251,1,1920,1200
1,1,2758,1779138735.69333,1,1920,1200
1,1,2759,1779138735.71415,1,1920,1200
1,1,2760,1779138735.73497,1,1920,1200
1,1,2761,1779138735.75578,1,1920,1200
1,1,2762,1779138735.7766,1,1920,1200
1,1,2763,1779138735.79742,1,1920,1200
1,1,2764,1779138735.81824,1,1920,1200
1,1,2765,1779138735.83906,1,1920,1200
1,1,2766,1779138735.85987,1,1920,1200
1,1,2767,1779138735.88069,1,1920,1200
1,1,2768,1779138735.90151,1,1920,1200
1,1,2769,1779138735.92233,1,1920,1200
1,1,2770,1779138735.94315,1,1920,1200
1,1,2771,1779138735.96397,1,1920,1200
1,1,2772,1779138735.98478,1,1920,1200
1,1,2773,1779138736.0056,1,1920,1200
1,1,2774,1779138736.02642,1,1920,1200
1,1,2775,1779138736.04724,1,1920,1200
1,1,2776,1779138736.06806,1,1920,1200
1,1,2777,1779138736.08888,1,1920,1200
1,1,2778,1779138736.10969,1,1920,1200
1,1,2779,1779138736.13051,1,1920,1200
1,1,2780,1779138736.15133,1,1920,1200
1,1,2781,1779138736.17215,1,1920,1200
1,1,2782,1779138736.19297,1,1920,1200
1,1,2783,1779138736.21379,1,1920,1200
1,1,2784,1779138736.23461,1,1920,1200
1,1,2785,1779138736.25542,1,1920,1200
1,1,2786,1779138736.27624,1,1920,1200
1,1,2787,1779138736.29706,1,1920,1200
1,1,2788,1779138736.31788,1,1920,1200
1,1,2789,1779138736.3387,1,1920,1200
1,1,2790,1779138736.35951,1,1920,1200
1,1,2791,1779138736.38033,1,1920,1200
1,1,2792,1779138736.40115,1,1920,1200
1,1,2793,1779138736.42197,1,1920,1200
1,1,2794,1779138736.44279,1,1920,1200
1,1,2795,1779138736.46361,1,1920,1200
1,1,2796,1779138736.48443,1,1920,1200
1,1,2797,1779138736.50524,1,1920,1200
1,1,2798,1779138736.52606,1,1920,1200
1,1,2799,1779138736.54688,1,1920,1200
1,1,2800,1779138736.5677,1,1920,1200
1,1,2801,1779138736.58852,1,1920,1200
1,1,2802,1779138736.60934,1,1920,1200
1,1,2803,1779138736.63015,1,1920,1200
1,1,2804,1779138736.65097,1,1920,1200
1,1,2805,1779138736.67179,1,1920,1200
1,1,2806,1779138736.69261,1,1920,1200
1,1,2807,1779138736.71343,1,1920,1200
1,1,2808,1779138736.73425,1,1920,1200
1,1,2809,1779138736.75506,1,1920,1200
1,1,2810,1779138736.77588,1,1920,1200
1,1,2811,1779138736.7967,1,1920,1200
1,1,2812,1779138736.81752,1,1920,1200
1,1,2813,1779138736.83834,1,1920,1200
1,1,2814,1779138736.85916,1,1920,1200
1,1,2815,1779138736.87997,1,1920,1200
1,1,2816,1779138736.90079,1,1920,1200
1,1,2817,1779138736.92161,1,1920,1200
1,1,2818,1779138736.94243,1,1920,1200
1,1,2819,1779138736.96325,1,1920,1200
1,1,2820,1779138736.98407,1,1920,1200
1,1,2821,1779138737.00488,1,1920,1200
1,1,2822,1779138737.0257,1,1920,1200
1,1,2823,1779138737.04652,1,1920,1200
1,1,2824,1779138737.06734,1,1920,1200
1,1,2825,1779138737.08816,1,1920,1200
1,1,2826,1779138737.10898,1,1920,1200
1,1,2827,1779138737.12979,1,1920,1200
1,1,2828,1779138737.15061,1,1920,1200
1,1,2829,1779138737.17143,1,1920,1200
1,1,2830,1779138737.19225,1,1920,1200
1,1,2831,1779138737.21307,1,1920,1200
1,1,2832,1779138737.23388,1,1920,1200
1,1,2833,1779138737.25471,1,1920,1200
1,1,2834,1779138737.27552,1,1920,1200
1,1,2835,1779138737.29634,1,1920,1200
1,1,2836,1779138737.31716,1,1920,1200
1,1,2837,1779138737.33798,1,1920,1200
1,1,2838,1779138737.35879,1,1920,1200
1,1,2839,1779138737.37961,1,1920,1200
1,1,2840,1779138737.40043,1,1920,1200
1,1,2841,1779138737.42125,1,1920,1200
1,1,2842,1779138737.44207,1,1920,1200
1,1,2843,1779138737.46289,1,1920,1200
1,1,2844,1779138737.48371,1,1920,1200
1,1,2845,1779138737.50452,1,1920,1200
1,1,2846,1779138737.52534,1,1920,1200
1,1,2847,1779138737.54616,1,1920,1200
1,1,2848,1779138737.56698,1,1920,1200
1,1,2849,1779138737.5878,1,1920,1200
1,1,2850,1779138737.60861,1,1920,1200
1,1,2851,1779138737.62943,1,1920,1200
1,1,2852,1779138737.65025,1,1920,1200
1,1,2853,1779138737.67107,1,1920,1200
1,1,2854,1779138737.69189,1,1920,1200
1,1,2855,1779138737.71271,1,1920,1200
1,1,2856,1779138737.73352,1,1920,1200
1,1,2857,1779138737.75434,1,1920,1200
1,1,2858,1779138737.77516,1,1920,1200
1,1,2859,1779138737.79598,1,1920,1200
1,1,2860,1779138737.8168,1,1920,1200
1,1,2861,1779138737.83762,1,1920,1200
1,1,2862,1779138737.85844,1,1920,1200
1,1,2863,1779138737.87925,1,1920,1200
1,1,2864,1779138737.90007,1,1920,1200
1,1,2865,1779138737.92089,1,1920,1200
1,1,2866,1779138737.94171,1,1920,1200
1,1,2867,1779138737.96253,1,1920,1200
1,1,2868,1779138737.98335,1,1920,1200
1,1,2869,1779138738.00416,1,1920,1200
1,1,2870,1779138738.02498,1,1920,1200
1,1,2871,1779138738.0458,1,1920,1200
1,1,2872,1779138738.06662,1,1920,1200
1,1,2873,1779138738.08744,1,1920,1200
1,1,2874,1779138738.10825,1,1920,1200
1,1,2875,1779138738.12907,1,1920,1200
1,1,2876,1779138738.14989,1,1920,1200
1,1,2877,1779138738.17071,1,1920,1200
1,1,2878,1779138738.19153,1,1920,1200
1,1,2879,1779138738.21235,1,1920,1200
1,1,2880,1779138738.23316,1,1920,1200
1,1,2881,1779138738.25398,1,1920,1200
1,1,2882,1779138738.2748,1,1920,1200
1,1,2883,1779138738.29562,1,1920,1200
1,1,2884,1779138738.31644,1,1920,1200
1,1,2885,1779138738.33726,1,1920,1200
1,1,2886,1779138738.35808,1,1920,1200
1,1,2887,1779138738.37889,1,1920,1200
1,1,2888,1779138738.39971,1,1920,1200
1,1,2889,1779138738.42053,1,1920,1200
1,1,2890,1779138738.44135,1,1920,1200
1,1,2891,1779138738.46217,1,1920,1200
1,1,2892,1779138738.48299,1,1920,1200
1,1,2893,1779138738.5038,1,1920,1200
1,1,2894,1779138738.52462,1,1920,1200
1,1,2895,1779138738.54544,1,1920,1200
1,1,2896,1779138738.56626,1,1920,1200
1,1,2897,1779138738.58708,1,1920,1200
1,1,2898,1779138738.60789,1,1920,1200
1,1,2899,1779138738.62871,1,1920,1200
1,1,2900,1779138738.64953,1,1920,1200
1,1,2901,1779138738.67035,1,1920,1200
1,1,2902,1779138738.69117,1,1920,1200
1,1,2903,1779138738.71199,1,1920,1200
1,1,2904,1779138738.73281,1,1920,1200
1,1,2905,1779138738.75362,1,1920,1200
1,1,2906,1779138738.77444,1,1920,1200
1,1,2907,1779138738.79526,1,1920,1200
1,1,2908,1779138738.81608,1,1920,1200
1,1,2909,1779138738.8369,1,1920,1200
1,1,2910,1779138738.85771,1,1920,1200
1,1,2911,1779138738.87853,1,1920,1200
1,1,2912,1779138738.89935,1,1920,1200
1,1,2913,1779138738.92017,1,1920,1200
1,1,2914,1779138738.94099,1,1920,1200
1,1,2915,1779138738.96181,1,1920,1200
1,1,2916,1779138738.98262,1,1920,1200
1,1,2917,1779138739.00344,1,1920,1200
1,1,2918,1779138739.02426,1,1920,1200
1,1,2919,1779138739.04508,1,1920,1200
1,1,2920,1779138739.0659,1,1920,1200
1,1,2921,1779138739.08672,1,1920,1200
1,1,2922,1779138739.10753,1,1920,1200
1,1,2923,1779138739.12835,1,1920,1200
1,1,2924,1779138739.14917,1,1920,1200
1,1,2925,1779138739.16999,1,1920,1200
1,1,2926,1779138739.19081,1,1920,1200
1,1,2927,1779138739.21162,1,1920,1200
1,1,2928,1779138739.23244,1,1920,1200
1,1,2929,1779138739.25326,1,1920,1200
1,1,2930,1779138739.27408,2,1920,1200
1,1,2931,1779138739.2949,2,1920,1200
1,1,2932,1779138739.31572,2,1920,1200
1,1,2933,1779138739.33653,2,1920,1200
1,1,2934,1779138739.35735,2,1920,1200
1,1,2935,1779138739.37817,2,1920,1200
1,1,2936,1779138739.39899,2,1920,1200
1,1,2937,1779138739.41981,2,1920,1200
1,1,2938,1779138739.44063,2,1920,1200
1,1,2939,1779138739.46144,2,1920,1200
1,1,2940,1779138739.48226,2,1920,1200
1,1,2941,1779138739.50308,2,1920,1200
1,1,2942,1779138739.5239,2,1920,1200
1,1,2943,1779138739.54472,2,1920,1200
1,1,2944,1779138739.56554,2,1920,1200
1,1,2945,1779138739.58635,2,1920,1200
1,1,2946,1779138739.60717,2,1920,1200
1,1,2947,1779138739.62799,2,1920,1200
1,1,2948,1779138739.64881,2,1920,1200
1,1,2949,1779138739.66963,2,1920,1200
1,1,2950,1779138739.69045,2,1920,1200
1,1,2951,1779138739.71126,2,1920,1200
1,1,2952,1779138739.73208,2,1920,1200
1,1,2953,1779138739.7529,2,1920,1200
1,1,2954,1779138739.77372,2,1920,1200
1,1,2955,1779138739.79454,2,1920,1200
1,1,2956,1779138739.81536,2,1920,1200
1,1,2957,1779138739.83617,2,1920,1200
1,1,2958,1779138739.85699,2,1920,1200
1,1,2959,1779138739.87781,2,1920,1200
1,1,2960,1779138739.89863,2,1920,1200
1,1,2961,1779138739.91945,2,1920,1200
1,1,2962,1779138739.94027,2,1920,1200
1,1,2963,1779138739.96108,2,1920,1200
1,1,2964,1779138739.9819,2,1920,1200
1,1,2965,1779138740.00272,2,1920,1200
1,1,2966,1779138740.02354,2,1920,1200
1,1,2967,1779138740.04436,2,1920,1200
1,1,2968,1779138740.06518,2,1920,1200
1,1,2969,1779138740.08599,2,1920,1200
1,1,2970,1779138740.10681,2,1920,1200
1,1,2971,1779138740.12763,2,1920,1200
1,1,2972,1779138740.14845,2,1920,1200
1,1,2973,1779138740.16927,2,1920,1200
1,1,2974,1779138740.19008,2,1920,1200
1,1,2975,1779138740.2109,2,1920,1200
1,1,2976,1779138740.23172,2,1920,1200
1,1,2977,1779138740.25254,2,1920,1200
1,1,2978,1779138740.27336,2,1920,1200
1,1,2979,1779138740.29418,2,1920,1200
1,1,2980,1779138740.315,2,1920,1200
1,1,2981,1779138740.33581,2,1920,1200
1,1,2982,1779138740.35663,2,1920,1200
1,1,2983,1779138740.37745,2,1920,1200
1,1,2984,1779138740.39827,2,1920,1200
1,1,2985,1779138740.41909,2,1920,1200
1,1,2986,1779138740.43991,2,1920,1200
1,1,2987,1779138740.46072,2,1920,1200
1,1,2988,1779138740.48154,2,1920,1200
1,1,2989,1779138740.50236,2,1920,1200
1,1,2990,1779138740.52318,2,1920,1200
1,1,2991,1779138740.544,2,1920,1200
1,1,2992,1779138740.56481,2,1920,1200
1,1,2993,1779138740.58563,2,1920,1200
1,1,2994,1779138740.60645,2,1920,1200
1,1,2995,1779138740.62727,2,1920,1200
1,1,2996,1779138740.64809,2,1920,1200
1,1,2997,1779138740.66891,2,1920,1200
1,1,2998,1779138740.68972,2,1920,1200
1,1,2999,1779138740.71054,2,1920,1200
1,1,3000,1779138740.73136,2,1920,1200
1,1,3001,1779138740.75218,2,1920,1200
1,1,3002,1779138740.773,2,1920,1200
1,1,3003,1779138740.79381,2,1920,1200
1,1,3004,1779138740.81463,2,1920,1200
1,1,3005,1779138740.83545,2,1920,1200
1,1,3006,1779138740.85627,2,1920,1200
1,1,3007,1779138740.87709,2,1920,1200
1,1,3008,1779138740.89791,2,1920,1200
1,1,3009,1779138740.91873,2,1920,1200
1,1,3010,1779138740.93954,2,1920,1200
1,1,3011,1779138740.96036,2,1920,1200
1,1,3012,1779138740.98118,2,1920,1200
1,1,3013,1779138741.002,2,1920,1200
1,1,3014,1779138741.02282,2,1920,1200
1,1,3015,1779138741.04363,2,1920,1200
1,1,3016,1779138741.06445,2,1920,1200
1,1,3017,1779138741.08527,2,1920,1200
1,1,3018,1779138741.10609,2,1920,1200
1,1,3019,1779138741.12691,2,1920,1200
1,1,3020,1779138741.14773,2,1920,1200
1,1,3021,1779138741.16854,2,1920,1200
1,1,3022,1779138741.18936,2,1920,1200
1,1,3023,1779138741.21018,2,1920,1200
1,1,3024,1779138741.231,2,1920,1200
1,1,3025,1779138741.25182,2,1920,1200
1,1,3026,1779138741.27264,2,1920,1200
1,1,3027,1779138741.29345,2,1920,1200
1,1,3028,1779138741.31427,2,1920,1200
1,1,3029,1779138741.33509,2,1920,1200
1,1,3030,1779138741.35591,2,1920,1200
1,1,3031,1779138741.37673,2,1920,1200
1,1,3032,1779138741.39755,2,1920,1200
1,1,3033,1779138741.41836,2,1920,1200
1,1,3034,1779138741.43918,2,1920,1200
1,1,3035,1779138741.46,2,1920,1200
1,1,3036,1779138741.48082,2,1920,1200
1,1,3037,1779138741.50164,2,1920,1200
1,1,3038,1779138741.52245,2,1920,1200
1,1,3039,1779138741.54327,2,1920,1200
1,1,3040,1779138741.56409,2,1920,1200
1,1,3041,1779138741.58491,2,1920,1200
1,1,3042,1779138741.60573,2,1920,1200
1,1,3043,1779138741.62655,2,1920,1200
1,1,3044,1779138741.64737,2,1920,1200
1,1,3045,1779138741.66818,2,1920,1200
1,1,3046,1779138741.689,2,1920,1200
1,1,3047,1779138741.70982,2,1920,1200
1,1,3048,1779138741.73064,2,1920,1200
1,1,3049,1779138741.75146,2,1920,1200
1,1,3050,1779138741.77227,2,1920,1200
1,1,3051,1779138741.79309,2,1920,1200
1,1,3052,1779138741.81391,2,1920,1200
1,1,3053,1779138741.83473,2,1920,1200
1,1,3054,1779138741.85555,2,1920,1200
1,1,3055,1779138741.87636,2,1920,1200
1,1,3056,1779138741.89718,2,1920,1200
1,1,3057,1779138741.918,2,1920,1200
1,1,3058,1779138741.93882,2,1920,1200
1,1,3059,1779138741.95964,2,1920,1200
1,1,3060,1779138741.98046,2,1920,1200
1,1,3061,1779138742.00128,2,1920,1200
1,1,3062,1779138742.02209,2,1920,1200
1,1,3063,1779138742.04291,2,1920,1200
1,1,3064,1779138742.06373,2,1920,1200
1,1,3065,1779138742.08455,2,1920,1200
1,1,3066,1779138742.10537,2,1920,1200
1,1,3067,1779138742.12618,2,1920,1200
1,1,3068,1779138742.147,2,1920,1200
1,1,3069,1779138742.16782,2,1920,1200
1,1,3070,1779138742.18864,2,1920,1200
1,1,3071,1779138742.20946,2,1920,1200
1,1,3072,1779138742.23028,2,1920,1200
1,1,3073,1779138742.25109,2,1920,1200
1,1,3074,1779138742.27191,2,1920,1200
1,1,3075,1779138742.29273,2,1920,1200
1,1,3076,1779138742.31355,2,1920,1200
1,1,3077,1779138742.33437,2,1920,1200
1,1,3078,1779138742.35519,2,1920,1200
1,1,3079,1779138742.376,2,1920,1200
1,1,3080,1779138742.39682,2,1920,1200
1,1,3081,1779138742.41764,2,1920,1200
1,1,3082,1779138742.43846,2,1920,1200
1,1,3083,1779138742.45928,2,1920,1200
1,1,3084,1779138742.48009,2,1920,1200
1,1,3085,1779138742.50091,2,1920,1200
1,1,3086,1779138742.52173,2,1920,1200
1,1,3087,1779138742.54255,2,1920,1200
1,1,3088,1779138742.56337,2,1920,1200
1,1,3089,1779138742.58419,2,1920,1200
1,1,3090,1779138742.605,2,1920,1200
1,1,3091,1779138742.62582,2,1920,1200
1,1,3092,1779138742.64664,2,1920,1200
1,1,3093,1779138742.66746,2,1920,1200
1,1,3094,1779138742.68828,2,1920,1200
1,1,3095,1779138742.7091,2,1920,1200
1,1,3096,1779138742.72991,2,1920,1200
1,1,3097,1779138742.75073,2,1920,1200
1,1,3098,1779138742.77155,2,1920,1200
1,1,3099,1779138742.79237,2,1920,1200
1,1,3100,1779138742.81319,2,1920,1200
1,1,3101,1779138742.83401,2,1920,1200
1,1,3102,1779138742.85482,2,1920,1200
1,1,3103,1779138742.87564,2,1920,1200
1,1,3104,1779138742.89646,2,1920,1200
1,1,3105,1779138742.91728,2,1920,1200
1,1,3106,1779138742.9381,2,1920,1200
1,1,3107,1779138742.95891,2,1920,1200
1,1,3108,1779138742.97973,2,1920,1200
1,1,3109,1779138743.00055,2,1920,1200
1,1,3110,1779138743.02137,2,1920,1200
1,1,3111,1779138743.04219,2,1920,1200
1,1,3112,1779138743.06301,2,1920,1200
1,1,3113,1779138743.08382,2,1920,1200
1,1,3114,1779138743.10464,2,1920,1200
1,1,3115,1779138743.12546,2,1920,1200
1,1,3116,1779138743.14628,2,1920,1200
1,1,3117,1779138743.1671,2,1920,1200
1,1,3118,1779138743.18792,2,1920,1200
1,1,3119,1779138743.20873,2,1920,1200
1,1,3120,1779138743.22955,2,1920,1200
1,1,3121,1779138743.25037,2,1920,1200
1,1,3122,1779138743.27119,2,1920,1200
1,1,3123,1779138743.29201,2,1920,1200
1,1,3124,1779138743.31282,2,1920,1200
1,1,3125,1779138743.33364,2,1920,1200
1,1,3126,1779138743.35446,2,1920,1200
1,1,3127,1779138743.37528,2,1920,1200
1,1,3128,1779138743.3961,2,1920,1200
1,1,3129,1779138743.41692,2,1920,1200
1,1,3130,1779138743.43773,2,1920,1200
1,1,3131,1779138743.45855,2,1920,1200
1,1,3132,1779138743.47937,2,1920,1200
1,1,3133,1779138743.50019,2,1920,1200
1,1,3134,1779138743.52101,2,1920,1200
1,1,3135,1779138743.54183,2,1920,1200
1,1,3136,1779138743.56264,2,1920,1200
1,1,3137,1779138743.58346,2,1920,1200
1,1,3138,1779138743.60428,2,1920,1200
1,1,3139,1779138743.6251,2,1920,1200
1,1,3140,1779138743.64592,2,1920,1200
1,1,3141,1779138743.66673,2,1920,1200
1,1,3142,1779138743.68755,2,1920,1200
1,1,3143,1779138743.70837,2,1920,1200
1,1,3144,1779138743.72919,2,1920,1200
1,1,3145,1779138743.75001,2,1920,1200
1,1,3146,1779138743.77083,2,1920,1200
1,1,3147,1779138743.79164,2,1920,1200
1,1,3148,1779138743.81246,2,1920,1200
1,1,3149,1779138743.83328,2,1920,1200
1,1,3150,1779138743.8541,2,1920,1200
1,1,3151,1779138743.87492,2,1920,1200
1,1,3152,1779138743.89573,2,1920,1200
1,1,3153,1779138743.91655,2,1920,1200
1,1,3154,1779138743.93737,2,1920,1200
1,1,3155,1779138743.95819,2,1920,1200
1,1,3156,1779138743.97901,2,1920,1200
1,1,3157,1779138743.99983,2,1920,1200
1,1,3158,1779138744.02064,2,1920,1200
1,1,3159,1779138744.04146,2,1920,1200
1,1,3160,1779138744.06228,2,1920,1200
1,1,3161,1779138744.0831,2,1920,1200
1,1,3162,1779138744.10392,2,1920,1200
1,1,3163,1779138744.12474,2,1920,1200
1,1,3164,1779138744.14555,2,1920,1200
1,1,3165,1779138744.16637,2,1920,1200
1,1,3166,1779138744.18719,2,1920,1200
1,1,3167,1779138744.20801,2,1920,1200
1,1,3168,1779138744.22883,2,1920,1200
1,1,3169,1779138744.24964,2,1920,1200
1,1,3170,1779138744.27046,2,1920,1200
1,1,3171,1779138744.29128,2,1920,1200
1,1,3172,1779138744.3121,2,1920,1200
1,1,3173,1779138744.33292,2,1920,1200
1,1,3174,1779138744.35374,2,1920,1200
1,1,3175,1779138744.37455,2,1920,1200
1,1,3176,1779138744.39537,2,1920,1200
1,1,3177,1779138744.41619,2,1920,1200
1,1,3178,1779138744.43701,2,1920,1200
1,1,3179,1779138744.45783,2,1920,1200
1,1,3180,1779138744.47864,2,1920,1200
1,1,3181,1779138744.49946,2,1920,1200
1,1,3182,1779138744.52028,2,1920,1200
1,1,3183,1779138744.5411,2,1920,1200
1,1,3184,1779138744.56192,2,1920,1200
1,1,3185,1779138744.58274,2,1920,1200
1,1,3186,1779138744.60355,2,1920,1200
1,1,3187,1779138744.62437,2,1920,1200
1,1,3188,1779138744.64519,2,1920,1200
1,1,3189,1779138744.66601,2,1920,1200
1,1,3190,1779138744.68683,2,1920,1200
1,1,3191,1779138744.70764,2,1920,1200
1,1,3192,1779138744.72846,2,1920,1200
1,1,3193,1779138744.74928,2,1920,1200
1,1,3194,1779138744.7701,2,1920,1200
1,1,3195,1779138744.79092,2,1920,1200
1,1,3196,1779138744.81174,2,1920,1200
1,1,3197,1779138744.83255,2,1920,1200
1,1,3198,1779138744.85337,2,1920,1200
1,1,3199,1779138744.87419,2,1920,1200
1,1,3200,1779138744.89501,2,1920,1200
1,1,3201,1779138744.91583,2,1920,1200
1,1,3202,1779138744.93665,2,1920,1200
1,1,3203,1779138744.95746,2,1920,1200
1,1,3204,1779138744.97828,2,1920,1200
1,1,3205,1779138744.9991,2,1920,1200
1,1,3206,1779138745.01992,2,1920,1200
1,1,3207,1779138745.04074,2,1920,1200
1,1,3208,1779138745.06156,2,1920,1200
1,1,3209,1779138745.08237,2,1920,1200
1,1,3210,1779138745.10319,2,1920,1200
1,1,3211,1779138745.12401,2,1920,1200
1,1,3212,1779138745.14483,2,1920,1200
1,1,3213,1779138745.16565,2,1920,1200
1,1,3214,1779138745.18646,2,1920,1200
1,1,3215,1779138745.20728,2,1920,1200
1,1,3216,1779138745.2281,2,1920,1200
1,1,3217,1779138745.24892,2,1920,1200
1,1,3218,1779138745.26974,1,1920,1200
1,1,3219,1779138745.29056,1,1920,1200
1,1,3220,1779138745.31137,1,1920,1200
1,1,3221,1779138745.33219,1,1920,1200
1,1,3222,1779138745.35301,1,1920,1200
1,1,3223,1779138745.37383,1,1920,1200
1,1,3224,1779138745.39465,1,1920,1200
1,1,3225,1779138745.41546,1,1920,1200
1,1,3226,1779138745.43628,1,1920,1200
1,1,3227,1779138745.4571,1,1920,1200
1,1,3228,1779138745.47792,1,1920,1200
1,1,3229,1779138745.49874,1,1920,1200
1,1,3230,1779138745.51956,1,1920,1200
1,1,3231,1779138745.54037,1,1920,1200
1,1,3232,1779138745.56119,1,1920,1200
1,1,3233,1779138745.58201,1,1920,1200
1,1,3234,1779138745.60283,1,1920,1200
1,1,3235,1779138745.62365,1,1920,1200
1,1,3236,1779138745.64447,1,1920,1200
1,1,3237,1779138745.66528,1,1920,1200
1,1,3238,1779138745.6861,1,1920,1200
1,1,3239,1779138745.70692,1,1920,1200
1,1,3240,1779138745.72774,1,1920,1200
1,1,3241,1779138745.74856,1,1920,1200
1,1,3242,1779138745.76937,1,1920,1200
1,1,3243,1779138745.79019,1,1920,1200
1,1,3244,1779138745.81101,1,1920,1200
1,1,3245,1779138745.83183,1,1920,1200
1,1,3246,1779138745.85265,1,1920,1200
1,1,3247,1779138745.87347,1,1920,1200
1,1,3248,1779138745.89428,1,1920,1200
1,1,3249,1779138745.9151,1,1920,1200
1,1,3250,1779138745.93592,1,1920,1200
1,1,3251,1779138745.95674,1,1920,1200
1,1,3252,1779138745.97756,1,1920,1200
1,1,3253,1779138745.99837,1,1920,1200
1,1,3254,1779138746.01919,1,1920,1200
1,1,3255,1779138746.04001,1,1920,1200
1,1,3256,1779138746.06083,1,1920,1200
1,1,3257,1779138746.08165,1,1920,1200
1,1,3258,1779138746.10247,1,1920,1200
1,1,3259,1779138746.12328,1,1920,1200
1,1,3260,1779138746.1441,1,1920,1200
1,1,3261,1779138746.16492,1,1920,1200
1,1,3262,1779138746.18574,1,1920,1200
1,1,3263,1779138746.20656,1,1920,1200
1,1,3264,1779138746.22737,1,1920,1200
1,1,3265,1779138746.24819,1,1920,1200
1,1,3266,1779138746.26901,1,1920,1200
1,1,3267,1779138746.28983,1,1920,1200
1,1,3268,1779138746.31065,1,1920,1200
1,1,3269,1779138746.33147,1,1920,1200
1,1,3270,1779138746.35228,1,1920,1200
1,1,3271,1779138746.3731,1,1920,1200
1,1,3272,1779138746.39392,1,1920,1200
1,1,3273,1779138746.41474,1,1920,1200
1,1,3274,1779138746.43556,1,1920,1200
1,1,3275,1779138746.45637,1,1920,1200
1,1,3276,1779138746.47719,1,1920,1200
1,1,3277,1779138746.49801,1,1920,1200
1,1,3278,1779138746.51883,1,1920,1200
1,1,3279,1779138746.53965,1,1920,1200
1,1,3280,1779138746.56046,1,1920,1200
1,1,3281,1779138746.58128,1,1920,1200
1,1,3282,1779138746.6021,1,1920,1200
1,1,3283,1779138746.62292,1,1920,1200
1,1,3284,1779138746.64374,1,1920,1200
1,1,3285,1779138746.66456,1,1920,1200
1,1,3286,1779138746.68537,1,1920,1200
1,1,3287,1779138746.70619,1,1920,1200
1,1,3288,1779138746.72701,1,1920,1200
1,1,3289,1779138746.74783,1,1920,1200
1,1,3290,1779138746.76865,1,1920,1200
1,1,3291,1779138746.78947,1,1920,1200
1,1,3292,1779138746.81028,1,1920,1200
1,1,3293,1779138746.8311,1,1920,1200
1,1,3294,1779138746.85192,1,1920,1200
1,1,3295,1779138746.87274,1,1920,1200
1,1,3296,1779138746.89356,1,1920,1200
1,1,3297,1779138746.91437,1,1920,1200
1,1,3298,1779138746.93519,1,1920,1200
1,1,3299,1779138746.95601,1,1920,1200
1,1,3300,1779138746.97683,1,1920,1200
1,1,3301,1779138746.99765,1,1920,1200
1,1,3302,1779138747.01847,1,1920,1200
1,1,3303,1779138747.03928,1,1920,1200
1,1,3304,1779138747.0601,1,1920,1200
1,1,3305,1779138747.08092,1,1920,1200
1,1,3306,1779138747.10174,1,1920,1200
1,1,3307,1779138747.12256,1,1920,1200
1,1,3308,1779138747.14337,1,1920,1200
1,1,3309,1779138747.16419,1,1920,1200
1,1,3310,1779138747.18501,1,1920,1200
1,1,3311,1779138747.20583,1,1920,1200
1,1,3312,1779138747.22665,1,1920,1200
1,1,3313,1779138747.24747,1,1920,1200
1,1,3314,1779138747.26828,1,1920,1200
1,1,3315,1779138747.2891,1,1920,1200
1,1,3316,1779138747.30992,1,1920,1200
1,1,3317,1779138747.33074,1,1920,1200
1,1,3318,1779138747.35156,1,1920,1200
1,1,3319,1779138747.37238,1,1920,1200
1,1,3320,1779138747.39319,1,1920,1200
1,1,3321,1779138747.41401,1,1920,1200
1,1,3322,1779138747.43483,1,1920,1200
1,1,3323,1779138747.45565,1,1920,1200
1,1,3324,1779138747.47646,1,1920,1200
1,1,3325,1779138747.49728,1,1920,1200
1,1,3326,1779138747.5181,1,1920,1200
1,1,3327,1779138747.53892,1,1920,1200
1,1,3328,1779138747.55974,1,1920,1200
1,1,3329,1779138747.58056,1,1920,1200
1,1,3330,1779138747.60137,1,1920,1200
1,1,3331,1779138747.62219,1,1920,1200
1,1,3332,1779138747.64301,1,1920,1200
1,1,3333,1779138747.66383,1,1920,1200
1,1,3334,1779138747.68465,1,1920,1200
1,1,3335,1779138747.70546,1,1920,1200
1,1,3336,1779138747.72628,1,1920,1200
1,1,3337,1779138747.7471,1,1920,1200
1,1,3338,1779138747.76792,1,1920,1200
1,1,3339,1779138747.78874,1,1920,1200
1,1,3340,1779138747.80956,1,1920,1200
1,1,3341,1779138747.83037,1,1920,1200
1,1,3342,1779138747.85119,1,1920,1200
1,1,3343,1779138747.87201,1,1920,1200
1,1,3344,1779138747.89283,1,1920,1200
1,1,3345,1779138747.91365,1,1920,1200
1,1,3346,1779138747.93447,1,1920,1200
1,1,3347,1779138747.95528,1,1920,1200
1,1,3348,1779138747.9761,1,1920,1200
1,1,3349,1779138747.99692,1,1920,1200
1,1,3350,1779138748.01774,1,1920,1200
1,1,3351,1779138748.03856,1,1920,1200
1,1,3352,1779138748.05938,1,1920,1200
1,1,3353,1779138748.08019,1,1920,1200
1,1,3354,1779138748.10101,1,1920,1200
1,1,3355,1779138748.12183,1,1920,1200
1,1,3356,1779138748.14265,1,1920,1200
1,1,3357,1779138748.16347,1,1920,1200
1,1,3358,1779138748.18428,1,1920,1200
1,1,3359,1779138748.2051,1,1920,1200
1,1,3360,1779138748.22592,1,1920,1200
1,1,3361,1779138748.24674,1,1920,1200
1,1,3362,1779138748.26756,1,1920,1200
1,1,3363,1779138748.28837,1,1920,1200
1,1,3364,1779138748.30919,1,1920,1200
1,1,3365,1779138748.33001,1,1920,1200
1,1,3366,1779138748.35083,1,1920,1200
1,1,3367,1779138748.37165,1,1920,1200
1,1,3368,1779138748.39246,1,1920,1200
1,1,3369,1779138748.41328,1,1920,1200
1,1,3370,1779138748.4341,1,1920,1200
1,1,3371,1779138748.45492,1,1920,1200
1,1,3372,1779138748.47574,1,1920,1200
1,1,3373,1779138748.49656,1,1920,1200
1,1,3374,1779138748.51737,1,1920,1200
1,1,3375,1779138748.53819,1,1920,1200
1,1,3376,1779138748.55901,1,1920,1200
1,1,3377,1779138748.57983,1,1920,1200
1,1,3378,1779138748.60065,1,1920,1200
1,1,3379,1779138748.62147,1,1920,1200
1,1,3380,1779138748.64228,1,1920,1200
1,1,3381,1779138748.6631,1,1920,1200
1,1,3382,1779138748.68392,1,1920,1200
1,1,3383,1779138748.70474,1,1920,1200
1,1,3384,1779138748.72555,1,1920,1200
1,1,3385,1779138748.74637,1,1920,1200
1,1,3386,1779138748.76719,1,1920,1200
1,1,3387,1779138748.78801,1,1920,1200
1,1,3388,1779138748.80883,1,1920,1200
1,1,3389,1779138748.82965,1,1920,1200
1,1,3390,1779138748.85046,1,1920,1200
1,1,3391,1779138748.87128,1,1920,1200
1,1,3392,1779138748.8921,1,1920,1200
1,1,3393,1779138748.91292,1,1920,1200
1,1,3394,1779138748.93374,1,1920,1200
1,1,3395,1779138748.95455,1,1920,1200
1,1,3396,1779138748.97537,1,1920,1200
1,1,3397,1779138748.99619,1,1920,1200
1,1,3398,1779138749.01701,1,1920,1200
1,1,3399,1779138749.03783,1,1920,1200
1,1,3400,1779138749.05865,1,1920,1200
1,1,3401,1779138749.07946,1,1920,1200
1,1,3402,1779138749.10028,1,1920,1200
1,1,3403,1779138749.1211,1,1920,1200
1,1,3404,1779138749.14192,1,1920,1200
1,1,3405,1779138749.16274,1,1920,1200
1,1,3406,1779138749.18355,1,1920,1200
1,1,3407,1779138749.20437,1,1920,1200
1,1,3408,1779138749.22519,1,1920,1200
1,1,3409,1779138749.24601,1,1920,1200
1,1,3410,1779138749.26683,2,1920,1200
1,1,3411,1779138749.28765,2,1920,1200
1,1,3412,1779138749.30846,2,1920,1200
1,1,3413,1779138749.32928,2,1920,1200
1,1,3414,1779138749.3501,2,1920,1200
1,1,3415,1779138749.37092,2,1920,1200
1,1,3416,1779138749.39174,2,1920,1200
1,1,3417,1779138749.41255,2,1920,1200
1,1,3418,1779138749.43337,2,1920,1200
1,1,3419,1779138749.45419,2,1920,1200
1,1,3420,1779138749.47501,2,1920,1200
1,1,3421,1779138749.49583,2,1920,1200
1,1,3422,1779138749.51664,2,1920,1200
1,1,3423,1779138749.53746,2,1920,1200
1,1,3424,1779138749.55828,2,1920,1200
1,1,3425,1779138749.5791,2,1920,1200
1,1,3426,1779138749.59992,2,1920,1200
1,1,3427,1779138749.62074,2,1920,1200
1,1,3428,1779138749.64155,2,1920,1200
1,1,3429,1779138749.66237,2,1920,1200
1,1,3430,1779138749.68319,2,1920,1200
1,1,3431,1779138749.70401,2,1920,1200
1,1,3432,1779138749.72483,2,1920,1200
1,1,3433,1779138749.74565,2,1920,1200
1,1,3434,1779138749.76646,2,1920,1200
1,1,3435,1779138749.78728,2,1920,1200
1,1,3436,1779138749.8081,2,1920,1200
1,1,3437,1779138749.82892,2,1920,1200
1,1,3438,1779138749.84973,2,1920,1200
1,1,3439,1779138749.87055,2,1920,1200
1,1,3440,1779138749.89137,2,1920,1200
1,1,3441,1779138749.91219,2,1920,1200
1,1,3442,1779138749.93301,2,1920,1200
1,1,3443,1779138749.95383,2,1920,1200
1,1,3444,1779138749.97464,2,1920,1200
1,1,3445,1779138749.99546,2,1920,1200
1,1,3446,1779138750.01628,2,1920,1200
1,1,3447,1779138750.0371,2,1920,1200
1,1,3448,1779138750.05792,2,1920,1200
1,1,3449,1779138750.07874,2,1920,1200
1,1,3450,1779138750.09955,2,1920,1200
1,1,3451,1779138750.12037,2,1920,1200
1,1,3452,1779138750.14119,2,1920,1200
1,1,3453,1779138750.16201,2,1920,1200
1,1,3454,1779138750.18282,2,1920,1200
1,1,3455,1779138750.20364,2,1920,1200
1,1,3456,1779138750.22446,2,1920,1200
1,1,3457,1779138750.24528,2,1920,1200
1,1,3458,1779138750.2661,2,1920,1200
1,1,3459,1779138750.28692,2,1920,1200
1,1,3460,1779138750.30773,2,1920,1200
1,1,3461,1779138750.32855,2,1920,1200
1,1,3462,1779138750.34937,2,1920,1200
1,1,3463,1779138750.37019,2,1920,1200
1,1,3464,1779138750.39101,2,1920,1200
1,1,3465,1779138750.41183,2,1920,1200
1,1,3466,1779138750.43264,2,1920,1200
1,1,3467,1779138750.45346,2,1920,1200
1,1,3468,1779138750.47428,2,1920,1200
1,1,3469,1779138750.4951,2,1920,1200
1,1,3470,1779138750.51592,2,1920,1200
1,1,3471,1779138750.53673,2,1920,1200
1,1,3472,1779138750.55755,2,1920,1200
1,1,3473,1779138750.57837,2,1920,1200
1,1,3474,1779138750.59919,2,1920,1200
1,1,3475,1779138750.62001,2,1920,1200
1,1,3476,1779138750.64083,2,1920,1200
1,1,3477,1779138750.66164,2,1920,1200
1,1,3478,1779138750.68246,2,1920,1200
1,1,3479,1779138750.70328,2,1920,1200
1,1,3480,1779138750.7241,2,1920,1200
1,1,3481,1779138750.74491,2,1920,1200
1,1,3482,1779138750.76573,2,1920,1200
1,1,3483,1779138750.78655,2,1920,1200
1,1,3484,1779138750.80737,2,1920,1200
1,1,3485,1779138750.82819,2,1920,1200
1,1,3486,1779138750.84901,2,1920,1200
1,1,3487,1779138750.86982,2,1920,1200
1,1,3488,1779138750.89064,2,1920,1200
1,1,3489,1779138750.91146,2,1920,1200
1,1,3490,1779138750.93228,2,1920,1200
1,1,3491,1779138750.9531,2,1920,1200
1,1,3492,1779138750.97391,2,1920,1200
1,1,3493,1779138750.99473,2,1920,1200
1,1,3494,1779138751.01555,2,1920,1200
1,1,3495,1779138751.03637,2,1920,1200
1,1,3496,1779138751.05719,2,1920,1200
1,1,3497,1779138751.078,2,1920,1200
1,1,3498,1779138751.09882,2,1920,1200
1,1,3499,1779138751.11964,2,1920,1200
1,1,3500,1779138751.14046,2,1920,1200
1,1,3501,1779138751.16128,2,1920,1200
1,1,3502,1779138751.1821,2,1920,1200
1,1,3503,1779138751.20291,2,1920,1200
1,1,3504,1779138751.22373,2,1920,1200
1,1,3505,1779138751.24455,2,1920,1200
1,1,3506,1779138751.26537,2,1920,1200
1,1,3507,1779138751.28619,2,1920,1200
1,1,3508,1779138751.30701,2,1920,1200
1,1,3509,1779138751.32782,2,1920,1200
1,1,3510,1779138751.34864,2,1920,1200
1,1,3511,1779138751.36946,2,1920,1200
1,1,3512,1779138751.39028,2,1920,1200
1,1,3513,1779138751.41109,2,1920,1200
1,1,3514,1779138751.43191,2,1920,1200
1,1,3515,1779138751.45273,2,1920,1200
1,1,3516,1779138751.47355,2,1920,1200
1,1,3517,1779138751.49437,2,1920,1200
1,1,3518,1779138751.51519,2,1920,1200
1,1,3519,1779138751.536,2,1920,1200
1,1,3520,1779138751.55682,2,1920,1200
1,1,3521,1779138751.57764,2,1920,1200
1,1,3522,1779138751.59846,2,1920,1200
1,1,3523,1779138751.61928,2,1920,1200
1,1,3524,1779138751.64009,2,1920,1200
1,1,3525,1779138751.66091,2,1920,1200
1,1,3526,1779138751.68173,2,1920,1200
1,1,3527,1779138751.70255,2,1920,1200
1,1,3528,1779138751.72337,2,1920,1200
1,1,3529,1779138751.74419,2,1920,1200
1,1,3530,1779138751.765,2,1920,1200
1,1,3531,1779138751.78582,2,1920,1200
1,1,3532,1779138751.80664,2,1920,1200
1,1,3533,1779138751.82746,2,1920,1200
1,1,3534,1779138751.84828,2,1920,1200
1,1,3535,1779138751.86909,2,1920,1200
1,1,3536,1779138751.88991,2,1920,1200
1,1,3537,1779138751.91073,2,1920,1200
1,1,3538,1779138751.93155,2,1920,1200
1,1,3539,1779138751.95237,2,1920,1200
1,1,3540,1779138751.97318,2,1920,1200
1,1,3541,1779138751.994,2,1920,1200
1,1,3542,1779138752.01482,2,1920,1200
1,1,3543,1779138752.03564,2,1920,1200
1,1,3544,1779138752.05646,2,1920,1200
1,1,3545,1779138752.07728,2,1920,1200
1,1,3546,1779138752.09809,2,1920,1200
1,1,3547,1779138752.11891,2,1920,1200
1,1,3548,1779138752.13973,2,1920,1200
1,1,3549,1779138752.16055,2,1920,1200
1,1,3550,1779138752.18137,2,1920,1200
1,1,3551,1779138752.20218,2,1920,1200
1,1,3552,1779138752.223,2,1920,1200
1,1,3553,1779138752.24382,2,1920,1200
1,1,3554,1779138752.26464,2,1920,1200
1,1,3555,1779138752.28546,2,1920,1200
1,1,3556,1779138752.30627,2,1920,1200
1,1,3557,1779138752.32709,2,1920,1200
1,1,3558,1779138752.34791,2,1920,1200
1,1,3559,1779138752.36873,2,1920,1200
1,1,3560,1779138752.38955,2,1920,1200
1,1,3561,1779138752.41036,2,1920,1200
1,1,3562,1779138752.43118,2,1920,1200
1,1,3563,1779138752.452,2,1920,1200
1,1,3564,1779138752.47282,2,1920,1200
1,1,3565,1779138752.49364,2,1920,1200
1,1,3566,1779138752.51445,2,1920,1200
1,1,3567,1779138752.53527,2,1920,1200
1,1,3568,1779138752.55609,2,1920,1200
1,1,3569,1779138752.57691,2,1920,1200
1,1,3570,1779138752.59773,2,1920,1200
1,1,3571,1779138752.61855,2,1920,1200
1,1,3572,1779138752.63936,2,1920,1200
1,1,3573,1779138752.66018,2,1920,1200
1,1,3574,1779138752.681,2,1920,1200
1,1,3575,1779138752.70182,2,1920,1200
1,1,3576,1779138752.72264,2,1920,1200
1,1,3577,1779138752.74345,2,1920,1200
1,1,3578,1779138752.76427,2,1920,1200
1,1,3579,1779138752.78509,2,1920,1200
1,1,3580,1779138752.80591,2,1920,1200
1,1,3581,1779138752.82673,2,1920,1200
1,1,3582,1779138752.84755,2,1920,1200
1,1,3583,1779138752.86836,2,1920,1200
1,1,3584,1779138752.88918,2,1920,1200
1,1,3585,1779138752.91,2,1920,1200
1,1,3586,1779138752.93082,2,1920,1200
1,1,3587,1779138752.95164,2,1920,1200
1,1,3588,1779138752.97245,2,1920,1200
1,1,3589,1779138752.99327,2,1920,1200
1,1,3590,1779138753.01409,2,1920,1200
1,1,3591,1779138753.03491,2,1920,1200
1,1,3592,1779138753.05573,2,1920,1200
1,1,3593,1779138753.07654,2,1920,1200
1,1,3594,1779138753.09736,2,1920,1200
1,1,3595,1779138753.11818,2,1920,1200
1,1,3596,1779138753.139,2,1920,1200
1,1,3597,1779138753.15982,2,1920,1200
1,1,3598,1779138753.18063,2,1920,1200
1,1,3599,1779138753.20145,2,1920,1200
1,1,3600,1779138753.22227,2,1920,1200
1,1,3601,1779138753.24309,2,1920,1200
1,1,3602,1779138753.26391,-1,1920,1200
1,1,3603,1779138753.28472,-1,1920,1200
1,1,3604,1779138753.30554,-1,1920,1200
1,1,3605,1779138753.32636,-1,1920,1200
1,1,3606,1779138753.34718,-1,1920,1200
1,1,3607,1779138753.368,-1,1920,1200
1,1,3608,1779138753.38881,-1,1920,1200
1,1,3609,1779138753.40963,-1,1920,1200
1,1,3610,1779138753.43045,-1,1920,1200
1,1,3611,1779138753.45127,-1,1920,1200
1,1,3612,1779138753.47209,-1,1920,1200
1,1,3613,1779138753.49291,-1,1920,1200
1,1,3614,1779138753.51372,-1,1920,1200
1,1,3615,1779138753.53454,-1,1920,1200
1,1,3616,1779138753.55536,-1,1920,1200
1,1,3617,1779138753.57618,-1,1920,1200
1,1,3618,1779138753.597,-1,1920,1200
1,1,3619,1779138753.61782,-1,1920,1200
1,1,3620,1779138753.63863,-1,1920,1200
1,1,3621,1779138753.65945,-1,1920,1200
1,1,3622,1779138753.68027,-1,1920,1200
1,1,3623,1779138753.70109,-1,1920,1200
1,1,3624,1779138753.72191,-1,1920,1200
1,1,3625,1779138753.74273,-1,1920,1200
1,1,3626,1779138753.76354,-1,1920,1200
1,1,3627,1779138753.78436,-1,1920,1200
1,1,3628,1779138753.80518,-1,1920,1200
1,1,3629,1779138753.826,-1,1920,1200
1,1,3630,1779138753.84681,-1,1920,1200
1,1,3631,1779138753.86763,-1,1920,1200
1,1,3632,1779138753.88845,-1,1920,1200
1,1,3633,1779138753.90927,-1,1920,1200
1,1,3634,1779138753.93009,-1,1920,1200
1,1,3635,1779138753.9509,-1,1920,1200
1,1,3636,1779138753.97172,-1,1920,1200
1,1,3637,1779138753.99254,-1,1920,1200
1,1,3638,1779138754.01336,-1,1920,1200
1,1,3639,1779138754.03418,-1,1920,1200
1,1,3640,1779138754.055,-1,1920,1200
1,1,3641,1779138754.07581,-1,1920,1200
1,1,3642,1779138754.09663,-1,1920,1200
1,1,3643,1779138754.11745,-1,1920,1200
1,1,3644,1779138754.13827,-1,1920,1200
1,1,3645,1779138754.15909,-1,1920,1200
1,1,3646,1779138754.1799,-1,1920,1200
1,1,3647,1779138754.20072,-1,1920,1200
1,1,3648,1779138754.22154,-1,1920,1200
1,1,3649,1779138754.24236,-1,1920,1200
1,1,3650,1779138754.26318,-1,1920,1200
1,1,3651,1779138754.28399,-1,1920,1200
1,1,3652,1779138754.30481,-1,1920,1200
1,1,3653,1779138754.32563,-1,1920,1200
1,1,3654,1779138754.34645,-1,1920,1200
1,1,3655,1779138754.36727,-1,1920,1200
1,1,3656,1779138754.38808,-1,1920,1200
1,1,3657,1779138754.4089,-1,1920,1200
1,1,3658,1779138754.42972,-1,1920,1200
1,1,3659,1779138754.45054,-1,1920,1200
1,1,3660,1779138754.47136,-1,1920,1200
1,1,3661,1779138754.49217,-1,1920,1200
1,1,3662,1779138754.51299,-1,1920,1200
1,1,3663,1779138754.53381,-1,1920,1200
1,1,3664,1779138754.55463,-1,1920,1200
1,1,3665,1779138754.57545,-1,1920,1200
1,1,3666,1779138754.59626,-1,1920,1200
1,1,3667,1779138754.61708,-1,1920,1200
1,1,3668,1779138754.6379,-1,1920,1200
1,1,3669,1779138754.65872,-1,1920,1200
1,1,3670,1779138754.67954,-1,1920,1200
1,1,3671,1779138754.70036,-1,1920,1200
1,1,3672,1779138754.72117,-1,1920,1200
1,1,3673,1779138754.74199,-1,1920,1200
1,1,3674,1779138754.76281,-1,1920,1200
1,1,3675,1779138754.78363,-1,1920,1200
1,1,3676,1779138754.80445,-1,1920,1200
1,1,3677,1779138754.82526,-1,1920,1200
1,1,3678,1779138754.84608,-1,1920,1200
1,1,3679,1779138754.8669,-1,1920,1200
1,1,3680,1779138754.88772,-1,1920,1200
1,1,3681,1779138754.90854,-1,1920,1200
1,1,3682,1779138754.92935,-1,1920,1200
1,1,3683,1779138754.95017,-1,1920,1200
1,1,3684,1779138754.97099,-1,1920,1200
1,1,3685,1779138754.99181,-1,1920,1200
1,1,3686,1779138755.01263,-1,1920,1200
1,1,3687,1779138755.03344,-1,1920,1200
1,1,3688,1779138755.05426,-1,1920,1200
1,1,3689,1779138755.07508,-1,1920,1200
1,1,3690,1779138755.0959,-1,1920,1200
1,1,3691,1779138755.11672,-1,1920,1200
1,1,3692,1779138755.13754,-1,1920,1200
1,1,3693,1779138755.15835,-1,1920,1200
1,1,3694,1779138755.17917,-1,1920,1200
1,1,3695,1779138755.19999,-1,1920,1200
1,1,3696,1779138755.22081,-1,1920,1200
1,1,3697,1779138755.24162,-1,1920,1200
1,1,3698,1779138755.26244,-1,1920,1200
1,1,3699,1779138755.28326,-1,1920,1200
1,1,3700,1779138755.30408,-1,1920,1200
1,1,3701,1779138755.3249,-1,1920,1200
1,1,3702,1779138755.34572,-1,1920,1200
1,1,3703,1779138755.36653,-1,1920,1200
1,1,3704,1779138755.38735,-1,1920,1200
1,1,3705,1779138755.40817,-1,1920,1200
1,1,3706,1779138755.42899,-1,1920,1200
1,1,3707,1779138755.44981,-1,1920,1200
1,1,3708,1779138755.47062,-1,1920,1200
1,1,3709,1779138755.49144,-1,1920,1200
1,1,3710,1779138755.51226,-1,1920,1200
1,1,3711,1779138755.53308,-1,1920,1200
1,1,3712,1779138755.5539,-1,1920,1200
1,1,3713,1779138755.57471,-1,1920,1200
1,1,3714,1779138755.59553,-1,1920,1200
1,1,3715,1779138755.61635,-1,1920,1200
1,1,3716,1779138755.63717,-1,1920,1200
1,1,3717,1779138755.65799,-1,1920,1200
1,1,3718,1779138755.6788,-1,1920,1200
1,1,3719,1779138755.69962,-1,1920,1200
1,1,3720,1779138755.72044,-1,1920,1200
1,1,3721,1779138755.74126,-1,1920,1200
1,1,3722,1779138755.76208,-1,1920,1200
1,1,3723,1779138755.7829,-1,1920,1200
1,1,3724,1779138755.80371,-1,1920,1200
1,1,3725,1779138755.82453,-1,1920,1200
1,1,3726,1779138755.84535,-1,1920,1200
1,1,3727,1779138755.86617,-1,1920,1200
1,1,3728,1779138755.88699,-1,1920,1200
1,1,3729,1779138755.9078,-1,1920,1200
1,1,3730,1779138755.92862,-1,1920,1200
1,1,3731,1779138755.94944,-1,1920,1200
1,1,3732,1779138755.97026,-1,1920,1200
1,1,3733,1779138755.99108,-1,1920,1200
1,1,3734,1779138756.01189,-1,1920,1200
1,1,3735,1779138756.03271,-1,1920,1200
1,1,3736,1779138756.05353,-1,1920,1200
1,1,3737,1779138756.07435,-1,1920,1200
1,1,3738,1779138756.09517,-1,1920,1200
1,1,3739,1779138756.11598,-1,1920,1200
1,1,3740,1779138756.1368,-1,1920,1200
1,1,3741,1779138756.15762,-1,1920,1200
1,1,3742,1779138756.17844,-1,1920,1200
1,1,3743,1779138756.19926,-1,1920,1200
1,1,3744,1779138756.22007,-1,1920,1200
1,1,3745,1779138756.24089,-1,1920,1200
1,1,3746,1779138756.26171,1,1920,1200
1,1,3747,1779138756.28253,1,1920,1200
1,1,3748,1779138756.30335,1,1920,1200
1,1,3749,1779138756.32416,1,1920,1200
1,1,3750,1779138756.34498,1,1920,1200
1,1,3751,1779138756.36582,1,1920,1200
1,1,3752,1779138756.38662,1,1920,1200
1,1,3753,1779138756.40744,1,1920,1200
1,1,3754,1779138756.42826,1,1920,1200
1,1,3755,1779138756.44907,1,1920,1200
1,1,3756,1779138756.46989,1,1920,1200
1,1,3757,1779138756.49071,1,1920,1200
1,1,3758,1779138756.51153,1,1920,1200
1,1,3759,1779138756.53234,1,1920,1200
1,1,3760,1779138756.55316,1,1920,1200
1,1,3761,1779138756.57398,1,1920,1200
1,1,3762,1779138756.5948,1,1920,1200
1,1,3763,1779138756.61562,1,1920,1200
1,1,3764,1779138756.63644,1,1920,1200
1,1,3765,1779138756.65725,1,1920,1200
1,1,3766,1779138756.67807,1,1920,1200
1,1,3767,1779138756.69889,1,1920,1200
1,1,3768,1779138756.71971,1,1920,1200
1,1,3769,1779138756.74052,1,1920,1200
1,1,3770,1779138756.76134,1,1920,1200
1,1,3771,1779138756.78216,1,1920,1200
1,1,3772,1779138756.80298,1,1920,1200
1,1,3773,1779138756.8238,1,1920,1200
1,1,3774,1779138756.84462,1,1920,1200
1,1,3775,1779138756.86543,1,1920,1200
1,1,3776,1779138756.88625,1,1920,1200
1,1,3777,1779138756.90707,1,1920,1200
1,1,3778,1779138756.92789,1,1920,1200
1,1,3779,1779138756.94871,1,1920,1200
1,1,3780,1779138756.96952,1,1920,1200
1,1,3781,1779138756.99034,1,1920,1200
1,1,3782,1779138757.01116,1,1920,1200
1,1,3783,1779138757.03198,1,1920,1200
1,1,3784,1779138757.0528,1,1920,1200
1,1,3785,1779138757.07361,1,1920,1200
1,1,3786,1779138757.09443,1,1920,1200
1,1,3787,1779138757.11525,1,1920,1200
1,1,3788,1779138757.13607,1,1920,1200
1,1,3789,1779138757.15689,1,1920,1200
1,1,3790,1779138757.1777,1,1920,1200
1,1,3791,1779138757.19852,1,1920,1200
1,1,3792,1779138757.21934,1,1920,1200
1,1,3793,1779138757.24016,1,1920,1200
1,1,3794,1779138757.26098,1,1920,1200
1,1,3795,1779138757.2818,1,1920,1200
1,1,3796,1779138757.30261,1,1920,1200
1,1,3797,1779138757.32343,1,1920,1200
1,1,3798,1779138757.34425,1,1920,1200
1,1,3799,1779138757.36507,1,1920,1200
1,1,3800,1779138757.38589,1,1920,1200
1,1,3801,1779138757.4067,1,1920,1200
1,1,3802,1779138757.42752,1,1920,1200
1,1,3803,1779138757.44834,1,1920,1200
1,1,3804,1779138757.46916,1,1920,1200
1,1,3805,1779138757.48997,1,1920,1200
1,1,3806,1779138757.51079,1,1920,1200
1,1,3807,1779138757.53161,1,1920,1200
1,1,3808,1779138757.55243,1,1920,1200
1,1,3809,1779138757.57325,1,1920,1200
1,1,3810,1779138757.59406,1,1920,1200
1,1,3811,1779138757.61488,1,1920,1200
1,1,3812,1779138757.6357,1,1920,1200
1,1,3813,1779138757.65652,1,1920,1200
1,1,3814,1779138757.67734,1,1920,1200
1,1,3815,1779138757.69816,1,1920,1200
1,1,3816,1779138757.71897,1,1920,1200
1,1,3817,1779138757.73979,1,1920,1200
1,1,3818,1779138757.76061,1,1920,1200
1,1,3819,1779138757.78143,1,1920,1200
1,1,3820,1779138757.80225,1,1920,1200
1,1,3821,1779138757.82307,1,1920,1200
1,1,3822,1779138757.84388,1,1920,1200
1,1,3823,1779138757.8647,1,1920,1200
1,1,3824,1779138757.88552,1,1920,1200
1,1,3825,1779138757.90634,1,1920,1200
1,1,3826,1779138757.92715,1,1920,1200
1,1,3827,1779138757.94797,1,1920,1200
1,1,3828,1779138757.96879,1,1920,1200
1,1,3829,1779138757.98961,1,1920,1200
1,1,3830,1779138758.01043,1,1920,1200
1,1,3831,1779138758.03125,1,1920,1200
1,1,3832,1779138758.05206,1,1920,1200
1,1,3833,1779138758.07288,1,1920,1200
1,1,3834,1779138758.0937,1,1920,1200
1,1,3835,1779138758.11452,1,1920,1200
1,1,3836,1779138758.13533,1,1920,1200
1,1,3837,1779138758.15615,1,1920,1200
1,1,3838,1779138758.17697,1,1920,1200
1,1,3839,1779138758.19779,1,1920,1200
1,1,3840,1779138758.21861,1,1920,1200
1,1,3841,1779138758.23943,1,1920,1200
1,1,3842,1779138758.26024,1,1920,1200
1,1,3843,1779138758.28106,1,1920,1200
1,1,3844,1779138758.30188,1,1920,1200
1,1,3845,1779138758.3227,1,1920,1200
1,1,3846,1779138758.34352,1,1920,1200
1,1,3847,1779138758.36433,1,1920,1200
1,1,3848,1779138758.38515,1,1920,1200
1,1,3849,1779138758.40597,1,1920,1200
1,1,3850,1779138758.42679,1,1920,1200
1,1,3851,1779138758.44761,1,1920,1200
1,1,3852,1779138758.46842,1,1920,1200
1,1,3853,1779138758.48924,1,1920,1200
1,1,3854,1779138758.51006,1,1920,1200
1,1,3855,1779138758.53088,1,1920,1200
1,1,3856,1779138758.5517,1,1920,1200
1,1,3857,1779138758.57251,1,1920,1200
1,1,3858,1779138758.59333,1,1920,1200
1,1,3859,1779138758.61415,1,1920,1200
1,1,3860,1779138758.63497,1,1920,1200
1,1,3861,1779138758.65579,1,1920,1200
1,1,3862,1779138758.6766,1,1920,1200
1,1,3863,1779138758.69742,1,1920,1200
1,1,3864,1779138758.71824,1,1920,1200
1,1,3865,1779138758.73906,1,1920,1200
1,1,3866,1779138758.75988,1,1920,1200
1,1,3867,1779138758.78069,1,1920,1200
1,1,3868,1779138758.80151,1,1920,1200
1,1,3869,1779138758.82233,1,1920,1200
1,1,3870,1779138758.84315,1,1920,1200
1,1,3871,1779138758.86397,1,1920,1200
1,1,3872,1779138758.88478,1,1920,1200
1,1,3873,1779138758.9056,1,1920,1200
1,1,3874,1779138758.92642,1,1920,1200
1,1,3875,1779138758.94724,1,1920,1200
1,1,3876,1779138758.96806,1,1920,1200
1,1,3877,1779138758.98887,1,1920,1200
1,1,3878,1779138759.00969,1,1920,1200
1,1,3879,1779138759.03051,1,1920,1200
1,1,3880,1779138759.05133,1,1920,1200
1,1,3881,1779138759.07215,1,1920,1200
1,1,3882,1779138759.09296,1,1920,1200
1,1,3883,1779138759.11378,1,1920,1200
1,1,3884,1779138759.1346,1,1920,1200
1,1,3885,1779138759.15542,1,1920,1200
1,1,3886,1779138759.17624,1,1920,1200
1,1,3887,1779138759.19705,1,1920,1200
1,1,3888,1779138759.21787,1,1920,1200
1,1,3889,1779138759.23869,1,1920,1200
1,1,3890,1779138759.25951,1,1920,1200
1,1,3891,1779138759.28033,1,1920,1200
1,1,3892,1779138759.30114,1,1920,1200
1,1,3893,1779138759.32196,1,1920,1200
1,1,3894,1779138759.34278,1,1920,1200
1,1,3895,1779138759.3636,1,1920,1200
1,1,3896,1779138759.38442,1,1920,1200
1,1,3897,1779138759.40523,1,1920,1200
1,1,3898,1779138759.42605,1,1920,1200
1,1,3899,1779138759.44687,1,1920,1200
1,1,3900,1779138759.46769,1,1920,1200
1,1,3901,1779138759.48851,1,1920,1200
1,1,3902,1779138759.50932,1,1920,1200
1,1,3903,1779138759.53014,1,1920,1200
1,1,3904,1779138759.55096,1,1920,1200
1,1,3905,1779138759.57178,1,1920,1200
1,1,3906,1779138759.5926,1,1920,1200
1,1,3907,1779138759.61341,1,1920,1200
1,1,3908,1779138759.63423,1,1920,1200
1,1,3909,1779138759.65505,1,1920,1200
1,1,3910,1779138759.67587,1,1920,1200
1,1,3911,1779138759.69669,1,1920,1200
1,1,3912,1779138759.71751,1,1920,1200
1,1,3913,1779138759.73832,1,1920,1200
1,1,3914,1779138759.75914,1,1920,1200
1,1,3915,1779138759.77996,1,1920,1200
1,1,3916,1779138759.80078,1,1920,1200
1,1,3917,1779138759.82159,1,1920,1200
1,1,3918,1779138759.84241,1,1920,1200
1,1,3919,1779138759.86323,1,1920,1200
1,1,3920,1779138759.88405,1,1920,1200
1,1,3921,1779138759.90487,1,1920,1200
1,1,3922,1779138759.92568,1,1920,1200
1,1,3923,1779138759.9465,1,1920,1200
1,1,3924,1779138759.96732,1,1920,1200
1,1,3925,1779138759.98814,1,1920,1200
1,1,3926,1779138760.00896,1,1920,1200
1,1,3927,1779138760.02977,1,1920,1200
1,1,3928,1779138760.05059,1,1920,1200
1,1,3929,1779138760.07141,1,1920,1200
1,1,3930,1779138760.09223,1,1920,1200
1,1,3931,1779138760.11305,1,1920,1200
1,1,3932,1779138760.13387,1,1920,1200
1,1,3933,1779138760.15468,1,1920,1200
1,1,3934,1779138760.1755,1,1920,1200
1,1,3935,1779138760.19632,1,1920,1200
1,1,3936,1779138760.21714,1,1920,1200
1,1,3937,1779138760.23796,1,1920,1200
1,1,3938,1779138760.25877,2,1920,1200
1,1,3939,1779138760.27959,2,1920,1200
1,1,3940,1779138760.30041,2,1920,1200
1,1,3941,1779138760.32123,2,1920,1200
1,1,3942,1779138760.34204,2,1920,1200
1,1,3943,1779138760.36286,2,1920,1200
1,1,3944,1779138760.38368,2,1920,1200
1,1,3945,1779138760.4045,2,1920,1200
1,1,3946,1779138760.42532,2,1920,1200
1,1,3947,1779138760.44613,2,1920,1200
1,1,3948,1779138760.46695,2,1920,1200
1,1,3949,1779138760.48777,2,1920,1200
1,1,3950,1779138760.50859,2,1920,1200
1,1,3951,1779138760.52941,2,1920,1200
1,1,3952,1779138760.55023,2,1920,1200
1,1,3953,1779138760.57104,2,1920,1200
1,1,3954,1779138760.59186,2,1920,1200
1,1,3955,1779138760.61268,2,1920,1200
1,1,3956,1779138760.6335,2,1920,1200
1,1,3957,1779138760.65431,2,1920,1200
1,1,3958,1779138760.67513,2,1920,1200
1,1,3959,1779138760.69595,2,1920,1200
1,1,3960,1779138760.71677,2,1920,1200
1,1,3961,1779138760.73759,2,1920,1200
1,1,3962,1779138760.7584,2,1920,1200
1,1,3963,1779138760.77922,2,1920,1200
1,1,3964,1779138760.80004,2,1920,1200
1,1,3965,1779138760.82086,2,1920,1200
1,1,3966,1779138760.84168,2,1920,1200
1,1,3967,1779138760.86249,2,1920,1200
1,1,3968,1779138760.88331,2,1920,1200
1,1,3969,1779138760.90413,2,1920,1200
1,1,3970,1779138760.92495,2,1920,1200
1,1,3971,1779138760.94577,2,1920,1200
1,1,3972,1779138760.96658,2,1920,1200
1,1,3973,1779138760.9874,2,1920,1200
1,1,3974,1779138761.00822,2,1920,1200
1,1,3975,1779138761.02904,2,1920,1200
1,1,3976,1779138761.04986,2,1920,1200
1,1,3977,1779138761.07068,2,1920,1200
1,1,3978,1779138761.09149,2,1920,1200
1,1,3979,1779138761.11231,2,1920,1200
1,1,3980,1779138761.13313,2,1920,1200
1,1,3981,1779138761.15395,2,1920,1200
1,1,3982,1779138761.17477,2,1920,1200
1,1,3983,1779138761.19558,2,1920,1200
1,1,3984,1779138761.2164,2,1920,1200
1,1,3985,1779138761.23722,2,1920,1200
1,1,3986,1779138761.25804,2,1920,1200
1,1,3987,1779138761.27886,2,1920,1200
1,1,3988,1779138761.29967,2,1920,1200
1,1,3989,1779138761.32049,2,1920,1200
1,1,3990,1779138761.34131,2,1920,1200
1,1,3991,1779138761.36213,2,1920,1200
1,1,3992,1779138761.38295,2,1920,1200
1,1,3993,1779138761.40376,2,1920,1200
1,1,3994,1779138761.42458,2,1920,1200
1,1,3995,1779138761.4454,2,1920,1200
1,1,3996,1779138761.46622,2,1920,1200
1,1,3997,1779138761.48703,2,1920,1200
1,1,3998,1779138761.50785,2,1920,1200
1,1,3999,1779138761.52867,2,1920,1200
1,1,4000,1779138761.54949,2,1920,1200
1,1,4001,1779138761.57031,2,1920,1200
1,1,4002,1779138761.59113,2,1920,1200
1,1,4003,1779138761.61194,2,1920,1200
1,1,4004,1779138761.63276,2,1920,1200
1,1,4005,1779138761.65358,2,1920,1200
1,1,4006,1779138761.6744,2,1920,1200
1,1,4007,1779138761.69522,2,1920,1200
1,1,4008,1779138761.71603,2,1920,1200
1,1,4009,1779138761.73685,2,1920,1200
1,1,4010,1779138761.75767,2,1920,1200
1,1,4011,1779138761.77849,2,1920,1200
1,1,4012,1779138761.7993,2,1920,1200
1,1,4013,1779138761.82012,2,1920,1200
1,1,4014,1779138761.84094,2,1920,1200
1,1,4015,1779138761.86176,2,1920,1200
1,1,4016,1779138761.88258,2,1920,1200
1,1,4017,1779138761.9034,2,1920,1200
1,1,4018,1779138761.92421,2,1920,1200
1,1,4019,1779138761.94503,2,1920,1200
1,1,4020,1779138761.96585,2,1920,1200
1,1,4021,1779138761.98667,2,1920,1200
1,1,4022,1779138762.00749,2,1920,1200
1,1,4023,1779138762.0283,2,1920,1200
1,1,4024,1779138762.04912,2,1920,1200
1,1,4025,1779138762.06994,2,1920,1200
1,1,4026,1779138762.09076,2,1920,1200
1,1,4027,1779138762.11158,2,1920,1200
1,1,4028,1779138762.13239,2,1920,1200
1,1,4029,1779138762.15321,2,1920,1200
1,1,4030,1779138762.17403,2,1920,1200
1,1,4031,1779138762.19485,2,1920,1200
1,1,4032,1779138762.21567,2,1920,1200
1,1,4033,1779138762.23648,2,1920,1200
1,1,4034,1779138762.2573,1,1920,1200
1,1,4035,1779138762.27812,1,1920,1200
1,1,4036,1779138762.29894,1,1920,1200
1,1,4037,1779138762.31976,1,1920,1200
1,1,4038,1779138762.34057,1,1920,1200
1,1,4039,1779138762.36139,1,1920,1200
1,1,4040,1779138762.38221,1,1920,1200
1,1,4041,1779138762.40303,1,1920,1200
1,1,4042,1779138762.42385,1,1920,1200
1,1,4043,1779138762.44466,1,1920,1200
1,1,4044,1779138762.46548,1,1920,1200
1,1,4045,1779138762.4863,1,1920,1200
1,1,4046,1779138762.50712,1,1920,1200
1,1,4047,1779138762.52793,1,1920,1200
1,1,4048,1779138762.54875,1,1920,1200
1,1,4049,1779138762.56957,1,1920,1200
1,1,4050,1779138762.59039,1,1920,1200
1,1,4051,1779138762.61121,1,1920,1200
1,1,4052,1779138762.63202,1,1920,1200
1,1,4053,1779138762.65284,1,1920,1200
1,1,4054,1779138762.67366,1,1920,1200
1,1,4055,1779138762.69448,1,1920,1200
1,1,4056,1779138762.7153,1,1920,1200
1,1,4057,1779138762.73611,1,1920,1200
1,1,4058,1779138762.75693,1,1920,1200
1,1,4059,1779138762.77775,1,1920,1200
1,1,4060,1779138762.79857,1,1920,1200
1,1,4061,1779138762.81939,1,1920,1200
1,1,4062,1779138762.8402,1,1920,1200
1,1,4063,1779138762.86102,1,1920,1200
1,1,4064,1779138762.88184,1,1920,1200
1,1,4065,1779138762.90266,1,1920,1200
1,1,4066,1779138762.92348,1,1920,1200
1,1,4067,1779138762.94429,1,1920,1200
1,1,4068,1779138762.96511,1,1920,1200
1,1,4069,1779138762.98593,1,1920,1200
1,1,4070,1779138763.00675,1,1920,1200
1,1,4071,1779138763.02757,1,1920,1200
1,1,4072,1779138763.04838,1,1920,1200
1,1,4073,1779138763.0692,1,1920,1200
1,1,4074,1779138763.09002,1,1920,1200
1,1,4075,1779138763.11084,1,1920,1200
1,1,4076,1779138763.13166,1,1920,1200
1,1,4077,1779138763.15247,1,1920,1200
1,1,4078,1779138763.17329,1,1920,1200
1,1,4079,1779138763.19411,1,1920,1200
1,1,4080,1779138763.21493,1,1920,1200
1,1,4081,1779138763.23575,1,1920,1200
1,1,4082,1779138763.25656,1,1920,1200
1,1,4083,1779138763.27738,1,1920,1200
1,1,4084,1779138763.2982,1,1920,1200
1,1,4085,1779138763.31902,1,1920,1200
1,1,4086,1779138763.33984,1,1920,1200
1,1,4087,1779138763.36065,1,1920,1200
1,1,4088,1779138763.38147,1,1920,1200
1,1,4089,1779138763.40229,1,1920,1200
1,1,4090,1779138763.42311,1,1920,1200
1,1,4091,1779138763.44393,1,1920,1200
1,1,4092,1779138763.46474,1,1920,1200
1,1,4093,1779138763.48556,1,1920,1200
1,1,4094,1779138763.50638,1,1920,1200
1,1,4095,1779138763.5272,1,1920,1200
1,1,4096,1779138763.54802,1,1920,1200
1,1,4097,1779138763.56883,1,1920,1200
1,1,4098,1779138763.58965,1,1920,1200
1,1,4099,1779138763.61047,1,1920,1200
1,1,4100,1779138763.63129,1,1920,1200
1,1,4101,1779138763.65211,1,1920,1200
1,1,4102,1779138763.67292,1,1920,1200
1,1,4103,1779138763.69374,1,1920,1200
1,1,4104,1779138763.71455,1,1920,1200
1,1,4105,1779138763.73538,1,1920,1200
1,1,4106,1779138763.75619,1,1920,1200
1,1,4107,1779138763.77701,1,1920,1200
1,1,4108,1779138763.79783,1,1920,1200
1,1,4109,1779138763.81865,1,1920,1200
1,1,4110,1779138763.83947,1,1920,1200
1,1,4111,1779138763.86029,1,1920,1200
1,1,4112,1779138763.8811,1,1920,1200
1,1,4113,1779138763.90192,1,1920,1200
1,1,4114,1779138763.92274,1,1920,1200
1,1,4115,1779138763.94356,1,1920,1200
1,1,4116,1779138763.96438,1,1920,1200
1,1,4117,1779138763.98519,1,1920,1200
1,1,4118,1779138764.00601,1,1920,1200
1,1,4119,1779138764.02683,1,1920,1200
1,1,4120,1779138764.04765,1,1920,1200
1,1,4121,1779138764.06846,1,1920,1200
1,1,4122,1779138764.08928,1,1920,1200
1,1,4123,1779138764.1101,1,1920,1200
1,1,4124,1779138764.13092,1,1920,1200
1,1,4125,1779138764.15174,1,1920,1200
1,1,4126,1779138764.17255,1,1920,1200
1,1,4127,1779138764.19337,1,1920,1200
1,1,4128,1779138764.21419,1,1920,1200
1,1,4129,1779138764.23501,1,1920,1200
1,1,4130,1779138764.25583,1,1920,1200
1,1,4131,1779138764.27664,1,1920,1200
1,1,4132,1779138764.29746,1,1920,1200
1,1,4133,1779138764.31828,1,1920,1200
1,1,4134,1779138764.3391,1,1920,1200
1,1,4135,1779138764.35992,1,1920,1200
1,1,4136,1779138764.38073,1,1920,1200
1,1,4137,1779138764.40155,1,1920,1200
1,1,4138,1779138764.42237,1,1920,1200
1,1,4139,1779138764.44319,1,1920,1200
1,1,4140,1779138764.46401,1,1920,1200
1,1,4141,1779138764.48482,1,1920,1200
1,1,4142,1779138764.50564,1,1920,1200
1,1,4143,1779138764.52646,1,1920,1200
1,1,4144,1779138764.54728,1,1920,1200
1,1,4145,1779138764.5681,1,1920,1200
1,1,4146,1779138764.58891,1,1920,1200
1,1,4147,1779138764.60973,1,1920,1200
1,1,4148,1779138764.63055,1,1920,1200
1,1,4149,1779138764.65137,1,1920,1200
1,1,4150,1779138764.67219,1,1920,1200
1,1,4151,1779138764.693,1,1920,1200
1,1,4152,1779138764.71382,1,1920,1200
1,1,4153,1779138764.73464,1,1920,1200
1,1,4154,1779138764.75546,1,1920,1200
1,1,4155,1779138764.77628,1,1920,1200
1,1,4156,1779138764.79709,1,1920,1200
1,1,4157,1779138764.81791,1,1920,1200
1,1,4158,1779138764.83873,1,1920,1200
1,1,4159,1779138764.85955,1,1920,1200
1,1,4160,1779138764.88037,1,1920,1200
1,1,4161,1779138764.90118,1,1920,1200
1,1,4162,1779138764.922,1,1920,1200
1,1,4163,1779138764.94282,1,1920,1200
1,1,4164,1779138764.96364,1,1920,1200
1,1,4165,1779138764.98446,1,1920,1200
1,1,4166,1779138765.00527,1,1920,1200
1,1,4167,1779138765.02609,1,1920,1200
1,1,4168,1779138765.04691,1,1920,1200
1,1,4169,1779138765.06773,1,1920,1200
1,1,4170,1779138765.08854,1,1920,1200
1,1,4171,1779138765.10936,1,1920,1200
1,1,4172,1779138765.13018,1,1920,1200
1,1,4173,1779138765.151,1,1920,1200
1,1,4174,1779138765.17182,1,1920,1200
1,1,4175,1779138765.19263,1,1920,1200
1,1,4176,1779138765.21345,1,1920,1200
1,1,4177,1779138765.23427,1,1920,1200
1,1,4178,1779138765.25509,1,1920,1200
1,1,4179,1779138765.27591,1,1920,1200
1,1,4180,1779138765.29672,1,1920,1200
1,1,4181,1779138765.31754,1,1920,1200
1,1,4182,1779138765.33836,1,1920,1200
1,1,4183,1779138765.35918,1,1920,1200
1,1,4184,1779138765.38,1,1920,1200
1,1,4185,1779138765.40081,1,1920,1200
1,1,4186,1779138765.42163,1,1920,1200
1,1,4187,1779138765.44245,1,1920,1200
1,1,4188,1779138765.46327,1,1920,1200
1,1,4189,1779138765.48409,1,1920,1200
1,1,4190,1779138765.5049,1,1920,1200
1,1,4191,1779138765.52572,1,1920,1200
1,1,4192,1779138765.54654,1,1920,1200
1,1,4193,1779138765.56736,1,1920,1200
1,1,4194,1779138765.58818,1,1920,1200
1,1,4195,1779138765.60899,1,1920,1200
1,1,4196,1779138765.62981,1,1920,1200
1,1,4197,1779138765.65063,1,1920,1200
1,1,4198,1779138765.67145,1,1920,1200
1,1,4199,1779138765.69227,1,1920,1200
1,1,4200,1779138765.71308,1,1920,1200
1,1,4201,1779138765.7339,1,1920,1200
1,1,4202,1779138765.75472,1,1920,1200
1,1,4203,1779138765.77554,1,1920,1200
1,1,4204,1779138765.79636,1,1920,1200
1,1,4205,1779138765.81717,1,1920,1200
1,1,4206,1779138765.83799,1,1920,1200
1,1,4207,1779138765.85881,1,1920,1200
1,1,4208,1779138765.87963,1,1920,1200
1,1,4209,1779138765.90044,1,1920,1200
1,1,4210,1779138765.92126,1,1920,1200
1,1,4211,1779138765.94208,1,1920,1200
1,1,4212,1779138765.9629,1,1920,1200
1,1,4213,1779138765.98372,1,1920,1200
1,1,4214,1779138766.00454,1,1920,1200
1,1,4215,1779138766.02535,1,1920,1200
1,1,4216,1779138766.04617,1,1920,1200
1,1,4217,1779138766.06699,1,1920,1200
1,1,4218,1779138766.08781,1,1920,1200
1,1,4219,1779138766.10863,1,1920,1200
1,1,4220,1779138766.12944,1,1920,1200
1,1,4221,1779138766.15026,1,1920,1200
1,1,4222,1779138766.17108,1,1920,1200
1,1,4223,1779138766.1919,1,1920,1200
1,1,4224,1779138766.21271,1,1920,1200
1,1,4225,1779138766.23353,1,1920,1200
1,1,4226,1779138766.25435,2,1920,1200
1,1,4227,1779138766.27517,2,1920,1200
1,1,4228,1779138766.29599,2,1920,1200
1,1,4229,1779138766.3168,2,1920,1200
1,1,4230,1779138766.33762,2,1920,1200
1,1,4231,1779138766.35844,2,1920,1200
1,1,4232,1779138766.37926,2,1920,1200
1,1,4233,1779138766.40008,2,1920,1200
1,1,4234,1779138766.42089,2,1920,1200
1,1,4235,1779138766.44171,2,1920,1200
1,1,4236,1779138766.46253,2,1920,1200
1,1,4237,1779138766.48335,2,1920,1200
1,1,4238,1779138766.50416,2,1920,1200
1,1,4239,1779138766.52498,2,1920,1200
1,1,4240,1779138766.5458,2,1920,1200
1,1,4241,1779138766.56662,2,1920,1200
1,1,4242,1779138766.58744,2,1920,1200
1,1,4243,1779138766.60825,2,1920,1200
1,1,4244,1779138766.62907,2,1920,1200
1,1,4245,1779138766.64989,2,1920,1200
1,1,4246,1779138766.67071,2,1920,1200
1,1,4247,1779138766.69153,2,1920,1200
1,1,4248,1779138766.71234,2,1920,1200
1,1,4249,1779138766.73316,2,1920,1200
1,1,4250,1779138766.75398,2,1920,1200
1,1,4251,1779138766.7748,2,1920,1200
1,1,4252,1779138766.79562,2,1920,1200
1,1,4253,1779138766.81643,2,1920,1200
1,1,4254,1779138766.83725,2,1920,1200
1,1,4255,1779138766.85807,2,1920,1200
1,1,4256,1779138766.87889,2,1920,1200
1,1,4257,1779138766.89971,2,1920,1200
1,1,4258,1779138766.92052,2,1920,1200
1,1,4259,1779138766.94134,2,1920,1200
1,1,4260,1779138766.96216,2,1920,1200
1,1,4261,1779138766.98298,2,1920,1200
1,1,4262,1779138767.0038,2,1920,1200
1,1,4263,1779138767.02461,2,1920,1200
1,1,4264,1779138767.04543,2,1920,1200
1,1,4265,1779138767.06625,2,1920,1200
1,1,4266,1779138767.08707,2,1920,1200
1,1,4267,1779138767.10789,2,1920,1200
1,1,4268,1779138767.1287,2,1920,1200
1,1,4269,1779138767.14952,2,1920,1200
1,1,4270,1779138767.17034,2,1920,1200
1,1,4271,1779138767.19116,2,1920,1200
1,1,4272,1779138767.21198,2,1920,1200
1,1,4273,1779138767.23279,2,1920,1200
1,1,4274,1779138767.25361,2,1920,1200
1,1,4275,1779138767.27443,2,1920,1200
1,1,4276,1779138767.29525,2,1920,1200
1,1,4277,1779138767.31606,2,1920,1200
1,1,4278,1779138767.33688,2,1920,1200
1,1,4279,1779138767.3577,2,1920,1200
1,1,4280,1779138767.37852,2,1920,1200
1,1,4281,1779138767.39934,2,1920,1200
1,1,4282,1779138767.42015,2,1920,1200
1,1,4283,1779138767.44097,2,1920,1200
1,1,4284,1779138767.46179,2,1920,1200
1,1,4285,1779138767.48261,2,1920,1200
1,1,4286,1779138767.50343,2,1920,1200
1,1,4287,1779138767.52424,2,1920,1200
1,1,4288,1779138767.54506,2,1920,1200
1,1,4289,1779138767.56588,2,1920,1200
1,1,4290,1779138767.5867,2,1920,1200
1,1,4291,1779138767.60752,2,1920,1200
1,1,4292,1779138767.62833,2,1920,1200
1,1,4293,1779138767.64915,2,1920,1200
1,1,4294,1779138767.66997,2,1920,1200
1,1,4295,1779138767.69079,2,1920,1200
1,1,4296,1779138767.71161,2,1920,1200
1,1,4297,1779138767.73242,2,1920,1200
1,1,4298,1779138767.75324,2,1920,1200
1,1,4299,1779138767.77406,2,1920,1200
1,1,4300,1779138767.79488,2,1920,1200
1,1,4301,1779138767.81569,2,1920,1200
1,1,4302,1779138767.83651,2,1920,1200
1,1,4303,1779138767.85733,2,1920,1200
1,1,4304,1779138767.87815,2,1920,1200
1,1,4305,1779138767.89897,2,1920,1200
1,1,4306,1779138767.91979,2,1920,1200
1,1,4307,1779138767.9406,2,1920,1200
1,1,4308,1779138767.96142,2,1920,1200
1,1,4309,1779138767.98224,2,1920,1200
1,1,4310,1779138768.00306,2,1920,1200
1,1,4311,1779138768.02388,2,1920,1200
1,1,4312,1779138768.04469,2,1920,1200
1,1,4313,1779138768.06551,2,1920,1200
1,1,4314,1779138768.08633,2,1920,1200
1,1,4315,1779138768.10715,2,1920,1200
1,1,4316,1779138768.12796,2,1920,1200
1,1,4317,1779138768.14878,2,1920,1200
1,1,4318,1779138768.1696,2,1920,1200
1,1,4319,1779138768.19042,2,1920,1200
1,1,4320,1779138768.21124,2,1920,1200
1,1,4321,1779138768.23205,2,1920,1200
1,1,4322,1779138768.25287,1,1920,1200
1,1,4323,1779138768.27369,1,1920,1200
1,1,4324,1779138768.29451,1,1920,1200
1,1,4325,1779138768.31533,1,1920,1200
1,1,4326,1779138768.33614,1,1920,1200
1,1,4327,1779138768.35696,1,1920,1200
1,1,4328,1779138768.37778,1,1920,1200
1,1,4329,1779138768.3986,1,1920,1200
1,1,4330,1779138768.41941,1,1920,1200
1,1,4331,1779138768.44023,1,1920,1200
1,1,4332,1779138768.46105,1,1920,1200
1,1,4333,1779138768.48187,1,1920,1200
1,1,4334,1779138768.50269,1,1920,1200
1,1,4335,1779138768.5235,1,1920,1200
1,1,4336,1779138768.54432,1,1920,1200
1,1,4337,1779138768.56514,1,1920,1200
1,1,4338,1779138768.58596,1,1920,1200
1,1,4339,1779138768.60678,1,1920,1200
1,1,4340,1779138768.62759,1,1920,1200
1,1,4341,1779138768.64841,1,1920,1200
1,1,4342,1779138768.66923,1,1920,1200
1,1,4343,1779138768.69005,1,1920,1200
1,1,4344,1779138768.71087,1,1920,1200
1,1,4345,1779138768.73168,1,1920,1200
1,1,4346,1779138768.7525,1,1920,1200
1,1,4347,1779138768.77332,1,1920,1200
1,1,4348,1779138768.79414,1,1920,1200
1,1,4349,1779138768.81496,1,1920,1200
1,1,4350,1779138768.83577,1,1920,1200
1,1,4351,1779138768.85659,1,1920,1200
1,1,4352,1779138768.87741,1,1920,1200
1,1,4353,1779138768.89823,1,1920,1200
1,1,4354,1779138768.91905,1,1920,1200
1,1,4355,1779138768.93986,1,1920,1200
1,1,4356,1779138768.96068,1,1920,1200
1,1,4357,1779138768.9815,1,1920,1200
1,1,4358,1779138769.00232,1,1920,1200
1,1,4359,1779138769.02313,1,1920,1200
1,1,4360,1779138769.04395,1,1920,1200
1,1,4361,1779138769.06477,1,1920,1200
1,1,4362,1779138769.08559,1,1920,1200
1,1,4363,1779138769.10641,1,1920,1200
1,1,4364,1779138769.12722,1,1920,1200
1,1,4365,1779138769.14804,1,1920,1200
1,1,4366,1779138769.16886,1,1920,1200
1,1,4367,1779138769.18968,1,1920,1200
1,1,4368,1779138769.2105,1,1920,1200
1,1,4369,1779138769.23131,1,1920,1200
1,1,4370,1779138769.25213,1,1920,1200
1,1,4371,1779138769.27295,1,1920,1200
1,1,4372,1779138769.29377,1,1920,1200
1,1,4373,1779138769.31458,1,1920,1200
1,1,4374,1779138769.3354,1,1920,1200
1,1,4375,1779138769.35622,1,1920,1200
1,1,4376,1779138769.37704,1,1920,1200
1,1,4377,1779138769.39786,1,1920,1200
1,1,4378,1779138769.41867,1,1920,1200
1,1,4379,1779138769.43949,1,1920,1200
1,1,4380,1779138769.46031,1,1920,1200
1,1,4381,1779138769.48113,1,1920,1200
1,1,4382,1779138769.50195,1,1920,1200
1,1,4383,1779138769.52277,1,1920,1200
1,1,4384,1779138769.54358,1,1920,1200
1,1,4385,1779138769.5644,1,1920,1200
1,1,4386,1779138769.58522,1,1920,1200
1,1,4387,1779138769.60604,1,1920,1200
1,1,4388,1779138769.62685,1,1920,1200
1,1,4389,1779138769.64767,1,1920,1200
1,1,4390,1779138769.66849,1,1920,1200
1,1,4391,1779138769.68931,1,1920,1200
1,1,4392,1779138769.71013,1,1920,1200
1,1,4393,1779138769.73094,1,1920,1200
1,1,4394,1779138769.75176,1,1920,1200
1,1,4395,1779138769.77258,1,1920,1200
1,1,4396,1779138769.7934,1,1920,1200
1,1,4397,1779138769.81422,1,1920,1200
1,1,4398,1779138769.83503,1,1920,1200
1,1,4399,1779138769.85585,1,1920,1200
1,1,4400,1779138769.87667,1,1920,1200
1,1,4401,1779138769.89749,1,1920,1200
1,1,4402,1779138769.91831,1,1920,1200
1,1,4403,1779138769.93912,1,1920,1200
1,1,4404,1779138769.95994,1,1920,1200
1,1,4405,1779138769.98076,1,1920,1200
1,1,4406,1779138770.00158,1,1920,1200
1,1,4407,1779138770.0224,1,1920,1200
1,1,4408,1779138770.04321,1,1920,1200
1,1,4409,1779138770.06403,1,1920,1200
1,1,4410,1779138770.08485,1,1920,1200
1,1,4411,1779138770.10567,1,1920,1200
1,1,4412,1779138770.12648,1,1920,1200
1,1,4413,1779138770.1473,1,1920,1200
1,1,4414,1779138770.16812,1,1920,1200
1,1,4415,1779138770.18894,1,1920,1200
1,1,4416,1779138770.20976,1,1920,1200
1,1,4417,1779138770.23057,1,1920,1200
1,1,4418,1779138770.25139,1,1920,1200
1,1,4419,1779138770.27221,1,1920,1200
1,1,4420,1779138770.29303,1,1920,1200
1,1,4421,1779138770.31385,1,1920,1200
1,1,4422,1779138770.33466,1,1920,1200
1,1,4423,1779138770.35548,1,1920,1200
1,1,4424,1779138770.3763,1,1920,1200
1,1,4425,1779138770.39712,1,1920,1200
1,1,4426,1779138770.41794,1,1920,1200
1,1,4427,1779138770.43875,1,1920,1200
1,1,4428,1779138770.45957,1,1920,1200
1,1,4429,1779138770.48039,1,1920,1200
1,1,4430,1779138770.50121,1,1920,1200
1,1,4431,1779138770.52202,1,1920,1200
1,1,4432,1779138770.54284,1,1920,1200
1,1,4433,1779138770.56366,1,1920,1200
1,1,4434,1779138770.58448,1,1920,1200
1,1,4435,1779138770.6053,1,1920,1200
1,1,4436,1779138770.62611,1,1920,1200
1,1,4437,1779138770.64693,1,1920,1200
1,1,4438,1779138770.66775,1,1920,1200
1,1,4439,1779138770.68857,1,1920,1200
1,1,4440,1779138770.70939,1,1920,1200
1,1,4441,1779138770.7302,1,1920,1200
1,1,4442,1779138770.75102,1,1920,1200
1,1,4443,1779138770.77184,1,1920,1200
1,1,4444,1779138770.79266,1,1920,1200
1,1,4445,1779138770.81348,1,1920,1200
1,1,4446,1779138770.83429,1,1920,1200
1,1,4447,1779138770.85511,1,1920,1200
1,1,4448,1779138770.87593,1,1920,1200
1,1,4449,1779138770.89675,1,1920,1200
1,1,4450,1779138770.91756,1,1920,1200
1,1,4451,1779138770.93838,1,1920,1200
1,1,4452,1779138770.9592,1,1920,1200
1,1,4453,1779138770.98002,1,1920,1200
1,1,4454,1779138771.00084,1,1920,1200
1,1,4455,1779138771.02165,1,1920,1200
1,1,4456,1779138771.04247,1,1920,1200
1,1,4457,1779138771.06329,1,1920,1200
1,1,4458,1779138771.08411,1,1920,1200
1,1,4459,1779138771.10493,1,1920,1200
1,1,4460,1779138771.12574,1,1920,1200
1,1,4461,1779138771.14656,1,1920,1200
1,1,4462,1779138771.16738,1,1920,1200
1,1,4463,1779138771.1882,1,1920,1200
1,1,4464,1779138771.20902,1,1920,1200
1,1,4465,1779138771.22983,1,1920,1200
1,1,4466,1779138771.25065,1,1920,1200
1,1,4467,1779138771.27147,1,1920,1200
1,1,4468,1779138771.29229,1,1920,1200
1,1,4469,1779138771.3131,1,1920,1200
1,1,4470,1779138771.33392,1,1920,1200
1,1,4471,1779138771.35474,1,1920,1200
1,1,4472,1779138771.37556,1,1920,1200
1,1,4473,1779138771.39638,1,1920,1200
1,1,4474,1779138771.41719,1,1920,1200
1,1,4475,1779138771.43801,1,1920,1200
1,1,4476,1779138771.45883,1,1920,1200
1,1,4477,1779138771.47965,1,1920,1200
1,1,4478,1779138771.50047,1,1920,1200
1,1,4479,1779138771.52128,1,1920,1200
1,1,4480,1779138771.5421,1,1920,1200
1,1,4481,1779138771.56292,1,1920,1200
1,1,4482,1779138771.58374,1,1920,1200
1,1,4483,1779138771.60455,1,1920,1200
1,1,4484,1779138771.62537,1,1920,1200
1,1,4485,1779138771.64619,1,1920,1200
1,1,4486,1779138771.66701,1,1920,1200
1,1,4487,1779138771.68783,1,1920,1200
1,1,4488,1779138771.70864,1,1920,1200
1,1,4489,1779138771.72946,1,1920,1200
1,1,4490,1779138771.75028,1,1920,1200
1,1,4491,1779138771.7711,1,1920,1200
1,1,4492,1779138771.79192,1,1920,1200
1,1,4493,1779138771.81273,1,1920,1200
1,1,4494,1779138771.83355,1,1920,1200
1,1,4495,1779138771.85437,1,1920,1200
1,1,4496,1779138771.87519,1,1920,1200
1,1,4497,1779138771.89601,1,1920,1200
1,1,4498,1779138771.91682,1,1920,1200
1,1,4499,1779138771.93764,1,1920,1200
1,1,4500,1779138771.95846,1,1920,1200
1,1,4501,1779138771.97928,1,1920,1200
1,1,4502,1779138772.00009,1,1920,1200
1,1,4503,1779138772.02091,1,1920,1200
1,1,4504,1779138772.04173,1,1920,1200
1,1,4505,1779138772.06255,1,1920,1200
1,1,4506,1779138772.08337,1,1920,1200
1,1,4507,1779138772.10418,1,1920,1200
1,1,4508,1779138772.125,1,1920,1200
1,1,4509,1779138772.14582,1,1920,1200
1,1,4510,1779138772.16664,1,1920,1200
1,1,4511,1779138772.18746,1,1920,1200
1,1,4512,1779138772.20827,1,1920,1200
1,1,4513,1779138772.22909,1,1920,1200
1,1,4514,1779138772.24991,2,1920,1200
1,1,4515,1779138772.27073,2,1920,1200
1,1,4516,1779138772.29154,2,1920,1200
1,1,4517,1779138772.31236,2,1920,1200
1,1,4518,1779138772.33318,2,1920,1200
1,1,4519,1779138772.354,2,1920,1200
1,1,4520,1779138772.37482,2,1920,1200
1,1,4521,1779138772.39564,2,1920,1200
1,1,4522,1779138772.41645,2,1920,1200
1,1,4523,1779138772.43727,2,1920,1200
1,1,4524,1779138772.45809,2,1920,1200
1,1,4525,1779138772.47891,2,1920,1200
1,1,4526,1779138772.49972,2,1920,1200
1,1,4527,1779138772.52054,2,1920,1200
1,1,4528,1779138772.54136,2,1920,1200
1,1,4529,1779138772.56218,2,1920,1200
1,1,4530,1779138772.58299,2,1920,1200
1,1,4531,1779138772.60381,2,1920,1200
1,1,4532,1779138772.62463,2,1920,1200
1,1,4533,1779138772.64545,2,1920,1200
1,1,4534,1779138772.66627,2,1920,1200
1,1,4535,1779138772.68709,2,1920,1200
1,1,4536,1779138772.7079,2,1920,1200
1,1,4537,1779138772.72872,2,1920,1200
1,1,4538,1779138772.74954,2,1920,1200
1,1,4539,1779138772.77036,2,1920,1200
1,1,4540,1779138772.79117,2,1920,1200
1,1,4541,1779138772.81199,2,1920,1200
1,1,4542,1779138772.83281,2,1920,1200
1,1,4543,1779138772.85363,2,1920,1200
1,1,4544,1779138772.87445,2,1920,1200
1,1,4545,1779138772.89526,2,1920,1200
1,1,4546,1779138772.91608,2,1920,1200
1,1,4547,1779138772.9369,2,1920,1200
1,1,4548,1779138772.95772,2,1920,1200
1,1,4549,1779138772.97854,2,1920,1200
1,1,4550,1779138772.99935,2,1920,1200
1,1,4551,1779138773.02017,2,1920,1200
1,1,4552,1779138773.04099,2,1920,1200
1,1,4553,1779138773.06181,2,1920,1200
1,1,4554,1779138773.08262,2,1920,1200
1,1,4555,1779138773.10344,2,1920,1200
1,1,4556,1779138773.12426,2,1920,1200
1,1,4557,1779138773.14508,2,1920,1200
1,1,4558,1779138773.1659,2,1920,1200
1,1,4559,1779138773.18671,2,1920,1200
1,1,4560,1779138773.20753,2,1920,1200
1,1,4561,1779138773.22835,2,1920,1200
1,1,4562,1779138773.24917,2,1920,1200
1,1,4563,1779138773.26998,2,1920,1200
1,1,4564,1779138773.2908,2,1920,1200
1,1,4565,1779138773.31162,2,1920,1200
1,1,4566,1779138773.33244,2,1920,1200
1,1,4567,1779138773.35326,2,1920,1200
1,1,4568,1779138773.37407,2,1920,1200
1,1,4569,1779138773.39489,2,1920,1200
1,1,4570,1779138773.41571,2,1920,1200
1,1,4571,1779138773.43653,2,1920,1200
1,1,4572,1779138773.45735,2,1920,1200
1,1,4573,1779138773.47816,2,1920,1200
1,1,4574,1779138773.49898,2,1920,1200
1,1,4575,1779138773.5198,2,1920,1200
1,1,4576,1779138773.54062,2,1920,1200
1,1,4577,1779138773.56144,2,1920,1200
1,1,4578,1779138773.58225,2,1920,1200
1,1,4579,1779138773.60307,2,1920,1200
1,1,4580,1779138773.62389,2,1920,1200
1,1,4581,1779138773.64471,2,1920,1200
1,1,4582,1779138773.66553,2,1920,1200
1,1,4583,1779138773.68634,2,1920,1200
1,1,4584,1779138773.70716,2,1920,1200
1,1,4585,1779138773.72798,2,1920,1200
1,1,4586,1779138773.7488,2,1920,1200
1,1,4587,1779138773.76961,2,1920,1200
1,1,4588,1779138773.79043,2,1920,1200
1,1,4589,1779138773.81125,2,1920,1200
1,1,4590,1779138773.83207,2,1920,1200
1,1,4591,1779138773.85289,2,1920,1200
1,1,4592,1779138773.8737,2,1920,1200
1,1,4593,1779138773.89452,2,1920,1200
1,1,4594,1779138773.91534,2,1920,1200
1,1,4595,1779138773.93616,2,1920,1200
1,1,4596,1779138773.95698,2,1920,1200
1,1,4597,1779138773.97779,2,1920,1200
1,1,4598,1779138773.99861,2,1920,1200
1,1,4599,1779138774.01943,2,1920,1200
1,1,4600,1779138774.04025,2,1920,1200
1,1,4601,1779138774.06106,2,1920,1200
1,1,4602,1779138774.08188,2,1920,1200
1,1,4603,1779138774.1027,2,1920,1200
1,1,4604,1779138774.12352,2,1920,1200
1,1,4605,1779138774.14434,2,1920,1200
1,1,4606,1779138774.16515,2,1920,1200
1,1,4607,1779138774.18597,2,1920,1200
1,1,4608,1779138774.20679,2,1920,1200
1,1,4609,1779138774.22761,2,1920,1200
1,1,4610,1779138774.24843,1,1920,1200
1,1,4611,1779138774.26924,1,1920,1200
1,1,4612,1779138774.29006,1,1920,1200
1,1,4613,1779138774.31088,1,1920,1200
1,1,4614,1779138774.3317,1,1920,1200
1,1,4615,1779138774.35251,1,1920,1200
1,1,4616,1779138774.37333,1,1920,1200
1,1,4617,1779138774.39415,1,1920,1200
1,1,4618,1779138774.41497,1,1920,1200
1,1,4619,1779138774.43579,1,1920,1200
1,1,4620,1779138774.4566,1,1920,1200
1,1,4621,1779138774.47742,1,1920,1200
1,1,4622,1779138774.49824,1,1920,1200
1,1,4623,1779138774.51906,1,1920,1200
1,1,4624,1779138774.53988,1,1920,1200
1,1,4625,1779138774.56069,1,1920,1200
1,1,4626,1779138774.58151,1,1920,1200
1,1,4627,1779138774.60233,1,1920,1200
1,1,4628,1779138774.62315,1,1920,1200
1,1,4629,1779138774.64396,1,1920,1200
1,1,4630,1779138774.66478,1,1920,1200
1,1,4631,1779138774.6856,1,1920,1200
1,1,4632,1779138774.70642,1,1920,1200
1,1,4633,1779138774.72724,1,1920,1200
1,1,4634,1779138774.74805,1,1920,1200
1,1,4635,1779138774.76887,1,1920,1200
1,1,4636,1779138774.78969,1,1920,1200
1,1,4637,1779138774.81051,1,1920,1200
1,1,4638,1779138774.83132,1,1920,1200
1,1,4639,1779138774.85214,1,1920,1200
1,1,4640,1779138774.87296,1,1920,1200
1,1,4641,1779138774.89378,1,1920,1200
1,1,4642,1779138774.9146,1,1920,1200
1,1,4643,1779138774.93542,1,1920,1200
1,1,4644,1779138774.95623,1,1920,1200
1,1,4645,1779138774.97705,1,1920,1200
1,1,4646,1779138774.99787,1,1920,1200
1,1,4647,1779138775.01869,1,1920,1200
1,1,4648,1779138775.0395,1,1920,1200
1,1,4649,1779138775.06032,1,1920,1200
1,1,4650,1779138775.08114,1,1920,1200
1,1,4651,1779138775.10196,1,1920,1200
1,1,4652,1779138775.12278,1,1920,1200
1,1,4653,1779138775.14359,1,1920,1200
1,1,4654,1779138775.16441,1,1920,1200
1,1,4655,1779138775.18523,1,1920,1200
1,1,4656,1779138775.20605,1,1920,1200
1,1,4657,1779138775.22686,1,1920,1200
1,1,4658,1779138775.24768,1,1920,1200
1,1,4659,1779138775.2685,1,1920,1200
1,1,4660,1779138775.28932,1,1920,1200
1,1,4661,1779138775.31014,1,1920,1200
1,1,4662,1779138775.33095,1,1920,1200
1,1,4663,1779138775.35177,1,1920,1200
1,1,4664,1779138775.37259,1,1920,1200
1,1,4665,1779138775.39341,1,1920,1200
1,1,4666,1779138775.41423,1,1920,1200
1,1,4667,1779138775.43504,1,1920,1200
1,1,4668,1779138775.45586,1,1920,1200
1,1,4669,1779138775.47668,1,1920,1200
1,1,4670,1779138775.4975,1,1920,1200
1,1,4671,1779138775.51831,1,1920,1200
1,1,4672,1779138775.53913,1,1920,1200
1,1,4673,1779138775.55995,1,1920,1200
1,1,4674,1779138775.58077,1,1920,1200
1,1,4675,1779138775.60159,1,1920,1200
1,1,4676,1779138775.6224,1,1920,1200
1,1,4677,1779138775.64322,1,1920,1200
1,1,4678,1779138775.66404,1,1920,1200
1,1,4679,1779138775.68486,1,1920,1200
1,1,4680,1779138775.70568,1,1920,1200
1,1,4681,1779138775.72649,1,1920,1200
1,1,4682,1779138775.74731,1,1920,1200
1,1,4683,1779138775.76813,1,1920,1200
1,1,4684,1779138775.78895,1,1920,1200
1,1,4685,1779138775.80977,1,1920,1200
1,1,4686,1779138775.83058,1,1920,1200
1,1,4687,1779138775.8514,1,1920,1200
1,1,4688,1779138775.87222,1,1920,1200
1,1,4689,1779138775.89304,1,1920,1200
1,1,4690,1779138775.91385,1,1920,1200
1,1,4691,1779138775.93467,1,1920,1200
1,1,4692,1779138775.95549,1,1920,1200
1,1,4693,1779138775.97631,1,1920,1200
1,1,4694,1779138775.99713,1,1920,1200
1,1,4695,1779138776.01794,1,1920,1200
1,1,4696,1779138776.03876,1,1920,1200
1,1,4697,1779138776.05958,1,1920,1200
1,1,4698,1779138776.0804,1,1920,1200
1,1,4699,1779138776.10122,1,1920,1200
1,1,4700,1779138776.12203,1,1920,1200
1,1,4701,1779138776.14285,1,1920,1200
1,1,4702,1779138776.16367,1,1920,1200
1,1,4703,1779138776.18449,1,1920,1200
1,1,4704,1779138776.2053,1,1920,1200
1,1,4705,1779138776.22612,1,1920,1200
1,1,4706,1779138776.24694,1,1920,1200
1,1,4707,1779138776.26776,1,1920,1200
1,1,4708,1779138776.28858,1,1920,1200
1,1,4709,1779138776.30939,1,1920,1200
1,1,4710,1779138776.33021,1,1920,1200
1,1,4711,1779138776.35103,1,1920,1200
1,1,4712,1779138776.37185,1,1920,1200
1,1,4713,1779138776.39266,1,1920,1200
1,1,4714,1779138776.41348,1,1920,1200
1,1,4715,1779138776.4343,1,1920,1200
1,1,4716,1779138776.45512,1,1920,1200
1,1,4717,1779138776.47594,1,1920,1200
1,1,4718,1779138776.49675,1,1920,1200
1,1,4719,1779138776.51757,1,1920,1200
1,1,4720,1779138776.53839,1,1920,1200
1,1,4721,1779138776.55921,1,1920,1200
1,1,4722,1779138776.58003,1,1920,1200
1,1,4723,1779138776.60084,1,1920,1200
1,1,4724,1779138776.62166,1,1920,1200
1,1,4725,1779138776.64248,1,1920,1200
1,1,4726,1779138776.6633,1,1920,1200
1,1,4727,1779138776.68411,1,1920,1200
1,1,4728,1779138776.70493,1,1920,1200
1,1,4729,1779138776.72575,1,1920,1200
1,1,4730,1779138776.74657,1,1920,1200
1,1,4731,1779138776.76739,1,1920,1200
1,1,4732,1779138776.7882,1,1920,1200
1,1,4733,1779138776.80902,1,1920,1200
1,1,4734,1779138776.82984,1,1920,1200
1,1,4735,1779138776.85066,1,1920,1200
1,1,4736,1779138776.87148,1,1920,1200
1,1,4737,1779138776.89229,1,1920,1200
1,1,4738,1779138776.91311,1,1920,1200
1,1,4739,1779138776.93393,1,1920,1200
1,1,4740,1779138776.95475,1,1920,1200
1,1,4741,1779138776.97556,1,1920,1200
1,1,4742,1779138776.99638,1,1920,1200
1,1,4743,1779138777.0172,1,1920,1200
1,1,4744,1779138777.03802,1,1920,1200
1,1,4745,1779138777.05884,1,1920,1200
1,1,4746,1779138777.07965,1,1920,1200
1,1,4747,1779138777.10047,1,1920,1200
1,1,4748,1779138777.12129,1,1920,1200
1,1,4749,1779138777.14211,1,1920,1200
1,1,4750,1779138777.16292,1,1920,1200
1,1,4751,1779138777.18374,1,1920,1200
1,1,4752,1779138777.20456,1,1920,1200
1,1,4753,1779138777.22538,1,1920,1200
1,1,4754,1779138777.2462,1,1920,1200
1,1,4755,1779138777.26701,1,1920,1200
1,1,4756,1779138777.28783,1,1920,1200
1,1,4757,1779138777.30865,1,1920,1200
1,1,4758,1779138777.32947,1,1920,1200
1,1,4759,1779138777.35029,1,1920,1200
1,1,4760,1779138777.3711,1,1920,1200
1,1,4761,1779138777.39192,1,1920,1200
1,1,4762,1779138777.41274,1,1920,1200
1,1,4763,1779138777.43356,1,1920,1200
1,1,4764,1779138777.45437,1,1920,1200
1,1,4765,1779138777.47519,1,1920,1200
1,1,4766,1779138777.49601,1,1920,1200
1,1,4767,1779138777.51683,1,1920,1200
1,1,4768,1779138777.53765,1,1920,1200
1,1,4769,1779138777.55846,1,1920,1200
1,1,4770,1779138777.57928,1,1920,1200
1,1,4771,1779138777.6001,1,1920,1200
1,1,4772,1779138777.62092,1,1920,1200
1,1,4773,1779138777.64174,1,1920,1200
1,1,4774,1779138777.66255,1,1920,1200
1,1,4775,1779138777.68337,1,1920,1200
1,1,4776,1779138777.70419,1,1920,1200
1,1,4777,1779138777.72501,1,1920,1200
1,1,4778,1779138777.74582,1,1920,1200
1,1,4779,1779138777.76664,1,1920,1200
1,1,4780,1779138777.78746,1,1920,1200
1,1,4781,1779138777.80828,1,1920,1200
1,1,4782,1779138777.82909,1,1920,1200
1,1,4783,1779138777.84991,1,1920,1200
1,1,4784,1779138777.87073,1,1920,1200
1,1,4785,1779138777.89155,1,1920,1200
1,1,4786,1779138777.91237,1,1920,1200
1,1,4787,1779138777.93319,1,1920,1200
1,1,4788,1779138777.954,1,1920,1200
1,1,4789,1779138777.97482,1,1920,1200
1,1,4790,1779138777.99564,1,1920,1200
1,1,4791,1779138778.01646,1,1920,1200
1,1,4792,1779138778.03727,1,1920,1200
1,1,4793,1779138778.05809,1,1920,1200
1,1,4794,1779138778.07891,1,1920,1200
1,1,4795,1779138778.09973,1,1920,1200
1,1,4796,1779138778.12054,1,1920,1200
1,1,4797,1779138778.14136,1,1920,1200
1,1,4798,1779138778.16218,1,1920,1200
1,1,4799,1779138778.183,1,1920,1200
1,1,4800,1779138778.20382,1,1920,1200
1,1,4801,1779138778.22463,1,1920,1200
1,1,4802,1779138778.24545,2,1920,1200
1,1,4803,1779138778.26627,2,1920,1200
1,1,4804,1779138778.28709,2,1920,1200
1,1,4805,1779138778.3079,2,1920,1200
1,1,4806,1779138778.32872,2,1920,1200
1,1,4807,1779138778.34954,2,1920,1200
1,1,4808,1779138778.37036,2,1920,1200
1,1,4809,1779138778.39118,2,1920,1200
1,1,4810,1779138778.41199,2,1920,1200
1,1,4811,1779138778.43281,2,1920,1200
1,1,4812,1779138778.45363,2,1920,1200
1,1,4813,1779138778.47445,2,1920,1200
1,1,4814,1779138778.49527,2,1920,1200
1,1,4815,1779138778.51608,2,1920,1200
1,1,4816,1779138778.5369,2,1920,1200
1,1,4817,1779138778.55772,2,1920,1200
1,1,4818,1779138778.57854,2,1920,1200
1,1,4819,1779138778.59936,2,1920,1200
1,1,4820,1779138778.62017,2,1920,1200
1,1,4821,1779138778.64099,2,1920,1200
1,1,4822,1779138778.66181,2,1920,1200
1,1,4823,1779138778.68263,2,1920,1200
1,1,4824,1779138778.70344,2,1920,1200
1,1,4825,1779138778.72426,2,1920,1200
1,1,4826,1779138778.74508,2,1920,1200
1,1,4827,1779138778.7659,2,1920,1200
1,1,4828,1779138778.78672,2,1920,1200
1,1,4829,1779138778.80753,2,1920,1200
1,1,4830,1779138778.82835,2,1920,1200
1,1,4831,1779138778.84917,2,1920,1200
1,1,4832,1779138778.86999,2,1920,1200
1,1,4833,1779138778.8908,2,1920,1200
1,1,4834,1779138778.91162,2,1920,1200
1,1,4835,1779138778.93244,2,1920,1200
1,1,4836,1779138778.95326,2,1920,1200
1,1,4837,1779138778.97408,2,1920,1200
1,1,4838,1779138778.99489,2,1920,1200
1,1,4839,1779138779.01571,2,1920,1200
1,1,4840,1779138779.03653,2,1920,1200
1,1,4841,1779138779.05735,2,1920,1200
1,1,4842,1779138779.07816,2,1920,1200
1,1,4843,1779138779.09898,2,1920,1200
1,1,4844,1779138779.1198,2,1920,1200
1,1,4845,1779138779.14062,2,1920,1200
1,1,4846,1779138779.16144,2,1920,1200
1,1,4847,1779138779.18225,2,1920,1200
1,1,4848,1779138779.20307,2,1920,1200
1,1,4849,1779138779.22389,2,1920,1200
1,1,4850,1779138779.24471,2,1920,1200
1,1,4851,1779138779.26553,2,1920,1200
1,1,4852,1779138779.28634,2,1920,1200
1,1,4853,1779138779.30716,2,1920,1200
1,1,4854,1779138779.32798,2,1920,1200
1,1,4855,1779138779.3488,2,1920,1200
1,1,4856,1779138779.36961,2,1920,1200
1,1,4857,1779138779.39043,2,1920,1200
1,1,4858,1779138779.41125,2,1920,1200
1,1,4859,1779138779.43207,2,1920,1200
1,1,4860,1779138779.45289,2,1920,1200
1,1,4861,1779138779.4737,2,1920,1200
1,1,4862,1779138779.49452,2,1920,1200
1,1,4863,1779138779.51534,2,1920,1200
1,1,4864,1779138779.53616,2,1920,1200
1,1,4865,1779138779.55698,2,1920,1200
1,1,4866,1779138779.57779,2,1920,1200
1,1,4867,1779138779.59861,2,1920,1200
1,1,4868,1779138779.61943,2,1920,1200
1,1,4869,1779138779.64025,2,1920,1200
1,1,4870,1779138779.66106,2,1920,1200
1,1,4871,1779138779.68188,2,1920,1200
1,1,4872,1779138779.7027,2,1920,1200
1,1,4873,1779138779.72352,2,1920,1200
1,1,4874,1779138779.74433,2,1920,1200
1,1,4875,1779138779.76515,2,1920,1200
1,1,4876,1779138779.78597,2,1920,1200
1,1,4877,1779138779.80679,2,1920,1200
1,1,4878,1779138779.82761,2,1920,1200
1,1,4879,1779138779.84842,2,1920,1200
1,1,4880,1779138779.86924,2,1920,1200
1,1,4881,1779138779.89006,2,1920,1200
1,1,4882,1779138779.91088,2,1920,1200
1,1,4883,1779138779.9317,2,1920,1200
1,1,4884,1779138779.95251,2,1920,1200
1,1,4885,1779138779.97333,2,1920,1200
1,1,4886,1779138779.99415,2,1920,1200
1,1,4887,1779138780.01497,2,1920,1200
1,1,4888,1779138780.03578,2,1920,1200
1,1,4889,1779138780.0566,2,1920,1200
1,1,4890,1779138780.07742,2,1920,1200
1,1,4891,1779138780.09824,2,1920,1200
1,1,4892,1779138780.11906,2,1920,1200
1,1,4893,1779138780.13987,2,1920,1200
1,1,4894,1779138780.16069,2,1920,1200
1,1,4895,1779138780.18151,2,1920,1200
1,1,4896,1779138780.20233,2,1920,1200
1,1,4897,1779138780.22315,2,1920,1200
1,1,4898,1779138780.24396,1,1920,1200
1,1,4899,1779138780.26478,1,1920,1200
1,1,4900,1779138780.2856,1,1920,1200
1,1,4901,1779138780.30642,1,1920,1200
1,1,4902,1779138780.32723,1,1920,1200
1,1,4903,1779138780.34805,1,1920,1200
1,1,4904,1779138780.36887,1,1920,1200
1,1,4905,1779138780.38969,1,1920,1200
1,1,4906,1779138780.41051,1,1920,1200
1,1,4907,1779138780.43132,1,1920,1200
1,1,4908,1779138780.45214,1,1920,1200
1,1,4909,1779138780.47296,1,1920,1200
1,1,4910,1779138780.49378,1,1920,1200
1,1,4911,1779138780.51459,1,1920,1200
1,1,4912,1779138780.53541,1,1920,1200
1,1,4913,1779138780.55623,1,1920,1200
1,1,4914,1779138780.57705,1,1920,1200
1,1,4915,1779138780.59787,1,1920,1200
1,1,4916,1779138780.61868,1,1920,1200
1,1,4917,1779138780.6395,1,1920,1200
1,1,4918,1779138780.66032,1,1920,1200
1,1,4919,1779138780.68114,1,1920,1200
1,1,4920,1779138780.70195,1,1920,1200
1,1,4921,1779138780.72277,1,1920,1200
1,1,4922,1779138780.74359,1,1920,1200
1,1,4923,1779138780.76441,1,1920,1200
1,1,4924,1779138780.78523,1,1920,1200
1,1,4925,1779138780.80604,1,1920,1200
1,1,4926,1779138780.82686,1,1920,1200
1,1,4927,1779138780.84768,1,1920,1200
1,1,4928,1779138780.8685,1,1920,1200
1,1,4929,1779138780.88932,1,1920,1200
1,1,4930,1779138780.91013,1,1920,1200
1,1,4931,1779138780.93095,1,1920,1200
1,1,4932,1779138780.95177,1,1920,1200
1,1,4933,1779138780.97259,1,1920,1200
1,1,4934,1779138780.9934,1,1920,1200
1,1,4935,1779138781.01422,1,1920,1200
1,1,4936,1779138781.03504,1,1920,1200
1,1,4937,1779138781.05586,1,1920,1200
1,1,4938,1779138781.07667,1,1920,1200
1,1,4939,1779138781.09749,1,1920,1200
1,1,4940,1779138781.11831,1,1920,1200
1,1,4941,1779138781.13913,1,1920,1200
1,1,4942,1779138781.15995,1,1920,1200
1,1,4943,1779138781.18076,1,1920,1200
1,1,4944,1779138781.20158,1,1920,1200
1,1,4945,1779138781.2224,1,1920,1200
1,1,4946,1779138781.24322,1,1920,1200
1,1,4947,1779138781.26403,1,1920,1200
1,1,4948,1779138781.28485,1,1920,1200
1,1,4949,1779138781.30567,1,1920,1200
1,1,4950,1779138781.32649,1,1920,1200
1,1,4951,1779138781.34731,1,1920,1200
1,1,4952,1779138781.36812,1,1920,1200
1,1,4953,1779138781.38894,1,1920,1200
1,1,4954,1779138781.40976,1,1920,1200
1,1,4955,1779138781.43058,1,1920,1200
1,1,4956,1779138781.45139,1,1920,1200
1,1,4957,1779138781.47221,1,1920,1200
1,1,4958,1779138781.49303,1,1920,1200
1,1,4959,1779138781.51385,1,1920,1200
1,1,4960,1779138781.53467,1,1920,1200
1,1,4961,1779138781.55549,1,1920,1200
1,1,4962,1779138781.5763,1,1920,1200
1,1,4963,1779138781.59712,1,1920,1200
1,1,4964,1779138781.61794,1,1920,1200
1,1,4965,1779138781.63876,1,1920,1200
1,1,4966,1779138781.65957,1,1920,1200
1,1,4967,1779138781.68039,1,1920,1200
1,1,4968,1779138781.70121,1,1920,1200
1,1,4969,1779138781.72203,1,1920,1200
1,1,4970,1779138781.74284,1,1920,1200
1,1,4971,1779138781.76366,1,1920,1200
1,1,4972,1779138781.78448,1,1920,1200
1,1,4973,1779138781.8053,1,1920,1200
1,1,4974,1779138781.82612,1,1920,1200
1,1,4975,1779138781.84693,1,1920,1200
1,1,4976,1779138781.86775,1,1920,1200
1,1,4977,1779138781.88857,1,1920,1200
1,1,4978,1779138781.90939,1,1920,1200
1,1,4979,1779138781.93021,1,1920,1200
1,1,4980,1779138781.95102,1,1920,1200
1,1,4981,1779138781.97184,1,1920,1200
1,1,4982,1779138781.99266,1,1920,1200
1,1,4983,1779138782.01348,1,1920,1200
1,1,4984,1779138782.03429,1,1920,1200
1,1,4985,1779138782.05511,1,1920,1200
1,1,4986,1779138782.07593,1,1920,1200
1,1,4987,1779138782.09675,1,1920,1200
1,1,4988,1779138782.11757,1,1920,1200
1,1,4989,1779138782.13838,1,1920,1200
1,1,4990,1779138782.1592,1,1920,1200
1,1,4991,1779138782.18002,1,1920,1200
1,1,4992,1779138782.20084,1,1920,1200
1,1,4993,1779138782.22165,1,1920,1200
1,1,4994,1779138782.24247,1,1920,1200
1,1,4995,1779138782.26329,1,1920,1200
1,1,4996,1779138782.28411,1,1920,1200
1,1,4997,1779138782.30493,1,1920,1200
1,1,4998,1779138782.32574,1,1920,1200
1,1,4999,1779138782.34656,1,1920,1200
1,1,5000,1779138782.36738,1,1920,1200
1,1,5001,1779138782.3882,1,1920,1200
1,1,5002,1779138782.40901,1,1920,1200
1,1,5003,1779138782.42983,1,1920,1200
1,1,5004,1779138782.45065,1,1920,1200
1,1,5005,1779138782.47147,1,1920,1200
1,1,5006,1779138782.49229,1,1920,1200
1,1,5007,1779138782.5131,1,1920,1200
1,1,5008,1779138782.53392,1,1920,1200
1,1,5009,1779138782.55474,1,1920,1200
1,1,5010,1779138782.57556,1,1920,1200
1,1,5011,1779138782.59637,1,1920,1200
1,1,5012,1779138782.61719,1,1920,1200
1,1,5013,1779138782.63801,1,1920,1200
1,1,5014,1779138782.65883,1,1920,1200
1,1,5015,1779138782.67965,1,1920,1200
1,1,5016,1779138782.70046,1,1920,1200
1,1,5017,1779138782.72128,1,1920,1200
1,1,5018,1779138782.7421,1,1920,1200
1,1,5019,1779138782.76292,1,1920,1200
1,1,5020,1779138782.78373,1,1920,1200
1,1,5021,1779138782.80455,1,1920,1200
1,1,5022,1779138782.82537,1,1920,1200
1,1,5023,1779138782.84619,1,1920,1200
1,1,5024,1779138782.86701,1,1920,1200
1,1,5025,1779138782.88782,1,1920,1200
1,1,5026,1779138782.90864,1,1920,1200
1,1,5027,1779138782.92946,1,1920,1200
1,1,5028,1779138782.95028,1,1920,1200
1,1,5029,1779138782.97109,1,1920,1200
1,1,5030,1779138782.99191,1,1920,1200
1,1,5031,1779138783.01273,1,1920,1200
1,1,5032,1779138783.03355,1,1920,1200
1,1,5033,1779138783.05437,1,1920,1200
1,1,5034,1779138783.07518,1,1920,1200
1,1,5035,1779138783.096,1,1920,1200
1,1,5036,1779138783.11682,1,1920,1200
1,1,5037,1779138783.13764,1,1920,1200
1,1,5038,1779138783.15845,1,1920,1200
1,1,5039,1779138783.17927,1,1920,1200
1,1,5040,1779138783.20009,1,1920,1200
1,1,5041,1779138783.22091,1,1920,1200
1,1,5042,1779138783.24173,1,1920,1200
1,1,5043,1779138783.26254,1,1920,1200
1,1,5044,1779138783.28336,1,1920,1200
1,1,5045,1779138783.30418,1,1920,1200
1,1,5046,1779138783.325,1,1920,1200
1,1,5047,1779138783.34582,1,1920,1200
1,1,5048,1779138783.36663,1,1920,1200
1,1,5049,1779138783.38745,1,1920,1200
1,1,5050,1779138783.40827,1,1920,1200
1,1,5051,1779138783.42909,1,1920,1200
1,1,5052,1779138783.4499,1,1920,1200
1,1,5053,1779138783.47072,1,1920,1200
1,1,5054,1779138783.49154,1,1920,1200
1,1,5055,1779138783.51236,1,1920,1200
1,1,5056,1779138783.53318,1,1920,1200
1,1,5057,1779138783.55399,1,1920,1200
1,1,5058,1779138783.57481,1,1920,1200
1,1,5059,1779138783.59563,1,1920,1200
1,1,5060,1779138783.61645,1,1920,1200
1,1,5061,1779138783.63726,1,1920,1200
1,1,5062,1779138783.65808,1,1920,1200
1,1,5063,1779138783.6789,1,1920,1200
1,1,5064,1779138783.69972,1,1920,1200
1,1,5065,1779138783.72053,1,1920,1200
1,1,5066,1779138783.74135,1,1920,1200
1,1,5067,1779138783.76217,1,1920,1200
1,1,5068,1779138783.78299,1,1920,1200
1,1,5069,1779138783.80381,1,1920,1200
1,1,5070,1779138783.82462,1,1920,1200
1,1,5071,1779138783.84544,1,1920,1200
1,1,5072,1779138783.86626,1,1920,1200
1,1,5073,1779138783.88708,1,1920,1200
1,1,5074,1779138783.9079,1,1920,1200
1,1,5075,1779138783.92871,1,1920,1200
1,1,5076,1779138783.94953,1,1920,1200
1,1,5077,1779138783.97035,1,1920,1200
1,1,5078,1779138783.99117,1,1920,1200
1,1,5079,1779138784.01198,1,1920,1200
1,1,5080,1779138784.0328,1,1920,1200
1,1,5081,1779138784.05362,1,1920,1200
1,1,5082,1779138784.07444,1,1920,1200
1,1,5083,1779138784.09525,1,1920,1200
1,1,5084,1779138784.11607,1,1920,1200
1,1,5085,1779138784.13689,1,1920,1200
1,1,5086,1779138784.15771,1,1920,1200
1,1,5087,1779138784.17853,1,1920,1200
1,1,5088,1779138784.19934,1,1920,1200
1,1,5089,1779138784.22016,1,1920,1200
1,1,5090,1779138784.24098,2,1920,1200
1,1,5091,1779138784.2618,2,1920,1200
1,1,5092,1779138784.28261,2,1920,1200
1,1,5093,1779138784.30343,2,1920,1200
1,1,5094,1779138784.32425,2,1920,1200
1,1,5095,1779138784.34507,2,1920,1200
1,1,5096,1779138784.36589,2,1920,1200
1,1,5097,1779138784.3867,2,1920,1200
1,1,5098,1779138784.40752,2,1920,1200
1,1,5099,1779138784.42834,2,1920,1200
1,1,5100,1779138784.44916,2,1920,1200
1,1,5101,1779138784.46998,2,1920,1200
1,1,5102,1779138784.49079,2,1920,1200
1,1,5103,1779138784.51161,2,1920,1200
1,1,5104,1779138784.53243,2,1920,1200
1,1,5105,1779138784.55325,2,1920,1200
1,1,5106,1779138784.57406,2,1920,1200
1,1,5107,1779138784.59488,2,1920,1200
1,1,5108,1779138784.6157,2,1920,1200
1,1,5109,1779138784.63652,2,1920,1200
1,1,5110,1779138784.65733,2,1920,1200
1,1,5111,1779138784.67815,2,1920,1200
1,1,5112,1779138784.69897,2,1920,1200
1,1,5113,1779138784.71979,2,1920,1200
1,1,5114,1779138784.74061,2,1920,1200
1,1,5115,1779138784.76142,2,1920,1200
1,1,5116,1779138784.78224,2,1920,1200
1,1,5117,1779138784.80306,2,1920,1200
1,1,5118,1779138784.82388,2,1920,1200
1,1,5119,1779138784.8447,2,1920,1200
1,1,5120,1779138784.86551,2,1920,1200
1,1,5121,1779138784.88633,2,1920,1200
1,1,5122,1779138784.90715,2,1920,1200
1,1,5123,1779138784.92797,2,1920,1200
1,1,5124,1779138784.94878,2,1920,1200
1,1,5125,1779138784.9696,2,1920,1200
1,1,5126,1779138784.99042,2,1920,1200
1,1,5127,1779138785.01124,2,1920,1200
1,1,5128,1779138785.03206,2,1920,1200
1,1,5129,1779138785.05287,2,1920,1200
1,1,5130,1779138785.07369,2,1920,1200
1,1,5131,1779138785.09451,2,1920,1200
1,1,5132,1779138785.11533,2,1920,1200
1,1,5133,1779138785.13614,2,1920,1200
1,1,5134,1779138785.15696,2,1920,1200
1,1,5135,1779138785.17778,2,1920,1200
1,1,5136,1779138785.1986,2,1920,1200
1,1,5137,1779138785.21941,2,1920,1200
1,1,5138,1779138785.24023,2,1920,1200
1,1,5139,1779138785.26105,2,1920,1200
1,1,5140,1779138785.28187,2,1920,1200
1,1,5141,1779138785.30269,2,1920,1200
1,1,5142,1779138785.3235,2,1920,1200
1,1,5143,1779138785.34432,2,1920,1200
1,1,5144,1779138785.36514,2,1920,1200
1,1,5145,1779138785.38596,2,1920,1200
1,1,5146,1779138785.40677,2,1920,1200
1,1,5147,1779138785.42759,2,1920,1200
1,1,5148,1779138785.44841,2,1920,1200
1,1,5149,1779138785.46923,2,1920,1200
1,1,5150,1779138785.49005,2,1920,1200
1,1,5151,1779138785.51086,2,1920,1200
1,1,5152,1779138785.53168,2,1920,1200
1,1,5153,1779138785.5525,2,1920,1200
1,1,5154,1779138785.57332,2,1920,1200
1,1,5155,1779138785.59413,2,1920,1200
1,1,5156,1779138785.61495,2,1920,1200
1,1,5157,1779138785.63577,2,1920,1200
1,1,5158,1779138785.65659,2,1920,1200
1,1,5159,1779138785.67741,2,1920,1200
1,1,5160,1779138785.69822,2,1920,1200
1,1,5161,1779138785.71904,2,1920,1200
1,1,5162,1779138785.73986,2,1920,1200
1,1,5163,1779138785.76068,2,1920,1200
1,1,5164,1779138785.78149,2,1920,1200
1,1,5165,1779138785.80231,2,1920,1200
1,1,5166,1779138785.82313,2,1920,1200
1,1,5167,1779138785.84395,2,1920,1200
1,1,5168,1779138785.86477,2,1920,1200
1,1,5169,1779138785.88558,2,1920,1200
1,1,5170,1779138785.9064,2,1920,1200
1,1,5171,1779138785.92722,2,1920,1200
1,1,5172,1779138785.94804,2,1920,1200
1,1,5173,1779138785.96885,2,1920,1200
1,1,5174,1779138785.98967,2,1920,1200
1,1,5175,1779138786.01049,2,1920,1200
1,1,5176,1779138786.03131,2,1920,1200
1,1,5177,1779138786.05212,2,1920,1200
1,1,5178,1779138786.07294,2,1920,1200
1,1,5179,1779138786.09376,2,1920,1200
1,1,5180,1779138786.11458,2,1920,1200
1,1,5181,1779138786.1354,2,1920,1200
1,1,5182,1779138786.15622,2,1920,1200
1,1,5183,1779138786.17703,2,1920,1200
1,1,5184,1779138786.19785,2,1920,1200
1,1,5185,1779138786.21867,2,1920,1200
1,1,5186,1779138786.23949,1,1920,1200
1,1,5187,1779138786.2603,1,1920,1200
1,1,5188,1779138786.28112,1,1920,1200
1,1,5189,1779138786.30194,1,1920,1200
1,1,5190,1779138786.32276,1,1920,1200
1,1,5191,1779138786.34357,1,1920,1200
1,1,5192,1779138786.36439,1,1920,1200
1,1,5193,1779138786.38521,1,1920,1200
1,1,5194,1779138786.40603,1,1920,1200
1,1,5195,1779138786.42684,1,1920,1200
1,1,5196,1779138786.44766,1,1920,1200
1,1,5197,1779138786.46848,1,1920,1200
1,1,5198,1779138786.4893,1,1920,1200
1,1,5199,1779138786.51012,1,1920,1200
1,1,5200,1779138786.53093,1,1920,1200
1,1,5201,1779138786.55175,1,1920,1200
1,1,5202,1779138786.57257,1,1920,1200
1,1,5203,1779138786.59339,1,1920,1200
1,1,5204,1779138786.6142,1,1920,1200
1,1,5205,1779138786.63502,1,1920,1200
1,1,5206,1779138786.65584,1,1920,1200
1,1,5207,1779138786.67666,1,1920,1200
1,1,5208,1779138786.69748,1,1920,1200
1,1,5209,1779138786.71829,1,1920,1200
1,1,5210,1779138786.73911,1,1920,1200
1,1,5211,1779138786.75993,1,1920,1200
1,1,5212,1779138786.78075,1,1920,1200
1,1,5213,1779138786.80157,1,1920,1200
1,1,5214,1779138786.82238,1,1920,1200
1,1,5215,1779138786.8432,1,1920,1200
1,1,5216,1779138786.86402,1,1920,1200
1,1,5217,1779138786.88484,1,1920,1200
1,1,5218,1779138786.90565,1,1920,1200
1,1,5219,1779138786.92647,1,1920,1200
1,1,5220,1779138786.94729,1,1920,1200
1,1,5221,1779138786.96811,1,1920,1200
1,1,5222,1779138786.98892,1,1920,1200
1,1,5223,1779138787.00974,1,1920,1200
1,1,5224,1779138787.03056,1,1920,1200
1,1,5225,1779138787.05138,1,1920,1200
1,1,5226,1779138787.0722,1,1920,1200
1,1,5227,1779138787.09301,1,1920,1200
1,1,5228,1779138787.11383,1,1920,1200
1,1,5229,1779138787.13465,1,1920,1200
1,1,5230,1779138787.15547,1,1920,1200
1,1,5231,1779138787.17628,1,1920,1200
1,1,5232,1779138787.1971,1,1920,1200
1,1,5233,1779138787.21792,1,1920,1200
1,1,5234,1779138787.23874,1,1920,1200
1,1,5235,1779138787.25955,1,1920,1200
1,1,5236,1779138787.28037,1,1920,1200
1,1,5237,1779138787.30119,1,1920,1200
1,1,5238,1779138787.32201,1,1920,1200
1,1,5239,1779138787.34283,1,1920,1200
1,1,5240,1779138787.36364,1,1920,1200
1,1,5241,1779138787.38446,1,1920,1200
1,1,5242,1779138787.40528,1,1920,1200
1,1,5243,1779138787.4261,1,1920,1200
1,1,5244,1779138787.44692,1,1920,1200
1,1,5245,1779138787.46773,1,1920,1200
1,1,5246,1779138787.48855,1,1920,1200
1,1,5247,1779138787.50937,1,1920,1200
1,1,5248,1779138787.53019,1,1920,1200
1,1,5249,1779138787.551,1,1920,1200
1,1,5250,1779138787.57182,1,1920,1200
1,1,5251,1779138787.59264,1,1920,1200
1,1,5252,1779138787.61346,1,1920,1200
1,1,5253,1779138787.63427,1,1920,1200
1,1,5254,1779138787.65509,1,1920,1200
1,1,5255,1779138787.67591,1,1920,1200
1,1,5256,1779138787.69673,1,1920,1200
1,1,5257,1779138787.71755,1,1920,1200
1,1,5258,1779138787.73836,1,1920,1200
1,1,5259,1779138787.75918,1,1920,1200
1,1,5260,1779138787.78,1,1920,1200
1,1,5261,1779138787.80082,1,1920,1200
1,1,5262,1779138787.82164,1,1920,1200
1,1,5263,1779138787.84245,1,1920,1200
1,1,5264,1779138787.86327,1,1920,1200
1,1,5265,1779138787.88409,1,1920,1200
1,1,5266,1779138787.90491,1,1920,1200
1,1,5267,1779138787.92572,1,1920,1200
1,1,5268,1779138787.94654,1,1920,1200
1,1,5269,1779138787.96736,1,1920,1200
1,1,5270,1779138787.98818,1,1920,1200
1,1,5271,1779138788.009,1,1920,1200
1,1,5272,1779138788.02981,1,1920,1200
1,1,5273,1779138788.05063,1,1920,1200
1,1,5274,1779138788.07145,1,1920,1200
1,1,5275,1779138788.09227,1,1920,1200
1,1,5276,1779138788.11308,1,1920,1200
1,1,5277,1779138788.1339,1,1920,1200
1,1,5278,1779138788.15472,1,1920,1200
1,1,5279,1779138788.17554,1,1920,1200
1,1,5280,1779138788.19635,1,1920,1200
1,1,5281,1779138788.21717,1,1920,1200
1,1,5282,1779138788.23799,1,1920,1200
1,1,5283,1779138788.25881,1,1920,1200
1,1,5284,1779138788.27963,1,1920,1200
1,1,5285,1779138788.30044,1,1920,1200
1,1,5286,1779138788.32126,1,1920,1200
1,1,5287,1779138788.34208,1,1920,1200
1,1,5288,1779138788.3629,1,1920,1200
1,1,5289,1779138788.38371,1,1920,1200
1,1,5290,1779138788.40453,1,1920,1200
1,1,5291,1779138788.42535,1,1920,1200
1,1,5292,1779138788.44617,1,1920,1200
1,1,5293,1779138788.46699,1,1920,1200
1,1,5294,1779138788.4878,1,1920,1200
1,1,5295,1779138788.50862,1,1920,1200
1,1,5296,1779138788.52944,1,1920,1200
1,1,5297,1779138788.55026,1,1920,1200
1,1,5298,1779138788.57107,1,1920,1200
1,1,5299,1779138788.59189,1,1920,1200
1,1,5300,1779138788.61271,1,1920,1200
1,1,5301,1779138788.63353,1,1920,1200
1,1,5302,1779138788.65434,1,1920,1200
1,1,5303,1779138788.67516,1,1920,1200
1,1,5304,1779138788.69598,1,1920,1200
1,1,5305,1779138788.7168,1,1920,1200
1,1,5306,1779138788.73762,1,1920,1200
1,1,5307,1779138788.75843,1,1920,1200
1,1,5308,1779138788.77925,1,1920,1200
1,1,5309,1779138788.80007,1,1920,1200
1,1,5310,1779138788.82089,1,1920,1200
1,1,5311,1779138788.8417,1,1920,1200
1,1,5312,1779138788.86252,1,1920,1200
1,1,5313,1779138788.88334,1,1920,1200
1,1,5314,1779138788.90416,1,1920,1200
1,1,5315,1779138788.92498,1,1920,1200
1,1,5316,1779138788.94579,1,1920,1200
1,1,5317,1779138788.96661,1,1920,1200
1,1,5318,1779138788.98743,1,1920,1200
1,1,5319,1779138789.00825,1,1920,1200
1,1,5320,1779138789.02906,1,1920,1200
1,1,5321,1779138789.04988,1,1920,1200
1,1,5322,1779138789.0707,1,1920,1200
1,1,5323,1779138789.09152,1,1920,1200
1,1,5324,1779138789.11234,1,1920,1200
1,1,5325,1779138789.13315,1,1920,1200
1,1,5326,1779138789.15397,1,1920,1200
1,1,5327,1779138789.17479,1,1920,1200
1,1,5328,1779138789.19561,1,1920,1200
1,1,5329,1779138789.21642,1,1920,1200
1,1,5330,1779138789.23724,1,1920,1200
1,1,5331,1779138789.25806,1,1920,1200
1,1,5332,1779138789.27888,1,1920,1200
1,1,5333,1779138789.2997,1,1920,1200
1,1,5334,1779138789.32051,1,1920,1200
1,1,5335,1779138789.34133,1,1920,1200
1,1,5336,1779138789.36215,1,1920,1200
1,1,5337,1779138789.38297,1,1920,1200
1,1,5338,1779138789.40378,1,1920,1200
1,1,5339,1779138789.4246,1,1920,1200
1,1,5340,1779138789.44542,1,1920,1200
1,1,5341,1779138789.46624,1,1920,1200
1,1,5342,1779138789.48705,1,1920,1200
1,1,5343,1779138789.50787,1,1920,1200
1,1,5344,1779138789.52869,1,1920,1200
1,1,5345,1779138789.54951,1,1920,1200
1,1,5346,1779138789.57033,1,1920,1200
1,1,5347,1779138789.59114,1,1920,1200
1,1,5348,1779138789.61196,1,1920,1200
1,1,5349,1779138789.63278,1,1920,1200
1,1,5350,1779138789.6536,1,1920,1200
1,1,5351,1779138789.67441,1,1920,1200
1,1,5352,1779138789.69523,1,1920,1200
1,1,5353,1779138789.71605,1,1920,1200
1,1,5354,1779138789.73687,1,1920,1200
1,1,5355,1779138789.75769,1,1920,1200
1,1,5356,1779138789.7785,1,1920,1200
1,1,5357,1779138789.79932,1,1920,1200
1,1,5358,1779138789.82014,1,1920,1200
1,1,5359,1779138789.84096,1,1920,1200
1,1,5360,1779138789.86177,1,1920,1200
1,1,5361,1779138789.88259,1,1920,1200
1,1,5362,1779138789.90341,1,1920,1200
1,1,5363,1779138789.92423,1,1920,1200
1,1,5364,1779138789.94504,1,1920,1200
1,1,5365,1779138789.96586,1,1920,1200
1,1,5366,1779138789.98668,1,1920,1200
1,1,5367,1779138790.0075,1,1920,1200
1,1,5368,1779138790.02832,1,1920,1200
1,1,5369,1779138790.04913,1,1920,1200
1,1,5370,1779138790.06995,1,1920,1200
1,1,5371,1779138790.09077,1,1920,1200
1,1,5372,1779138790.11159,1,1920,1200
1,1,5373,1779138790.13241,1,1920,1200
1,1,5374,1779138790.15322,1,1920,1200
1,1,5375,1779138790.17404,1,1920,1200
1,1,5376,1779138790.19486,1,1920,1200
1,1,5377,1779138790.21567,1,1920,1200
1,1,5378,1779138790.23649,2,1920,1200
1,1,5379,1779138790.25731,2,1920,1200
1,1,5380,1779138790.27813,2,1920,1200
1,1,5381,1779138790.29895,2,1920,1200
1,1,5382,1779138790.31976,2,1920,1200
1,1,5383,1779138790.34058,2,1920,1200
1,1,5384,1779138790.3614,2,1920,1200
1,1,5385,1779138790.38222,2,1920,1200
1,1,5386,1779138790.40303,2,1920,1200
1,1,5387,1779138790.42385,2,1920,1200
1,1,5388,1779138790.44467,2,1920,1200
1,1,5389,1779138790.46549,2,1920,1200
1,1,5390,1779138790.48631,2,1920,1200
1,1,5391,1779138790.50712,2,1920,1200
1,1,5392,1779138790.52794,2,1920,1200
1,1,5393,1779138790.54876,2,1920,1200
1,1,5394,1779138790.56958,2,1920,1200
1,1,5395,1779138790.59039,2,1920,1200
1,1,5396,1779138790.61121,2,1920,1200
1,1,5397,1779138790.63203,2,1920,1200
1,1,5398,1779138790.65285,2,1920,1200
1,1,5399,1779138790.67367,2,1920,1200
1,1,5400,1779138790.69448,2,1920,1200
1,1,5401,1779138790.7153,2,1920,1200
1,1,5402,1779138790.73612,2,1920,1200
1,1,5403,1779138790.75694,2,1920,1200
1,1,5404,1779138790.77775,2,1920,1200
1,1,5405,1779138790.79857,2,1920,1200
1,1,5406,1779138790.81939,2,1920,1200
1,1,5407,1779138790.84021,2,1920,1200
1,1,5408,1779138790.86103,2,1920,1200
1,1,5409,1779138790.88184,2,1920,1200
1,1,5410,1779138790.90266,2,1920,1200
1,1,5411,1779138790.92348,2,1920,1200
1,1,5412,1779138790.9443,2,1920,1200
1,1,5413,1779138790.96511,2,1920,1200
1,1,5414,1779138790.98593,2,1920,1200
1,1,5415,1779138791.00675,2,1920,1200
1,1,5416,1779138791.02757,2,1920,1200
1,1,5417,1779138791.04838,2,1920,1200
1,1,5418,1779138791.0692,2,1920,1200
1,1,5419,1779138791.09002,2,1920,1200
1,1,5420,1779138791.11084,2,1920,1200
1,1,5421,1779138791.13166,2,1920,1200
1,1,5422,1779138791.15247,2,1920,1200
1,1,5423,1779138791.17329,2,1920,1200
1,1,5424,1779138791.19411,2,1920,1200
1,1,5425,1779138791.21493,2,1920,1200
1,1,5426,1779138791.23574,2,1920,1200
1,1,5427,1779138791.25656,2,1920,1200
1,1,5428,1779138791.27738,2,1920,1200
1,1,5429,1779138791.2982,2,1920,1200
1,1,5430,1779138791.31902,2,1920,1200
1,1,5431,1779138791.33983,2,1920,1200
1,1,5432,1779138791.36065,2,1920,1200
1,1,5433,1779138791.38147,2,1920,1200
1,1,5434,1779138791.40229,2,1920,1200
1,1,5435,1779138791.4231,2,1920,1200
1,1,5436,1779138791.44392,2,1920,1200
1,1,5437,1779138791.46474,2,1920,1200
1,1,5438,1779138791.48556,2,1920,1200
1,1,5439,1779138791.50637,2,1920,1200
1,1,5440,1779138791.52719,2,1920,1200
1,1,5441,1779138791.54801,2,1920,1200
1,1,5442,1779138791.56883,2,1920,1200
1,1,5443,1779138791.58965,2,1920,1200
1,1,5444,1779138791.61046,2,1920,1200
1,1,5445,1779138791.63128,2,1920,1200
1,1,5446,1779138791.6521,2,1920,1200
1,1,5447,1779138791.67292,2,1920,1200
1,1,5448,1779138791.69373,2,1920,1200
1,1,5449,1779138791.71455,2,1920,1200
1,1,5450,1779138791.73537,2,1920,1200
1,1,5451,1779138791.75619,2,1920,1200
1,1,5452,1779138791.777,2,1920,1200
1,1,5453,1779138791.79782,2,1920,1200
1,1,5454,1779138791.81864,2,1920,1200
1,1,5455,1779138791.83946,2,1920,1200
1,1,5456,1779138791.86028,2,1920,1200
1,1,5457,1779138791.88109,2,1920,1200
1,1,5458,1779138791.90191,2,1920,1200
1,1,5459,1779138791.92273,2,1920,1200
1,1,5460,1779138791.94355,2,1920,1200
1,1,5461,1779138791.96437,2,1920,1200
1,1,5462,1779138791.98518,2,1920,1200
1,1,5463,1779138792.006,2,1920,1200
1,1,5464,1779138792.02682,2,1920,1200
1,1,5465,1779138792.04763,2,1920,1200
1,1,5466,1779138792.06845,2,1920,1200
1,1,5467,1779138792.08927,2,1920,1200
1,1,5468,1779138792.11009,2,1920,1200
1,1,5469,1779138792.13091,2,1920,1200
1,1,5470,1779138792.15172,2,1920,1200
1,1,5471,1779138792.17254,2,1920,1200
1,1,5472,1779138792.19336,2,1920,1200
1,1,5473,1779138792.21418,2,1920,1200
1,1,5474,1779138792.23499,1,1920,1200
1,1,5475,1779138792.25581,1,1920,1200
1,1,5476,1779138792.27663,1,1920,1200
1,1,5477,1779138792.29745,1,1920,1200
1,1,5478,1779138792.31827,1,1920,1200
1,1,5479,1779138792.33908,1,1920,1200
1,1,5480,1779138792.3599,1,1920,1200
1,1,5481,1779138792.38072,1,1920,1200
1,1,5482,1779138792.40154,1,1920,1200
1,1,5483,1779138792.42235,1,1920,1200
1,1,5484,1779138792.44317,1,1920,1200
1,1,5485,1779138792.46399,1,1920,1200
1,1,5486,1779138792.48481,1,1920,1200
1,1,5487,1779138792.50562,1,1920,1200
1,1,5488,1779138792.52644,1,1920,1200
1,1,5489,1779138792.54726,1,1920,1200
1,1,5490,1779138792.56808,1,1920,1200
1,1,5491,1779138792.5889,1,1920,1200
1,1,5492,1779138792.60971,1,1920,1200
1,1,5493,1779138792.63053,1,1920,1200
1,1,5494,1779138792.65135,1,1920,1200
1,1,5495,1779138792.67217,1,1920,1200
1,1,5496,1779138792.69299,1,1920,1200
1,1,5497,1779138792.7138,1,1920,1200
1,1,5498,1779138792.73462,1,1920,1200
1,1,5499,1779138792.75544,1,1920,1200
1,1,5500,1779138792.77626,1,1920,1200
1,1,5501,1779138792.79707,1,1920,1200
1,1,5502,1779138792.81789,1,1920,1200
1,1,5503,1779138792.83871,1,1920,1200
1,1,5504,1779138792.85953,1,1920,1200
1,1,5505,1779138792.88034,1,1920,1200
1,1,5506,1779138792.90116,1,1920,1200
1,1,5507,1779138792.92198,1,1920,1200
1,1,5508,1779138792.9428,1,1920,1200
1,1,5509,1779138792.96362,1,1920,1200
1,1,5510,1779138792.98443,1,1920,1200
1,1,5511,1779138793.00525,1,1920,1200
1,1,5512,1779138793.02607,1,1920,1200
1,1,5513,1779138793.04689,1,1920,1200
1,1,5514,1779138793.0677,1,1920,1200
1,1,5515,1779138793.08852,1,1920,1200
1,1,5516,1779138793.10934,1,1920,1200
1,1,5517,1779138793.13016,1,1920,1200
1,1,5518,1779138793.15097,1,1920,1200
1,1,5519,1779138793.17179,1,1920,1200
1,1,5520,1779138793.19261,1,1920,1200
1,1,5521,1779138793.21343,1,1920,1200
1,1,5522,1779138793.23424,1,1920,1200
1,1,5523,1779138793.25506,1,1920,1200
1,1,5524,1779138793.27588,1,1920,1200
1,1,5525,1779138793.2967,1,1920,1200
1,1,5526,1779138793.31752,1,1920,1200
1,1,5527,1779138793.33833,1,1920,1200
1,1,5528,1779138793.35915,1,1920,1200
1,1,5529,1779138793.37997,1,1920,1200
1,1,5530,1779138793.40079,1,1920,1200
1,1,5531,1779138793.42161,1,1920,1200
1,1,5532,1779138793.44242,1,1920,1200
1,1,5533,1779138793.46324,1,1920,1200
1,1,5534,1779138793.48406,1,1920,1200
1,1,5535,1779138793.50488,1,1920,1200
1,1,5536,1779138793.52569,1,1920,1200
1,1,5537,1779138793.54651,1,1920,1200
1,1,5538,1779138793.56733,1,1920,1200
1,1,5539,1779138793.58815,1,1920,1200
1,1,5540,1779138793.60896,1,1920,1200
1,1,5541,1779138793.62978,1,1920,1200
1,1,5542,1779138793.6506,1,1920,1200
1,1,5543,1779138793.67142,1,1920,1200
1,1,5544,1779138793.69224,1,1920,1200
1,1,5545,1779138793.71305,1,1920,1200
1,1,5546,1779138793.73387,1,1920,1200
1,1,5547,1779138793.75469,1,1920,1200
1,1,5548,1779138793.77551,1,1920,1200
1,1,5549,1779138793.79632,1,1920,1200
1,1,5550,1779138793.81714,1,1920,1200
1,1,5551,1779138793.83796,1,1920,1200
1,1,5552,1779138793.85878,1,1920,1200
1,1,5553,1779138793.87959,1,1920,1200
1,1,5554,1779138793.90041,1,1920,1200
1,1,5555,1779138793.92123,1,1920,1200
1,1,5556,1779138793.94205,1,1920,1200
1,1,5557,1779138793.96286,1,1920,1200
1,1,5558,1779138793.98368,1,1920,1200
1,1,5559,1779138794.0045,1,1920,1200
1,1,5560,1779138794.02532,1,1920,1200
1,1,5561,1779138794.04614,1,1920,1200
1,1,5562,1779138794.06695,1,1920,1200
1,1,5563,1779138794.08777,1,1920,1200
1,1,5564,1779138794.10859,1,1920,1200
1,1,5565,1779138794.12941,1,1920,1200
1,1,5566,1779138794.15022,1,1920,1200
1,1,5567,1779138794.17104,1,1920,1200
1,1,5568,1779138794.19186,1,1920,1200
1,1,5569,1779138794.21268,1,1920,1200
1,1,5570,1779138794.2335,1,1920,1200
1,1,5571,1779138794.25431,1,1920,1200
1,1,5572,1779138794.27513,1,1920,1200
1,1,5573,1779138794.29595,1,1920,1200
1,1,5574,1779138794.31677,1,1920,1200
1,1,5575,1779138794.33758,1,1920,1200
1,1,5576,1779138794.3584,1,1920,1200
1,1,5577,1779138794.37922,1,1920,1200
1,1,5578,1779138794.40004,1,1920,1200
1,1,5579,1779138794.42085,1,1920,1200
1,1,5580,1779138794.44167,1,1920,1200
1,1,5581,1779138794.46249,1,1920,1200
1,1,5582,1779138794.48331,1,1920,1200
1,1,5583,1779138794.50412,1,1920,1200
1,1,5584,1779138794.52494,1,1920,1200
1,1,5585,1779138794.54576,1,1920,1200
1,1,5586,1779138794.56658,1,1920,1200
1,1,5587,1779138794.5874,1,1920,1200
1,1,5588,1779138794.60821,1,1920,1200
1,1,5589,1779138794.62903,1,1920,1200
1,1,5590,1779138794.64985,1,1920,1200
1,1,5591,1779138794.67067,1,1920,1200
1,1,5592,1779138794.69148,1,1920,1200
1,1,5593,1779138794.7123,1,1920,1200
1,1,5594,1779138794.73312,1,1920,1200
1,1,5595,1779138794.75394,1,1920,1200
1,1,5596,1779138794.77476,1,1920,1200
1,1,5597,1779138794.79557,1,1920,1200
1,1,5598,1779138794.81639,1,1920,1200
1,1,5599,1779138794.83721,1,1920,1200
1,1,5600,1779138794.85803,1,1920,1200
1,1,5601,1779138794.87884,1,1920,1200
1,1,5602,1779138794.89966,1,1920,1200
1,1,5603,1779138794.92048,1,1920,1200
1,1,5604,1779138794.9413,1,1920,1200
1,1,5605,1779138794.96212,1,1920,1200
1,1,5606,1779138794.98293,1,1920,1200
1,1,5607,1779138795.00375,1,1920,1200
1,1,5608,1779138795.02457,1,1920,1200
1,1,5609,1779138795.04539,1,1920,1200
1,1,5610,1779138795.0662,1,1920,1200
1,1,5611,1779138795.08702,1,1920,1200
1,1,5612,1779138795.10784,1,1920,1200
1,1,5613,1779138795.12866,1,1920,1200
1,1,5614,1779138795.14947,1,1920,1200
1,1,5615,1779138795.17029,1,1920,1200
1,1,5616,1779138795.19111,1,1920,1200
1,1,5617,1779138795.21193,1,1920,1200
1,1,5618,1779138795.23274,1,1920,1200
1,1,5619,1779138795.25356,1,1920,1200
1,1,5620,1779138795.27438,1,1920,1200
1,1,5621,1779138795.2952,1,1920,1200
1,1,5622,1779138795.31602,1,1920,1200
1,1,5623,1779138795.33683,1,1920,1200
1,1,5624,1779138795.35765,1,1920,1200
1,1,5625,1779138795.37847,1,1920,1200
1,1,5626,1779138795.39929,1,1920,1200
1,1,5627,1779138795.4201,1,1920,1200
1,1,5628,1779138795.44092,1,1920,1200
1,1,5629,1779138795.46174,1,1920,1200
1,1,5630,1779138795.48256,1,1920,1200
1,1,5631,1779138795.50337,1,1920,1200
1,1,5632,1779138795.52419,1,1920,1200
1,1,5633,1779138795.54501,1,1920,1200
1,1,5634,1779138795.56583,1,1920,1200
1,1,5635,1779138795.58664,1,1920,1200
1,1,5636,1779138795.60746,1,1920,1200
1,1,5637,1779138795.62828,1,1920,1200
1,1,5638,1779138795.6491,1,1920,1200
1,1,5639,1779138795.66992,1,1920,1200
1,1,5640,1779138795.69073,1,1920,1200
1,1,5641,1779138795.71155,1,1920,1200
1,1,5642,1779138795.73237,1,1920,1200
1,1,5643,1779138795.75319,1,1920,1200
1,1,5644,1779138795.774,1,1920,1200
1,1,5645,1779138795.79482,1,1920,1200
1,1,5646,1779138795.81564,1,1920,1200
1,1,5647,1779138795.83646,1,1920,1200
1,1,5648,1779138795.85728,1,1920,1200
1,1,5649,1779138795.87809,1,1920,1200
1,1,5650,1779138795.89891,1,1920,1200
1,1,5651,1779138795.91973,1,1920,1200
1,1,5652,1779138795.94055,1,1920,1200
1,1,5653,1779138795.96136,1,1920,1200
1,1,5654,1779138795.98218,1,1920,1200
1,1,5655,1779138796.003,1,1920,1200
1,1,5656,1779138796.02382,1,1920,1200
1,1,5657,1779138796.04463,1,1920,1200
1,1,5658,1779138796.06545,1,1920,1200
1,1,5659,1779138796.08627,1,1920,1200
1,1,5660,1779138796.10709,1,1920,1200
1,1,5661,1779138796.12791,1,1920,1200
1,1,5662,1779138796.14872,1,1920,1200
1,1,5663,1779138796.16954,1,1920,1200
1,1,5664,1779138796.19036,1,1920,1200
1,1,5665,1779138796.21118,1,1920,1200
1,1,5666,1779138796.23199,2,1920,1200
1,1,5667,1779138796.25281,2,1920,1200
1,1,5668,1779138796.27363,2,1920,1200
1,1,5669,1779138796.29445,2,1920,1200
1,1,5670,1779138796.31526,2,1920,1200
1,1,5671,1779138796.33608,2,1920,1200
1,1,5672,1779138796.3569,2,1920,1200
1,1,5673,1779138796.37772,2,1920,1200
1,1,5674,1779138796.39854,2,1920,1200
1,1,5675,1779138796.41935,2,1920,1200
1,1,5676,1779138796.44017,2,1920,1200
1,1,5677,1779138796.46099,2,1920,1200
1,1,5678,1779138796.48181,2,1920,1200
1,1,5679,1779138796.50262,2,1920,1200
1,1,5680,1779138796.52344,2,1920,1200
1,1,5681,1779138796.54426,2,1920,1200
1,1,5682,1779138796.56508,2,1920,1200
1,1,5683,1779138796.5859,2,1920,1200
1,1,5684,1779138796.60671,2,1920,1200
1,1,5685,1779138796.62753,2,1920,1200
1,1,5686,1779138796.64835,2,1920,1200
1,1,5687,1779138796.66917,2,1920,1200
1,1,5688,1779138796.68998,2,1920,1200
1,1,5689,1779138796.7108,2,1920,1200
1,1,5690,1779138796.73162,2,1920,1200
1,1,5691,1779138796.75244,2,1920,1200
1,1,5692,1779138796.77325,2,1920,1200
1,1,5693,1779138796.79407,2,1920,1200
1,1,5694,1779138796.81489,2,1920,1200
1,1,5695,1779138796.83571,2,1920,1200
1,1,5696,1779138796.85652,2,1920,1200
1,1,5697,1779138796.87734,2,1920,1200
1,1,5698,1779138796.89816,2,1920,1200
1,1,5699,1779138796.91898,2,1920,1200
1,1,5700,1779138796.9398,2,1920,1200
1,1,5701,1779138796.96061,2,1920,1200
1,1,5702,1779138796.98143,2,1920,1200
1,1,5703,1779138797.00225,2,1920,1200
1,1,5704,1779138797.02307,2,1920,1200
1,1,5705,1779138797.04388,2,1920,1200
1,1,5706,1779138797.0647,2,1920,1200
1,1,5707,1779138797.08552,2,1920,1200
1,1,5708,1779138797.10634,2,1920,1200
1,1,5709,1779138797.12715,2,1920,1200
1,1,5710,1779138797.14797,2,1920,1200
1,1,5711,1779138797.16879,2,1920,1200
1,1,5712,1779138797.18961,2,1920,1200
1,1,5713,1779138797.21043,2,1920,1200
1,1,5714,1779138797.23124,2,1920,1200
1,1,5715,1779138797.25206,2,1920,1200
1,1,5716,1779138797.27288,2,1920,1200
1,1,5717,1779138797.2937,2,1920,1200
1,1,5718,1779138797.31451,2,1920,1200
1,1,5719,1779138797.33533,2,1920,1200
1,1,5720,1779138797.35615,2,1920,1200
1,1,5721,1779138797.37697,2,1920,1200
1,1,5722,1779138797.39779,2,1920,1200
1,1,5723,1779138797.4186,2,1920,1200
1,1,5724,1779138797.43942,2,1920,1200
1,1,5725,1779138797.46024,2,1920,1200
1,1,5726,1779138797.48106,2,1920,1200
1,1,5727,1779138797.50187,2,1920,1200
1,1,5728,1779138797.52269,2,1920,1200
1,1,5729,1779138797.54351,2,1920,1200
1,1,5730,1779138797.56433,2,1920,1200
1,1,5731,1779138797.58514,2,1920,1200
1,1,5732,1779138797.60596,2,1920,1200
1,1,5733,1779138797.62678,2,1920,1200
1,1,5734,1779138797.6476,2,1920,1200
1,1,5735,1779138797.66842,2,1920,1200
1,1,5736,1779138797.68923,2,1920,1200
1,1,5737,1779138797.71005,2,1920,1200
1,1,5738,1779138797.73087,2,1920,1200
1,1,5739,1779138797.75169,2,1920,1200
1,1,5740,1779138797.7725,2,1920,1200
1,1,5741,1779138797.79332,2,1920,1200
1,1,5742,1779138797.81414,2,1920,1200
1,1,5743,1779138797.83496,2,1920,1200
1,1,5744,1779138797.85577,2,1920,1200
1,1,5745,1779138797.87659,2,1920,1200
1,1,5746,1779138797.89741,2,1920,1200
1,1,5747,1779138797.91823,2,1920,1200
1,1,5748,1779138797.93904,2,1920,1200
1,1,5749,1779138797.95986,2,1920,1200
1,1,5750,1779138797.98068,2,1920,1200
1,1,5751,1779138798.0015,2,1920,1200
1,1,5752,1779138798.02232,2,1920,1200
1,1,5753,1779138798.04313,2,1920,1200
1,1,5754,1779138798.06395,2,1920,1200
1,1,5755,1779138798.08477,2,1920,1200
1,1,5756,1779138798.10559,2,1920,1200
1,1,5757,1779138798.1264,2,1920,1200
1,1,5758,1779138798.14722,2,1920,1200
1,1,5759,1779138798.16804,2,1920,1200
1,1,5760,1779138798.18886,2,1920,1200
1,1,5761,1779138798.20967,2,1920,1200
1,1,5762,1779138798.23049,1,1920,1200
1,1,5763,1779138798.25131,1,1920,1200
1,1,5764,1779138798.27213,1,1920,1200
1,1,5765,1779138798.29295,1,1920,1200
1,1,5766,1779138798.31376,1,1920,1200
1,1,5767,1779138798.33458,1,1920,1200
1,1,5768,1779138798.3554,1,1920,1200
1,1,5769,1779138798.37622,1,1920,1200
1,1,5770,1779138798.39703,1,1920,1200
1,1,5771,1779138798.41785,1,1920,1200
1,1,5772,1779138798.43867,1,1920,1200
1,1,5773,1779138798.45949,1,1920,1200
1,1,5774,1779138798.48031,1,1920,1200
1,1,5775,1779138798.50112,1,1920,1200
1,1,5776,1779138798.52194,1,1920,1200
1,1,5777,1779138798.54276,1,1920,1200
1,1,5778,1779138798.56357,1,1920,1200
1,1,5779,1779138798.58439,1,1920,1200
1,1,5780,1779138798.60521,1,1920,1200
1,1,5781,1779138798.62603,1,1920,1200
1,1,5782,1779138798.64685,1,1920,1200
1,1,5783,1779138798.66766,1,1920,1200
1,1,5784,1779138798.68848,1,1920,1200
1,1,5785,1779138798.7093,1,1920,1200
1,1,5786,1779138798.73012,1,1920,1200
1,1,5787,1779138798.75094,1,1920,1200
1,1,5788,1779138798.77175,1,1920,1200
1,1,5789,1779138798.79257,1,1920,1200
1,1,5790,1779138798.81339,1,1920,1200
1,1,5791,1779138798.8342,1,1920,1200
1,1,5792,1779138798.85502,1,1920,1200
1,1,5793,1779138798.87584,1,1920,1200
1,1,5794,1779138798.89666,1,1920,1200
1,1,5795,1779138798.91748,1,1920,1200
1,1,5796,1779138798.93829,1,1920,1200
1,1,5797,1779138798.95911,1,1920,1200
1,1,5798,1779138798.97993,1,1920,1200
1,1,5799,1779138799.00075,1,1920,1200
1,1,5800,1779138799.02156,1,1920,1200
1,1,5801,1779138799.04238,1,1920,1200
1,1,5802,1779138799.0632,1,1920,1200
1,1,5803,1779138799.08402,1,1920,1200
1,1,5804,1779138799.10484,1,1920,1200
1,1,5805,1779138799.12565,1,1920,1200
1,1,5806,1779138799.14647,1,1920,1200
1,1,5807,1779138799.16729,1,1920,1200
1,1,5808,1779138799.18811,1,1920,1200
1,1,5809,1779138799.20892,1,1920,1200
1,1,5810,1779138799.22974,1,1920,1200
1,1,5811,1779138799.25056,1,1920,1200
1,1,5812,1779138799.27138,1,1920,1200
1,1,5813,1779138799.29219,1,1920,1200
1,1,5814,1779138799.31301,1,1920,1200
1,1,5815,1779138799.33383,1,1920,1200
1,1,5816,1779138799.35465,1,1920,1200
1,1,5817,1779138799.37546,1,1920,1200
1,1,5818,1779138799.39628,1,1920,1200
1,1,5819,1779138799.4171,1,1920,1200
1,1,5820,1779138799.43792,1,1920,1200
1,1,5821,1779138799.45874,1,1920,1200
1,1,5822,1779138799.47955,1,1920,1200
1,1,5823,1779138799.50037,1,1920,1200
1,1,5824,1779138799.52119,1,1920,1200
1,1,5825,1779138799.54201,1,1920,1200
1,1,5826,1779138799.56282,1,1920,1200
1,1,5827,1779138799.58364,1,1920,1200
1,1,5828,1779138799.60446,1,1920,1200
1,1,5829,1779138799.62528,1,1920,1200
1,1,5830,1779138799.64609,1,1920,1200
1,1,5831,1779138799.66691,1,1920,1200
1,1,5832,1779138799.68773,1,1920,1200
1,1,5833,1779138799.70855,1,1920,1200
1,1,5834,1779138799.72936,1,1920,1200
1,1,5835,1779138799.75018,1,1920,1200
1,1,5836,1779138799.771,1,1920,1200
1,1,5837,1779138799.79182,1,1920,1200
1,1,5838,1779138799.81264,1,1920,1200
1,1,5839,1779138799.83345,1,1920,1200
1,1,5840,1779138799.85427,1,1920,1200
1,1,5841,1779138799.87509,1,1920,1200
1,1,5842,1779138799.89591,1,1920,1200
1,1,5843,1779138799.91672,1,1920,1200
1,1,5844,1779138799.93754,1,1920,1200
1,1,5845,1779138799.95836,1,1920,1200
1,1,5846,1779138799.97918,1,1920,1200
1,1,5847,1779138799.99999,1,1920,1200
1,1,5848,1779138800.02081,1,1920,1200
1,1,5849,1779138800.04163,1,1920,1200
1,1,5850,1779138800.06245,1,1920,1200
1,1,5851,1779138800.08326,1,1920,1200
1,1,5852,1779138800.10408,1,1920,1200
1,1,5853,1779138800.1249,1,1920,1200
1,1,5854,1779138800.14572,1,1920,1200
1,1,5855,1779138800.16654,1,1920,1200
1,1,5856,1779138800.18735,1,1920,1200
1,1,5857,1779138800.20817,1,1920,1200
1,1,5858,1779138800.22899,1,1920,1200
1,1,5859,1779138800.24981,1,1920,1200
1,1,5860,1779138800.27062,1,1920,1200
1,1,5861,1779138800.29144,1,1920,1200
1,1,5862,1779138800.31226,1,1920,1200
1,1,5863,1779138800.33308,1,1920,1200
1,1,5864,1779138800.35389,1,1920,1200
1,1,5865,1779138800.37471,1,1920,1200
1,1,5866,1779138800.39553,1,1920,1200
1,1,5867,1779138800.41635,1,1920,1200
1,1,5868,1779138800.43717,1,1920,1200
1,1,5869,1779138800.45798,1,1920,1200
1,1,5870,1779138800.4788,1,1920,1200
1,1,5871,1779138800.49962,1,1920,1200
1,1,5872,1779138800.52044,1,1920,1200
1,1,5873,1779138800.54125,1,1920,1200
1,1,5874,1779138800.56207,1,1920,1200
1,1,5875,1779138800.58289,1,1920,1200
1,1,5876,1779138800.60371,1,1920,1200
1,1,5877,1779138800.62453,1,1920,1200
1,1,5878,1779138800.64534,1,1920,1200
1,1,5879,1779138800.66616,1,1920,1200
1,1,5880,1779138800.68698,1,1920,1200
1,1,5881,1779138800.7078,1,1920,1200
1,1,5882,1779138800.72861,1,1920,1200
1,1,5883,1779138800.74943,1,1920,1200
1,1,5884,1779138800.77025,1,1920,1200
1,1,5885,1779138800.79107,1,1920,1200
1,1,5886,1779138800.81188,1,1920,1200
1,1,5887,1779138800.8327,1,1920,1200
1,1,5888,1779138800.85352,1,1920,1200
1,1,5889,1779138800.87434,1,1920,1200
1,1,5890,1779138800.89515,1,1920,1200
1,1,5891,1779138800.91597,1,1920,1200
1,1,5892,1779138800.93679,1,1920,1200
1,1,5893,1779138800.95761,1,1920,1200
1,1,5894,1779138800.97843,1,1920,1200
1,1,5895,1779138800.99924,1,1920,1200
1,1,5896,1779138801.02006,1,1920,1200
1,1,5897,1779138801.04088,1,1920,1200
1,1,5898,1779138801.0617,1,1920,1200
1,1,5899,1779138801.08251,1,1920,1200
1,1,5900,1779138801.10333,1,1920,1200
1,1,5901,1779138801.12415,1,1920,1200
1,1,5902,1779138801.14497,1,1920,1200
1,1,5903,1779138801.16578,1,1920,1200
1,1,5904,1779138801.1866,1,1920,1200
1,1,5905,1779138801.20742,1,1920,1200
1,1,5906,1779138801.22824,1,1920,1200
1,1,5907,1779138801.24905,1,1920,1200
1,1,5908,1779138801.26987,1,1920,1200
1,1,5909,1779138801.29069,1,1920,1200
1,1,5910,1779138801.31151,1,1920,1200
1,1,5911,1779138801.33233,1,1920,1200
1,1,5912,1779138801.35314,1,1920,1200
1,1,5913,1779138801.37396,1,1920,1200
1,1,5914,1779138801.39478,1,1920,1200
1,1,5915,1779138801.4156,1,1920,1200
1,1,5916,1779138801.43641,1,1920,1200
1,1,5917,1779138801.45723,1,1920,1200
1,1,5918,1779138801.47805,1,1920,1200
1,1,5919,1779138801.49887,1,1920,1200
1,1,5920,1779138801.51968,1,1920,1200
1,1,5921,1779138801.5405,1,1920,1200
1,1,5922,1779138801.56132,1,1920,1200
1,1,5923,1779138801.58214,1,1920,1200
1,1,5924,1779138801.60296,1,1920,1200
1,1,5925,1779138801.62377,1,1920,1200
1,1,5926,1779138801.64459,1,1920,1200
1,1,5927,1779138801.66541,1,1920,1200
1,1,5928,1779138801.68622,1,1920,1200
1,1,5929,1779138801.70704,1,1920,1200
1,1,5930,1779138801.72786,1,1920,1200
1,1,5931,1779138801.74868,1,1920,1200
1,1,5932,1779138801.7695,1,1920,1200
1,1,5933,1779138801.79031,1,1920,1200
1,1,5934,1779138801.81113,1,1920,1200
1,1,5935,1779138801.83195,1,1920,1200
1,1,5936,1779138801.85277,1,1920,1200
1,1,5937,1779138801.87358,1,1920,1200
1,1,5938,1779138801.8944,1,1920,1200
1,1,5939,1779138801.91522,1,1920,1200
1,1,5940,1779138801.93604,1,1920,1200
1,1,5941,1779138801.95686,1,1920,1200
1,1,5942,1779138801.97767,1,1920,1200
1,1,5943,1779138801.99849,1,1920,1200
1,1,5944,1779138802.01931,1,1920,1200
1,1,5945,1779138802.04013,1,1920,1200
1,1,5946,1779138802.06094,1,1920,1200
1,1,5947,1779138802.08176,1,1920,1200
1,1,5948,1779138802.10258,1,1920,1200
1,1,5949,1779138802.1234,1,1920,1200
1,1,5950,1779138802.14421,1,1920,1200
1,1,5951,1779138802.16503,1,1920,1200
1,1,5952,1779138802.18585,1,1920,1200
1,1,5953,1779138802.20667,1,1920,1200
1,1,5954,1779138802.22748,2,1920,1200
1,1,5955,1779138802.2483,2,1920,1200
1,1,5956,1779138802.26912,2,1920,1200
1,1,5957,1779138802.28994,2,1920,1200
1,1,5958,1779138802.31076,2,1920,1200
1,1,5959,1779138802.33157,2,1920,1200
1,1,5960,1779138802.35239,2,1920,1200
1,1,5961,1779138802.37321,2,1920,1200
1,1,5962,1779138802.39403,2,1920,1200
1,1,5963,1779138802.41484,2,1920,1200
1,1,5964,1779138802.43566,2,1920,1200
1,1,5965,1779138802.45648,2,1920,1200
1,1,5966,1779138802.4773,2,1920,1200
1,1,5967,1779138802.49811,2,1920,1200
1,1,5968,1779138802.51893,2,1920,1200
1,1,5969,1779138802.53975,2,1920,1200
1,1,5970,1779138802.56057,2,1920,1200
1,1,5971,1779138802.58138,2,1920,1200
1,1,5972,1779138802.6022,2,1920,1200
1,1,5973,1779138802.62302,2,1920,1200
1,1,5974,1779138802.64384,2,1920,1200
1,1,5975,1779138802.66466,2,1920,1200
1,1,5976,1779138802.68547,2,1920,1200
1,1,5977,1779138802.70629,2,1920,1200
1,1,5978,1779138802.72711,2,1920,1200
1,1,5979,1779138802.74793,2,1920,1200
1,1,5980,1779138802.76874,2,1920,1200
1,1,5981,1779138802.78956,2,1920,1200
1,1,5982,1779138802.81038,2,1920,1200
1,1,5983,1779138802.8312,2,1920,1200
1,1,5984,1779138802.85201,2,1920,1200
1,1,5985,1779138802.87283,2,1920,1200
1,1,5986,1779138802.89365,2,1920,1200
1,1,5987,1779138802.91447,2,1920,1200
1,1,5988,1779138802.93528,2,1920,1200
1,1,5989,1779138802.9561,2,1920,1200
1,1,5990,1779138802.97692,2,1920,1200
1,1,5991,1779138802.99774,2,1920,1200
1,1,5992,1779138803.01855,2,1920,1200
1,1,5993,1779138803.03937,2,1920,1200
1,1,5994,1779138803.06019,2,1920,1200
1,1,5995,1779138803.08101,2,1920,1200
1,1,5996,1779138803.10183,2,1920,1200
1,1,5997,1779138803.12264,2,1920,1200
1,1,5998,1779138803.14346,2,1920,1200
1,1,5999,1779138803.16428,2,1920,1200
1,1,6000,1779138803.1851,2,1920,1200
1,1,6001,1779138803.20591,2,1920,1200
1,1,6002,1779138803.22673,2,1920,1200
1,1,6003,1779138803.24755,2,1920,1200
1,1,6004,1779138803.26837,2,1920,1200
1,1,6005,1779138803.28919,2,1920,1200
1,1,6006,1779138803.31,2,1920,1200
1,1,6007,1779138803.33082,2,1920,1200
1,1,6008,1779138803.35164,2,1920,1200
1,1,6009,1779138803.37245,2,1920,1200
1,1,6010,1779138803.39327,2,1920,1200
1,1,6011,1779138803.41409,2,1920,1200
1,1,6012,1779138803.43491,2,1920,1200
1,1,6013,1779138803.45573,2,1920,1200
1,1,6014,1779138803.47654,2,1920,1200
1,1,6015,1779138803.49736,2,1920,1200
1,1,6016,1779138803.51818,2,1920,1200
1,1,6017,1779138803.539,2,1920,1200
1,1,6018,1779138803.55981,2,1920,1200
1,1,6019,1779138803.58063,2,1920,1200
1,1,6020,1779138803.60145,2,1920,1200
1,1,6021,1779138803.62227,2,1920,1200
1,1,6022,1779138803.64309,2,1920,1200
1,1,6023,1779138803.6639,2,1920,1200
1,1,6024,1779138803.68472,2,1920,1200
1,1,6025,1779138803.70554,2,1920,1200
1,1,6026,1779138803.72636,2,1920,1200
1,1,6027,1779138803.74717,2,1920,1200
1,1,6028,1779138803.76799,2,1920,1200
1,1,6029,1779138803.78881,2,1920,1200
1,1,6030,1779138803.80963,2,1920,1200
1,1,6031,1779138803.83044,2,1920,1200
1,1,6032,1779138803.85126,2,1920,1200
1,1,6033,1779138803.87208,2,1920,1200
1,1,6034,1779138803.8929,2,1920,1200
1,1,6035,1779138803.91371,2,1920,1200
1,1,6036,1779138803.93453,2,1920,1200
1,1,6037,1779138803.95535,2,1920,1200
1,1,6038,1779138803.97617,2,1920,1200
1,1,6039,1779138803.99698,2,1920,1200
1,1,6040,1779138804.0178,2,1920,1200
1,1,6041,1779138804.03862,2,1920,1200
1,1,6042,1779138804.05944,2,1920,1200
1,1,6043,1779138804.08026,2,1920,1200
1,1,6044,1779138804.10107,2,1920,1200
1,1,6045,1779138804.12189,2,1920,1200
1,1,6046,1779138804.14271,2,1920,1200
1,1,6047,1779138804.16353,2,1920,1200
1,1,6048,1779138804.18434,2,1920,1200
1,1,6049,1779138804.20516,2,1920,1200
1,1,6050,1779138804.22598,1,1920,1200
1,1,6051,1779138804.2468,1,1920,1200
1,1,6052,1779138804.26761,1,1920,1200
1,1,6053,1779138804.28843,1,1920,1200
1,1,6054,1779138804.30925,1,1920,1200
1,1,6055,1779138804.33007,1,1920,1200
1,1,6056,1779138804.35088,1,1920,1200
1,1,6057,1779138804.3717,1,1920,1200
1,1,6058,1779138804.39252,1,1920,1200
1,1,6059,1779138804.41334,1,1920,1200
1,1,6060,1779138804.43416,1,1920,1200
1,1,6061,1779138804.45497,1,1920,1200
1,1,6062,1779138804.47579,1,1920,1200
1,1,6063,1779138804.49661,1,1920,1200
1,1,6064,1779138804.51742,1,1920,1200
1,1,6065,1779138804.53824,1,1920,1200
1,1,6066,1779138804.55906,1,1920,1200
1,1,6067,1779138804.57988,1,1920,1200
1,1,6068,1779138804.6007,1,1920,1200
1,1,6069,1779138804.62151,1,1920,1200
1,1,6070,1779138804.64233,1,1920,1200
1,1,6071,1779138804.66315,1,1920,1200
1,1,6072,1779138804.68397,1,1920,1200
1,1,6073,1779138804.70478,1,1920,1200
1,1,6074,1779138804.7256,1,1920,1200
1,1,6075,1779138804.74642,1,1920,1200
1,1,6076,1779138804.76724,1,1920,1200
1,1,6077,1779138804.78805,1,1920,1200
1,1,6078,1779138804.80887,1,1920,1200
1,1,6079,1779138804.82969,1,1920,1200
1,1,6080,1779138804.85051,1,1920,1200
1,1,6081,1779138804.87133,1,1920,1200
1,1,6082,1779138804.89214,1,1920,1200
1,1,6083,1779138804.91296,1,1920,1200
1,1,6084,1779138804.93378,1,1920,1200
1,1,6085,1779138804.9546,1,1920,1200
1,1,6086,1779138804.97541,1,1920,1200
1,1,6087,1779138804.99623,1,1920,1200
1,1,6088,1779138805.01705,1,1920,1200
1,1,6089,1779138805.03787,1,1920,1200
1,1,6090,1779138805.05869,1,1920,1200
1,1,6091,1779138805.0795,1,1920,1200
1,1,6092,1779138805.10032,1,1920,1200
1,1,6093,1779138805.12114,1,1920,1200
1,1,6094,1779138805.14195,1,1920,1200
1,1,6095,1779138805.16277,1,1920,1200
1,1,6096,1779138805.18359,1,1920,1200
1,1,6097,1779138805.20441,1,1920,1200
1,1,6098,1779138805.22522,1,1920,1200
1,1,6099,1779138805.24604,1,1920,1200
1,1,6100,1779138805.26686,1,1920,1200
1,1,6101,1779138805.28768,1,1920,1200
1,1,6102,1779138805.3085,1,1920,1200
1,1,6103,1779138805.32931,1,1920,1200
1,1,6104,1779138805.35013,1,1920,1200
1,1,6105,1779138805.37095,1,1920,1200
1,1,6106,1779138805.39177,1,1920,1200
1,1,6107,1779138805.41258,1,1920,1200
1,1,6108,1779138805.4334,1,1920,1200
1,1,6109,1779138805.45422,1,1920,1200
1,1,6110,1779138805.47504,1,1920,1200
1,1,6111,1779138805.49585,1,1920,1200
1,1,6112,1779138805.51667,1,1920,1200
1,1,6113,1779138805.53749,1,1920,1200
1,1,6114,1779138805.55831,1,1920,1200
1,1,6115,1779138805.57912,1,1920,1200
1,1,6116,1779138805.59994,1,1920,1200
1,1,6117,1779138805.62076,1,1920,1200
1,1,6118,1779138805.64158,1,1920,1200
1,1,6119,1779138805.6624,1,1920,1200
1,1,6120,1779138805.68321,1,1920,1200
1,1,6121,1779138805.70403,1,1920,1200
1,1,6122,1779138805.72485,1,1920,1200
1,1,6123,1779138805.74567,1,1920,1200
1,1,6124,1779138805.76648,1,1920,1200
1,1,6125,1779138805.7873,1,1920,1200
1,1,6126,1779138805.80812,1,1920,1200
1,1,6127,1779138805.82894,1,1920,1200
1,1,6128,1779138805.84975,1,1920,1200
1,1,6129,1779138805.87057,1,1920,1200
1,1,6130,1779138805.89139,1,1920,1200
1,1,6131,1779138805.91221,1,1920,1200
1,1,6132,1779138805.93302,1,1920,1200
1,1,6133,1779138805.95384,1,1920,1200
1,1,6134,1779138805.97466,1,1920,1200
1,1,6135,1779138805.99548,1,1920,1200
1,1,6136,1779138806.01629,1,1920,1200
1,1,6137,1779138806.03711,1,1920,1200
1,1,6138,1779138806.05793,1,1920,1200
1,1,6139,1779138806.07875,1,1920,1200
1,1,6140,1779138806.09957,1,1920,1200
1,1,6141,1779138806.12038,1,1920,1200
1,1,6142,1779138806.1412,1,1920,1200
1,1,6143,1779138806.16202,1,1920,1200
1,1,6144,1779138806.18284,1,1920,1200
1,1,6145,1779138806.20365,1,1920,1200
1,1,6146,1779138806.22447,1,1920,1200
1,1,6147,1779138806.24529,1,1920,1200
1,1,6148,1779138806.26611,1,1920,1200
1,1,6149,1779138806.28692,1,1920,1200
1,1,6150,1779138806.30774,1,1920,1200
1,1,6151,1779138806.32856,1,1920,1200
1,1,6152,1779138806.34938,1,1920,1200
1,1,6153,1779138806.37019,1,1920,1200
1,1,6154,1779138806.39101,1,1920,1200
1,1,6155,1779138806.41183,1,1920,1200
1,1,6156,1779138806.43265,1,1920,1200
1,1,6157,1779138806.45347,1,1920,1200
1,1,6158,1779138806.47428,1,1920,1200
1,1,6159,1779138806.4951,1,1920,1200
1,1,6160,1779138806.51592,1,1920,1200
1,1,6161,1779138806.53674,1,1920,1200
1,1,6162,1779138806.55755,1,1920,1200
1,1,6163,1779138806.57837,1,1920,1200
1,1,6164,1779138806.59919,1,1920,1200
1,1,6165,1779138806.62001,1,1920,1200
1,1,6166,1779138806.64082,1,1920,1200
1,1,6167,1779138806.66164,1,1920,1200
1,1,6168,1779138806.68246,1,1920,1200
1,1,6169,1779138806.70328,1,1920,1200
1,1,6170,1779138806.7241,1,1920,1200
1,1,6171,1779138806.74491,1,1920,1200
1,1,6172,1779138806.76573,1,1920,1200
1,1,6173,1779138806.78655,1,1920,1200
1,1,6174,1779138806.80737,1,1920,1200
1,1,6175,1779138806.82818,1,1920,1200
1,1,6176,1779138806.849,1,1920,1200
1,1,6177,1779138806.86982,1,1920,1200
1,1,6178,1779138806.89064,1,1920,1200
1,1,6179,1779138806.91145,1,1920,1200
1,1,6180,1779138806.93227,1,1920,1200
1,1,6181,1779138806.95309,1,1920,1200
1,1,6182,1779138806.97391,1,1920,1200
1,1,6183,1779138806.99472,1,1920,1200
1,1,6184,1779138807.01554,1,1920,1200
1,1,6185,1779138807.03636,1,1920,1200
1,1,6186,1779138807.05718,1,1920,1200
1,1,6187,1779138807.07799,1,1920,1200
1,1,6188,1779138807.09881,1,1920,1200
1,1,6189,1779138807.11963,1,1920,1200
1,1,6190,1779138807.14045,1,1920,1200
1,1,6191,1779138807.16126,1,1920,1200
1,1,6192,1779138807.18208,1,1920,1200
1,1,6193,1779138807.2029,1,1920,1200
1,1,6194,1779138807.22372,1,1920,1200
1,1,6195,1779138807.24454,1,1920,1200
1,1,6196,1779138807.26535,1,1920,1200
1,1,6197,1779138807.28617,1,1920,1200
1,1,6198,1779138807.30699,1,1920,1200
1,1,6199,1779138807.32781,1,1920,1200
1,1,6200,1779138807.34862,1,1920,1200
1,1,6201,1779138807.36944,1,1920,1200
1,1,6202,1779138807.39026,1,1920,1200
1,1,6203,1779138807.41108,1,1920,1200
1,1,6204,1779138807.43189,1,1920,1200
1,1,6205,1779138807.45271,1,1920,1200
1,1,6206,1779138807.47353,1,1920,1200
1,1,6207,1779138807.49435,1,1920,1200
1,1,6208,1779138807.51517,1,1920,1200
1,1,6209,1779138807.53598,1,1920,1200
1,1,6210,1779138807.5568,1,1920,1200
1,1,6211,1779138807.57762,1,1920,1200
1,1,6212,1779138807.59844,1,1920,1200
1,1,6213,1779138807.61925,1,1920,1200
1,1,6214,1779138807.64007,1,1920,1200
1,1,6215,1779138807.66089,1,1920,1200
1,1,6216,1779138807.68171,1,1920,1200
1,1,6217,1779138807.70252,1,1920,1200
1,1,6218,1779138807.72334,1,1920,1200
1,1,6219,1779138807.74416,1,1920,1200
1,1,6220,1779138807.76498,1,1920,1200
1,1,6221,1779138807.78579,1,1920,1200
1,1,6222,1779138807.80661,1,1920,1200
1,1,6223,1779138807.82743,1,1920,1200
1,1,6224,1779138807.84825,1,1920,1200
1,1,6225,1779138807.86906,1,1920,1200
1,1,6226,1779138807.88988,1,1920,1200
1,1,6227,1779138807.9107,1,1920,1200
1,1,6228,1779138807.93152,1,1920,1200
1,1,6229,1779138807.95233,1,1920,1200
1,1,6230,1779138807.97315,1,1920,1200
1,1,6231,1779138807.99397,1,1920,1200
1,1,6232,1779138808.01479,1,1920,1200
1,1,6233,1779138808.03561,1,1920,1200
1,1,6234,1779138808.05642,1,1920,1200
1,1,6235,1779138808.07724,1,1920,1200
1,1,6236,1779138808.09806,1,1920,1200
1,1,6237,1779138808.11888,1,1920,1200
1,1,6238,1779138808.13969,1,1920,1200
1,1,6239,1779138808.16051,1,1920,1200
1,1,6240,1779138808.18133,1,1920,1200
1,1,6241,1779138808.20215,1,1920,1200
1,1,6242,1779138808.22296,2,1920,1200
1,1,6243,1779138808.24378,2,1920,1200
1,1,6244,1779138808.2646,2,1920,1200
1,1,6245,1779138808.28542,2,1920,1200
1,1,6246,1779138808.30623,2,1920,1200
1,1,6247,1779138808.32705,2,1920,1200
1,1,6248,1779138808.34787,2,1920,1200
1,1,6249,1779138808.36869,2,1920,1200
1,1,6250,1779138808.38951,2,1920,1200
1,1,6251,1779138808.41032,2,1920,1200
1,1,6252,1779138808.43114,2,1920,1200
1,1,6253,1779138808.45196,2,1920,1200
1,1,6254,1779138808.47278,2,1920,1200
1,1,6255,1779138808.49359,2,1920,1200
1,1,6256,1779138808.51441,2,1920,1200
1,1,6257,1779138808.53523,2,1920,1200
1,1,6258,1779138808.55605,2,1920,1200
1,1,6259,1779138808.57686,2,1920,1200
1,1,6260,1779138808.59768,2,1920,1200
1,1,6261,1779138808.6185,2,1920,1200
1,1,6262,1779138808.63932,2,1920,1200
1,1,6263,1779138808.66013,2,1920,1200
1,1,6264,1779138808.68095,2,1920,1200
1,1,6265,1779138808.70177,2,1920,1200
1,1,6266,1779138808.72259,2,1920,1200
1,1,6267,1779138808.7434,2,1920,1200
1,1,6268,1779138808.76422,2,1920,1200
1,1,6269,1779138808.78504,2,1920,1200
1,1,6270,1779138808.80586,2,1920,1200
1,1,6271,1779138808.82667,2,1920,1200
1,1,6272,1779138808.84749,2,1920,1200
1,1,6273,1779138808.86831,2,1920,1200
1,1,6274,1779138808.88913,2,1920,1200
1,1,6275,1779138808.90994,2,1920,1200
1,1,6276,1779138808.93076,2,1920,1200
1,1,6277,1779138808.95158,2,1920,1200
1,1,6278,1779138808.9724,2,1920,1200
1,1,6279,1779138808.99322,2,1920,1200
1,1,6280,1779138809.01403,2,1920,1200
1,1,6281,1779138809.03485,2,1920,1200
1,1,6282,1779138809.05567,2,1920,1200
1,1,6283,1779138809.07649,2,1920,1200
1,1,6284,1779138809.0973,2,1920,1200
1,1,6285,1779138809.11812,2,1920,1200
1,1,6286,1779138809.13894,2,1920,1200
1,1,6287,1779138809.15976,2,1920,1200
1,1,6288,1779138809.18057,2,1920,1200
1,1,6289,1779138809.20139,2,1920,1200
1,1,6290,1779138809.22221,2,1920,1200
1,1,6291,1779138809.24303,2,1920,1200
1,1,6292,1779138809.26385,2,1920,1200
1,1,6293,1779138809.28466,2,1920,1200
1,1,6294,1779138809.30548,2,1920,1200
1,1,6295,1779138809.3263,2,1920,1200
1,1,6296,1779138809.34711,2,1920,1200
1,1,6297,1779138809.36793,2,1920,1200
1,1,6298,1779138809.38875,2,1920,1200
1,1,6299,1779138809.40957,2,1920,1200
1,1,6300,1779138809.43039,2,1920,1200
1,1,6301,1779138809.4512,2,1920,1200
1,1,6302,1779138809.47202,2,1920,1200
1,1,6303,1779138809.49284,2,1920,1200
1,1,6304,1779138809.51366,2,1920,1200
1,1,6305,1779138809.53447,2,1920,1200
1,1,6306,1779138809.55529,2,1920,1200
1,1,6307,1779138809.57611,2,1920,1200
1,1,6308,1779138809.59693,2,1920,1200
1,1,6309,1779138809.61774,2,1920,1200
1,1,6310,1779138809.63856,2,1920,1200
1,1,6311,1779138809.65938,2,1920,1200
1,1,6312,1779138809.6802,2,1920,1200
1,1,6313,1779138809.70101,2,1920,1200
1,1,6314,1779138809.72183,2,1920,1200
1,1,6315,1779138809.74265,2,1920,1200
1,1,6316,1779138809.76347,2,1920,1200
1,1,6317,1779138809.78428,2,1920,1200
1,1,6318,1779138809.8051,2,1920,1200
1,1,6319,1779138809.82592,2,1920,1200
1,1,6320,1779138809.84674,2,1920,1200
1,1,6321,1779138809.86756,2,1920,1200
1,1,6322,1779138809.88837,2,1920,1200
1,1,6323,1779138809.90919,2,1920,1200
1,1,6324,1779138809.93001,2,1920,1200
1,1,6325,1779138809.95083,2,1920,1200
1,1,6326,1779138809.97164,2,1920,1200
1,1,6327,1779138809.99246,2,1920,1200
1,1,6328,1779138810.01328,2,1920,1200
1,1,6329,1779138810.0341,2,1920,1200
1,1,6330,1779138810.05491,2,1920,1200
1,1,6331,1779138810.07573,2,1920,1200
1,1,6332,1779138810.09655,2,1920,1200
1,1,6333,1779138810.11737,2,1920,1200
1,1,6334,1779138810.13819,2,1920,1200
1,1,6335,1779138810.159,2,1920,1200
1,1,6336,1779138810.17982,2,1920,1200
1,1,6337,1779138810.20064,2,1920,1200
1,1,6338,1779138810.22146,-1,1920,1200
1,1,6339,1779138810.24227,-1,1920,1200
1,1,6340,1779138810.26309,-1,1920,1200
1,1,6341,1779138810.28391,-1,1920,1200
1,1,6342,1779138810.30472,-1,1920,1200
1,1,6343,1779138810.32554,-1,1920,1200
1,1,6344,1779138810.34636,-1,1920,1200
1,1,6345,1779138810.36718,-1,1920,1200
1,1,6346,1779138810.388,-1,1920,1200
1,1,6347,1779138810.40881,-1,1920,1200
1,1,6348,1779138810.42963,-1,1920,1200
1,1,6349,1779138810.45045,-1,1920,1200
1,1,6350,1779138810.47127,-1,1920,1200
1,1,6351,1779138810.49208,-1,1920,1200
1,1,6352,1779138810.5129,-1,1920,1200
1,1,6353,1779138810.53372,-1,1920,1200
1,1,6354,1779138810.55454,-1,1920,1200
1,1,6355,1779138810.57535,-1,1920,1200
1,1,6356,1779138810.59617,-1,1920,1200
1,1,6357,1779138810.61699,-1,1920,1200
1,1,6358,1779138810.63781,-1,1920,1200
1,1,6359,1779138810.65863,-1,1920,1200
1,1,6360,1779138810.67944,-1,1920,1200
1,1,6361,1779138810.70026,-1,1920,1200
1,1,6362,1779138810.72108,-1,1920,1200
1,1,6363,1779138810.7419,-1,1920,1200
1,1,6364,1779138810.76271,-1,1920,1200
1,1,6365,1779138810.78353,-1,1920,1200
1,1,6366,1779138810.80435,-1,1920,1200
1,1,6367,1779138810.82517,-1,1920,1200
1,1,6368,1779138810.84598,-1,1920,1200
1,1,6369,1779138810.8668,-1,1920,1200
1,1,6370,1779138810.88762,-1,1920,1200
1,1,6371,1779138810.90844,-1,1920,1200
1,1,6372,1779138810.92925,-1,1920,1200
1,1,6373,1779138810.95007,-1,1920,1200
1,1,6374,1779138810.97089,-1,1920,1200
1,1,6375,1779138810.99171,-1,1920,1200
1,1,6376,1779138811.01252,-1,1920,1200
1,1,6377,1779138811.03334,-1,1920,1200
1,1,6378,1779138811.05416,-1,1920,1200
1,1,6379,1779138811.07498,-1,1920,1200
1,1,6380,1779138811.09579,-1,1920,1200
1,1,6381,1779138811.11661,-1,1920,1200
1,1,6382,1779138811.13743,-1,1920,1200
1,1,6383,1779138811.15825,-1,1920,1200
1,1,6384,1779138811.17906,-1,1920,1200
1,1,6385,1779138811.19988,-1,1920,1200
1,1,6386,1779138811.2207,-1,1920,1200
1,1,6387,1779138811.24152,-1,1920,1200
1,1,6388,1779138811.26234,-1,1920,1200
1,1,6389,1779138811.28315,-1,1920,1200
1,1,6390,1779138811.30397,-1,1920,1200
1,1,6391,1779138811.32479,-1,1920,1200
1,1,6392,1779138811.34561,-1,1920,1200
1,1,6393,1779138811.36642,-1,1920,1200
1,1,6394,1779138811.38724,-1,1920,1200
1,1,6395,1779138811.40806,-1,1920,1200
1,1,6396,1779138811.42888,-1,1920,1200
1,1,6397,1779138811.44969,-1,1920,1200
1,1,6398,1779138811.47051,-1,1920,1200
1,1,6399,1779138811.49133,-1,1920,1200
1,1,6400,1779138811.51215,-1,1920,1200
1,1,6401,1779138811.53296,-1,1920,1200
1,1,6402,1779138811.55378,-1,1920,1200
1,1,6403,1779138811.5746,-1,1920,1200
1,1,6404,1779138811.59542,-1,1920,1200
1,1,6405,1779138811.61623,-1,1920,1200
1,1,6406,1779138811.63705,-1,1920,1200
1,1,6407,1779138811.65787,-1,1920,1200
1,1,6408,1779138811.67869,-1,1920,1200
1,1,6409,1779138811.69951,-1,1920,1200
1,1,6410,1779138811.72032,-1,1920,1200
1,1,6411,1779138811.74114,-1,1920,1200
1,1,6412,1779138811.76196,-1,1920,1200
1,1,6413,1779138811.78277,-1,1920,1200
1,1,6414,1779138811.80359,-1,1920,1200
1,1,6415,1779138811.82441,-1,1920,1200
1,1,6416,1779138811.84523,-1,1920,1200
1,1,6417,1779138811.86605,-1,1920,1200
1,1,6418,1779138811.88686,-1,1920,1200
1,1,6419,1779138811.90768,-1,1920,1200
1,1,6420,1779138811.9285,-1,1920,1200
1,1,6421,1779138811.94932,-1,1920,1200
1,1,6422,1779138811.97013,-1,1920,1200
1,1,6423,1779138811.99095,-1,1920,1200
1,1,6424,1779138812.01177,-1,1920,1200
1,1,6425,1779138812.03259,-1,1920,1200
1,1,6426,1779138812.0534,-1,1920,1200
1,1,6427,1779138812.07422,-1,1920,1200
1,1,6428,1779138812.09504,-1,1920,1200
1,1,6429,1779138812.11586,-1,1920,1200
1,1,6430,1779138812.13667,-1,1920,1200
1,1,6431,1779138812.15749,-1,1920,1200
1,1,6432,1779138812.17831,-1,1920,1200
1,1,6433,1779138812.19913,-1,1920,1200
1,1,6434,1779138812.21994,-1,1920,1200
1,1,6435,1779138812.24076,-1,1920,1200
1,1,6436,1779138812.26158,-1,1920,1200
1,1,6437,1779138812.2824,-1,1920,1200
1,1,6438,1779138812.30322,-1,1920,1200
1,1,6439,1779138812.32403,-1,1920,1200
1,1,6440,1779138812.34485,-1,1920,1200
1,1,6441,1779138812.36567,-1,1920,1200
1,1,6442,1779138812.38649,-1,1920,1200
1,1,6443,1779138812.4073,-1,1920,1200
1,1,6444,1779138812.42812,-1,1920,1200
1,1,6445,1779138812.44894,-1,1920,1200
1,1,6446,1779138812.46976,-1,1920,1200
1,1,6447,1779138812.49057,-1,1920,1200
1,1,6448,1779138812.51139,-1,1920,1200
1,1,6449,1779138812.53221,-1,1920,1200
1,1,6450,1779138812.55303,-1,1920,1200
1,1,6451,1779138812.57384,-1,1920,1200
1,1,6452,1779138812.59466,-1,1920,1200
1,1,6453,1779138812.61548,-1,1920,1200
1,1,6454,1779138812.6363,-1,1920,1200
1,1,6455,1779138812.65711,-1,1920,1200
1,1,6456,1779138812.67793,-1,1920,1200
1,1,6457,1779138812.69875,-1,1920,1200
1,1,6458,1779138812.71957,-1,1920,1200
1,1,6459,1779138812.74038,-1,1920,1200
1,1,6460,1779138812.7612,-1,1920,1200
1,1,6461,1779138812.78202,-1,1920,1200
1,1,6462,1779138812.80284,-1,1920,1200
1,1,6463,1779138812.82366,-1,1920,1200
1,1,6464,1779138812.84447,-1,1920,1200
1,1,6465,1779138812.86529,-1,1920,1200
1,1,6466,1779138812.88611,-1,1920,1200
1,1,6467,1779138812.90693,-1,1920,1200
1,1,6468,1779138812.92774,-1,1920,1200
1,1,6469,1779138812.94856,-1,1920,1200
1,1,6470,1779138812.96938,-1,1920,1200
1,1,6471,1779138812.9902,-1,1920,1200
1,1,6472,1779138813.01101,-1,1920,1200
1,1,6473,1779138813.03183,-1,1920,1200
1,1,6474,1779138813.05265,-1,1920,1200
1,1,6475,1779138813.07347,-1,1920,1200
1,1,6476,1779138813.09428,-1,1920,1200
1,1,6477,1779138813.1151,-1,1920,1200
1,1,6478,1779138813.13592,-1,1920,1200
1,1,6479,1779138813.15674,-1,1920,1200
1,1,6480,1779138813.17755,-1,1920,1200
1,1,6481,1779138813.19837,-1,1920,1200
1,1,6482,1779138813.21919,1,1920,1200
1,1,6483,1779138813.24001,1,1920,1200
1,1,6484,1779138813.26082,1,1920,1200
1,1,6485,1779138813.28164,1,1920,1200
1,1,6486,1779138813.30246,1,1920,1200
1,1,6487,1779138813.32328,1,1920,1200
1,1,6488,1779138813.34409,1,1920,1200
1,1,6489,1779138813.36491,1,1920,1200
1,1,6490,1779138813.38573,1,1920,1200
1,1,6491,1779138813.40655,1,1920,1200
1,1,6492,1779138813.42737,1,1920,1200
1,1,6493,1779138813.44818,1,1920,1200
1,1,6494,1779138813.469,1,1920,1200
1,1,6495,1779138813.48982,1,1920,1200
1,1,6496,1779138813.51064,1,1920,1200
1,1,6497,1779138813.53145,1,1920,1200
1,1,6498,1779138813.55227,1,1920,1200
1,1,6499,1779138813.57309,1,1920,1200
1,1,6500,1779138813.59391,1,1920,1200
1,1,6501,1779138813.61472,1,1920,1200
1,1,6502,1779138813.63554,1,1920,1200
1,1,6503,1779138813.65636,1,1920,1200
1,1,6504,1779138813.67718,1,1920,1200
1,1,6505,1779138813.69799,1,1920,1200
1,1,6506,1779138813.71881,1,1920,1200
1,1,6507,1779138813.73963,1,1920,1200
1,1,6508,1779138813.76045,1,1920,1200
1,1,6509,1779138813.78127,1,1920,1200
1,1,6510,1779138813.80208,1,1920,1200
1,1,6511,1779138813.8229,1,1920,1200
1,1,6512,1779138813.84372,1,1920,1200
1,1,6513,1779138813.86454,1,1920,1200
1,1,6514,1779138813.88536,1,1920,1200
1,1,6515,1779138813.90618,1,1920,1200
1,1,6516,1779138813.92699,1,1920,1200
1,1,6517,1779138813.94781,1,1920,1200
1,1,6518,1779138813.96863,1,1920,1200
1,1,6519,1779138813.98945,1,1920,1200
1,1,6520,1779138814.01027,1,1920,1200
1,1,6521,1779138814.03109,1,1920,1200
1,1,6522,1779138814.05191,1,1920,1200
1,1,6523,1779138814.07273,1,1920,1200
1,1,6524,1779138814.09355,1,1920,1200
1,1,6525,1779138814.11438,1,1920,1200
1,1,6526,1779138814.1352,1,1920,1200
1,1,6527,1779138814.15602,1,1920,1200
1,1,6528,1779138814.17684,1,1920,1200
1,1,6529,1779138814.19766,1,1920,1200
1,1,6530,1779138814.21849,1,1920,1200
1,1,6531,1779138814.23931,1,1920,1200
1,1,6532,1779138814.26013,1,1920,1200
1,1,6533,1779138814.28095,1,1920,1200
1,1,6534,1779138814.30177,1,1920,1200
1,1,6535,1779138814.3226,1,1920,1200
1,1,6536,1779138814.34342,1,1920,1200
1,1,6537,1779138814.36424,1,1920,1200
1,1,6538,1779138814.38506,1,1920,1200
1,1,6539,1779138814.40589,1,1920,1200
1,1,6540,1779138814.42671,1,1920,1200
1,1,6541,1779138814.44753,1,1920,1200
1,1,6542,1779138814.46835,1,1920,1200
1,1,6543,1779138814.48917,1,1920,1200
1,1,6544,1779138814.50999,1,1920,1200
1,1,6545,1779138814.53082,1,1920,1200
1,1,6546,1779138814.55164,1,1920,1200
1,1,6547,1779138814.57246,1,1920,1200
1,1,6548,1779138814.59328,1,1920,1200
1,1,6549,1779138814.6141,1,1920,1200
1,1,6550,1779138814.63493,1,1920,1200
1,1,6551,1779138814.65575,1,1920,1200
1,1,6552,1779138814.67657,1,1920,1200
1,1,6553,1779138814.69739,1,1920,1200
1,1,6554,1779138814.71821,1,1920,1200
1,1,6555,1779138814.73904,1,1920,1200
1,1,6556,1779138814.75986,1,1920,1200
1,1,6557,1779138814.78068,1,1920,1200
1,1,6558,1779138814.8015,1,1920,1200
1,1,6559,1779138814.82232,1,1920,1200
1,1,6560,1779138814.84315,1,1920,1200
1,1,6561,1779138814.86397,1,1920,1200
1,1,6562,1779138814.88479,1,1920,1200
1,1,6563,1779138814.90561,1,1920,1200
1,1,6564,1779138814.92643,1,1920,1200
1,1,6565,1779138814.94726,1,1920,1200
1,1,6566,1779138814.96808,1,1920,1200
1,1,6567,1779138814.9889,1,1920,1200
1,1,6568,1779138815.00972,1,1920,1200
1,1,6569,1779138815.03054,1,1920,1200
1,1,6570,1779138815.05137,1,1920,1200
1,1,6571,1779138815.07219,1,1920,1200
1,1,6572,1779138815.09301,1,1920,1200
1,1,6573,1779138815.11383,1,1920,1200
1,1,6574,1779138815.13465,1,1920,1200
1,1,6575,1779138815.15548,1,1920,1200
1,1,6576,1779138815.1763,1,1920,1200
1,1,6577,1779138815.19712,1,1920,1200
1,1,6578,1779138815.21794,1,1920,1200
1,1,6579,1779138815.23876,1,1920,1200
1,1,6580,1779138815.25959,1,1920,1200
1,1,6581,1779138815.28041,1,1920,1200
1,1,6582,1779138815.30123,1,1920,1200
1,1,6583,1779138815.32205,1,1920,1200
1,1,6584,1779138815.34287,1,1920,1200
1,1,6585,1779138815.3637,1,1920,1200
1,1,6586,1779138815.38452,1,1920,1200
1,1,6587,1779138815.40534,1,1920,1200
1,1,6588,1779138815.42616,1,1920,1200
1,1,6589,1779138815.44698,1,1920,1200
1,1,6590,1779138815.46781,1,1920,1200
1,1,6591,1779138815.48863,1,1920,1200
1,1,6592,1779138815.50945,1,1920,1200
1,1,6593,1779138815.53027,1,1920,1200
1,1,6594,1779138815.55109,1,1920,1200
1,1,6595,1779138815.57191,1,1920,1200
1,1,6596,1779138815.59274,1,1920,1200
1,1,6597,1779138815.61356,1,1920,1200
1,1,6598,1779138815.63438,1,1920,1200
1,1,6599,1779138815.6552,1,1920,1200
1,1,6600,1779138815.67602,1,1920,1200
1,1,6601,1779138815.69685,1,1920,1200
1,1,6602,1779138815.71767,1,1920,1200
1,1,6603,1779138815.73849,1,1920,1200
1,1,6604,1779138815.75931,1,1920,1200
1,1,6605,1779138815.78013,1,1920,1200
1,1,6606,1779138815.80096,1,1920,1200
1,1,6607,1779138815.82178,1,1920,1200
1,1,6608,1779138815.8426,1,1920,1200
1,1,6609,1779138815.86342,1,1920,1200
1,1,6610,1779138815.88424,1,1920,1200
1,1,6611,1779138815.90507,1,1920,1200
1,1,6612,1779138815.92589,1,1920,1200
1,1,6613,1779138815.94671,1,1920,1200
1,1,6614,1779138815.96753,1,1920,1200
1,1,6615,1779138815.98835,1,1920,1200
1,1,6616,1779138816.00918,1,1920,1200
1,1,6617,1779138816.03,1,1920,1200
1,1,6618,1779138816.05082,1,1920,1200
1,1,6619,1779138816.07164,1,1920,1200
1,1,6620,1779138816.09246,1,1920,1200
1,1,6621,1779138816.11329,1,1920,1200
1,1,6622,1779138816.13411,1,1920,1200
1,1,6623,1779138816.15493,1,1920,1200
1,1,6624,1779138816.17575,1,1920,1200
1,1,6625,1779138816.19657,1,1920,1200
1,1,6626,1779138816.21739,1,1920,1200
1,1,6627,1779138816.23822,1,1920,1200
1,1,6628,1779138816.25904,1,1920,1200
1,1,6629,1779138816.27986,1,1920,1200
1,1,6630,1779138816.30068,1,1920,1200
1,1,6631,1779138816.3215,1,1920,1200
1,1,6632,1779138816.34233,1,1920,1200
1,1,6633,1779138816.36315,1,1920,1200
1,1,6634,1779138816.38397,1,1920,1200
1,1,6635,1779138816.40479,1,1920,1200
1,1,6636,1779138816.42561,1,1920,1200
1,1,6637,1779138816.44644,1,1920,1200
1,1,6638,1779138816.46726,1,1920,1200
1,1,6639,1779138816.48808,1,1920,1200
1,1,6640,1779138816.5089,1,1920,1200
1,1,6641,1779138816.52972,1,1920,1200
1,1,6642,1779138816.55055,1,1920,1200
1,1,6643,1779138816.57137,1,1920,1200
1,1,6644,1779138816.59219,1,1920,1200
1,1,6645,1779138816.61301,1,1920,1200
1,1,6646,1779138816.63383,1,1920,1200
1,1,6647,1779138816.65466,1,1920,1200
1,1,6648,1779138816.67548,1,1920,1200
1,1,6649,1779138816.6963,1,1920,1200
1,1,6650,1779138816.71712,1,1920,1200
1,1,6651,1779138816.73794,1,1920,1200
1,1,6652,1779138816.75876,1,1920,1200
1,1,6653,1779138816.77959,1,1920,1200
1,1,6654,1779138816.80041,1,1920,1200
1,1,6655,1779138816.82123,1,1920,1200
1,1,6656,1779138816.84205,1,1920,1200
1,1,6657,1779138816.86287,1,1920,1200
1,1,6658,1779138816.8837,1,1920,1200
1,1,6659,1779138816.90452,1,1920,1200
1,1,6660,1779138816.92534,1,1920,1200
1,1,6661,1779138816.94616,1,1920,1200
1,1,6662,1779138816.96698,1,1920,1200
1,1,6663,1779138816.98781,1,1920,1200
1,1,6664,1779138817.00863,1,1920,1200
1,1,6665,1779138817.02945,1,1920,1200
1,1,6666,1779138817.05027,1,1920,1200
1,1,6667,1779138817.07109,1,1920,1200
1,1,6668,1779138817.09192,1,1920,1200
1,1,6669,1779138817.11274,1,1920,1200
1,1,6670,1779138817.13356,1,1920,1200
1,1,6671,1779138817.15438,1,1920,1200
1,1,6672,1779138817.1752,1,1920,1200
1,1,6673,1779138817.19603,1,1920,1200
1,1,6674,1779138817.21685,2,1920,1200
1,1,6675,1779138817.23767,2,1920,1200
1,1,6676,1779138817.25849,2,1920,1200
1,1,6677,1779138817.27931,2,1920,1200
1,1,6678,1779138817.30013,2,1920,1200
1,1,6679,1779138817.32096,2,1920,1200
1,1,6680,1779138817.34178,2,1920,1200
1,1,6681,1779138817.3626,2,1920,1200
1,1,6682,1779138817.38342,2,1920,1200
1,1,6683,1779138817.40424,2,1920,1200
1,1,6684,1779138817.42507,2,1920,1200
1,1,6685,1779138817.44589,2,1920,1200
1,1,6686,1779138817.46671,2,1920,1200
1,1,6687,1779138817.48753,2,1920,1200
1,1,6688,1779138817.50835,2,1920,1200
1,1,6689,1779138817.52918,2,1920,1200
1,1,6690,1779138817.55,2,1920,1200
1,1,6691,1779138817.57082,2,1920,1200
1,1,6692,1779138817.59164,2,1920,1200
1,1,6693,1779138817.61246,2,1920,1200
1,1,6694,1779138817.63328,2,1920,1200
1,1,6695,1779138817.65411,2,1920,1200
1,1,6696,1779138817.67493,2,1920,1200
1,1,6697,1779138817.69575,2,1920,1200
1,1,6698,1779138817.71657,2,1920,1200
1,1,6699,1779138817.73739,2,1920,1200
1,1,6700,1779138817.75821,2,1920,1200
1,1,6701,1779138817.77904,2,1920,1200
1,1,6702,1779138817.79986,2,1920,1200
1,1,6703,1779138817.82068,2,1920,1200
1,1,6704,1779138817.8415,2,1920,1200
1,1,6705,1779138817.86232,2,1920,1200
1,1,6706,1779138817.88315,2,1920,1200
1,1,6707,1779138817.90397,2,1920,1200
1,1,6708,1779138817.92479,2,1920,1200
1,1,6709,1779138817.94561,2,1920,1200
1,1,6710,1779138817.96643,2,1920,1200
1,1,6711,1779138817.98726,2,1920,1200
1,1,6712,1779138818.00808,2,1920,1200
1,1,6713,1779138818.0289,2,1920,1200
1,1,6714,1779138818.04972,2,1920,1200
1,1,6715,1779138818.07054,2,1920,1200
1,1,6716,1779138818.09137,2,1920,1200
1,1,6717,1779138818.11219,2,1920,1200
1,1,6718,1779138818.13301,2,1920,1200
1,1,6719,1779138818.15383,2,1920,1200
1,1,6720,1779138818.17465,2,1920,1200
1,1,6721,1779138818.19548,2,1920,1200
1,1,6722,1779138818.2163,2,1920,1200
1,1,6723,1779138818.23712,2,1920,1200
1,1,6724,1779138818.25794,2,1920,1200
1,1,6725,1779138818.27876,2,1920,1200
1,1,6726,1779138818.29958,2,1920,1200
1,1,6727,1779138818.32041,2,1920,1200
1,1,6728,1779138818.34123,2,1920,1200
1,1,6729,1779138818.36205,2,1920,1200
1,1,6730,1779138818.38287,2,1920,1200
1,1,6731,1779138818.40369,2,1920,1200
1,1,6732,1779138818.42452,2,1920,1200
1,1,6733,1779138818.44534,2,1920,1200
1,1,6734,1779138818.46616,2,1920,1200
1,1,6735,1779138818.48698,2,1920,1200
1,1,6736,1779138818.5078,2,1920,1200
1,1,6737,1779138818.52862,2,1920,1200
1,1,6738,1779138818.54945,2,1920,1200
1,1,6739,1779138818.57027,2,1920,1200
1,1,6740,1779138818.59109,2,1920,1200
1,1,6741,1779138818.61191,2,1920,1200
1,1,6742,1779138818.63273,2,1920,1200
1,1,6743,1779138818.65356,2,1920,1200
1,1,6744,1779138818.67438,2,1920,1200
1,1,6745,1779138818.6952,2,1920,1200
1,1,6746,1779138818.71602,2,1920,1200
1,1,6747,1779138818.73684,2,1920,1200
1,1,6748,1779138818.75766,2,1920,1200
1,1,6749,1779138818.77849,2,1920,1200
1,1,6750,1779138818.79931,2,1920,1200
1,1,6751,1779138818.82013,2,1920,1200
1,1,6752,1779138818.84095,2,1920,1200
1,1,6753,1779138818.86177,2,1920,1200
1,1,6754,1779138818.8826,2,1920,1200
1,1,6755,1779138818.90342,2,1920,1200
1,1,6756,1779138818.92424,2,1920,1200
1,1,6757,1779138818.94506,2,1920,1200
1,1,6758,1779138818.96588,2,1920,1200
1,1,6759,1779138818.98671,2,1920,1200
1,1,6760,1779138819.00753,2,1920,1200
1,1,6761,1779138819.02835,2,1920,1200
1,1,6762,1779138819.04917,2,1920,1200
1,1,6763,1779138819.06999,2,1920,1200
1,1,6764,1779138819.09082,2,1920,1200
1,1,6765,1779138819.11164,2,1920,1200
1,1,6766,1779138819.13246,2,1920,1200
1,1,6767,1779138819.15328,2,1920,1200
1,1,6768,1779138819.1741,2,1920,1200
1,1,6769,1779138819.19492,2,1920,1200
1,1,6770,1779138819.21575,1,1920,1200
1,1,6771,1779138819.23657,1,1920,1200
1,1,6772,1779138819.25739,1,1920,1200
1,1,6773,1779138819.27821,1,1920,1200
1,1,6774,1779138819.29903,1,1920,1200
1,1,6775,1779138819.31985,1,1920,1200
1,1,6776,1779138819.34068,1,1920,1200
1,1,6777,1779138819.3615,1,1920,1200
1,1,6778,1779138819.38232,1,1920,1200
1,1,6779,1779138819.40314,1,1920,1200
1,1,6780,1779138819.42396,1,1920,1200
1,1,6781,1779138819.44478,1,1920,1200
1,1,6782,1779138819.46561,1,1920,1200
1,1,6783,1779138819.48643,1,1920,1200
1,1,6784,1779138819.50725,1,1920,1200
1,1,6785,1779138819.52807,1,1920,1200
1,1,6786,1779138819.54889,1,1920,1200
1,1,6787,1779138819.56972,1,1920,1200
1,1,6788,1779138819.59054,1,1920,1200
1,1,6789,1779138819.61136,1,1920,1200
1,1,6790,1779138819.63218,1,1920,1200
1,1,6791,1779138819.653,1,1920,1200
1,1,6792,1779138819.67383,1,1920,1200
1,1,6793,1779138819.69465,1,1920,1200
1,1,6794,1779138819.71547,1,1920,1200
1,1,6795,1779138819.73629,1,1920,1200
1,1,6796,1779138819.75711,1,1920,1200
1,1,6797,1779138819.77794,1,1920,1200
1,1,6798,1779138819.79876,1,1920,1200
1,1,6799,1779138819.81958,1,1920,1200
1,1,6800,1779138819.8404,1,1920,1200
1,1,6801,1779138819.86122,1,1920,1200
1,1,6802,1779138819.88204,1,1920,1200
1,1,6803,1779138819.90287,1,1920,1200
1,1,6804,1779138819.92369,1,1920,1200
1,1,6805,1779138819.94451,1,1920,1200
1,1,6806,1779138819.96533,1,1920,1200
1,1,6807,1779138819.98615,1,1920,1200
1,1,6808,1779138820.00698,1,1920,1200
1,1,6809,1779138820.0278,1,1920,1200
1,1,6810,1779138820.04862,1,1920,1200
1,1,6811,1779138820.06944,1,1920,1200
1,1,6812,1779138820.09026,1,1920,1200
1,1,6813,1779138820.11108,1,1920,1200
1,1,6814,1779138820.13191,1,1920,1200
1,1,6815,1779138820.15273,1,1920,1200
1,1,6816,1779138820.17355,1,1920,1200
1,1,6817,1779138820.19437,1,1920,1200
1,1,6818,1779138820.21519,1,1920,1200
1,1,6819,1779138820.23601,1,1920,1200
1,1,6820,1779138820.25684,1,1920,1200
1,1,6821,1779138820.27766,1,1920,1200
1,1,6822,1779138820.29848,1,1920,1200
1,1,6823,1779138820.3193,1,1920,1200
1,1,6824,1779138820.34012,1,1920,1200
1,1,6825,1779138820.36094,1,1920,1200
1,1,6826,1779138820.38177,1,1920,1200
1,1,6827,1779138820.40259,1,1920,1200
1,1,6828,1779138820.42341,1,1920,1200
1,1,6829,1779138820.44423,1,1920,1200
1,1,6830,1779138820.46505,1,1920,1200
1,1,6831,1779138820.48588,1,1920,1200
1,1,6832,1779138820.5067,1,1920,1200
1,1,6833,1779138820.52752,1,1920,1200
1,1,6834,1779138820.54834,1,1920,1200
1,1,6835,1779138820.56916,1,1920,1200
1,1,6836,1779138820.58999,1,1920,1200
1,1,6837,1779138820.61081,1,1920,1200
1,1,6838,1779138820.63163,1,1920,1200
1,1,6839,1779138820.65245,1,1920,1200
1,1,6840,1779138820.67327,1,1920,1200
1,1,6841,1779138820.69409,1,1920,1200
1,1,6842,1779138820.71492,1,1920,1200
1,1,6843,1779138820.73574,1,1920,1200
1,1,6844,1779138820.75656,1,1920,1200
1,1,6845,1779138820.77738,1,1920,1200
1,1,6846,1779138820.7982,1,1920,1200
1,1,6847,1779138820.81902,1,1920,1200
1,1,6848,1779138820.83985,1,1920,1200
1,1,6849,1779138820.86067,1,1920,1200
1,1,6850,1779138820.88149,1,1920,1200
1,1,6851,1779138820.90231,1,1920,1200
1,1,6852,1779138820.92313,1,1920,1200
1,1,6853,1779138820.94395,1,1920,1200
1,1,6854,1779138820.96478,1,1920,1200
1,1,6855,1779138820.9856,1,1920,1200
1,1,6856,1779138821.00642,1,1920,1200
1,1,6857,1779138821.02724,1,1920,1200
1,1,6858,1779138821.04806,1,1920,1200
1,1,6859,1779138821.06889,1,1920,1200
1,1,6860,1779138821.08971,1,1920,1200
1,1,6861,1779138821.11053,1,1920,1200
1,1,6862,1779138821.13135,1,1920,1200
1,1,6863,1779138821.15217,1,1920,1200
1,1,6864,1779138821.173,1,1920,1200
1,1,6865,1779138821.19382,1,1920,1200
1,1,6866,1779138821.21464,1,1920,1200
1,1,6867,1779138821.23546,1,1920,1200
1,1,6868,1779138821.25628,1,1920,1200
1,1,6869,1779138821.2771,1,1920,1200
1,1,6870,1779138821.29793,1,1920,1200
1,1,6871,1779138821.31875,1,1920,1200
1,1,6872,1779138821.33957,1,1920,1200
1,1,6873,1779138821.36039,1,1920,1200
1,1,6874,1779138821.38121,1,1920,1200
1,1,6875,1779138821.40203,1,1920,1200
1,1,6876,1779138821.42286,1,1920,1200
1,1,6877,1779138821.44368,1,1920,1200
1,1,6878,1779138821.4645,1,1920,1200
1,1,6879,1779138821.48532,1,1920,1200
1,1,6880,1779138821.50614,1,1920,1200
1,1,6881,1779138821.52696,1,1920,1200
1,1,6882,1779138821.54779,1,1920,1200
1,1,6883,1779138821.56861,1,1920,1200
1,1,6884,1779138821.58943,1,1920,1200
1,1,6885,1779138821.61025,1,1920,1200
1,1,6886,1779138821.63107,1,1920,1200
1,1,6887,1779138821.6519,1,1920,1200
1,1,6888,1779138821.67272,1,1920,1200
1,1,6889,1779138821.69354,1,1920,1200
1,1,6890,1779138821.71436,1,1920,1200
1,1,6891,1779138821.73518,1,1920,1200
1,1,6892,1779138821.756,1,1920,1200
1,1,6893,1779138821.77682,1,1920,1200
1,1,6894,1779138821.79765,1,1920,1200
1,1,6895,1779138821.81847,1,1920,1200
1,1,6896,1779138821.83929,1,1920,1200
1,1,6897,1779138821.86011,1,1920,1200
1,1,6898,1779138821.88093,1,1920,1200
1,1,6899,1779138821.90176,1,1920,1200
1,1,6900,1779138821.92258,1,1920,1200
1,1,6901,1779138821.9434,1,1920,1200
1,1,6902,1779138821.96422,1,1920,1200
1,1,6903,1779138821.98504,1,1920,1200
1,1,6904,1779138822.00587,1,1920,1200
1,1,6905,1779138822.02669,1,1920,1200
1,1,6906,1779138822.04751,1,1920,1200
1,1,6907,1779138822.06833,1,1920,1200
1,1,6908,1779138822.08915,1,1920,1200
1,1,6909,1779138822.10997,1,1920,1200
1,1,6910,1779138822.13079,1,1920,1200
1,1,6911,1779138822.15162,1,1920,1200
1,1,6912,1779138822.17244,1,1920,1200
1,1,6913,1779138822.19326,1,1920,1200
1,1,6914,1779138822.21408,1,1920,1200
1,1,6915,1779138822.2349,1,1920,1200
1,1,6916,1779138822.25573,1,1920,1200
1,1,6917,1779138822.27655,1,1920,1200
1,1,6918,1779138822.29737,1,1920,1200
1,1,6919,1779138822.31819,1,1920,1200
1,1,6920,1779138822.33901,1,1920,1200
1,1,6921,1779138822.35983,1,1920,1200
1,1,6922,1779138822.38066,1,1920,1200
1,1,6923,1779138822.40148,1,1920,1200
1,1,6924,1779138822.4223,1,1920,1200
1,1,6925,1779138822.44312,1,1920,1200
1,1,6926,1779138822.46394,1,1920,1200
1,1,6927,1779138822.48477,1,1920,1200
1,1,6928,1779138822.50559,1,1920,1200
1,1,6929,1779138822.52641,1,1920,1200
1,1,6930,1779138822.54723,1,1920,1200
1,1,6931,1779138822.56805,1,1920,1200
1,1,6932,1779138822.58887,1,1920,1200
1,1,6933,1779138822.6097,1,1920,1200
1,1,6934,1779138822.63052,1,1920,1200
1,1,6935,1779138822.65134,1,1920,1200
1,1,6936,1779138822.67216,1,1920,1200
1,1,6937,1779138822.69298,1,1920,1200
1,1,6938,1779138822.7138,1,1920,1200
1,1,6939,1779138822.73463,1,1920,1200
1,1,6940,1779138822.75545,1,1920,1200
1,1,6941,1779138822.77627,1,1920,1200
1,1,6942,1779138822.79709,1,1920,1200
1,1,6943,1779138822.81791,1,1920,1200
1,1,6944,1779138822.83873,1,1920,1200
1,1,6945,1779138822.85956,1,1920,1200
1,1,6946,1779138822.88038,1,1920,1200
1,1,6947,1779138822.9012,1,1920,1200
1,1,6948,1779138822.92202,1,1920,1200
1,1,6949,1779138822.94284,1,1920,1200
1,1,6950,1779138822.96366,1,1920,1200
1,1,6951,1779138822.98449,1,1920,1200
1,1,6952,1779138823.00531,1,1920,1200
1,1,6953,1779138823.02613,1,1920,1200
1,1,6954,1779138823.04695,1,1920,1200
1,1,6955,1779138823.06777,1,1920,1200
1,1,6956,1779138823.0886,1,1920,1200
1,1,6957,1779138823.10942,1,1920,1200
1,1,6958,1779138823.13024,1,1920,1200
1,1,6959,1779138823.15106,1,1920,1200
1,1,6960,1779138823.17188,1,1920,1200
1,1,6961,1779138823.1927,1,1920,1200
1,1,6962,1779138823.21353,2,1920,1200
1,1,6963,1779138823.23435,2,1920,1200
1,1,6964,1779138823.25517,2,1920,1200
1,1,6965,1779138823.27599,2,1920,1200
1,1,6966,1779138823.29681,2,1920,1200
1,1,6967,1779138823.31763,2,1920,1200
1,1,6968,1779138823.33846,2,1920,1200
1,1,6969,1779138823.35928,2,1920,1200
1,1,6970,1779138823.3801,2,1920,1200
1,1,6971,1779138823.40092,2,1920,1200
1,1,6972,1779138823.42174,2,1920,1200
1,1,6973,1779138823.44256,2,1920,1200
1,1,6974,1779138823.46339,2,1920,1200
1,1,6975,1779138823.48421,2,1920,1200
1,1,6976,1779138823.50503,2,1920,1200
1,1,6977,1779138823.52585,2,1920,1200
1,1,6978,1779138823.54667,2,1920,1200
1,1,6979,1779138823.56749,2,1920,1200
1,1,6980,1779138823.58832,2,1920,1200
1,1,6981,1779138823.60914,2,1920,1200
1,1,6982,1779138823.62996,2,1920,1200
1,1,6983,1779138823.65078,2,1920,1200
1,1,6984,1779138823.6716,2,1920,1200
1,1,6985,1779138823.69242,2,1920,1200
1,1,6986,1779138823.71325,2,1920,1200
1,1,6987,1779138823.73407,2,1920,1200
1,1,6988,1779138823.75489,2,1920,1200
1,1,6989,1779138823.77571,2,1920,1200
1,1,6990,1779138823.79653,2,1920,1200
1,1,6991,1779138823.81735,2,1920,1200
1,1,6992,1779138823.83818,2,1920,1200
1,1,6993,1779138823.859,2,1920,1200
1,1,6994,1779138823.87982,2,1920,1200
1,1,6995,1779138823.90064,2,1920,1200
1,1,6996,1779138823.92146,2,1920,1200
1,1,6997,1779138823.94228,2,1920,1200
1,1,6998,1779138823.96311,2,1920,1200
1,1,6999,1779138823.98393,2,1920,1200
1,1,7000,1779138824.00475,2,1920,1200
1,1,7001,1779138824.02557,2,1920,1200
1,1,7002,1779138824.04639,2,1920,1200
1,1,7003,1779138824.06721,2,1920,1200
1,1,7004,1779138824.08804,2,1920,1200
1,1,7005,1779138824.10886,2,1920,1200
1,1,7006,1779138824.12968,2,1920,1200
1,1,7007,1779138824.1505,2,1920,1200
1,1,7008,1779138824.17132,2,1920,1200
1,1,7009,1779138824.19214,2,1920,1200
1,1,7010,1779138824.21297,2,1920,1200
1,1,7011,1779138824.23379,2,1920,1200
1,1,7012,1779138824.25461,2,1920,1200
1,1,7013,1779138824.27543,2,1920,1200
1,1,7014,1779138824.29625,2,1920,1200
1,1,7015,1779138824.31707,2,1920,1200
1,1,7016,1779138824.3379,2,1920,1200
1,1,7017,1779138824.35872,2,1920,1200
1,1,7018,1779138824.37954,2,1920,1200
1,1,7019,1779138824.40036,2,1920,1200
1,1,7020,1779138824.42118,2,1920,1200
1,1,7021,1779138824.442,2,1920,1200
1,1,7022,1779138824.46283,2,1920,1200
1,1,7023,1779138824.48365,2,1920,1200
1,1,7024,1779138824.50447,2,1920,1200
1,1,7025,1779138824.52529,2,1920,1200
1,1,7026,1779138824.54611,2,1920,1200
1,1,7027,1779138824.56693,2,1920,1200
1,1,7028,1779138824.58776,2,1920,1200
1,1,7029,1779138824.60858,2,1920,1200
1,1,7030,1779138824.6294,2,1920,1200
1,1,7031,1779138824.65022,2,1920,1200
1,1,7032,1779138824.67104,2,1920,1200
1,1,7033,1779138824.69186,2,1920,1200
1,1,7034,1779138824.71269,2,1920,1200
1,1,7035,1779138824.73351,2,1920,1200
1,1,7036,1779138824.75433,2,1920,1200
1,1,7037,1779138824.77515,2,1920,1200
1,1,7038,1779138824.79597,2,1920,1200
1,1,7039,1779138824.8168,2,1920,1200
1,1,7040,1779138824.83762,2,1920,1200
1,1,7041,1779138824.85844,2,1920,1200
1,1,7042,1779138824.87926,2,1920,1200
1,1,7043,1779138824.90008,2,1920,1200
1,1,7044,1779138824.9209,2,1920,1200
1,1,7045,1779138824.94172,2,1920,1200
1,1,7046,1779138824.96255,2,1920,1200
1,1,7047,1779138824.98337,2,1920,1200
1,1,7048,1779138825.00419,2,1920,1200
1,1,7049,1779138825.02501,2,1920,1200
1,1,7050,1779138825.04583,2,1920,1200
1,1,7051,1779138825.06665,2,1920,1200
1,1,7052,1779138825.08748,2,1920,1200
1,1,7053,1779138825.1083,2,1920,1200
1,1,7054,1779138825.12912,2,1920,1200
1,1,7055,1779138825.14994,2,1920,1200
1,1,7056,1779138825.17076,2,1920,1200
1,1,7057,1779138825.19158,2,1920,1200
1,1,7058,1779138825.21241,2,1920,1200
1,1,7059,1779138825.23323,2,1920,1200
1,1,7060,1779138825.25405,2,1920,1200
1,1,7061,1779138825.27487,2,1920,1200
1,1,7062,1779138825.29569,2,1920,1200
1,1,7063,1779138825.31651,2,1920,1200
1,1,7064,1779138825.33734,2,1920,1200
1,1,7065,1779138825.35816,2,1920,1200
1,1,7066,1779138825.37898,2,1920,1200
1,1,7067,1779138825.3998,2,1920,1200
1,1,7068,1779138825.42062,2,1920,1200
1,1,7069,1779138825.44144,2,1920,1200
1,1,7070,1779138825.46226,2,1920,1200
1,1,7071,1779138825.48309,2,1920,1200
1,1,7072,1779138825.50391,2,1920,1200
1,1,7073,1779138825.52473,2,1920,1200
1,1,7074,1779138825.54555,2,1920,1200
1,1,7075,1779138825.56637,2,1920,1200
1,1,7076,1779138825.5872,2,1920,1200
1,1,7077,1779138825.60802,2,1920,1200
1,1,7078,1779138825.62884,2,1920,1200
1,1,7079,1779138825.64966,2,1920,1200
1,1,7080,1779138825.67048,2,1920,1200
1,1,7081,1779138825.6913,2,1920,1200
1,1,7082,1779138825.71212,2,1920,1200
1,1,7083,1779138825.73295,2,1920,1200
1,1,7084,1779138825.75377,2,1920,1200
1,1,7085,1779138825.77459,2,1920,1200
1,1,7086,1779138825.79541,2,1920,1200
1,1,7087,1779138825.81623,2,1920,1200
1,1,7088,1779138825.83705,2,1920,1200
1,1,7089,1779138825.85788,2,1920,1200
1,1,7090,1779138825.8787,2,1920,1200
1,1,7091,1779138825.89952,2,1920,1200
1,1,7092,1779138825.92034,2,1920,1200
1,1,7093,1779138825.94116,2,1920,1200
1,1,7094,1779138825.96198,2,1920,1200
1,1,7095,1779138825.98281,2,1920,1200
1,1,7096,1779138826.00363,2,1920,1200
1,1,7097,1779138826.02445,2,1920,1200
1,1,7098,1779138826.04527,2,1920,1200
1,1,7099,1779138826.06609,2,1920,1200
1,1,7100,1779138826.08691,2,1920,1200
1,1,7101,1779138826.10774,2,1920,1200
1,1,7102,1779138826.12856,2,1920,1200
1,1,7103,1779138826.14938,2,1920,1200
1,1,7104,1779138826.1702,2,1920,1200
1,1,7105,1779138826.19102,2,1920,1200
1,1,7106,1779138826.21184,2,1920,1200
1,1,7107,1779138826.23267,2,1920,1200
1,1,7108,1779138826.25349,2,1920,1200
1,1,7109,1779138826.27431,2,1920,1200
1,1,7110,1779138826.29513,2,1920,1200
1,1,7111,1779138826.31595,2,1920,1200
1,1,7112,1779138826.33677,2,1920,1200
1,1,7113,1779138826.3576,2,1920,1200
1,1,7114,1779138826.37842,2,1920,1200
1,1,7115,1779138826.39924,2,1920,1200
1,1,7116,1779138826.42006,2,1920,1200
1,1,7117,1779138826.44088,2,1920,1200
1,1,7118,1779138826.4617,2,1920,1200
1,1,7119,1779138826.48252,2,1920,1200
1,1,7120,1779138826.50335,2,1920,1200
1,1,7121,1779138826.52417,2,1920,1200
1,1,7122,1779138826.54499,2,1920,1200
1,1,7123,1779138826.56581,2,1920,1200
1,1,7124,1779138826.58663,2,1920,1200
1,1,7125,1779138826.60746,2,1920,1200
1,1,7126,1779138826.62827,2,1920,1200
1,1,7127,1779138826.6491,2,1920,1200
1,1,7128,1779138826.66992,2,1920,1200
1,1,7129,1779138826.69074,2,1920,1200
1,1,7130,1779138826.71156,2,1920,1200
1,1,7131,1779138826.73238,2,1920,1200
1,1,7132,1779138826.75321,2,1920,1200
1,1,7133,1779138826.77403,2,1920,1200
1,1,7134,1779138826.79485,2,1920,1200
1,1,7135,1779138826.81567,2,1920,1200
1,1,7136,1779138826.83649,2,1920,1200
1,1,7137,1779138826.85731,2,1920,1200
1,1,7138,1779138826.87813,2,1920,1200
1,1,7139,1779138826.89896,2,1920,1200
1,1,7140,1779138826.91978,2,1920,1200
1,1,7141,1779138826.9406,2,1920,1200
1,1,7142,1779138826.96142,2,1920,1200
1,1,7143,1779138826.98224,2,1920,1200
1,1,7144,1779138827.00306,2,1920,1200
1,1,7145,1779138827.02389,2,1920,1200
1,1,7146,1779138827.04471,2,1920,1200
1,1,7147,1779138827.06553,2,1920,1200
1,1,7148,1779138827.08635,2,1920,1200
1,1,7149,1779138827.10717,2,1920,1200
1,1,7150,1779138827.128,2,1920,1200
1,1,7151,1779138827.14882,2,1920,1200
1,1,7152,1779138827.16964,2,1920,1200
1,1,7153,1779138827.19046,2,1920,1200
1,1,7154,1779138827.21128,1,1920,1200
1,1,7155,1779138827.2321,1,1920,1200
1,1,7156,1779138827.25292,1,1920,1200
1,1,7157,1779138827.27375,1,1920,1200
1,1,7158,1779138827.29457,1,1920,1200
1,1,7159,1779138827.31539,1,1920,1200
1,1,7160,1779138827.33621,1,1920,1200
1,1,7161,1779138827.35703,1,1920,1200
1,1,7162,1779138827.37785,1,1920,1200
1,1,7163,1779138827.39867,1,1920,1200
1,1,7164,1779138827.4195,1,1920,1200
1,1,7165,1779138827.44032,1,1920,1200
1,1,7166,1779138827.46114,1,1920,1200
1,1,7167,1779138827.48196,1,1920,1200
1,1,7168,1779138827.50278,1,1920,1200
1,1,7169,1779138827.52361,1,1920,1200
1,1,7170,1779138827.54443,1,1920,1200
1,1,7171,1779138827.56525,1,1920,1200
1,1,7172,1779138827.58607,1,1920,1200
1,1,7173,1779138827.60689,1,1920,1200
1,1,7174,1779138827.62771,1,1920,1200
1,1,7175,1779138827.64853,1,1920,1200
1,1,7176,1779138827.66936,1,1920,1200
1,1,7177,1779138827.69018,1,1920,1200
1,1,7178,1779138827.711,1,1920,1200
1,1,7179,1779138827.73182,1,1920,1200
1,1,7180,1779138827.75264,1,1920,1200
1,1,7181,1779138827.77346,1,1920,1200
1,1,7182,1779138827.79429,1,1920,1200
1,1,7183,1779138827.81511,1,1920,1200
1,1,7184,1779138827.83593,1,1920,1200
1,1,7185,1779138827.85675,1,1920,1200
1,1,7186,1779138827.87757,1,1920,1200
1,1,7187,1779138827.89839,1,1920,1200
1,1,7188,1779138827.91921,1,1920,1200
1,1,7189,1779138827.94004,1,1920,1200
1,1,7190,1779138827.96086,1,1920,1200
1,1,7191,1779138827.98168,1,1920,1200
1,1,7192,1779138828.0025,1,1920,1200
1,1,7193,1779138828.02332,1,1920,1200
1,1,7194,1779138828.04414,1,1920,1200
1,1,7195,1779138828.06497,1,1920,1200
1,1,7196,1779138828.08579,1,1920,1200
1,1,7197,1779138828.10661,1,1920,1200
1,1,7198,1779138828.12743,1,1920,1200
1,1,7199,1779138828.14825,1,1920,1200
1,1,7200,1779138828.16907,1,1920,1200
1,1,7201,1779138828.1899,1,1920,1200
1,1,7202,1779138828.21072,1,1920,1200
1,1,7203,1779138828.23154,1,1920,1200
1,1,7204,1779138828.25236,1,1920,1200
1,1,7205,1779138828.27318,1,1920,1200
1,1,7206,1779138828.294,1,1920,1200
1,1,7207,1779138828.31482,1,1920,1200
1,1,7208,1779138828.33565,1,1920,1200
1,1,7209,1779138828.35647,1,1920,1200
1,1,7210,1779138828.37729,1,1920,1200
1,1,7211,1779138828.39811,1,1920,1200
1,1,7212,1779138828.41893,1,1920,1200
1,1,7213,1779138828.43975,1,1920,1200
1,1,7214,1779138828.46057,1,1920,1200
1,1,7215,1779138828.4814,1,1920,1200
1,1,7216,1779138828.50222,1,1920,1200
1,1,7217,1779138828.52304,1,1920,1200
1,1,7218,1779138828.54386,1,1920,1200
1,1,7219,1779138828.56468,1,1920,1200
1,1,7220,1779138828.5855,1,1920,1200
1,1,7221,1779138828.60633,1,1920,1200
1,1,7222,1779138828.62715,1,1920,1200
1,1,7223,1779138828.64797,1,1920,1200
1,1,7224,1779138828.66879,1,1920,1200
1,1,7225,1779138828.68961,1,1920,1200
1,1,7226,1779138828.71043,1,1920,1200
1,1,7227,1779138828.73126,1,1920,1200
1,1,7228,1779138828.75208,1,1920,1200
1,1,7229,1779138828.7729,1,1920,1200
1,1,7230,1779138828.79372,1,1920,1200
1,1,7231,1779138828.81454,1,1920,1200
1,1,7232,1779138828.83536,1,1920,1200
1,1,7233,1779138828.85619,1,1920,1200
1,1,7234,1779138828.87701,1,1920,1200
1,1,7235,1779138828.89783,1,1920,1200
1,1,7236,1779138828.91865,1,1920,1200
1,1,7237,1779138828.93947,1,1920,1200
1,1,7238,1779138828.96029,1,1920,1200
1,1,7239,1779138828.98111,1,1920,1200
1,1,7240,1779138829.00194,1,1920,1200
1,1,7241,1779138829.02276,1,1920,1200
1,1,7242,1779138829.04358,1,1920,1200
1,1,7243,1779138829.0644,1,1920,1200
1,1,7244,1779138829.08522,1,1920,1200
1,1,7245,1779138829.10604,1,1920,1200
1,1,7246,1779138829.12686,1,1920,1200
1,1,7247,1779138829.14769,1,1920,1200
1,1,7248,1779138829.16851,1,1920,1200
1,1,7249,1779138829.18933,1,1920,1200
1,1,7250,1779138829.21015,1,1920,1200
1,1,7251,1779138829.23097,1,1920,1200
1,1,7252,1779138829.25179,1,1920,1200
1,1,7253,1779138829.27262,1,1920,1200
1,1,7254,1779138829.29344,1,1920,1200
1,1,7255,1779138829.31426,1,1920,1200
1,1,7256,1779138829.33508,1,1920,1200
1,1,7257,1779138829.3559,1,1920,1200
1,1,7258,1779138829.37672,1,1920,1200
1,1,7259,1779138829.39754,1,1920,1200
1,1,7260,1779138829.41837,1,1920,1200
1,1,7261,1779138829.43919,1,1920,1200
1,1,7262,1779138829.46001,1,1920,1200
1,1,7263,1779138829.48083,1,1920,1200
1,1,7264,1779138829.50165,1,1920,1200
1,1,7265,1779138829.52247,1,1920,1200
1,1,7266,1779138829.5433,1,1920,1200
1,1,7267,1779138829.56412,1,1920,1200
1,1,7268,1779138829.58494,1,1920,1200
1,1,7269,1779138829.60576,1,1920,1200
1,1,7270,1779138829.62658,1,1920,1200
1,1,7271,1779138829.6474,1,1920,1200
1,1,7272,1779138829.66822,1,1920,1200
1,1,7273,1779138829.68905,1,1920,1200
1,1,7274,1779138829.70987,1,1920,1200
1,1,7275,1779138829.73069,1,1920,1200
1,1,7276,1779138829.75151,1,1920,1200
1,1,7277,1779138829.77233,1,1920,1200
1,1,7278,1779138829.79315,1,1920,1200
1,1,7279,1779138829.81397,1,1920,1200
1,1,7280,1779138829.8348,1,1920,1200
1,1,7281,1779138829.85562,1,1920,1200
1,1,7282,1779138829.87644,1,1920,1200
1,1,7283,1779138829.89726,1,1920,1200
1,1,7284,1779138829.91808,1,1920,1200
1,1,7285,1779138829.9389,1,1920,1200
1,1,7286,1779138829.95973,1,1920,1200
1,1,7287,1779138829.98055,1,1920,1200
1,1,7288,1779138830.00137,1,1920,1200
1,1,7289,1779138830.02219,1,1920,1200
1,1,7290,1779138830.04301,1,1920,1200
1,1,7291,1779138830.06383,1,1920,1200
1,1,7292,1779138830.08465,1,1920,1200
1,1,7293,1779138830.10547,1,1920,1200
1,1,7294,1779138830.1263,1,1920,1200
1,1,7295,1779138830.14712,1,1920,1200
1,1,7296,1779138830.16794,1,1920,1200
1,1,7297,1779138830.18876,1,1920,1200
1,1,7298,1779138830.20958,1,1920,1200
1,1,7299,1779138830.2304,1,1920,1200
1,1,7300,1779138830.25123,1,1920,1200
1,1,7301,1779138830.27205,1,1920,1200
1,1,7302,1779138830.29287,1,1920,1200
1,1,7303,1779138830.31369,1,1920,1200
1,1,7304,1779138830.33451,1,1920,1200
1,1,7305,1779138830.35533,1,1920,1200
1,1,7306,1779138830.37616,1,1920,1200
1,1,7307,1779138830.39698,1,1920,1200
1,1,7308,1779138830.4178,1,1920,1200
1,1,7309,1779138830.43862,1,1920,1200
1,1,7310,1779138830.45944,1,1920,1200
1,1,7311,1779138830.48026,1,1920,1200
1,1,7312,1779138830.50108,1,1920,1200
1,1,7313,1779138830.5219,1,1920,1200
1,1,7314,1779138830.54273,1,1920,1200
1,1,7315,1779138830.56355,1,1920,1200
1,1,7316,1779138830.58437,1,1920,1200
1,1,7317,1779138830.60519,1,1920,1200
1,1,7318,1779138830.62601,1,1920,1200
1,1,7319,1779138830.64683,1,1920,1200
1,1,7320,1779138830.66766,1,1920,1200
1,1,7321,1779138830.68848,1,1920,1200
1,1,7322,1779138830.7093,1,1920,1200
1,1,7323,1779138830.73012,1,1920,1200
1,1,7324,1779138830.75094,1,1920,1200
1,1,7325,1779138830.77176,1,1920,1200
1,1,7326,1779138830.79258,1,1920,1200
1,1,7327,1779138830.81341,1,1920,1200
1,1,7328,1779138830.83423,1,1920,1200
1,1,7329,1779138830.85505,1,1920,1200
1,1,7330,1779138830.87587,1,1920,1200
1,1,7331,1779138830.89669,1,1920,1200
1,1,7332,1779138830.91751,1,1920,1200
1,1,7333,1779138830.93833,1,1920,1200
1,1,7334,1779138830.95916,1,1920,1200
1,1,7335,1779138830.97998,1,1920,1200
1,1,7336,1779138831.0008,1,1920,1200
1,1,7337,1779138831.02162,1,1920,1200
1,1,7338,1779138831.04244,1,1920,1200
1,1,7339,1779138831.06326,1,1920,1200
1,1,7340,1779138831.08408,1,1920,1200
1,1,7341,1779138831.10491,1,1920,1200
1,1,7342,1779138831.12573,1,1920,1200
1,1,7343,1779138831.14655,1,1920,1200
1,1,7344,1779138831.16737,1,1920,1200
1,1,7345,1779138831.18819,1,1920,1200
1,1,7346,1779138831.20901,2,1920,1200
1,1,7347,1779138831.22984,2,1920,1200
1,1,7348,1779138831.25066,2,1920,1200
1,1,7349,1779138831.27148,2,1920,1200
1,1,7350,1779138831.2923,2,1920,1200
1,1,7351,1779138831.31312,2,1920,1200
1,1,7352,1779138831.33394,2,1920,1200
1,1,7353,1779138831.35476,2,1920,1200
1,1,7354,1779138831.37559,2,1920,1200
1,1,7355,1779138831.39641,2,1920,1200
1,1,7356,1779138831.41723,2,1920,1200
1,1,7357,1779138831.43805,2,1920,1200
1,1,7358,1779138831.45887,2,1920,1200
1,1,7359,1779138831.47969,2,1920,1200
1,1,7360,1779138831.50052,2,1920,1200
1,1,7361,1779138831.52134,2,1920,1200
1,1,7362,1779138831.54216,2,1920,1200
1,1,7363,1779138831.56298,2,1920,1200
1,1,7364,1779138831.5838,2,1920,1200
1,1,7365,1779138831.60462,2,1920,1200
1,1,7366,1779138831.62544,2,1920,1200
1,1,7367,1779138831.64627,2,1920,1200
1,1,7368,1779138831.66709,2,1920,1200
1,1,7369,1779138831.68791,2,1920,1200
1,1,7370,1779138831.70873,2,1920,1200
1,1,7371,1779138831.72955,2,1920,1200
1,1,7372,1779138831.75037,2,1920,1200
1,1,7373,1779138831.77119,2,1920,1200
1,1,7374,1779138831.79202,2,1920,1200
1,1,7375,1779138831.81284,2,1920,1200
1,1,7376,1779138831.83366,2,1920,1200
1,1,7377,1779138831.85448,2,1920,1200
1,1,7378,1779138831.8753,2,1920,1200
1,1,7379,1779138831.89612,2,1920,1200
1,1,7380,1779138831.91694,2,1920,1200
1,1,7381,1779138831.93776,2,1920,1200
1,1,7382,1779138831.95859,2,1920,1200
1,1,7383,1779138831.97941,2,1920,1200
1,1,7384,1779138832.00023,2,1920,1200
1,1,7385,1779138832.02105,2,1920,1200
1,1,7386,1779138832.04187,2,1920,1200
1,1,7387,1779138832.06269,2,1920,1200
1,1,7388,1779138832.08352,2,1920,1200
1,1,7389,1779138832.10434,2,1920,1200
1,1,7390,1779138832.12516,2,1920,1200
1,1,7391,1779138832.14598,2,1920,1200
1,1,7392,1779138832.1668,2,1920,1200
1,1,7393,1779138832.18762,2,1920,1200
1,1,7394,1779138832.20844,2,1920,1200
1,1,7395,1779138832.22927,2,1920,1200
1,1,7396,1779138832.25009,2,1920,1200
1,1,7397,1779138832.27091,2,1920,1200
1,1,7398,1779138832.29173,2,1920,1200
1,1,7399,1779138832.31255,2,1920,1200
1,1,7400,1779138832.33337,2,1920,1200
1,1,7401,1779138832.35419,2,1920,1200
1,1,7402,1779138832.37502,2,1920,1200
1,1,7403,1779138832.39584,2,1920,1200
1,1,7404,1779138832.41666,2,1920,1200
1,1,7405,1779138832.43748,2,1920,1200
1,1,7406,1779138832.4583,2,1920,1200
1,1,7407,1779138832.47912,2,1920,1200
1,1,7408,1779138832.49994,2,1920,1200
1,1,7409,1779138832.52077,2,1920,1200
1,1,7410,1779138832.54159,2,1920,1200
1,1,7411,1779138832.56241,2,1920,1200
1,1,7412,1779138832.58323,2,1920,1200
1,1,7413,1779138832.60405,2,1920,1200
1,1,7414,1779138832.62487,2,1920,1200
1,1,7415,1779138832.64569,2,1920,1200
1,1,7416,1779138832.66652,2,1920,1200
1,1,7417,1779138832.68734,2,1920,1200
1,1,7418,1779138832.70816,2,1920,1200
1,1,7419,1779138832.72898,2,1920,1200
1,1,7420,1779138832.7498,2,1920,1200
1,1,7421,1779138832.77062,2,1920,1200
1,1,7422,1779138832.79144,2,1920,1200
1,1,7423,1779138832.81227,2,1920,1200
1,1,7424,1779138832.83309,2,1920,1200
1,1,7425,1779138832.85391,2,1920,1200
1,1,7426,1779138832.87473,2,1920,1200
1,1,7427,1779138832.89555,2,1920,1200
1,1,7428,1779138832.91637,2,1920,1200
1,1,7429,1779138832.93719,2,1920,1200
1,1,7430,1779138832.95802,2,1920,1200
1,1,7431,1779138832.97884,2,1920,1200
1,1,7432,1779138832.99966,2,1920,1200
1,1,7433,1779138833.02048,2,1920,1200
1,1,7434,1779138833.0413,2,1920,1200
1,1,7435,1779138833.06212,2,1920,1200
1,1,7436,1779138833.08294,2,1920,1200
1,1,7437,1779138833.10377,2,1920,1200
1,1,7438,1779138833.12459,2,1920,1200
1,1,7439,1779138833.14541,2,1920,1200
1,1,7440,1779138833.16623,2,1920,1200
1,1,7441,1779138833.18705,2,1920,1200
1,1,7442,1779138833.20787,2,1920,1200
1,1,7443,1779138833.22869,2,1920,1200
1,1,7444,1779138833.24951,2,1920,1200
1,1,7445,1779138833.27034,2,1920,1200
1,1,7446,1779138833.29116,2,1920,1200
1,1,7447,1779138833.31198,2,1920,1200
1,1,7448,1779138833.3328,2,1920,1200
1,1,7449,1779138833.35362,2,1920,1200
1,1,7450,1779138833.37444,2,1920,1200
1,1,7451,1779138833.39526,2,1920,1200
1,1,7452,1779138833.41609,2,1920,1200
1,1,7453,1779138833.43691,2,1920,1200
1,1,7454,1779138833.45773,2,1920,1200
1,1,7455,1779138833.47855,2,1920,1200
1,1,7456,1779138833.49937,2,1920,1200
1,1,7457,1779138833.52019,2,1920,1200
1,1,7458,1779138833.54102,2,1920,1200
1,1,7459,1779138833.56184,2,1920,1200
1,1,7460,1779138833.58266,2,1920,1200
1,1,7461,1779138833.60348,2,1920,1200
1,1,7462,1779138833.6243,2,1920,1200
1,1,7463,1779138833.64512,2,1920,1200
1,1,7464,1779138833.66594,2,1920,1200
1,1,7465,1779138833.68676,2,1920,1200
1,1,7466,1779138833.70759,2,1920,1200
1,1,7467,1779138833.72841,2,1920,1200
1,1,7468,1779138833.74923,2,1920,1200
1,1,7469,1779138833.77005,2,1920,1200
1,1,7470,1779138833.79087,2,1920,1200
1,1,7471,1779138833.81169,2,1920,1200
1,1,7472,1779138833.83252,2,1920,1200
1,1,7473,1779138833.85334,2,1920,1200
1,1,7474,1779138833.87416,2,1920,1200
1,1,7475,1779138833.89498,2,1920,1200
1,1,7476,1779138833.9158,2,1920,1200
1,1,7477,1779138833.93662,2,1920,1200
1,1,7478,1779138833.95744,2,1920,1200
1,1,7479,1779138833.97826,2,1920,1200
1,1,7480,1779138833.99909,2,1920,1200
1,1,7481,1779138834.01991,2,1920,1200
1,1,7482,1779138834.04073,2,1920,1200
1,1,7483,1779138834.06155,2,1920,1200
1,1,7484,1779138834.08237,2,1920,1200
1,1,7485,1779138834.10319,2,1920,1200
1,1,7486,1779138834.12401,2,1920,1200
1,1,7487,1779138834.14484,2,1920,1200
1,1,7488,1779138834.16566,2,1920,1200
1,1,7489,1779138834.18648,2,1920,1200
1,1,7490,1779138834.2073,2,1920,1200
1,1,7491,1779138834.22812,2,1920,1200
1,1,7492,1779138834.24894,2,1920,1200
1,1,7493,1779138834.26976,2,1920,1200
1,1,7494,1779138834.29059,2,1920,1200
1,1,7495,1779138834.31141,2,1920,1200
1,1,7496,1779138834.33223,2,1920,1200
1,1,7497,1779138834.35305,2,1920,1200
1,1,7498,1779138834.37387,2,1920,1200
1,1,7499,1779138834.39469,2,1920,1200
1,1,7500,1779138834.41551,2,1920,1200
1,1,7501,1779138834.43633,2,1920,1200
1,1,7502,1779138834.45716,2,1920,1200
1,1,7503,1779138834.47798,2,1920,1200
1,1,7504,1779138834.4988,2,1920,1200
1,1,7505,1779138834.51962,2,1920,1200
1,1,7506,1779138834.54044,2,1920,1200
1,1,7507,1779138834.56126,2,1920,1200
1,1,7508,1779138834.58208,2,1920,1200
1,1,7509,1779138834.60291,2,1920,1200
1,1,7510,1779138834.62373,2,1920,1200
1,1,7511,1779138834.64455,2,1920,1200
1,1,7512,1779138834.66537,2,1920,1200
1,1,7513,1779138834.68619,2,1920,1200
1,1,7514,1779138834.70701,2,1920,1200
1,1,7515,1779138834.72783,2,1920,1200
1,1,7516,1779138834.74866,2,1920,1200
1,1,7517,1779138834.76948,2,1920,1200
1,1,7518,1779138834.7903,2,1920,1200
1,1,7519,1779138834.81112,2,1920,1200
1,1,7520,1779138834.83194,2,1920,1200
1,1,7521,1779138834.85276,2,1920,1200
1,1,7522,1779138834.87358,2,1920,1200
1,1,7523,1779138834.89441,2,1920,1200
1,1,7524,1779138834.91523,2,1920,1200
1,1,7525,1779138834.93605,2,1920,1200
1,1,7526,1779138834.95687,2,1920,1200
1,1,7527,1779138834.97769,2,1920,1200
1,1,7528,1779138834.99851,2,1920,1200
1,1,7529,1779138835.01933,2,1920,1200
1,1,7530,1779138835.04015,2,1920,1200
1,1,7531,1779138835.06098,2,1920,1200
1,1,7532,1779138835.0818,2,1920,1200
1,1,7533,1779138835.10262,2,1920,1200
1,1,7534,1779138835.12344,2,1920,1200
1,1,7535,1779138835.14426,2,1920,1200
1,1,7536,1779138835.16508,2,1920,1200
1,1,7537,1779138835.1859,2,1920,1200
1,1,7538,1779138835.20672,1,1920,1200
1,1,7539,1779138835.22755,1,1920,1200
1,1,7540,1779138835.24837,1,1920,1200
1,1,7541,1779138835.26919,1,1920,1200
1,1,7542,1779138835.29001,1,1920,1200
1,1,7543,1779138835.31083,1,1920,1200
1,1,7544,1779138835.33165,1,1920,1200
1,1,7545,1779138835.35247,1,1920,1200
1,1,7546,1779138835.3733,1,1920,1200
1,1,7547,1779138835.39412,1,1920,1200
1,1,7548,1779138835.41494,1,1920,1200
1,1,7549,1779138835.43576,1,1920,1200
1,1,7550,1779138835.45658,1,1920,1200
1,1,7551,1779138835.4774,1,1920,1200
1,1,7552,1779138835.49822,1,1920,1200
1,1,7553,1779138835.51904,1,1920,1200
1,1,7554,1779138835.53987,1,1920,1200
1,1,7555,1779138835.56069,1,1920,1200
1,1,7556,1779138835.58151,1,1920,1200
1,1,7557,1779138835.60233,1,1920,1200
1,1,7558,1779138835.62315,1,1920,1200
1,1,7559,1779138835.64397,1,1920,1200
1,1,7560,1779138835.66479,1,1920,1200
1,1,7561,1779138835.68562,1,1920,1200
1,1,7562,1779138835.70644,1,1920,1200
1,1,7563,1779138835.72726,1,1920,1200
1,1,7564,1779138835.74808,1,1920,1200
1,1,7565,1779138835.7689,1,1920,1200
1,1,7566,1779138835.78972,1,1920,1200
1,1,7567,1779138835.81055,1,1920,1200
1,1,7568,1779138835.83137,1,1920,1200
1,1,7569,1779138835.85219,1,1920,1200
1,1,7570,1779138835.87301,1,1920,1200
1,1,7571,1779138835.89383,1,1920,1200
1,1,7572,1779138835.91465,1,1920,1200
1,1,7573,1779138835.93547,1,1920,1200
1,1,7574,1779138835.95629,1,1920,1200
1,1,7575,1779138835.97711,1,1920,1200
1,1,7576,1779138835.99794,1,1920,1200
1,1,7577,1779138836.01876,1,1920,1200
1,1,7578,1779138836.03958,1,1920,1200
1,1,7579,1779138836.0604,1,1920,1200
1,1,7580,1779138836.08122,1,1920,1200
1,1,7581,1779138836.10204,1,1920,1200
1,1,7582,1779138836.12286,1,1920,1200
1,1,7583,1779138836.14369,1,1920,1200
1,1,7584,1779138836.16451,1,1920,1200
1,1,7585,1779138836.18533,1,1920,1200
1,1,7586,1779138836.20615,1,1920,1200
1,1,7587,1779138836.22697,1,1920,1200
1,1,7588,1779138836.24779,1,1920,1200
1,1,7589,1779138836.26861,1,1920,1200
1,1,7590,1779138836.28944,1,1920,1200
1,1,7591,1779138836.31026,1,1920,1200
1,1,7592,1779138836.33108,1,1920,1200
1,1,7593,1779138836.3519,1,1920,1200
1,1,7594,1779138836.37272,1,1920,1200
1,1,7595,1779138836.39354,1,1920,1200
1,1,7596,1779138836.41436,1,1920,1200
1,1,7597,1779138836.43518,1,1920,1200
1,1,7598,1779138836.45601,1,1920,1200
1,1,7599,1779138836.47683,1,1920,1200
1,1,7600,1779138836.49765,1,1920,1200
1,1,7601,1779138836.51847,1,1920,1200
1,1,7602,1779138836.53929,1,1920,1200
1,1,7603,1779138836.56011,1,1920,1200
1,1,7604,1779138836.58093,1,1920,1200
1,1,7605,1779138836.60176,1,1920,1200
1,1,7606,1779138836.62258,1,1920,1200
1,1,7607,1779138836.6434,1,1920,1200
1,1,7608,1779138836.66422,1,1920,1200
1,1,7609,1779138836.68504,1,1920,1200
1,1,7610,1779138836.70586,1,1920,1200
1,1,7611,1779138836.72668,1,1920,1200
1,1,7612,1779138836.7475,1,1920,1200
1,1,7613,1779138836.76833,1,1920,1200
1,1,7614,1779138836.78915,1,1920,1200
1,1,7615,1779138836.80997,1,1920,1200
1,1,7616,1779138836.83079,1,1920,1200
1,1,7617,1779138836.85161,1,1920,1200
1,1,7618,1779138836.87243,1,1920,1200
1,1,7619,1779138836.89325,1,1920,1200
1,1,7620,1779138836.91408,1,1920,1200
1,1,7621,1779138836.9349,1,1920,1200
1,1,7622,1779138836.95572,1,1920,1200
1,1,7623,1779138836.97654,1,1920,1200
1,1,7624,1779138836.99736,1,1920,1200
1,1,7625,1779138837.01818,1,1920,1200
1,1,7626,1779138837.039,1,1920,1200
1,1,7627,1779138837.05982,1,1920,1200
1,1,7628,1779138837.08064,1,1920,1200
1,1,7629,1779138837.10147,1,1920,1200
1,1,7630,1779138837.12229,1,1920,1200
1,1,7631,1779138837.14311,1,1920,1200
1,1,7632,1779138837.16393,1,1920,1200
1,1,7633,1779138837.18475,1,1920,1200
1,1,7634,1779138837.20557,1,1920,1200
1,1,7635,1779138837.22639,1,1920,1200
1,1,7636,1779138837.24722,1,1920,1200
1,1,7637,1779138837.26804,1,1920,1200
1,1,7638,1779138837.28886,1,1920,1200
1,1,7639,1779138837.30968,1,1920,1200
1,1,7640,1779138837.3305,1,1920,1200
1,1,7641,1779138837.35132,1,1920,1200
1,1,7642,1779138837.37214,1,1920,1200
1,1,7643,1779138837.39297,1,1920,1200
1,1,7644,1779138837.41379,1,1920,1200
1,1,7645,1779138837.43461,1,1920,1200
1,1,7646,1779138837.45543,1,1920,1200
1,1,7647,1779138837.47625,1,1920,1200
1,1,7648,1779138837.49707,1,1920,1200
1,1,7649,1779138837.51789,1,1920,1200
1,1,7650,1779138837.53871,1,1920,1200
1,1,7651,1779138837.55954,1,1920,1200
1,1,7652,1779138837.58036,1,1920,1200
1,1,7653,1779138837.60118,1,1920,1200
1,1,7654,1779138837.622,1,1920,1200
1,1,7655,1779138837.64282,1,1920,1200
1,1,7656,1779138837.66364,1,1920,1200
1,1,7657,1779138837.68446,1,1920,1200
1,1,7658,1779138837.70528,1,1920,1200
1,1,7659,1779138837.72611,1,1920,1200
1,1,7660,1779138837.74693,1,1920,1200
1,1,7661,1779138837.76775,1,1920,1200
1,1,7662,1779138837.78857,1,1920,1200
1,1,7663,1779138837.80939,1,1920,1200
1,1,7664,1779138837.83021,1,1920,1200
1,1,7665,1779138837.85103,1,1920,1200
1,1,7666,1779138837.87185,1,1920,1200
1,1,7667,1779138837.89268,1,1920,1200
1,1,7668,1779138837.9135,1,1920,1200
1,1,7669,1779138837.93432,1,1920,1200
1,1,7670,1779138837.95514,1,1920,1200
1,1,7671,1779138837.97596,1,1920,1200
1,1,7672,1779138837.99678,1,1920,1200
1,1,7673,1779138838.0176,1,1920,1200
1,1,7674,1779138838.03843,1,1920,1200
1,1,7675,1779138838.05925,1,1920,1200
1,1,7676,1779138838.08007,1,1920,1200
1,1,7677,1779138838.10089,1,1920,1200
1,1,7678,1779138838.12171,1,1920,1200
1,1,7679,1779138838.14253,1,1920,1200
1,1,7680,1779138838.16335,1,1920,1200
1,1,7681,1779138838.18417,1,1920,1200
1,1,7682,1779138838.20499,1,1920,1200
1,1,7683,1779138838.22582,1,1920,1200
1,1,7684,1779138838.24664,1,1920,1200
1,1,7685,1779138838.26746,1,1920,1200
1,1,7686,1779138838.28828,1,1920,1200
1,1,7687,1779138838.3091,1,1920,1200
1,1,7688,1779138838.32992,1,1920,1200
1,1,7689,1779138838.35074,1,1920,1200
1,1,7690,1779138838.37156,1,1920,1200
1,1,7691,1779138838.39239,1,1920,1200
1,1,7692,1779138838.41321,1,1920,1200
1,1,7693,1779138838.43403,1,1920,1200
1,1,7694,1779138838.45485,1,1920,1200
1,1,7695,1779138838.47567,1,1920,1200
1,1,7696,1779138838.49649,1,1920,1200
1,1,7697,1779138838.51731,1,1920,1200
1,1,7698,1779138838.53813,1,1920,1200
1,1,7699,1779138838.55896,1,1920,1200
1,1,7700,1779138838.57978,1,1920,1200
1,1,7701,1779138838.6006,1,1920,1200
1,1,7702,1779138838.62142,1,1920,1200
1,1,7703,1779138838.64224,1,1920,1200
1,1,7704,1779138838.66306,1,1920,1200
1,1,7705,1779138838.68388,1,1920,1200
1,1,7706,1779138838.70471,1,1920,1200
1,1,7707,1779138838.72553,1,1920,1200
1,1,7708,1779138838.74635,1,1920,1200
1,1,7709,1779138838.76717,1,1920,1200
1,1,7710,1779138838.78799,1,1920,1200
1,1,7711,1779138838.80881,1,1920,1200
1,1,7712,1779138838.82963,1,1920,1200
1,1,7713,1779138838.85045,1,1920,1200
1,1,7714,1779138838.87128,1,1920,1200
1,1,7715,1779138838.8921,1,1920,1200
1,1,7716,1779138838.91292,1,1920,1200
1,1,7717,1779138838.93374,1,1920,1200
1,1,7718,1779138838.95456,1,1920,1200
1,1,7719,1779138838.97538,1,1920,1200
1,1,7720,1779138838.9962,1,1920,1200
1,1,7721,1779138839.01702,1,1920,1200
1,1,7722,1779138839.03785,1,1920,1200
1,1,7723,1779138839.05867,1,1920,1200
1,1,7724,1779138839.07949,1,1920,1200
1,1,7725,1779138839.10031,1,1920,1200
1,1,7726,1779138839.12113,1,1920,1200
1,1,7727,1779138839.14195,1,1920,1200
1,1,7728,1779138839.16277,1,1920,1200
1,1,7729,1779138839.18359,1,1920,1200
1,1,7730,1779138839.20442,2,1920,1200
1,1,7731,1779138839.22524,2,1920,1200
1,1,7732,1779138839.24606,2,1920,1200
1,1,7733,1779138839.26688,2,1920,1200
1,1,7734,1779138839.2877,2,1920,1200
1,1,7735,1779138839.30852,2,1920,1200
1,1,7736,1779138839.32934,2,1920,1200
1,1,7737,1779138839.35016,2,1920,1200
1,1,7738,1779138839.37099,2,1920,1200
1,1,7739,1779138839.39181,2,1920,1200
1,1,7740,1779138839.41263,2,1920,1200
1,1,7741,1779138839.43345,2,1920,1200
1,1,7742,1779138839.45427,2,1920,1200
1,1,7743,1779138839.47509,2,1920,1200
1,1,7744,1779138839.49591,2,1920,1200
1,1,7745,1779138839.51673,2,1920,1200
1,1,7746,1779138839.53755,2,1920,1200
1,1,7747,1779138839.55838,2,1920,1200
1,1,7748,1779138839.5792,2,1920,1200
1,1,7749,1779138839.60002,2,1920,1200
1,1,7750,1779138839.62084,2,1920,1200
1,1,7751,1779138839.64166,2,1920,1200
1,1,7752,1779138839.66248,2,1920,1200
1,1,7753,1779138839.6833,2,1920,1200
1,1,7754,1779138839.70412,2,1920,1200
1,1,7755,1779138839.72495,2,1920,1200
1,1,7756,1779138839.74577,2,1920,1200
1,1,7757,1779138839.76659,2,1920,1200
1,1,7758,1779138839.78741,2,1920,1200
1,1,7759,1779138839.80823,2,1920,1200
1,1,7760,1779138839.82905,2,1920,1200
1,1,7761,1779138839.84987,2,1920,1200
1,1,7762,1779138839.8707,2,1920,1200
1,1,7763,1779138839.89152,2,1920,1200
1,1,7764,1779138839.91234,2,1920,1200
1,1,7765,1779138839.93316,2,1920,1200
1,1,7766,1779138839.95398,2,1920,1200
1,1,7767,1779138839.9748,2,1920,1200
1,1,7768,1779138839.99562,2,1920,1200
1,1,7769,1779138840.01644,2,1920,1200
1,1,7770,1779138840.03726,2,1920,1200
1,1,7771,1779138840.05809,2,1920,1200
1,1,7772,1779138840.07891,2,1920,1200
1,1,7773,1779138840.09973,2,1920,1200
1,1,7774,1779138840.12055,2,1920,1200
1,1,7775,1779138840.14137,2,1920,1200
1,1,7776,1779138840.16219,2,1920,1200
1,1,7777,1779138840.18301,2,1920,1200
1,1,7778,1779138840.20383,2,1920,1200
1,1,7779,1779138840.22465,2,1920,1200
1,1,7780,1779138840.24548,2,1920,1200
1,1,7781,1779138840.2663,2,1920,1200
1,1,7782,1779138840.28712,2,1920,1200
1,1,7783,1779138840.30794,2,1920,1200
1,1,7784,1779138840.32876,2,1920,1200
1,1,7785,1779138840.34958,2,1920,1200
1,1,7786,1779138840.3704,2,1920,1200
1,1,7787,1779138840.39122,2,1920,1200
1,1,7788,1779138840.41205,2,1920,1200
1,1,7789,1779138840.43287,2,1920,1200
1,1,7790,1779138840.45369,2,1920,1200
1,1,7791,1779138840.47451,2,1920,1200
1,1,7792,1779138840.49533,2,1920,1200
1,1,7793,1779138840.51615,2,1920,1200
1,1,7794,1779138840.53697,2,1920,1200
1,1,7795,1779138840.55779,2,1920,1200
1,1,7796,1779138840.57862,2,1920,1200
1,1,7797,1779138840.59944,2,1920,1200
1,1,7798,1779138840.62026,2,1920,1200
1,1,7799,1779138840.64108,2,1920,1200
1,1,7800,1779138840.6619,2,1920,1200
1,1,7801,1779138840.68272,2,1920,1200
1,1,7802,1779138840.70354,2,1920,1200
1,1,7803,1779138840.72436,2,1920,1200
1,1,7804,1779138840.74519,2,1920,1200
1,1,7805,1779138840.76601,2,1920,1200
1,1,7806,1779138840.78683,2,1920,1200
1,1,7807,1779138840.80765,2,1920,1200
1,1,7808,1779138840.82847,2,1920,1200
1,1,7809,1779138840.84929,2,1920,1200
1,1,7810,1779138840.87011,2,1920,1200
1,1,7811,1779138840.89093,2,1920,1200
1,1,7812,1779138840.91176,2,1920,1200
1,1,7813,1779138840.93258,2,1920,1200
1,1,7814,1779138840.9534,2,1920,1200
1,1,7815,1779138840.97422,2,1920,1200
1,1,7816,1779138840.99504,2,1920,1200
1,1,7817,1779138841.01586,2,1920,1200
1,1,7818,1779138841.03668,2,1920,1200
1,1,7819,1779138841.0575,2,1920,1200
1,1,7820,1779138841.07833,2,1920,1200
1,1,7821,1779138841.09915,2,1920,1200
1,1,7822,1779138841.11997,2,1920,1200
1,1,7823,1779138841.14079,2,1920,1200
1,1,7824,1779138841.16161,2,1920,1200
1,1,7825,1779138841.18243,2,1920,1200
1,1,7826,1779138841.20325,2,1920,1200
1,1,7827,1779138841.22407,2,1920,1200
1,1,7828,1779138841.24489,2,1920,1200
1,1,7829,1779138841.26572,2,1920,1200
1,1,7830,1779138841.28654,2,1920,1200
1,1,7831,1779138841.30736,2,1920,1200
1,1,7832,1779138841.32818,2,1920,1200
1,1,7833,1779138841.349,2,1920,1200
1,1,7834,1779138841.36982,2,1920,1200
1,1,7835,1779138841.39064,2,1920,1200
1,1,7836,1779138841.41146,2,1920,1200
1,1,7837,1779138841.43229,2,1920,1200
1,1,7838,1779138841.45311,2,1920,1200
1,1,7839,1779138841.47393,2,1920,1200
1,1,7840,1779138841.49475,2,1920,1200
1,1,7841,1779138841.51557,2,1920,1200
1,1,7842,1779138841.53639,2,1920,1200
1,1,7843,1779138841.55721,2,1920,1200
1,1,7844,1779138841.57803,2,1920,1200
1,1,7845,1779138841.59886,2,1920,1200
1,1,7846,1779138841.61968,2,1920,1200
1,1,7847,1779138841.6405,2,1920,1200
1,1,7848,1779138841.66132,2,1920,1200
1,1,7849,1779138841.68214,2,1920,1200
1,1,7850,1779138841.70296,2,1920,1200
1,1,7851,1779138841.72378,2,1920,1200
1,1,7852,1779138841.7446,2,1920,1200
1,1,7853,1779138841.76542,2,1920,1200
1,1,7854,1779138841.78624,2,1920,1200
1,1,7855,1779138841.80707,2,1920,1200
1,1,7856,1779138841.82789,2,1920,1200
1,1,7857,1779138841.84871,2,1920,1200
1,1,7858,1779138841.86953,2,1920,1200
1,1,7859,1779138841.89035,2,1920,1200
1,1,7860,1779138841.91117,2,1920,1200
1,1,7861,1779138841.93199,2,1920,1200
1,1,7862,1779138841.95281,2,1920,1200
1,1,7863,1779138841.97364,2,1920,1200
1,1,7864,1779138841.99446,2,1920,1200
1,1,7865,1779138842.01528,2,1920,1200
1,1,7866,1779138842.0361,2,1920,1200
1,1,7867,1779138842.05692,2,1920,1200
1,1,7868,1779138842.07774,2,1920,1200
1,1,7869,1779138842.09856,2,1920,1200
1,1,7870,1779138842.11938,2,1920,1200
1,1,7871,1779138842.14021,2,1920,1200
1,1,7872,1779138842.16103,2,1920,1200
1,1,7873,1779138842.18185,2,1920,1200
1,1,7874,1779138842.20267,2,1920,1200
1,1,7875,1779138842.22349,2,1920,1200
1,1,7876,1779138842.24431,2,1920,1200
1,1,7877,1779138842.26513,2,1920,1200
1,1,7878,1779138842.28595,2,1920,1200
1,1,7879,1779138842.30677,2,1920,1200
1,1,7880,1779138842.3276,2,1920,1200
1,1,7881,1779138842.34842,2,1920,1200
1,1,7882,1779138842.36924,2,1920,1200
1,1,7883,1779138842.39006,2,1920,1200
1,1,7884,1779138842.41088,2,1920,1200
1,1,7885,1779138842.4317,2,1920,1200
1,1,7886,1779138842.45252,2,1920,1200
1,1,7887,1779138842.47334,2,1920,1200
1,1,7888,1779138842.49417,2,1920,1200
1,1,7889,1779138842.51499,2,1920,1200
1,1,7890,1779138842.53581,2,1920,1200
1,1,7891,1779138842.55663,2,1920,1200
1,1,7892,1779138842.57745,2,1920,1200
1,1,7893,1779138842.59827,2,1920,1200
1,1,7894,1779138842.61909,2,1920,1200
1,1,7895,1779138842.63991,2,1920,1200
1,1,7896,1779138842.66073,2,1920,1200
1,1,7897,1779138842.68156,2,1920,1200
1,1,7898,1779138842.70238,2,1920,1200
1,1,7899,1779138842.7232,2,1920,1200
1,1,7900,1779138842.74402,2,1920,1200
1,1,7901,1779138842.76484,2,1920,1200
1,1,7902,1779138842.78566,2,1920,1200
1,1,7903,1779138842.80648,2,1920,1200
1,1,7904,1779138842.8273,2,1920,1200
1,1,7905,1779138842.84812,2,1920,1200
1,1,7906,1779138842.86895,2,1920,1200
1,1,7907,1779138842.88977,2,1920,1200
1,1,7908,1779138842.91059,2,1920,1200
1,1,7909,1779138842.93141,2,1920,1200
1,1,7910,1779138842.95223,2,1920,1200
1,1,7911,1779138842.97305,2,1920,1200
1,1,7912,1779138842.99387,2,1920,1200
1,1,7913,1779138843.01469,2,1920,1200
1,1,7914,1779138843.03551,2,1920,1200
1,1,7915,1779138843.05634,2,1920,1200
1,1,7916,1779138843.07716,2,1920,1200
1,1,7917,1779138843.09798,2,1920,1200
1,1,7918,1779138843.1188,2,1920,1200
1,1,7919,1779138843.13962,2,1920,1200
1,1,7920,1779138843.16044,2,1920,1200
1,1,7921,1779138843.18126,2,1920,1200
1,1,7922,1779138843.20208,2,1920,1200
1,1,7923,1779138843.22291,2,1920,1200
1,1,7924,1779138843.24373,2,1920,1200
1,1,7925,1779138843.26455,2,1920,1200
1,1,7926,1779138843.28537,2,1920,1200
1,1,7927,1779138843.30619,2,1920,1200
1,1,7928,1779138843.32701,2,1920,1200
1,1,7929,1779138843.34783,2,1920,1200
1,1,7930,1779138843.36865,2,1920,1200
1,1,7931,1779138843.38948,2,1920,1200
1,1,7932,1779138843.4103,2,1920,1200
1,1,7933,1779138843.43112,2,1920,1200
1,1,7934,1779138843.45194,2,1920,1200
1,1,7935,1779138843.47276,2,1920,1200
1,1,7936,1779138843.49358,2,1920,1200
1,1,7937,1779138843.5144,2,1920,1200
1,1,7938,1779138843.53522,2,1920,1200
1,1,7939,1779138843.55604,2,1920,1200
1,1,7940,1779138843.57687,2,1920,1200
1,1,7941,1779138843.59769,2,1920,1200
1,1,7942,1779138843.61851,2,1920,1200
1,1,7943,1779138843.63933,2,1920,1200
1,1,7944,1779138843.66015,2,1920,1200
1,1,7945,1779138843.68097,2,1920,1200
1,1,7946,1779138843.70179,2,1920,1200
1,1,7947,1779138843.72261,2,1920,1200
1,1,7948,1779138843.74343,2,1920,1200
1,1,7949,1779138843.76425,2,1920,1200
1,1,7950,1779138843.78508,2,1920,1200
1,1,7951,1779138843.8059,2,1920,1200
1,1,7952,1779138843.82672,2,1920,1200
1,1,7953,1779138843.84754,2,1920,1200
1,1,7954,1779138843.86836,2,1920,1200
1,1,7955,1779138843.88918,2,1920,1200
1,1,7956,1779138843.91,2,1920,1200
1,1,7957,1779138843.93082,2,1920,1200
1,1,7958,1779138843.95164,2,1920,1200
1,1,7959,1779138843.97247,2,1920,1200
1,1,7960,1779138843.99329,2,1920,1200
1,1,7961,1779138844.01411,2,1920,1200
1,1,7962,1779138844.03493,2,1920,1200
1,1,7963,1779138844.05575,2,1920,1200
1,1,7964,1779138844.07657,2,1920,1200
1,1,7965,1779138844.09739,2,1920,1200
1,1,7966,1779138844.11821,2,1920,1200
1,1,7967,1779138844.13903,2,1920,1200
1,1,7968,1779138844.15986,2,1920,1200
1,1,7969,1779138844.18068,2,1920,1200
1,1,7970,1779138844.2015,2,1920,1200
1,1,7971,1779138844.22232,2,1920,1200
1,1,7972,1779138844.24314,2,1920,1200
1,1,7973,1779138844.26396,2,1920,1200
1,1,7974,1779138844.28478,2,1920,1200
1,1,7975,1779138844.3056,2,1920,1200
1,1,7976,1779138844.32642,2,1920,1200
1,1,7977,1779138844.34725,2,1920,1200
1,1,7978,1779138844.36807,2,1920,1200
1,1,7979,1779138844.38889,2,1920,1200
1,1,7980,1779138844.40971,2,1920,1200
1,1,7981,1779138844.43053,2,1920,1200
1,1,7982,1779138844.45135,2,1920,1200
1,1,7983,1779138844.47217,2,1920,1200
1,1,7984,1779138844.49299,2,1920,1200
1,1,7985,1779138844.51382,2,1920,1200
1,1,7986,1779138844.53464,2,1920,1200
1,1,7987,1779138844.55546,2,1920,1200
1,1,7988,1779138844.57628,2,1920,1200
1,1,7989,1779138844.5971,2,1920,1200
1,1,7990,1779138844.61792,2,1920,1200
1,1,7991,1779138844.63874,2,1920,1200
1,1,7992,1779138844.65956,2,1920,1200
1,1,7993,1779138844.68038,2,1920,1200
1,1,7994,1779138844.70121,2,1920,1200
1,1,7995,1779138844.72203,2,1920,1200
1,1,7996,1779138844.74285,2,1920,1200
1,1,7997,1779138844.76367,2,1920,1200
1,1,7998,1779138844.78449,2,1920,1200
1,1,7999,1779138844.80531,2,1920,1200
1,1,8000,1779138844.82613,2,1920,1200
1,1,8001,1779138844.84695,2,1920,1200
1,1,8002,1779138844.86777,2,1920,1200
1,1,8003,1779138844.88859,2,1920,1200
1,1,8004,1779138844.90942,2,1920,1200
1,1,8005,1779138844.93024,2,1920,1200
1,1,8006,1779138844.95106,2,1920,1200
1,1,8007,1779138844.97188,2,1920,1200
1,1,8008,1779138844.9927,2,1920,1200
1,1,8009,1779138845.01352,2,1920,1200
1,1,8010,1779138845.03434,2,1920,1200
1,1,8011,1779138845.05516,2,1920,1200
1,1,8012,1779138845.07598,2,1920,1200
1,1,8013,1779138845.09681,2,1920,1200
1,1,8014,1779138845.11763,2,1920,1200
1,1,8015,1779138845.13845,2,1920,1200
1,1,8016,1779138845.15927,2,1920,1200
1,1,8017,1779138845.18009,2,1920,1200
1,1,8018,1779138845.20091,1,1920,1200
1,1,8019,1779138845.22173,1,1920,1200
1,1,8020,1779138845.24255,1,1920,1200
1,1,8021,1779138845.26337,1,1920,1200
1,1,8022,1779138845.2842,1,1920,1200
1,1,8023,1779138845.30502,1,1920,1200
1,1,8024,1779138845.32584,1,1920,1200
1,1,8025,1779138845.34666,1,1920,1200
1,1,8026,1779138845.36748,1,1920,1200
1,1,8027,1779138845.3883,1,1920,1200
1,1,8028,1779138845.40912,1,1920,1200
1,1,8029,1779138845.42994,1,1920,1200
1,1,8030,1779138845.45076,1,1920,1200
1,1,8031,1779138845.47159,1,1920,1200
1,1,8032,1779138845.49241,1,1920,1200
1,1,8033,1779138845.51323,1,1920,1200
1,1,8034,1779138845.53405,1,1920,1200
1,1,8035,1779138845.55487,1,1920,1200
1,1,8036,1779138845.57569,1,1920,1200
1,1,8037,1779138845.59651,1,1920,1200
1,1,8038,1779138845.61733,1,1920,1200
1,1,8039,1779138845.63815,1,1920,1200
1,1,8040,1779138845.65897,1,1920,1200
1,1,8041,1779138845.6798,1,1920,1200
1,1,8042,1779138845.70062,1,1920,1200
1,1,8043,1779138845.72144,1,1920,1200
1,1,8044,1779138845.74226,1,1920,1200
1,1,8045,1779138845.76308,1,1920,1200
1,1,8046,1779138845.7839,1,1920,1200
1,1,8047,1779138845.80472,1,1920,1200
1,1,8048,1779138845.82554,1,1920,1200
1,1,8049,1779138845.84636,1,1920,1200
1,1,8050,1779138845.86719,1,1920,1200
1,1,8051,1779138845.88801,1,1920,1200
1,1,8052,1779138845.90883,1,1920,1200
1,1,8053,1779138845.92965,1,1920,1200
1,1,8054,1779138845.95047,1,1920,1200
1,1,8055,1779138845.97129,1,1920,1200
1,1,8056,1779138845.99211,1,1920,1200
1,1,8057,1779138846.01293,1,1920,1200
1,1,8058,1779138846.03375,1,1920,1200
1,1,8059,1779138846.05457,1,1920,1200
1,1,8060,1779138846.0754,1,1920,1200
1,1,8061,1779138846.09622,1,1920,1200
1,1,8062,1779138846.11704,1,1920,1200
1,1,8063,1779138846.13786,1,1920,1200
1,1,8064,1779138846.15868,1,1920,1200
1,1,8065,1779138846.1795,1,1920,1200
1,1,8066,1779138846.20032,1,1920,1200
1,1,8067,1779138846.22114,1,1920,1200
1,1,8068,1779138846.24197,1,1920,1200
1,1,8069,1779138846.26279,1,1920,1200
1,1,8070,1779138846.28361,1,1920,1200
1,1,8071,1779138846.30443,1,1920,1200
1,1,8072,1779138846.32525,1,1920,1200
1,1,8073,1779138846.34607,1,1920,1200
1,1,8074,1779138846.36689,1,1920,1200
1,1,8075,1779138846.38771,1,1920,1200
1,1,8076,1779138846.40853,1,1920,1200
1,1,8077,1779138846.42935,1,1920,1200
1,1,8078,1779138846.45018,1,1920,1200
1,1,8079,1779138846.471,1,1920,1200
1,1,8080,1779138846.49182,1,1920,1200
1,1,8081,1779138846.51264,1,1920,1200
1,1,8082,1779138846.53346,1,1920,1200
1,1,8083,1779138846.55428,1,1920,1200
1,1,8084,1779138846.5751,1,1920,1200
1,1,8085,1779138846.59592,1,1920,1200
1,1,8086,1779138846.61674,1,1920,1200
1,1,8087,1779138846.63756,1,1920,1200
1,1,8088,1779138846.65839,1,1920,1200
1,1,8089,1779138846.67921,1,1920,1200
1,1,8090,1779138846.70003,1,1920,1200
1,1,8091,1779138846.72085,1,1920,1200
1,1,8092,1779138846.74167,1,1920,1200
1,1,8093,1779138846.76249,1,1920,1200
1,1,8094,1779138846.78331,1,1920,1200
1,1,8095,1779138846.80413,1,1920,1200
1,1,8096,1779138846.82495,1,1920,1200
1,1,8097,1779138846.84577,1,1920,1200
1,1,8098,1779138846.8666,1,1920,1200
1,1,8099,1779138846.88742,1,1920,1200
1,1,8100,1779138846.90824,1,1920,1200
1,1,8101,1779138846.92906,1,1920,1200
1,1,8102,1779138846.94988,1,1920,1200
1,1,8103,1779138846.9707,1,1920,1200
1,1,8104,1779138846.99152,1,1920,1200
1,1,8105,1779138847.01234,1,1920,1200
1,1,8106,1779138847.03317,1,1920,1200
1,1,8107,1779138847.05399,1,1920,1200
1,1,8108,1779138847.07481,1,1920,1200
1,1,8109,1779138847.09563,1,1920,1200
1,1,8110,1779138847.11645,1,1920,1200
1,1,8111,1779138847.13727,1,1920,1200
1,1,8112,1779138847.15809,1,1920,1200
1,1,8113,1779138847.17891,1,1920,1200
1,1,8114,1779138847.19973,1,1920,1200
1,1,8115,1779138847.22055,1,1920,1200
1,1,8116,1779138847.24138,1,1920,1200
1,1,8117,1779138847.2622,1,1920,1200
1,1,8118,1779138847.28302,1,1920,1200
1,1,8119,1779138847.30384,1,1920,1200
1,1,8120,1779138847.32466,1,1920,1200
1,1,8121,1779138847.34548,1,1920,1200
1,1,8122,1779138847.3663,1,1920,1200
1,1,8123,1779138847.38712,1,1920,1200
1,1,8124,1779138847.40794,1,1920,1200
1,1,8125,1779138847.42876,1,1920,1200
1,1,8126,1779138847.44959,1,1920,1200
1,1,8127,1779138847.47041,1,1920,1200
1,1,8128,1779138847.49123,1,1920,1200
1,1,8129,1779138847.51205,1,1920,1200
1,1,8130,1779138847.53287,1,1920,1200
1,1,8131,1779138847.55369,1,1920,1200
1,1,8132,1779138847.57451,1,1920,1200
1,1,8133,1779138847.59533,1,1920,1200
1,1,8134,1779138847.61615,1,1920,1200
1,1,8135,1779138847.63697,1,1920,1200
1,1,8136,1779138847.6578,1,1920,1200
1,1,8137,1779138847.67862,1,1920,1200
1,1,8138,1779138847.69944,1,1920,1200
1,1,8139,1779138847.72026,1,1920,1200
1,1,8140,1779138847.74108,1,1920,1200
1,1,8141,1779138847.7619,1,1920,1200
1,1,8142,1779138847.78272,1,1920,1200
1,1,8143,1779138847.80354,1,1920,1200
1,1,8144,1779138847.82436,1,1920,1200
1,1,8145,1779138847.84519,1,1920,1200
1,1,8146,1779138847.866,1,1920,1200
1,1,8147,1779138847.88683,1,1920,1200
1,1,8148,1779138847.90765,1,1920,1200
1,1,8149,1779138847.92847,1,1920,1200
1,1,8150,1779138847.94929,1,1920,1200
1,1,8151,1779138847.97011,1,1920,1200
1,1,8152,1779138847.99093,1,1920,1200
1,1,8153,1779138848.01175,1,1920,1200
1,1,8154,1779138848.03257,1,1920,1200
1,1,8155,1779138848.0534,1,1920,1200
1,1,8156,1779138848.07422,1,1920,1200
1,1,8157,1779138848.09504,1,1920,1200
1,1,8158,1779138848.11586,1,1920,1200
1,1,8159,1779138848.13668,1,1920,1200
1,1,8160,1779138848.1575,1,1920,1200
1,1,8161,1779138848.17832,1,1920,1200
1,1,8162,1779138848.19914,1,1920,1200
1,1,8163,1779138848.21996,1,1920,1200
1,1,8164,1779138848.24078,1,1920,1200
1,1,8165,1779138848.26161,1,1920,1200
1,1,8166,1779138848.28243,1,1920,1200
1,1,8167,1779138848.30325,1,1920,1200
1,1,8168,1779138848.32407,1,1920,1200
1,1,8169,1779138848.34489,1,1920,1200
1,1,8170,1779138848.36571,1,1920,1200
1,1,8171,1779138848.38653,1,1920,1200
1,1,8172,1779138848.40735,1,1920,1200
1,1,8173,1779138848.42817,1,1920,1200
1,1,8174,1779138848.44899,1,1920,1200
1,1,8175,1779138848.46981,1,1920,1200
1,1,8176,1779138848.49064,1,1920,1200
1,1,8177,1779138848.51146,1,1920,1200
1,1,8178,1779138848.53228,1,1920,1200
1,1,8179,1779138848.5531,1,1920,1200
1,1,8180,1779138848.57393,1,1920,1200
1,1,8181,1779138848.59474,1,1920,1200
1,1,8182,1779138848.61556,1,1920,1200
1,1,8183,1779138848.63638,1,1920,1200
1,1,8184,1779138848.6572,1,1920,1200
1,1,8185,1779138848.67803,1,1920,1200
1,1,8186,1779138848.69885,1,1920,1200
1,1,8187,1779138848.71967,1,1920,1200
1,1,8188,1779138848.74049,1,1920,1200
1,1,8189,1779138848.76131,1,1920,1200
1,1,8190,1779138848.78213,1,1920,1200
1,1,8191,1779138848.80295,1,1920,1200
1,1,8192,1779138848.82377,1,1920,1200
1,1,8193,1779138848.84459,1,1920,1200
1,1,8194,1779138848.86541,1,1920,1200
1,1,8195,1779138848.88624,1,1920,1200
1,1,8196,1779138848.90706,1,1920,1200
1,1,8197,1779138848.92788,1,1920,1200
1,1,8198,1779138848.9487,1,1920,1200
1,1,8199,1779138848.96952,1,1920,1200
1,1,8200,1779138848.99034,1,1920,1200
1,1,8201,1779138849.01116,1,1920,1200
1,1,8202,1779138849.03198,1,1920,1200
1,1,8203,1779138849.0528,1,1920,1200
1,1,8204,1779138849.07362,1,1920,1200
1,1,8205,1779138849.09445,1,1920,1200
1,1,8206,1779138849.11527,1,1920,1200
1,1,8207,1779138849.13609,1,1920,1200
1,1,8208,1779138849.15691,1,1920,1200
1,1,8209,1779138849.17773,1,1920,1200
1,1,8210,1779138849.19855,2,1920,1200
1,1,8211,1779138849.21937,2,1920,1200
1,1,8212,1779138849.24019,2,1920,1200
1,1,8213,1779138849.26101,2,1920,1200
1,1,8214,1779138849.28183,2,1920,1200
1,1,8215,1779138849.30266,2,1920,1200
1,1,8216,1779138849.32348,2,1920,1200
1,1,8217,1779138849.3443,2,1920,1200
1,1,8218,1779138849.36512,2,1920,1200
1,1,8219,1779138849.38594,2,1920,1200
1,1,8220,1779138849.40676,2,1920,1200
1,1,8221,1779138849.42758,2,1920,1200
1,1,8222,1779138849.4484,2,1920,1200
1,1,8223,1779138849.46922,2,1920,1200
1,1,8224,1779138849.49004,2,1920,1200
1,1,8225,1779138849.51086,2,1920,1200
1,1,8226,1779138849.53169,2,1920,1200
1,1,8227,1779138849.55251,2,1920,1200
1,1,8228,1779138849.57333,2,1920,1200
1,1,8229,1779138849.59415,2,1920,1200
1,1,8230,1779138849.61497,2,1920,1200
1,1,8231,1779138849.63579,2,1920,1200
1,1,8232,1779138849.65661,2,1920,1200
1,1,8233,1779138849.67743,2,1920,1200
1,1,8234,1779138849.69825,2,1920,1200
1,1,8235,1779138849.71908,2,1920,1200
1,1,8236,1779138849.7399,2,1920,1200
1,1,8237,1779138849.76072,2,1920,1200
1,1,8238,1779138849.78154,2,1920,1200
1,1,8239,1779138849.80236,2,1920,1200
1,1,8240,1779138849.82318,2,1920,1200
1,1,8241,1779138849.844,2,1920,1200
1,1,8242,1779138849.86482,2,1920,1200
1,1,8243,1779138849.88564,2,1920,1200
1,1,8244,1779138849.90646,2,1920,1200
1,1,8245,1779138849.92728,2,1920,1200
1,1,8246,1779138849.94811,2,1920,1200
1,1,8247,1779138849.96893,2,1920,1200
1,1,8248,1779138849.98975,2,1920,1200
1,1,8249,1779138850.01057,2,1920,1200
1,1,8250,1779138850.03139,2,1920,1200
1,1,8251,1779138850.05221,2,1920,1200
1,1,8252,1779138850.07303,2,1920,1200
1,1,8253,1779138850.09385,2,1920,1200
1,1,8254,1779138850.11467,2,1920,1200
1,1,8255,1779138850.13549,2,1920,1200
1,1,8256,1779138850.15631,2,1920,1200
1,1,8257,1779138850.17714,2,1920,1200
1,1,8258,1779138850.19796,2,1920,1200
1,1,8259,1779138850.21878,2,1920,1200
1,1,8260,1779138850.2396,2,1920,1200
1,1,8261,1779138850.26042,2,1920,1200
1,1,8262,1779138850.28124,2,1920,1200
1,1,8263,1779138850.30206,2,1920,1200
1,1,8264,1779138850.32288,2,1920,1200
1,1,8265,1779138850.3437,2,1920,1200
1,1,8266,1779138850.36452,2,1920,1200
1,1,8267,1779138850.38535,2,1920,1200
1,1,8268,1779138850.40617,2,1920,1200
1,1,8269,1779138850.42699,2,1920,1200
1,1,8270,1779138850.44781,2,1920,1200
1,1,8271,1779138850.46863,2,1920,1200
1,1,8272,1779138850.48945,2,1920,1200
1,1,8273,1779138850.51027,2,1920,1200
1,1,8274,1779138850.53109,2,1920,1200
1,1,8275,1779138850.55191,2,1920,1200
1,1,8276,1779138850.57273,2,1920,1200
1,1,8277,1779138850.59356,2,1920,1200
1,1,8278,1779138850.61438,2,1920,1200
1,1,8279,1779138850.6352,2,1920,1200
1,1,8280,1779138850.65602,2,1920,1200
1,1,8281,1779138850.67684,2,1920,1200
1,1,8282,1779138850.69766,2,1920,1200
1,1,8283,1779138850.71848,2,1920,1200
1,1,8284,1779138850.7393,2,1920,1200
1,1,8285,1779138850.76012,2,1920,1200
1,1,8286,1779138850.78094,2,1920,1200
1,1,8287,1779138850.80177,2,1920,1200
1,1,8288,1779138850.82259,2,1920,1200
1,1,8289,1779138850.84341,2,1920,1200
1,1,8290,1779138850.86423,2,1920,1200
1,1,8291,1779138850.88505,2,1920,1200
1,1,8292,1779138850.90587,2,1920,1200
1,1,8293,1779138850.92669,2,1920,1200
1,1,8294,1779138850.94751,2,1920,1200
1,1,8295,1779138850.96833,2,1920,1200
1,1,8296,1779138850.98915,2,1920,1200
1,1,8297,1779138851.00997,2,1920,1200
1,1,8298,1779138851.0308,2,1920,1200
1,1,8299,1779138851.05162,2,1920,1200
1,1,8300,1779138851.07244,2,1920,1200
1,1,8301,1779138851.09326,2,1920,1200
1,1,8302,1779138851.11408,2,1920,1200
1,1,8303,1779138851.1349,2,1920,1200
1,1,8304,1779138851.15572,2,1920,1200
1,1,8305,1779138851.17654,2,1920,1200
1,1,8306,1779138851.19736,1,1920,1200
1,1,8307,1779138851.21818,1,1920,1200
1,1,8308,1779138851.239,1,1920,1200
1,1,8309,1779138851.25982,1,1920,1200
1,1,8310,1779138851.28065,1,1920,1200
1,1,8311,1779138851.30147,1,1920,1200
1,1,8312,1779138851.32229,1,1920,1200
1,1,8313,1779138851.34311,1,1920,1200
1,1,8314,1779138851.36393,1,1920,1200
1,1,8315,1779138851.38475,1,1920,1200
1,1,8316,1779138851.40557,1,1920,1200
1,1,8317,1779138851.42639,1,1920,1200
1,1,8318,1779138851.44721,1,1920,1200
1,1,8319,1779138851.46803,1,1920,1200
1,1,8320,1779138851.48886,1,1920,1200
1,1,8321,1779138851.50968,1,1920,1200
1,1,8322,1779138851.5305,1,1920,1200
1,1,8323,1779138851.55132,1,1920,1200
1,1,8324,1779138851.57214,1,1920,1200
1,1,8325,1779138851.59296,1,1920,1200
1,1,8326,1779138851.61378,1,1920,1200
1,1,8327,1779138851.6346,1,1920,1200
1,1,8328,1779138851.65542,1,1920,1200
1,1,8329,1779138851.67624,1,1920,1200
1,1,8330,1779138851.69706,1,1920,1200
1,1,8331,1779138851.71789,1,1920,1200
1,1,8332,1779138851.73871,1,1920,1200
1,1,8333,1779138851.75953,1,1920,1200
1,1,8334,1779138851.78035,1,1920,1200
1,1,8335,1779138851.80117,1,1920,1200
1,1,8336,1779138851.82199,1,1920,1200
1,1,8337,1779138851.84281,1,1920,1200
1,1,8338,1779138851.86363,1,1920,1200
1,1,8339,1779138851.88445,1,1920,1200
1,1,8340,1779138851.90527,1,1920,1200
1,1,8341,1779138851.9261,1,1920,1200
1,1,8342,1779138851.94692,1,1920,1200
1,1,8343,1779138851.96774,1,1920,1200
1,1,8344,1779138851.98856,1,1920,1200
1,1,8345,1779138852.00938,1,1920,1200
1,1,8346,1779138852.0302,1,1920,1200
1,1,8347,1779138852.05102,1,1920,1200
1,1,8348,1779138852.07184,1,1920,1200
1,1,8349,1779138852.09266,1,1920,1200
1,1,8350,1779138852.11348,1,1920,1200
1,1,8351,1779138852.1343,1,1920,1200
1,1,8352,1779138852.15513,1,1920,1200
1,1,8353,1779138852.17595,1,1920,1200
1,1,8354,1779138852.19677,1,1920,1200
1,1,8355,1779138852.21759,1,1920,1200
1,1,8356,1779138852.23841,1,1920,1200
1,1,8357,1779138852.25923,1,1920,1200
1,1,8358,1779138852.28005,1,1920,1200
1,1,8359,1779138852.30087,1,1920,1200
1,1,8360,1779138852.32169,1,1920,1200
1,1,8361,1779138852.34251,1,1920,1200
1,1,8362,1779138852.36333,1,1920,1200
1,1,8363,1779138852.38415,1,1920,1200
1,1,8364,1779138852.40498,1,1920,1200
1,1,8365,1779138852.4258,1,1920,1200
1,1,8366,1779138852.44662,1,1920,1200
1,1,8367,1779138852.46744,1,1920,1200
1,1,8368,1779138852.48826,1,1920,1200
1,1,8369,1779138852.50908,1,1920,1200
1,1,8370,1779138852.5299,1,1920,1200
1,1,8371,1779138852.55072,1,1920,1200
1,1,8372,1779138852.57154,1,1920,1200
1,1,8373,1779138852.59236,1,1920,1200
1,1,8374,1779138852.61318,1,1920,1200
1,1,8375,1779138852.63401,1,1920,1200
1,1,8376,1779138852.65483,1,1920,1200
1,1,8377,1779138852.67565,1,1920,1200
1,1,8378,1779138852.69647,1,1920,1200
1,1,8379,1779138852.71729,1,1920,1200
1,1,8380,1779138852.73811,1,1920,1200
1,1,8381,1779138852.75893,1,1920,1200
1,1,8382,1779138852.77975,1,1920,1200
1,1,8383,1779138852.80057,1,1920,1200
1,1,8384,1779138852.82139,1,1920,1200
1,1,8385,1779138852.84221,1,1920,1200
1,1,8386,1779138852.86304,1,1920,1200
1,1,8387,1779138852.88386,1,1920,1200
1,1,8388,1779138852.90468,1,1920,1200
1,1,8389,1779138852.9255,1,1920,1200
1,1,8390,1779138852.94632,1,1920,1200
1,1,8391,1779138852.96714,1,1920,1200
1,1,8392,1779138852.98796,1,1920,1200
1,1,8393,1779138853.00878,1,1920,1200
1,1,8394,1779138853.0296,1,1920,1200
1,1,8395,1779138853.05042,1,1920,1200
1,1,8396,1779138853.07124,1,1920,1200
1,1,8397,1779138853.09207,1,1920,1200
1,1,8398,1779138853.11289,1,1920,1200
1,1,8399,1779138853.13371,1,1920,1200
1,1,8400,1779138853.15453,1,1920,1200
1,1,8401,1779138853.17535,1,1920,1200
1,1,8402,1779138853.19617,1,1920,1200
1,1,8403,1779138853.21699,1,1920,1200
1,1,8404,1779138853.23781,1,1920,1200
1,1,8405,1779138853.25863,1,1920,1200
1,1,8406,1779138853.27945,1,1920,1200
1,1,8407,1779138853.30027,1,1920,1200
1,1,8408,1779138853.3211,1,1920,1200
1,1,8409,1779138853.34192,1,1920,1200
1,1,8410,1779138853.36274,1,1920,1200
1,1,8411,1779138853.38356,1,1920,1200
1,1,8412,1779138853.40438,1,1920,1200
1,1,8413,1779138853.4252,1,1920,1200
1,1,8414,1779138853.44602,1,1920,1200
1,1,8415,1779138853.46684,1,1920,1200
1,1,8416,1779138853.48766,1,1920,1200
1,1,8417,1779138853.50848,1,1920,1200
1,1,8418,1779138853.5293,1,1920,1200
1,1,8419,1779138853.55013,1,1920,1200
1,1,8420,1779138853.57095,1,1920,1200
1,1,8421,1779138853.59177,1,1920,1200
1,1,8422,1779138853.61259,1,1920,1200
1,1,8423,1779138853.63341,1,1920,1200
1,1,8424,1779138853.65423,1,1920,1200
1,1,8425,1779138853.67505,1,1920,1200
1,1,8426,1779138853.69587,1,1920,1200
1,1,8427,1779138853.71669,1,1920,1200
1,1,8428,1779138853.73751,1,1920,1200
1,1,8429,1779138853.75833,1,1920,1200
1,1,8430,1779138853.77916,1,1920,1200
1,1,8431,1779138853.79998,1,1920,1200
1,1,8432,1779138853.8208,1,1920,1200
1,1,8433,1779138853.84162,1,1920,1200
1,1,8434,1779138853.86244,1,1920,1200
1,1,8435,1779138853.88326,1,1920,1200
1,1,8436,1779138853.90408,1,1920,1200
1,1,8437,1779138853.9249,1,1920,1200
1,1,8438,1779138853.94572,1,1920,1200
1,1,8439,1779138853.96654,1,1920,1200
1,1,8440,1779138853.98736,1,1920,1200
1,1,8441,1779138854.00819,1,1920,1200
1,1,8442,1779138854.02901,1,1920,1200
1,1,8443,1779138854.04983,1,1920,1200
1,1,8444,1779138854.07065,1,1920,1200
1,1,8445,1779138854.09147,1,1920,1200
1,1,8446,1779138854.11229,1,1920,1200
1,1,8447,1779138854.13311,1,1920,1200
1,1,8448,1779138854.15393,1,1920,1200
1,1,8449,1779138854.17475,1,1920,1200
1,1,8450,1779138854.19557,1,1920,1200
1,1,8451,1779138854.21639,1,1920,1200
1,1,8452,1779138854.23721,1,1920,1200
1,1,8453,1779138854.25804,1,1920,1200
1,1,8454,1779138854.27886,1,1920,1200
1,1,8455,1779138854.29968,1,1920,1200
1,1,8456,1779138854.3205,1,1920,1200
1,1,8457,1779138854.34132,1,1920,1200
1,1,8458,1779138854.36214,1,1920,1200
1,1,8459,1779138854.38296,1,1920,1200
1,1,8460,1779138854.40378,1,1920,1200
1,1,8461,1779138854.4246,1,1920,1200
1,1,8462,1779138854.44542,1,1920,1200
1,1,8463,1779138854.46624,1,1920,1200
1,1,8464,1779138854.48706,1,1920,1200
1,1,8465,1779138854.50789,1,1920,1200
1,1,8466,1779138854.52871,1,1920,1200
1,1,8467,1779138854.54953,1,1920,1200
1,1,8468,1779138854.57035,1,1920,1200
1,1,8469,1779138854.59117,1,1920,1200
1,1,8470,1779138854.61199,1,1920,1200
1,1,8471,1779138854.63281,1,1920,1200
1,1,8472,1779138854.65363,1,1920,1200
1,1,8473,1779138854.67445,1,1920,1200
1,1,8474,1779138854.69527,1,1920,1200
1,1,8475,1779138854.7161,1,1920,1200
1,1,8476,1779138854.73691,1,1920,1200
1,1,8477,1779138854.75774,1,1920,1200
1,1,8478,1779138854.77856,1,1920,1200
1,1,8479,1779138854.79938,1,1920,1200
1,1,8480,1779138854.8202,1,1920,1200
1,1,8481,1779138854.84102,1,1920,1200
1,1,8482,1779138854.86184,1,1920,1200
1,1,8483,1779138854.88266,1,1920,1200
1,1,8484,1779138854.90348,1,1920,1200
1,1,8485,1779138854.9243,1,1920,1200
1,1,8486,1779138854.94512,1,1920,1200
1,1,8487,1779138854.96594,1,1920,1200
1,1,8488,1779138854.98676,1,1920,1200
1,1,8489,1779138855.00759,1,1920,1200
1,1,8490,1779138855.02841,1,1920,1200
1,1,8491,1779138855.04923,1,1920,1200
1,1,8492,1779138855.07005,1,1920,1200
1,1,8493,1779138855.09087,1,1920,1200
1,1,8494,1779138855.11169,1,1920,1200
1,1,8495,1779138855.13251,1,1920,1200
1,1,8496,1779138855.15333,1,1920,1200
1,1,8497,1779138855.17415,1,1920,1200
1,1,8498,1779138855.19497,2,1920,1200
1,1,8499,1779138855.21579,2,1920,1200
1,1,8500,1779138855.23661,2,1920,1200
1,1,8501,1779138855.25743,2,1920,1200
1,1,8502,1779138855.27826,2,1920,1200
1,1,8503,1779138855.29908,2,1920,1200
1,1,8504,1779138855.3199,2,1920,1200
1,1,8505,1779138855.34072,2,1920,1200
1,1,8506,1779138855.36154,2,1920,1200
1,1,8507,1779138855.38236,2,1920,1200
1,1,8508,1779138855.40318,2,1920,1200
1,1,8509,1779138855.424,2,1920,1200
1,1,8510,1779138855.44482,2,1920,1200
1,1,8511,1779138855.46564,2,1920,1200
1,1,8512,1779138855.48646,2,1920,1200
1,1,8513,1779138855.50729,2,1920,1200
1,1,8514,1779138855.52811,2,1920,1200
1,1,8515,1779138855.54893,2,1920,1200
1,1,8516,1779138855.56975,2,1920,1200
1,1,8517,1779138855.59057,2,1920,1200
1,1,8518,1779138855.61139,2,1920,1200
1,1,8519,1779138855.63221,2,1920,1200
1,1,8520,1779138855.65303,2,1920,1200
1,1,8521,1779138855.67385,2,1920,1200
1,1,8522,1779138855.69467,2,1920,1200
1,1,8523,1779138855.71549,2,1920,1200
1,1,8524,1779138855.73632,2,1920,1200
1,1,8525,1779138855.75714,2,1920,1200
1,1,8526,1779138855.77796,2,1920,1200
1,1,8527,1779138855.79878,2,1920,1200
1,1,8528,1779138855.8196,2,1920,1200
1,1,8529,1779138855.84042,2,1920,1200
1,1,8530,1779138855.86124,2,1920,1200
1,1,8531,1779138855.88206,2,1920,1200
1,1,8532,1779138855.90288,2,1920,1200
1,1,8533,1779138855.9237,2,1920,1200
1,1,8534,1779138855.94452,2,1920,1200
1,1,8535,1779138855.96534,2,1920,1200
1,1,8536,1779138855.98617,2,1920,1200
1,1,8537,1779138856.00699,2,1920,1200
1,1,8538,1779138856.02781,2,1920,1200
1,1,8539,1779138856.04863,2,1920,1200
1,1,8540,1779138856.06945,2,1920,1200
1,1,8541,1779138856.09027,2,1920,1200
1,1,8542,1779138856.11109,2,1920,1200
1,1,8543,1779138856.13191,2,1920,1200
1,1,8544,1779138856.15273,2,1920,1200
1,1,8545,1779138856.17355,2,1920,1200
1,1,8546,1779138856.19437,2,1920,1200
1,1,8547,1779138856.21519,2,1920,1200
1,1,8548,1779138856.23601,2,1920,1200
1,1,8549,1779138856.25683,2,1920,1200
1,1,8550,1779138856.27766,2,1920,1200
1,1,8551,1779138856.29848,2,1920,1200
1,1,8552,1779138856.3193,2,1920,1200
1,1,8553,1779138856.34012,2,1920,1200
1,1,8554,1779138856.36094,2,1920,1200
1,1,8555,1779138856.38176,2,1920,1200
1,1,8556,1779138856.40258,2,1920,1200
1,1,8557,1779138856.4234,2,1920,1200
1,1,8558,1779138856.44422,2,1920,1200
1,1,8559,1779138856.46504,2,1920,1200
1,1,8560,1779138856.48586,2,1920,1200
1,1,8561,1779138856.50669,2,1920,1200
1,1,8562,1779138856.52751,2,1920,1200
1,1,8563,1779138856.54833,2,1920,1200
1,1,8564,1779138856.56915,2,1920,1200
1,1,8565,1779138856.58997,2,1920,1200
1,1,8566,1779138856.61079,2,1920,1200
1,1,8567,1779138856.63161,2,1920,1200
1,1,8568,1779138856.65243,2,1920,1200
1,1,8569,1779138856.67325,2,1920,1200
1,1,8570,1779138856.69407,2,1920,1200
1,1,8571,1779138856.71489,2,1920,1200
1,1,8572,1779138856.73571,2,1920,1200
1,1,8573,1779138856.75653,2,1920,1200
1,1,8574,1779138856.77735,2,1920,1200
1,1,8575,1779138856.79818,2,1920,1200
1,1,8576,1779138856.819,2,1920,1200
1,1,8577,1779138856.83982,2,1920,1200
1,1,8578,1779138856.86064,2,1920,1200
1,1,8579,1779138856.88146,2,1920,1200
1,1,8580,1779138856.90228,2,1920,1200
1,1,8581,1779138856.9231,2,1920,1200
1,1,8582,1779138856.94392,2,1920,1200
1,1,8583,1779138856.96474,2,1920,1200
1,1,8584,1779138856.98556,2,1920,1200
1,1,8585,1779138857.00638,2,1920,1200
1,1,8586,1779138857.02721,2,1920,1200
1,1,8587,1779138857.04803,2,1920,1200
1,1,8588,1779138857.06885,2,1920,1200
1,1,8589,1779138857.08967,2,1920,1200
1,1,8590,1779138857.11049,2,1920,1200
1,1,8591,1779138857.13131,2,1920,1200
1,1,8592,1779138857.15213,2,1920,1200
1,1,8593,1779138857.17295,2,1920,1200
1,1,8594,1779138857.19377,2,1920,1200
1,1,8595,1779138857.21459,2,1920,1200
1,1,8596,1779138857.23541,2,1920,1200
1,1,8597,1779138857.25623,2,1920,1200
1,1,8598,1779138857.27706,2,1920,1200
1,1,8599,1779138857.29788,2,1920,1200
1,1,8600,1779138857.3187,2,1920,1200
1,1,8601,1779138857.33952,2,1920,1200
1,1,8602,1779138857.36034,2,1920,1200
1,1,8603,1779138857.38116,2,1920,1200
1,1,8604,1779138857.40198,2,1920,1200
1,1,8605,1779138857.4228,2,1920,1200
1,1,8606,1779138857.44362,2,1920,1200
1,1,8607,1779138857.46444,2,1920,1200
1,1,8608,1779138857.48526,2,1920,1200
1,1,8609,1779138857.50608,2,1920,1200
1,1,8610,1779138857.5269,2,1920,1200
1,1,8611,1779138857.54772,2,1920,1200
1,1,8612,1779138857.56855,2,1920,1200
1,1,8613,1779138857.58937,2,1920,1200
1,1,8614,1779138857.61019,2,1920,1200
1,1,8615,1779138857.63101,2,1920,1200
1,1,8616,1779138857.65183,2,1920,1200
1,1,8617,1779138857.67265,2,1920,1200
1,1,8618,1779138857.69347,2,1920,1200
1,1,8619,1779138857.71429,2,1920,1200
1,1,8620,1779138857.73511,2,1920,1200
1,1,8621,1779138857.75593,2,1920,1200
1,1,8622,1779138857.77675,2,1920,1200
1,1,8623,1779138857.79757,2,1920,1200
1,1,8624,1779138857.8184,2,1920,1200
1,1,8625,1779138857.83922,2,1920,1200
1,1,8626,1779138857.86004,2,1920,1200
1,1,8627,1779138857.88086,2,1920,1200
1,1,8628,1779138857.90168,2,1920,1200
1,1,8629,1779138857.9225,2,1920,1200
1,1,8630,1779138857.94332,2,1920,1200
1,1,8631,1779138857.96414,2,1920,1200
1,1,8632,1779138857.98496,2,1920,1200
1,1,8633,1779138858.00578,2,1920,1200
1,1,8634,1779138858.0266,2,1920,1200
1,1,8635,1779138858.04742,2,1920,1200
1,1,8636,1779138858.06824,2,1920,1200
1,1,8637,1779138858.08906,2,1920,1200
1,1,8638,1779138858.10989,2,1920,1200
1,1,8639,1779138858.13071,2,1920,1200
1,1,8640,1779138858.15153,2,1920,1200
1,1,8641,1779138858.17235,2,1920,1200
1,1,8642,1779138858.19317,2,1920,1200
1,1,8643,1779138858.21399,2,1920,1200
1,1,8644,1779138858.23481,2,1920,1200
1,1,8645,1779138858.25563,2,1920,1200
1,1,8646,1779138858.27645,2,1920,1200
1,1,8647,1779138858.29727,2,1920,1200
1,1,8648,1779138858.31809,2,1920,1200
1,1,8649,1779138858.33891,2,1920,1200
1,1,8650,1779138858.35973,2,1920,1200
1,1,8651,1779138858.38055,2,1920,1200
1,1,8652,1779138858.40138,2,1920,1200
1,1,8653,1779138858.4222,2,1920,1200
1,1,8654,1779138858.44302,2,1920,1200
1,1,8655,1779138858.46384,2,1920,1200
1,1,8656,1779138858.48466,2,1920,1200
1,1,8657,1779138858.50548,2,1920,1200
1,1,8658,1779138858.5263,2,1920,1200
1,1,8659,1779138858.54712,2,1920,1200
1,1,8660,1779138858.56794,2,1920,1200
1,1,8661,1779138858.58876,2,1920,1200
1,1,8662,1779138858.60958,2,1920,1200
1,1,8663,1779138858.6304,2,1920,1200
1,1,8664,1779138858.65123,2,1920,1200
1,1,8665,1779138858.67205,2,1920,1200
1,1,8666,1779138858.69287,2,1920,1200
1,1,8667,1779138858.71369,2,1920,1200
1,1,8668,1779138858.73451,2,1920,1200
1,1,8669,1779138858.75533,2,1920,1200
1,1,8670,1779138858.77615,2,1920,1200
1,1,8671,1779138858.79697,2,1920,1200
1,1,8672,1779138858.81779,2,1920,1200
1,1,8673,1779138858.83861,2,1920,1200
1,1,8674,1779138858.85943,2,1920,1200
1,1,8675,1779138858.88025,2,1920,1200
1,1,8676,1779138858.90108,2,1920,1200
1,1,8677,1779138858.9219,2,1920,1200
1,1,8678,1779138858.94272,2,1920,1200
1,1,8679,1779138858.96354,2,1920,1200
1,1,8680,1779138858.98436,2,1920,1200
1,1,8681,1779138859.00518,2,1920,1200
1,1,8682,1779138859.026,2,1920,1200
1,1,8683,1779138859.04682,2,1920,1200
1,1,8684,1779138859.06764,2,1920,1200
1,1,8685,1779138859.08846,2,1920,1200
1,1,8686,1779138859.10928,2,1920,1200
1,1,8687,1779138859.1301,2,1920,1200
1,1,8688,1779138859.15092,2,1920,1200
1,1,8689,1779138859.17174,2,1920,1200
1,1,8690,1779138859.19257,1,1920,1200
1,1,8691,1779138859.21339,1,1920,1200
1,1,8692,1779138859.23421,1,1920,1200
1,1,8693,1779138859.25503,1,1920,1200
1,1,8694,1779138859.27585,1,1920,1200
1,1,8695,1779138859.29667,1,1920,1200
1,1,8696,1779138859.31749,1,1920,1200
1,1,8697,1779138859.33831,1,1920,1200
1,1,8698,1779138859.35913,1,1920,1200
1,1,8699,1779138859.37995,1,1920,1200
1,1,8700,1779138859.40077,1,1920,1200
1,1,8701,1779138859.42159,1,1920,1200
1,1,8702,1779138859.44241,1,1920,1200
1,1,8703,1779138859.46323,1,1920,1200
1,1,8704,1779138859.48406,1,1920,1200
1,1,8705,1779138859.50488,1,1920,1200
1,1,8706,1779138859.5257,1,1920,1200
1,1,8707,1779138859.54652,1,1920,1200
1,1,8708,1779138859.56734,1,1920,1200
1,1,8709,1779138859.58816,1,1920,1200
1,1,8710,1779138859.60898,1,1920,1200
1,1,8711,1779138859.6298,1,1920,1200
1,1,8712,1779138859.65062,1,1920,1200
1,1,8713,1779138859.67144,1,1920,1200
1,1,8714,1779138859.69226,1,1920,1200
1,1,8715,1779138859.71308,1,1920,1200
1,1,8716,1779138859.7339,1,1920,1200
1,1,8717,1779138859.75472,1,1920,1200
1,1,8718,1779138859.77555,1,1920,1200
1,1,8719,1779138859.79637,1,1920,1200
1,1,8720,1779138859.81719,1,1920,1200
1,1,8721,1779138859.83801,1,1920,1200
1,1,8722,1779138859.85883,1,1920,1200
1,1,8723,1779138859.87965,1,1920,1200
1,1,8724,1779138859.90047,1,1920,1200
1,1,8725,1779138859.92129,1,1920,1200
1,1,8726,1779138859.94211,1,1920,1200
1,1,8727,1779138859.96293,1,1920,1200
1,1,8728,1779138859.98375,1,1920,1200
1,1,8729,1779138860.00457,1,1920,1200
1,1,8730,1779138860.02539,1,1920,1200
1,1,8731,1779138860.04622,1,1920,1200
1,1,8732,1779138860.06704,1,1920,1200
1,1,8733,1779138860.08786,1,1920,1200
1,1,8734,1779138860.10868,1,1920,1200
1,1,8735,1779138860.1295,1,1920,1200
1,1,8736,1779138860.15032,1,1920,1200
1,1,8737,1779138860.17114,1,1920,1200
1,1,8738,1779138860.19196,1,1920,1200
1,1,8739,1779138860.21278,1,1920,1200
1,1,8740,1779138860.2336,1,1920,1200
1,1,8741,1779138860.25442,1,1920,1200
1,1,8742,1779138860.27524,1,1920,1200
1,1,8743,1779138860.29606,1,1920,1200
1,1,8744,1779138860.31688,1,1920,1200
1,1,8745,1779138860.3377,1,1920,1200
1,1,8746,1779138860.35853,1,1920,1200
1,1,8747,1779138860.37935,1,1920,1200
1,1,8748,1779138860.40017,1,1920,1200
1,1,8749,1779138860.42099,1,1920,1200
1,1,8750,1779138860.44181,1,1920,1200
1,1,8751,1779138860.46263,1,1920,1200
1,1,8752,1779138860.48345,1,1920,1200
1,1,8753,1779138860.50427,1,1920,1200
1,1,8754,1779138860.52509,1,1920,1200
1,1,8755,1779138860.54591,1,1920,1200
1,1,8756,1779138860.56673,1,1920,1200
1,1,8757,1779138860.58755,1,1920,1200
1,1,8758,1779138860.60837,1,1920,1200
1,1,8759,1779138860.6292,1,1920,1200
1,1,8760,1779138860.65002,1,1920,1200
1,1,8761,1779138860.67084,1,1920,1200
1,1,8762,1779138860.69166,1,1920,1200
1,1,8763,1779138860.71248,1,1920,1200
1,1,8764,1779138860.7333,1,1920,1200
1,1,8765,1779138860.75412,1,1920,1200
1,1,8766,1779138860.77494,1,1920,1200
1,1,8767,1779138860.79576,1,1920,1200
1,1,8768,1779138860.81658,1,1920,1200
1,1,8769,1779138860.8374,1,1920,1200
1,1,8770,1779138860.85822,1,1920,1200
1,1,8771,1779138860.87904,1,1920,1200
1,1,8772,1779138860.89986,1,1920,1200
1,1,8773,1779138860.92069,1,1920,1200
1,1,8774,1779138860.94151,1,1920,1200
1,1,8775,1779138860.96233,1,1920,1200
1,1,8776,1779138860.98315,1,1920,1200
1,1,8777,1779138861.00397,1,1920,1200
1,1,8778,1779138861.02479,1,1920,1200
1,1,8779,1779138861.04561,1,1920,1200
1,1,8780,1779138861.06643,1,1920,1200
1,1,8781,1779138861.08725,1,1920,1200
1,1,8782,1779138861.10807,1,1920,1200
1,1,8783,1779138861.12889,1,1920,1200
1,1,8784,1779138861.14971,1,1920,1200
1,1,8785,1779138861.17053,1,1920,1200
1,1,8786,1779138861.19135,1,1920,1200
1,1,8787,1779138861.21218,1,1920,1200
1,1,8788,1779138861.233,1,1920,1200
1,1,8789,1779138861.25382,1,1920,1200
1,1,8790,1779138861.27464,1,1920,1200
1,1,8791,1779138861.29546,1,1920,1200
1,1,8792,1779138861.31628,1,1920,1200
1,1,8793,1779138861.3371,1,1920,1200
1,1,8794,1779138861.35792,1,1920,1200
1,1,8795,1779138861.37874,1,1920,1200
1,1,8796,1779138861.39956,1,1920,1200
1,1,8797,1779138861.42038,1,1920,1200
1,1,8798,1779138861.4412,1,1920,1200
1,1,8799,1779138861.46202,1,1920,1200
1,1,8800,1779138861.48284,1,1920,1200
1,1,8801,1779138861.50366,1,1920,1200
1,1,8802,1779138861.52449,1,1920,1200
1,1,8803,1779138861.54531,1,1920,1200
1,1,8804,1779138861.56613,1,1920,1200
1,1,8805,1779138861.58695,1,1920,1200
1,1,8806,1779138861.60777,1,1920,1200
1,1,8807,1779138861.62859,1,1920,1200
1,1,8808,1779138861.64941,1,1920,1200
1,1,8809,1779138861.67023,1,1920,1200
1,1,8810,1779138861.69105,1,1920,1200
1,1,8811,1779138861.71187,1,1920,1200
1,1,8812,1779138861.73269,1,1920,1200
1,1,8813,1779138861.75351,1,1920,1200
1,1,8814,1779138861.77433,1,1920,1200
1,1,8815,1779138861.79515,1,1920,1200
1,1,8816,1779138861.81598,1,1920,1200
1,1,8817,1779138861.8368,1,1920,1200
1,1,8818,1779138861.85762,1,1920,1200
1,1,8819,1779138861.87844,1,1920,1200
1,1,8820,1779138861.89926,1,1920,1200
1,1,8821,1779138861.92008,1,1920,1200
1,1,8822,1779138861.9409,1,1920,1200
1,1,8823,1779138861.96172,1,1920,1200
1,1,8824,1779138861.98254,1,1920,1200
1,1,8825,1779138862.00336,1,1920,1200
1,1,8826,1779138862.02418,1,1920,1200
1,1,8827,1779138862.045,1,1920,1200
1,1,8828,1779138862.06582,1,1920,1200
1,1,8829,1779138862.08664,1,1920,1200
1,1,8830,1779138862.10747,1,1920,1200
1,1,8831,1779138862.12829,1,1920,1200
1,1,8832,1779138862.14911,1,1920,1200
1,1,8833,1779138862.16993,1,1920,1200
1,1,8834,1779138862.19075,1,1920,1200
1,1,8835,1779138862.21157,1,1920,1200
1,1,8836,1779138862.23239,1,1920,1200
1,1,8837,1779138862.25321,1,1920,1200
1,1,8838,1779138862.27403,1,1920,1200
1,1,8839,1779138862.29485,1,1920,1200
1,1,8840,1779138862.31567,1,1920,1200
1,1,8841,1779138862.33649,1,1920,1200
1,1,8842,1779138862.35731,1,1920,1200
1,1,8843,1779138862.37813,1,1920,1200
1,1,8844,1779138862.39895,1,1920,1200
1,1,8845,1779138862.41978,1,1920,1200
1,1,8846,1779138862.4406,1,1920,1200
1,1,8847,1779138862.46142,1,1920,1200
1,1,8848,1779138862.48224,1,1920,1200
1,1,8849,1779138862.50306,1,1920,1200
1,1,8850,1779138862.52388,1,1920,1200
1,1,8851,1779138862.5447,1,1920,1200
1,1,8852,1779138862.56552,1,1920,1200
1,1,8853,1779138862.58634,1,1920,1200
1,1,8854,1779138862.60716,1,1920,1200
1,1,8855,1779138862.62798,1,1920,1200
1,1,8856,1779138862.6488,1,1920,1200
1,1,8857,1779138862.66962,1,1920,1200
1,1,8858,1779138862.69044,1,1920,1200
1,1,8859,1779138862.71126,1,1920,1200
1,1,8860,1779138862.73209,1,1920,1200
1,1,8861,1779138862.75291,1,1920,1200
1,1,8862,1779138862.77373,1,1920,1200
1,1,8863,1779138862.79455,1,1920,1200
1,1,8864,1779138862.81537,1,1920,1200
1,1,8865,1779138862.83619,1,1920,1200
1,1,8866,1779138862.85701,1,1920,1200
1,1,8867,1779138862.87783,1,1920,1200
1,1,8868,1779138862.89865,1,1920,1200
1,1,8869,1779138862.91947,1,1920,1200
1,1,8870,1779138862.94029,1,1920,1200
1,1,8871,1779138862.96111,1,1920,1200
1,1,8872,1779138862.98193,1,1920,1200
1,1,8873,1779138863.00275,1,1920,1200
1,1,8874,1779138863.02357,1,1920,1200
1,1,8875,1779138863.0444,1,1920,1200
1,1,8876,1779138863.06521,1,1920,1200
1,1,8877,1779138863.08604,1,1920,1200
1,1,8878,1779138863.10686,1,1920,1200
1,1,8879,1779138863.12768,1,1920,1200
1,1,8880,1779138863.1485,1,1920,1200
1,1,8881,1779138863.16932,1,1920,1200
1,1,8882,1779138863.19014,2,1920,1200
1,1,8883,1779138863.21096,2,1920,1200
1,1,8884,1779138863.23178,2,1920,1200
1,1,8885,1779138863.2526,2,1920,1200
1,1,8886,1779138863.27342,2,1920,1200
1,1,8887,1779138863.29424,2,1920,1200
1,1,8888,1779138863.31506,2,1920,1200
1,1,8889,1779138863.33588,2,1920,1200
1,1,8890,1779138863.3567,2,1920,1200
1,1,8891,1779138863.37752,2,1920,1200
1,1,8892,1779138863.39835,2,1920,1200
1,1,8893,1779138863.41917,2,1920,1200
1,1,8894,1779138863.43999,2,1920,1200
1,1,8895,1779138863.46081,2,1920,1200
1,1,8896,1779138863.48163,2,1920,1200
1,1,8897,1779138863.50245,2,1920,1200
1,1,8898,1779138863.52327,2,1920,1200
1,1,8899,1779138863.54409,2,1920,1200
1,1,8900,1779138863.56491,2,1920,1200
1,1,8901,1779138863.58573,2,1920,1200
1,1,8902,1779138863.60655,2,1920,1200
1,1,8903,1779138863.62737,2,1920,1200
1,1,8904,1779138863.64819,2,1920,1200
1,1,8905,1779138863.66901,2,1920,1200
1,1,8906,1779138863.68983,2,1920,1200
1,1,8907,1779138863.71066,2,1920,1200
1,1,8908,1779138863.73148,2,1920,1200
1,1,8909,1779138863.7523,2,1920,1200
1,1,8910,1779138863.77312,2,1920,1200
1,1,8911,1779138863.79394,2,1920,1200
1,1,8912,1779138863.81476,2,1920,1200
1,1,8913,1779138863.83558,2,1920,1200
1,1,8914,1779138863.8564,2,1920,1200
1,1,8915,1779138863.87722,2,1920,1200
1,1,8916,1779138863.89804,2,1920,1200
1,1,8917,1779138863.91886,2,1920,1200
1,1,8918,1779138863.93968,2,1920,1200
1,1,8919,1779138863.9605,2,1920,1200
1,1,8920,1779138863.98132,2,1920,1200
1,1,8921,1779138864.00214,2,1920,1200
1,1,8922,1779138864.02296,2,1920,1200
1,1,8923,1779138864.04379,2,1920,1200
1,1,8924,1779138864.06461,2,1920,1200
1,1,8925,1779138864.08543,2,1920,1200
1,1,8926,1779138864.10625,2,1920,1200
1,1,8927,1779138864.12707,2,1920,1200
1,1,8928,1779138864.14789,2,1920,1200
1,1,8929,1779138864.16871,2,1920,1200
1,1,8930,1779138864.18953,2,1920,1200
1,1,8931,1779138864.21035,2,1920,1200
1,1,8932,1779138864.23117,2,1920,1200
1,1,8933,1779138864.25199,2,1920,1200
1,1,8934,1779138864.27281,2,1920,1200
1,1,8935,1779138864.29363,2,1920,1200
1,1,8936,1779138864.31445,2,1920,1200
1,1,8937,1779138864.33527,2,1920,1200
1,1,8938,1779138864.35609,2,1920,1200
1,1,8939,1779138864.37692,2,1920,1200
1,1,8940,1779138864.39774,2,1920,1200
1,1,8941,1779138864.41856,2,1920,1200
1,1,8942,1779138864.43938,2,1920,1200
1,1,8943,1779138864.4602,2,1920,1200
1,1,8944,1779138864.48102,2,1920,1200
1,1,8945,1779138864.50184,2,1920,1200
1,1,8946,1779138864.52266,2,1920,1200
1,1,8947,1779138864.54348,2,1920,1200
1,1,8948,1779138864.5643,2,1920,1200
1,1,8949,1779138864.58512,2,1920,1200
1,1,8950,1779138864.60594,2,1920,1200
1,1,8951,1779138864.62676,2,1920,1200
1,1,8952,1779138864.64758,2,1920,1200
1,1,8953,1779138864.66841,2,1920,1200
1,1,8954,1779138864.68923,2,1920,1200
1,1,8955,1779138864.71005,2,1920,1200
1,1,8956,1779138864.73087,2,1920,1200
1,1,8957,1779138864.75169,2,1920,1200
1,1,8958,1779138864.77251,2,1920,1200
1,1,8959,1779138864.79333,2,1920,1200
1,1,8960,1779138864.81415,2,1920,1200
1,1,8961,1779138864.83497,2,1920,1200
1,1,8962,1779138864.85579,2,1920,1200
1,1,8963,1779138864.87661,2,1920,1200
1,1,8964,1779138864.89744,2,1920,1200
1,1,8965,1779138864.91825,2,1920,1200
1,1,8966,1779138864.93907,2,1920,1200
1,1,8967,1779138864.95989,2,1920,1200
1,1,8968,1779138864.98071,2,1920,1200
1,1,8969,1779138865.00153,2,1920,1200
1,1,8970,1779138865.02236,2,1920,1200
1,1,8971,1779138865.04318,2,1920,1200
1,1,8972,1779138865.064,2,1920,1200
1,1,8973,1779138865.08482,2,1920,1200
1,1,8974,1779138865.10564,2,1920,1200
1,1,8975,1779138865.12646,2,1920,1200
1,1,8976,1779138865.14728,2,1920,1200
1,1,8977,1779138865.1681,2,1920,1200
1,1,8978,1779138865.18892,1,1920,1200
1,1,8979,1779138865.20974,1,1920,1200
1,1,8980,1779138865.23056,1,1920,1200
1,1,8981,1779138865.25138,1,1920,1200
1,1,8982,1779138865.2722,1,1920,1200
1,1,8983,1779138865.29302,1,1920,1200
1,1,8984,1779138865.31384,1,1920,1200
1,1,8985,1779138865.33466,1,1920,1200
1,1,8986,1779138865.35548,1,1920,1200
1,1,8987,1779138865.37631,1,1920,1200
1,1,8988,1779138865.39713,1,1920,1200
1,1,8989,1779138865.41795,1,1920,1200
1,1,8990,1779138865.43877,1,1920,1200
1,1,8991,1779138865.45959,1,1920,1200
1,1,8992,1779138865.48041,1,1920,1200
1,1,8993,1779138865.50123,1,1920,1200
1,1,8994,1779138865.52205,1,1920,1200
1,1,8995,1779138865.54287,1,1920,1200
1,1,8996,1779138865.56369,1,1920,1200
1,1,8997,1779138865.58451,1,1920,1200
1,1,8998,1779138865.60533,1,1920,1200
1,1,8999,1779138865.62615,1,1920,1200
1,1,9000,1779138865.64697,1,1920,1200
1,1,9001,1779138865.66779,1,1920,1200
1,1,9002,1779138865.68861,1,1920,1200
1,1,9003,1779138865.70943,1,1920,1200
1,1,9004,1779138865.73026,1,1920,1200
1,1,9005,1779138865.75108,1,1920,1200
1,1,9006,1779138865.7719,1,1920,1200
1,1,9007,1779138865.79272,1,1920,1200
1,1,9008,1779138865.81354,1,1920,1200
1,1,9009,1779138865.83436,1,1920,1200
1,1,9010,1779138865.85518,1,1920,1200
1,1,9011,1779138865.876,1,1920,1200
1,1,9012,1779138865.89682,1,1920,1200
1,1,9013,1779138865.91764,1,1920,1200
1,1,9014,1779138865.93846,1,1920,1200
1,1,9015,1779138865.95928,1,1920,1200
1,1,9016,1779138865.9801,1,1920,1200
1,1,9017,1779138866.00092,1,1920,1200
1,1,9018,1779138866.02174,1,1920,1200
1,1,9019,1779138866.04257,1,1920,1200
1,1,9020,1779138866.06339,1,1920,1200
1,1,9021,1779138866.08421,1,1920,1200
1,1,9022,1779138866.10503,1,1920,1200
1,1,9023,1779138866.12585,1,1920,1200
1,1,9024,1779138866.14667,1,1920,1200
1,1,9025,1779138866.16749,1,1920,1200
1,1,9026,1779138866.18831,1,1920,1200
1,1,9027,1779138866.20913,1,1920,1200
1,1,9028,1779138866.22995,1,1920,1200
1,1,9029,1779138866.25077,1,1920,1200
1,1,9030,1779138866.27159,1,1920,1200
1,1,9031,1779138866.29241,1,1920,1200
1,1,9032,1779138866.31323,1,1920,1200
1,1,9033,1779138866.33405,1,1920,1200
1,1,9034,1779138866.35487,1,1920,1200
1,1,9035,1779138866.37569,1,1920,1200
1,1,9036,1779138866.39651,1,1920,1200
1,1,9037,1779138866.41734,1,1920,1200
1,1,9038,1779138866.43816,1,1920,1200
1,1,9039,1779138866.45898,1,1920,1200
1,1,9040,1779138866.4798,1,1920,1200
1,1,9041,1779138866.50062,1,1920,1200
1,1,9042,1779138866.52144,1,1920,1200
1,1,9043,1779138866.54226,1,1920,1200
1,1,9044,1779138866.56308,1,1920,1200
1,1,9045,1779138866.5839,1,1920,1200
1,1,9046,1779138866.60472,1,1920,1200
1,1,9047,1779138866.62554,1,1920,1200
1,1,9048,1779138866.64636,1,1920,1200
1,1,9049,1779138866.66718,1,1920,1200
1,1,9050,1779138866.688,1,1920,1200
1,1,9051,1779138866.70882,1,1920,1200
1,1,9052,1779138866.72964,1,1920,1200
1,1,9053,1779138866.75047,1,1920,1200
1,1,9054,1779138866.77128,1,1920,1200
1,1,9055,1779138866.79211,1,1920,1200
1,1,9056,1779138866.81293,1,1920,1200
1,1,9057,1779138866.83375,1,1920,1200
1,1,9058,1779138866.85457,1,1920,1200
1,1,9059,1779138866.87539,1,1920,1200
1,1,9060,1779138866.89621,1,1920,1200
1,1,9061,1779138866.91703,1,1920,1200
1,1,9062,1779138866.93785,1,1920,1200
1,1,9063,1779138866.95867,1,1920,1200
1,1,9064,1779138866.97949,1,1920,1200
1,1,9065,1779138867.00031,1,1920,1200
1,1,9066,1779138867.02113,1,1920,1200
1,1,9067,1779138867.04195,1,1920,1200
1,1,9068,1779138867.06277,1,1920,1200
1,1,9069,1779138867.08359,1,1920,1200
1,1,9070,1779138867.10441,1,1920,1200
1,1,9071,1779138867.12523,1,1920,1200
1,1,9072,1779138867.14606,1,1920,1200
1,1,9073,1779138867.16688,1,1920,1200
1,1,9074,1779138867.1877,1,1920,1200
1,1,9075,1779138867.20852,1,1920,1200
1,1,9076,1779138867.22934,1,1920,1200
1,1,9077,1779138867.25016,1,1920,1200
1,1,9078,1779138867.27098,1,1920,1200
1,1,9079,1779138867.2918,1,1920,1200
1,1,9080,1779138867.31262,1,1920,1200
1,1,9081,1779138867.33344,1,1920,1200
1,1,9082,1779138867.35426,1,1920,1200
1,1,9083,1779138867.37508,1,1920,1200
1,1,9084,1779138867.3959,1,1920,1200
1,1,9085,1779138867.41672,1,1920,1200
1,1,9086,1779138867.43754,1,1920,1200
1,1,9087,1779138867.45836,1,1920,1200
1,1,9088,1779138867.47919,1,1920,1200
1,1,9089,1779138867.5,1,1920,1200
1,1,9090,1779138867.52083,1,1920,1200
1,1,9091,1779138867.54165,1,1920,1200
1,1,9092,1779138867.56247,1,1920,1200
1,1,9093,1779138867.58329,1,1920,1200
1,1,9094,1779138867.60411,1,1920,1200
1,1,9095,1779138867.62493,1,1920,1200
1,1,9096,1779138867.64575,1,1920,1200
1,1,9097,1779138867.66657,1,1920,1200
1,1,9098,1779138867.68739,1,1920,1200
1,1,9099,1779138867.70821,1,1920,1200
1,1,9100,1779138867.72903,1,1920,1200
1,1,9101,1779138867.74985,1,1920,1200
1,1,9102,1779138867.77067,1,1920,1200
1,1,9103,1779138867.79149,1,1920,1200
1,1,9104,1779138867.81231,1,1920,1200
1,1,9105,1779138867.83313,1,1920,1200
1,1,9106,1779138867.85396,1,1920,1200
1,1,9107,1779138867.87478,1,1920,1200
1,1,9108,1779138867.8956,1,1920,1200
1,1,9109,1779138867.91642,1,1920,1200
1,1,9110,1779138867.93724,1,1920,1200
1,1,9111,1779138867.95806,1,1920,1200
1,1,9112,1779138867.97888,1,1920,1200
1,1,9113,1779138867.9997,1,1920,1200
1,1,9114,1779138868.02052,1,1920,1200
1,1,9115,1779138868.04134,1,1920,1200
1,1,9116,1779138868.06216,1,1920,1200
1,1,9117,1779138868.08298,1,1920,1200
1,1,9118,1779138868.1038,1,1920,1200
1,1,9119,1779138868.12462,1,1920,1200
1,1,9120,1779138868.14544,1,1920,1200
1,1,9121,1779138868.16626,1,1920,1200
1,1,9122,1779138868.18708,1,1920,1200
1,1,9123,1779138868.2079,1,1920,1200
1,1,9124,1779138868.22872,1,1920,1200
1,1,9125,1779138868.24955,1,1920,1200
1,1,9126,1779138868.27036,1,1920,1200
1,1,9127,1779138868.29119,1,1920,1200
1,1,9128,1779138868.31201,1,1920,1200
1,1,9129,1779138868.33283,1,1920,1200
1,1,9130,1779138868.35365,1,1920,1200
1,1,9131,1779138868.37447,1,1920,1200
1,1,9132,1779138868.39529,1,1920,1200
1,1,9133,1779138868.41611,1,1920,1200
1,1,9134,1779138868.43693,1,1920,1200
1,1,9135,1779138868.45775,1,1920,1200
1,1,9136,1779138868.47857,1,1920,1200
1,1,9137,1779138868.49939,1,1920,1200
1,1,9138,1779138868.52021,1,1920,1200
1,1,9139,1779138868.54103,1,1920,1200
1,1,9140,1779138868.56185,1,1920,1200
1,1,9141,1779138868.58267,1,1920,1200
1,1,9142,1779138868.60349,1,1920,1200
1,1,9143,1779138868.62431,1,1920,1200
1,1,9144,1779138868.64513,1,1920,1200
1,1,9145,1779138868.66596,1,1920,1200
1,1,9146,1779138868.68678,1,1920,1200
1,1,9147,1779138868.7076,1,1920,1200
1,1,9148,1779138868.72842,1,1920,1200
1,1,9149,1779138868.74924,1,1920,1200
1,1,9150,1779138868.77006,1,1920,1200
1,1,9151,1779138868.79088,1,1920,1200
1,1,9152,1779138868.8117,1,1920,1200
1,1,9153,1779138868.83252,1,1920,1200
1,1,9154,1779138868.85334,1,1920,1200
1,1,9155,1779138868.87416,1,1920,1200
1,1,9156,1779138868.89498,1,1920,1200
1,1,9157,1779138868.9158,1,1920,1200
1,1,9158,1779138868.93662,1,1920,1200
1,1,9159,1779138868.95744,1,1920,1200
1,1,9160,1779138868.97826,1,1920,1200
1,1,9161,1779138868.99908,1,1920,1200
1,1,9162,1779138869.01991,1,1920,1200
1,1,9163,1779138869.04073,1,1920,1200
1,1,9164,1779138869.06155,1,1920,1200
1,1,9165,1779138869.08237,1,1920,1200
1,1,9166,1779138869.10319,1,1920,1200
1,1,9167,1779138869.12401,1,1920,1200
1,1,9168,1779138869.14483,1,1920,1200
1,1,9169,1779138869.16565,1,1920,1200
1,1,9170,1779138869.18647,2,1920,1200
1,1,9171,1779138869.20729,2,1920,1200
1,1,9172,1779138869.22811,2,1920,1200
1,1,9173,1779138869.24893,2,1920,1200
1,1,9174,1779138869.26975,2,1920,1200
1,1,9175,1779138869.29057,2,1920,1200
1,1,9176,1779138869.31139,2,1920,1200
1,1,9177,1779138869.33221,2,1920,1200
1,1,9178,1779138869.35303,2,1920,1200
1,1,9179,1779138869.37385,2,1920,1200
1,1,9180,1779138869.39467,2,1920,1200
1,1,9181,1779138869.41549,2,1920,1200
1,1,9182,1779138869.43631,2,1920,1200
1,1,9183,1779138869.45714,2,1920,1200
1,1,9184,1779138869.47796,2,1920,1200
1,1,9185,1779138869.49878,2,1920,1200
1,1,9186,1779138869.5196,2,1920,1200
1,1,9187,1779138869.54042,2,1920,1200
1,1,9188,1779138869.56124,2,1920,1200
1,1,9189,1779138869.58206,2,1920,1200
1,1,9190,1779138869.60288,2,1920,1200
1,1,9191,1779138869.6237,2,1920,1200
1,1,9192,1779138869.64452,2,1920,1200
1,1,9193,1779138869.66534,2,1920,1200
1,1,9194,1779138869.68616,2,1920,1200
1,1,9195,1779138869.70698,2,1920,1200
1,1,9196,1779138869.7278,2,1920,1200
1,1,9197,1779138869.74862,2,1920,1200
1,1,9198,1779138869.76944,2,1920,1200
1,1,9199,1779138869.79026,2,1920,1200
1,1,9200,1779138869.81109,2,1920,1200
1,1,9201,1779138869.8319,2,1920,1200
1,1,9202,1779138869.85273,2,1920,1200
1,1,9203,1779138869.87355,2,1920,1200
1,1,9204,1779138869.89437,2,1920,1200
1,1,9205,1779138869.91519,2,1920,1200
1,1,9206,1779138869.93601,2,1920,1200
1,1,9207,1779138869.95683,2,1920,1200
1,1,9208,1779138869.97765,2,1920,1200
1,1,9209,1779138869.99847,2,1920,1200
1,1,9210,1779138870.01929,2,1920,1200
1,1,9211,1779138870.04011,2,1920,1200
1,1,9212,1779138870.06093,2,1920,1200
1,1,9213,1779138870.08175,2,1920,1200
1,1,9214,1779138870.10257,2,1920,1200
1,1,9215,1779138870.12339,2,1920,1200
1,1,9216,1779138870.14421,2,1920,1200
1,1,9217,1779138870.16503,2,1920,1200
1,1,9218,1779138870.18585,2,1920,1200
1,1,9219,1779138870.20667,2,1920,1200
1,1,9220,1779138870.2275,2,1920,1200
1,1,9221,1779138870.24832,2,1920,1200
1,1,9222,1779138870.26914,2,1920,1200
1,1,9223,1779138870.28996,2,1920,1200
1,1,9224,1779138870.31078,2,1920,1200
1,1,9225,1779138870.3316,2,1920,1200
1,1,9226,1779138870.35242,2,1920,1200
1,1,9227,1779138870.37324,2,1920,1200
1,1,9228,1779138870.39406,2,1920,1200
1,1,9229,1779138870.41488,2,1920,1200
1,1,9230,1779138870.4357,2,1920,1200
1,1,9231,1779138870.45652,2,1920,1200
1,1,9232,1779138870.47734,2,1920,1200
1,1,9233,1779138870.49816,2,1920,1200
1,1,9234,1779138870.51898,2,1920,1200
1,1,9235,1779138870.5398,2,1920,1200
1,1,9236,1779138870.56062,2,1920,1200
1,1,9237,1779138870.58144,2,1920,1200
1,1,9238,1779138870.60226,2,1920,1200
1,1,9239,1779138870.62308,2,1920,1200
1,1,9240,1779138870.6439,2,1920,1200
1,1,9241,1779138870.66472,2,1920,1200
1,1,9242,1779138870.68554,2,1920,1200
1,1,9243,1779138870.70637,2,1920,1200
1,1,9244,1779138870.72719,2,1920,1200
1,1,9245,1779138870.74801,2,1920,1200
1,1,9246,1779138870.76883,2,1920,1200
1,1,9247,1779138870.78965,2,1920,1200
1,1,9248,1779138870.81047,2,1920,1200
1,1,9249,1779138870.83129,2,1920,1200
1,1,9250,1779138870.85211,2,1920,1200
1,1,9251,1779138870.87293,2,1920,1200
1,1,9252,1779138870.89375,2,1920,1200
1,1,9253,1779138870.91457,2,1920,1200
1,1,9254,1779138870.93539,2,1920,1200
1,1,9255,1779138870.95621,2,1920,1200
1,1,9256,1779138870.97703,2,1920,1200
1,1,9257,1779138870.99785,2,1920,1200
1,1,9258,1779138871.01867,2,1920,1200
1,1,9259,1779138871.03949,2,1920,1200
1,1,9260,1779138871.06031,2,1920,1200
1,1,9261,1779138871.08114,2,1920,1200
1,1,9262,1779138871.10195,2,1920,1200
1,1,9263,1779138871.12278,2,1920,1200
1,1,9264,1779138871.1436,2,1920,1200
1,1,9265,1779138871.16442,2,1920,1200
1,1,9266,1779138871.18524,2,1920,1200
1,1,9267,1779138871.20606,2,1920,1200
1,1,9268,1779138871.22688,2,1920,1200
1,1,9269,1779138871.2477,2,1920,1200
1,1,9270,1779138871.26852,2,1920,1200
1,1,9271,1779138871.28934,2,1920,1200
1,1,9272,1779138871.31016,2,1920,1200
1,1,9273,1779138871.33098,2,1920,1200
1,1,9274,1779138871.3518,2,1920,1200
1,1,9275,1779138871.37262,2,1920,1200
1,1,9276,1779138871.39344,2,1920,1200
1,1,9277,1779138871.41426,2,1920,1200
1,1,9278,1779138871.43508,2,1920,1200
1,1,9279,1779138871.4559,2,1920,1200
1,1,9280,1779138871.47672,2,1920,1200
1,1,9281,1779138871.49754,2,1920,1200
1,1,9282,1779138871.51837,2,1920,1200
1,1,9283,1779138871.53918,2,1920,1200
1,1,9284,1779138871.56001,2,1920,1200
1,1,9285,1779138871.58083,2,1920,1200
1,1,9286,1779138871.60165,2,1920,1200
1,1,9287,1779138871.62247,2,1920,1200
1,1,9288,1779138871.64329,2,1920,1200
1,1,9289,1779138871.66411,2,1920,1200
1,1,9290,1779138871.68493,2,1920,1200
1,1,9291,1779138871.70575,2,1920,1200
1,1,9292,1779138871.72657,2,1920,1200
1,1,9293,1779138871.74739,2,1920,1200
1,1,9294,1779138871.76821,2,1920,1200
1,1,9295,1779138871.78903,2,1920,1200
1,1,9296,1779138871.80985,2,1920,1200
1,1,9297,1779138871.83067,2,1920,1200
1,1,9298,1779138871.85149,2,1920,1200
1,1,9299,1779138871.87231,2,1920,1200
1,1,9300,1779138871.89313,2,1920,1200
1,1,9301,1779138871.91395,2,1920,1200
1,1,9302,1779138871.93477,2,1920,1200
1,1,9303,1779138871.95559,2,1920,1200
1,1,9304,1779138871.97642,2,1920,1200
1,1,9305,1779138871.99724,2,1920,1200
1,1,9306,1779138872.01806,2,1920,1200
1,1,9307,1779138872.03888,2,1920,1200
1,1,9308,1779138872.0597,2,1920,1200
1,1,9309,1779138872.08052,2,1920,1200
1,1,9310,1779138872.10134,2,1920,1200
1,1,9311,1779138872.12216,2,1920,1200
1,1,9312,1779138872.14298,2,1920,1200
1,1,9313,1779138872.1638,2,1920,1200
1,1,9314,1779138872.18462,2,1920,1200
1,1,9315,1779138872.20544,2,1920,1200
1,1,9316,1779138872.22626,2,1920,1200
1,1,9317,1779138872.24708,2,1920,1200
1,1,9318,1779138872.2679,2,1920,1200
1,1,9319,1779138872.28872,2,1920,1200
1,1,9320,1779138872.30954,2,1920,1200
1,1,9321,1779138872.33036,2,1920,1200
1,1,9322,1779138872.35118,2,1920,1200
1,1,9323,1779138872.372,2,1920,1200
1,1,9324,1779138872.39282,2,1920,1200
1,1,9325,1779138872.41365,2,1920,1200
1,1,9326,1779138872.43446,2,1920,1200
1,1,9327,1779138872.45529,2,1920,1200
1,1,9328,1779138872.47611,2,1920,1200
1,1,9329,1779138872.49693,2,1920,1200
1,1,9330,1779138872.51775,2,1920,1200
1,1,9331,1779138872.53857,2,1920,1200
1,1,9332,1779138872.55939,2,1920,1200
1,1,9333,1779138872.58021,2,1920,1200
1,1,9334,1779138872.60103,2,1920,1200
1,1,9335,1779138872.62185,2,1920,1200
1,1,9336,1779138872.64267,2,1920,1200
1,1,9337,1779138872.66349,2,1920,1200
1,1,9338,1779138872.68431,2,1920,1200
1,1,9339,1779138872.70513,2,1920,1200
1,1,9340,1779138872.72595,2,1920,1200
1,1,9341,1779138872.74677,2,1920,1200
1,1,9342,1779138872.76759,2,1920,1200
1,1,9343,1779138872.78841,2,1920,1200
1,1,9344,1779138872.80923,2,1920,1200
1,1,9345,1779138872.83005,2,1920,1200
1,1,9346,1779138872.85087,2,1920,1200
1,1,9347,1779138872.8717,2,1920,1200
1,1,9348,1779138872.89252,2,1920,1200
1,1,9349,1779138872.91334,2,1920,1200
1,1,9350,1779138872.93416,2,1920,1200
1,1,9351,1779138872.95498,2,1920,1200
1,1,9352,1779138872.9758,2,1920,1200
1,1,9353,1779138872.99662,2,1920,1200
1,1,9354,1779138873.01744,2,1920,1200
1,1,9355,1779138873.03826,2,1920,1200
1,1,9356,1779138873.05908,2,1920,1200
1,1,9357,1779138873.0799,2,1920,1200
1,1,9358,1779138873.10072,2,1920,1200
1,1,9359,1779138873.12154,2,1920,1200
1,1,9360,1779138873.14236,2,1920,1200
1,1,9361,1779138873.16318,2,1920,1200
1,1,9362,1779138873.184,2,1920,1200
1,1,9363,1779138873.20482,2,1920,1200
1,1,9364,1779138873.22564,2,1920,1200
1,1,9365,1779138873.24646,2,1920,1200
1,1,9366,1779138873.26728,2,1920,1200
1,1,9367,1779138873.2881,2,1920,1200
1,1,9368,1779138873.30892,2,1920,1200
1,1,9369,1779138873.32974,2,1920,1200
1,1,9370,1779138873.35056,2,1920,1200
1,1,9371,1779138873.37139,2,1920,1200
1,1,9372,1779138873.39221,2,1920,1200
1,1,9373,1779138873.41303,2,1920,1200
1,1,9374,1779138873.43385,2,1920,1200
1,1,9375,1779138873.45467,2,1920,1200
1,1,9376,1779138873.47549,2,1920,1200
1,1,9377,1779138873.49631,2,1920,1200
1,1,9378,1779138873.51713,2,1920,1200
1,1,9379,1779138873.53795,2,1920,1200
1,1,9380,1779138873.55877,2,1920,1200
1,1,9381,1779138873.57959,2,1920,1200
1,1,9382,1779138873.60041,2,1920,1200
1,1,9383,1779138873.62123,2,1920,1200
1,1,9384,1779138873.64205,2,1920,1200
1,1,9385,1779138873.66287,2,1920,1200
1,1,9386,1779138873.68369,2,1920,1200
1,1,9387,1779138873.70451,2,1920,1200
1,1,9388,1779138873.72533,2,1920,1200
1,1,9389,1779138873.74615,2,1920,1200
1,1,9390,1779138873.76697,2,1920,1200
1,1,9391,1779138873.78779,2,1920,1200
1,1,9392,1779138873.80862,2,1920,1200
1,1,9393,1779138873.82943,2,1920,1200
1,1,9394,1779138873.85026,2,1920,1200
1,1,9395,1779138873.87108,2,1920,1200
1,1,9396,1779138873.8919,2,1920,1200
1,1,9397,1779138873.91272,2,1920,1200
1,1,9398,1779138873.93354,2,1920,1200
1,1,9399,1779138873.95436,2,1920,1200
1,1,9400,1779138873.97518,2,1920,1200
1,1,9401,1779138873.996,2,1920,1200
1,1,9402,1779138874.01682,2,1920,1200
1,1,9403,1779138874.03764,2,1920,1200
1,1,9404,1779138874.05846,2,1920,1200
1,1,9405,1779138874.07928,2,1920,1200
1,1,9406,1779138874.1001,2,1920,1200
1,1,9407,1779138874.12092,2,1920,1200
1,1,9408,1779138874.14174,2,1920,1200
1,1,9409,1779138874.16256,2,1920,1200
1,1,9410,1779138874.18338,2,1920,1200
1,1,9411,1779138874.2042,2,1920,1200
1,1,9412,1779138874.22502,2,1920,1200
1,1,9413,1779138874.24584,2,1920,1200
1,1,9414,1779138874.26666,2,1920,1200
1,1,9415,1779138874.28748,2,1920,1200
1,1,9416,1779138874.3083,2,1920,1200
1,1,9417,1779138874.32912,2,1920,1200
1,1,9418,1779138874.34994,2,1920,1200
1,1,9419,1779138874.37077,2,1920,1200
1,1,9420,1779138874.39159,2,1920,1200
1,1,9421,1779138874.41241,2,1920,1200
1,1,9422,1779138874.43323,2,1920,1200
1,1,9423,1779138874.45405,2,1920,1200
1,1,9424,1779138874.47487,2,1920,1200
1,1,9425,1779138874.49569,2,1920,1200
1,1,9426,1779138874.51651,2,1920,1200
1,1,9427,1779138874.53733,2,1920,1200
1,1,9428,1779138874.55815,2,1920,1200
1,1,9429,1779138874.57897,2,1920,1200
1,1,9430,1779138874.59979,2,1920,1200
1,1,9431,1779138874.62061,2,1920,1200
1,1,9432,1779138874.64143,2,1920,1200
1,1,9433,1779138874.66225,2,1920,1200
1,1,9434,1779138874.68307,2,1920,1200
1,1,9435,1779138874.70389,2,1920,1200
1,1,9436,1779138874.72471,2,1920,1200
1,1,9437,1779138874.74553,2,1920,1200
1,1,9438,1779138874.76635,2,1920,1200
1,1,9439,1779138874.78717,2,1920,1200
1,1,9440,1779138874.808,2,1920,1200
1,1,9441,1779138874.82882,2,1920,1200
1,1,9442,1779138874.84964,2,1920,1200
1,1,9443,1779138874.87046,2,1920,1200
1,1,9444,1779138874.89128,2,1920,1200
1,1,9445,1779138874.9121,2,1920,1200
1,1,9446,1779138874.93292,2,1920,1200
1,1,9447,1779138874.95374,2,1920,1200
1,1,9448,1779138874.97456,2,1920,1200
1,1,9449,1779138874.99538,2,1920,1200
1,1,9450,1779138875.0162,2,1920,1200
1,1,9451,1779138875.03702,2,1920,1200
1,1,9452,1779138875.05784,2,1920,1200
1,1,9453,1779138875.07866,2,1920,1200
1,1,9454,1779138875.09948,2,1920,1200
1,1,9455,1779138875.1203,2,1920,1200
1,1,9456,1779138875.14112,2,1920,1200
1,1,9457,1779138875.16194,2,1920,1200
1,1,9458,1779138875.18276,1,1920,1200
1,1,9459,1779138875.20358,1,1920,1200
1,1,9460,1779138875.2244,1,1920,1200
1,1,9461,1779138875.24522,1,1920,1200
1,1,9462,1779138875.26604,1,1920,1200
1,1,9463,1779138875.28686,1,1920,1200
1,1,9464,1779138875.30768,1,1920,1200
1,1,9465,1779138875.3285,1,1920,1200
1,1,9466,1779138875.34933,1,1920,1200
1,1,9467,1779138875.37014,1,1920,1200
1,1,9468,1779138875.39097,1,1920,1200
1,1,9469,1779138875.41179,1,1920,1200
1,1,9470,1779138875.43261,1,1920,1200
1,1,9471,1779138875.45343,1,1920,1200
1,1,9472,1779138875.47425,1,1920,1200
1,1,9473,1779138875.49507,1,1920,1200
1,1,9474,1779138875.51589,1,1920,1200
1,1,9475,1779138875.53671,1,1920,1200
1,1,9476,1779138875.55753,1,1920,1200
1,1,9477,1779138875.57835,1,1920,1200
1,1,9478,1779138875.59917,1,1920,1200
1,1,9479,1779138875.61999,1,1920,1200
1,1,9480,1779138875.64081,1,1920,1200
1,1,9481,1779138875.66163,1,1920,1200
1,1,9482,1779138875.68245,1,1920,1200
1,1,9483,1779138875.70327,1,1920,1200
1,1,9484,1779138875.72409,1,1920,1200
1,1,9485,1779138875.74491,1,1920,1200
1,1,9486,1779138875.76573,1,1920,1200
1,1,9487,1779138875.78655,1,1920,1200
1,1,9488,1779138875.80737,1,1920,1200
1,1,9489,1779138875.82819,1,1920,1200
1,1,9490,1779138875.84901,1,1920,1200
1,1,9491,1779138875.86983,1,1920,1200
1,1,9492,1779138875.89066,1,1920,1200
1,1,9493,1779138875.91148,1,1920,1200
1,1,9494,1779138875.9323,1,1920,1200
1,1,9495,1779138875.95312,1,1920,1200
1,1,9496,1779138875.97394,1,1920,1200
1,1,9497,1779138875.99476,1,1920,1200
1,1,9498,1779138876.01558,1,1920,1200
1,1,9499,1779138876.0364,1,1920,1200
1,1,9500,1779138876.05722,1,1920,1200
1,1,9501,1779138876.07804,1,1920,1200
1,1,9502,1779138876.09886,1,1920,1200
1,1,9503,1779138876.11968,1,1920,1200
1,1,9504,1779138876.1405,1,1920,1200
1,1,9505,1779138876.16132,1,1920,1200
1,1,9506,1779138876.18214,1,1920,1200
1,1,9507,1779138876.20296,1,1920,1200
1,1,9508,1779138876.22378,1,1920,1200
1,1,9509,1779138876.2446,1,1920,1200
1,1,9510,1779138876.26542,1,1920,1200
1,1,9511,1779138876.28624,1,1920,1200
1,1,9512,1779138876.30706,1,1920,1200
1,1,9513,1779138876.32788,1,1920,1200
1,1,9514,1779138876.3487,1,1920,1200
1,1,9515,1779138876.36952,1,1920,1200
1,1,9516,1779138876.39034,1,1920,1200
1,1,9517,1779138876.41116,1,1920,1200
1,1,9518,1779138876.43199,1,1920,1200
1,1,9519,1779138876.45281,1,1920,1200
1,1,9520,1779138876.47362,1,1920,1200
1,1,9521,1779138876.49445,1,1920,1200
1,1,9522,1779138876.51527,1,1920,1200
1,1,9523,1779138876.53609,1,1920,1200
1,1,9524,1779138876.55691,1,1920,1200
1,1,9525,1779138876.57773,1,1920,1200
1,1,9526,1779138876.59855,1,1920,1200
1,1,9527,1779138876.61937,1,1920,1200
1,1,9528,1779138876.64019,1,1920,1200
1,1,9529,1779138876.66101,1,1920,1200
1,1,9530,1779138876.68183,1,1920,1200
1,1,9531,1779138876.70265,1,1920,1200
1,1,9532,1779138876.72347,1,1920,1200
1,1,9533,1779138876.74429,1,1920,1200
1,1,9534,1779138876.76511,1,1920,1200
1,1,9535,1779138876.78593,1,1920,1200
1,1,9536,1779138876.80675,1,1920,1200
1,1,9537,1779138876.82757,1,1920,1200
1,1,9538,1779138876.84839,1,1920,1200
1,1,9539,1779138876.86921,1,1920,1200
1,1,9540,1779138876.89003,1,1920,1200
1,1,9541,1779138876.91085,1,1920,1200
1,1,9542,1779138876.93167,1,1920,1200
1,1,9543,1779138876.95249,1,1920,1200
1,1,9544,1779138876.97332,1,1920,1200
1,1,9545,1779138876.99413,1,1920,1200
1,1,9546,1779138877.01496,1,1920,1200
1,1,9547,1779138877.03578,1,1920,1200
1,1,9548,1779138877.0566,1,1920,1200
1,1,9549,1779138877.07742,1,1920,1200
1,1,9550,1779138877.09824,1,1920,1200
1,1,9551,1779138877.11906,1,1920,1200
1,1,9552,1779138877.13988,1,1920,1200
1,1,9553,1779138877.1607,1,1920,1200
1,1,9554,1779138877.18152,1,1920,1200
1,1,9555,1779138877.20234,1,1920,1200
1,1,9556,1779138877.22316,1,1920,1200
1,1,9557,1779138877.24398,1,1920,1200
1,1,9558,1779138877.2648,1,1920,1200
1,1,9559,1779138877.28562,1,1920,1200
1,1,9560,1779138877.30644,1,1920,1200
1,1,9561,1779138877.32726,1,1920,1200
1,1,9562,1779138877.34808,1,1920,1200
1,1,9563,1779138877.3689,1,1920,1200
1,1,9564,1779138877.38972,1,1920,1200
1,1,9565,1779138877.41054,1,1920,1200
1,1,9566,1779138877.43136,1,1920,1200
1,1,9567,1779138877.45218,1,1920,1200
1,1,9568,1779138877.473,1,1920,1200
1,1,9569,1779138877.49382,1,1920,1200
1,1,9570,1779138877.51464,1,1920,1200
1,1,9571,1779138877.53546,1,1920,1200
1,1,9572,1779138877.55628,1,1920,1200
1,1,9573,1779138877.57711,1,1920,1200
1,1,9574,1779138877.59793,1,1920,1200
1,1,9575,1779138877.61874,1,1920,1200
1,1,9576,1779138877.63957,1,1920,1200
1,1,9577,1779138877.66039,1,1920,1200
1,1,9578,1779138877.68121,1,1920,1200
1,1,9579,1779138877.70203,1,1920,1200
1,1,9580,1779138877.72285,1,1920,1200
1,1,9581,1779138877.74367,1,1920,1200
1,1,9582,1779138877.76449,1,1920,1200
1,1,9583,1779138877.78531,1,1920,1200
1,1,9584,1779138877.80613,1,1920,1200
1,1,9585,1779138877.82695,1,1920,1200
1,1,9586,1779138877.84777,1,1920,1200
1,1,9587,1779138877.86859,1,1920,1200
1,1,9588,1779138877.88941,1,1920,1200
1,1,9589,1779138877.91023,1,1920,1200
1,1,9590,1779138877.93105,1,1920,1200
1,1,9591,1779138877.95187,1,1920,1200
1,1,9592,1779138877.97269,1,1920,1200
1,1,9593,1779138877.99351,1,1920,1200
1,1,9594,1779138878.01433,1,1920,1200
1,1,9595,1779138878.03515,1,1920,1200
1,1,9596,1779138878.05597,1,1920,1200
1,1,9597,1779138878.07679,1,1920,1200
1,1,9598,1779138878.09761,1,1920,1200
1,1,9599,1779138878.11843,1,1920,1200
1,1,9600,1779138878.13925,1,1920,1200
1,1,9601,1779138878.16007,1,1920,1200
1,1,9602,1779138878.18089,1,1920,1200
1,1,9603,1779138878.20171,1,1920,1200
1,1,9604,1779138878.22253,1,1920,1200
1,1,9605,1779138878.24336,1,1920,1200
1,1,9606,1779138878.26418,1,1920,1200
1,1,9607,1779138878.285,1,1920,1200
1,1,9608,1779138878.30582,1,1920,1200
1,1,9609,1779138878.32664,1,1920,1200
1,1,9610,1779138878.34746,1,1920,1200
1,1,9611,1779138878.36828,1,1920,1200
1,1,9612,1779138878.3891,1,1920,1200
1,1,9613,1779138878.40992,1,1920,1200
1,1,9614,1779138878.43074,1,1920,1200
1,1,9615,1779138878.45156,1,1920,1200
1,1,9616,1779138878.47238,1,1920,1200
1,1,9617,1779138878.4932,1,1920,1200
1,1,9618,1779138878.51402,1,1920,1200
1,1,9619,1779138878.53484,1,1920,1200
1,1,9620,1779138878.55566,1,1920,1200
1,1,9621,1779138878.57648,1,1920,1200
1,1,9622,1779138878.5973,1,1920,1200
1,1,9623,1779138878.61812,1,1920,1200
1,1,9624,1779138878.63894,1,1920,1200
1,1,9625,1779138878.65976,1,1920,1200
1,1,9626,1779138878.68058,1,1920,1200
1,1,9627,1779138878.7014,1,1920,1200
1,1,9628,1779138878.72222,1,1920,1200
1,1,9629,1779138878.74304,1,1920,1200
1,1,9630,1779138878.76386,1,1920,1200
1,1,9631,1779138878.78468,1,1920,1200
1,1,9632,1779138878.8055,1,1920,1200
1,1,9633,1779138878.82632,1,1920,1200
1,1,9634,1779138878.84715,1,1920,1200
1,1,9635,1779138878.86797,1,1920,1200
1,1,9636,1779138878.88879,1,1920,1200
1,1,9637,1779138878.90961,1,1920,1200
1,1,9638,1779138878.93043,1,1920,1200
1,1,9639,1779138878.95125,1,1920,1200
1,1,9640,1779138878.97207,1,1920,1200
1,1,9641,1779138878.99289,1,1920,1200
1,1,9642,1779138879.01371,1,1920,1200
1,1,9643,1779138879.03453,1,1920,1200
1,1,9644,1779138879.05535,1,1920,1200
1,1,9645,1779138879.07617,1,1920,1200
1,1,9646,1779138879.09699,1,1920,1200
1,1,9647,1779138879.11781,1,1920,1200
1,1,9648,1779138879.13863,1,1920,1200
1,1,9649,1779138879.15945,1,1920,1200
1,1,9650,1779138879.18027,2,1920,1200
1,1,9651,1779138879.20109,2,1920,1200
1,1,9652,1779138879.22191,2,1920,1200
1,1,9653,1779138879.24273,2,1920,1200
1,1,9654,1779138879.26355,2,1920,1200
1,1,9655,1779138879.28437,2,1920,1200
1,1,9656,1779138879.30519,2,1920,1200
1,1,9657,1779138879.32601,2,1920,1200
1,1,9658,1779138879.34683,2,1920,1200
1,1,9659,1779138879.36765,2,1920,1200
1,1,9660,1779138879.38847,2,1920,1200
1,1,9661,1779138879.40929,2,1920,1200
1,1,9662,1779138879.43011,2,1920,1200
1,1,9663,1779138879.45093,2,1920,1200
1,1,9664,1779138879.47176,2,1920,1200
1,1,9665,1779138879.49257,2,1920,1200
1,1,9666,1779138879.5134,2,1920,1200
1,1,9667,1779138879.53422,2,1920,1200
1,1,9668,1779138879.55504,2,1920,1200
1,1,9669,1779138879.57586,2,1920,1200
1,1,9670,1779138879.59668,2,1920,1200
1,1,9671,1779138879.6175,2,1920,1200
1,1,9672,1779138879.63832,2,1920,1200
1,1,9673,1779138879.65914,2,1920,1200
1,1,9674,1779138879.67996,2,1920,1200
1,1,9675,1779138879.70078,2,1920,1200
1,1,9676,1779138879.7216,2,1920,1200
1,1,9677,1779138879.74242,2,1920,1200
1,1,9678,1779138879.76324,2,1920,1200
1,1,9679,1779138879.78406,2,1920,1200
1,1,9680,1779138879.80488,2,1920,1200
1,1,9681,1779138879.8257,2,1920,1200
1,1,9682,1779138879.84652,2,1920,1200
1,1,9683,1779138879.86734,2,1920,1200
1,1,9684,1779138879.88816,2,1920,1200
1,1,9685,1779138879.90898,2,1920,1200
1,1,9686,1779138879.9298,2,1920,1200
1,1,9687,1779138879.95062,2,1920,1200
1,1,9688,1779138879.97144,2,1920,1200
1,1,9689,1779138879.99226,2,1920,1200
1,1,9690,1779138880.01308,2,1920,1200
1,1,9691,1779138880.0339,2,1920,1200
1,1,9692,1779138880.05472,2,1920,1200
1,1,9693,1779138880.07554,2,1920,1200
1,1,9694,1779138880.09636,2,1920,1200
1,1,9695,1779138880.11718,2,1920,1200
1,1,9696,1779138880.138,2,1920,1200
1,1,9697,1779138880.15883,2,1920,1200
1,1,9698,1779138880.17965,2,1920,1200
1,1,9699,1779138880.20047,2,1920,1200
1,1,9700,1779138880.22129,2,1920,1200
1,1,9701,1779138880.24211,2,1920,1200
1,1,9702,1779138880.26293,2,1920,1200
1,1,9703,1779138880.28375,2,1920,1200
1,1,9704,1779138880.30457,2,1920,1200
1,1,9705,1779138880.32539,2,1920,1200
1,1,9706,1779138880.34621,2,1920,1200
1,1,9707,1779138880.36703,2,1920,1200
1,1,9708,1779138880.38785,2,1920,1200
1,1,9709,1779138880.40867,2,1920,1200
1,1,9710,1779138880.42949,2,1920,1200
1,1,9711,1779138880.45031,2,1920,1200
1,1,9712,1779138880.47113,2,1920,1200
1,1,9713,1779138880.49195,2,1920,1200
1,1,9714,1779138880.51277,2,1920,1200
1,1,9715,1779138880.53359,2,1920,1200
1,1,9716,1779138880.55441,2,1920,1200
1,1,9717,1779138880.57523,2,1920,1200
1,1,9718,1779138880.59605,2,1920,1200
1,1,9719,1779138880.61687,2,1920,1200
1,1,9720,1779138880.63769,2,1920,1200
1,1,9721,1779138880.65851,2,1920,1200
1,1,9722,1779138880.67933,2,1920,1200
1,1,9723,1779138880.70015,2,1920,1200
1,1,9724,1779138880.72097,2,1920,1200
1,1,9725,1779138880.74179,2,1920,1200
1,1,9726,1779138880.76261,2,1920,1200
1,1,9727,1779138880.78343,2,1920,1200
1,1,9728,1779138880.80425,2,1920,1200
1,1,9729,1779138880.82507,2,1920,1200
1,1,9730,1779138880.84589,2,1920,1200
1,1,9731,1779138880.86672,2,1920,1200
1,1,9732,1779138880.88754,2,1920,1200
1,1,9733,1779138880.90835,2,1920,1200
1,1,9734,1779138880.92918,2,1920,1200
1,1,9735,1779138880.95,2,1920,1200
1,1,9736,1779138880.97082,2,1920,1200
1,1,9737,1779138880.99164,2,1920,1200
1,1,9738,1779138881.01246,2,1920,1200
1,1,9739,1779138881.03328,2,1920,1200
1,1,9740,1779138881.0541,2,1920,1200
1,1,9741,1779138881.07492,2,1920,1200
1,1,9742,1779138881.09574,2,1920,1200
1,1,9743,1779138881.11656,2,1920,1200
1,1,9744,1779138881.13738,2,1920,1200
1,1,9745,1779138881.1582,2,1920,1200
1,1,9746,1779138881.17902,2,1920,1200
1,1,9747,1779138881.19984,2,1920,1200
1,1,9748,1779138881.22066,2,1920,1200
1,1,9749,1779138881.24148,2,1920,1200
1,1,9750,1779138881.2623,2,1920,1200
1,1,9751,1779138881.28312,2,1920,1200
1,1,9752,1779138881.30394,2,1920,1200
1,1,9753,1779138881.32476,2,1920,1200
1,1,9754,1779138881.34558,2,1920,1200
1,1,9755,1779138881.3664,2,1920,1200
1,1,9756,1779138881.38722,2,1920,1200
1,1,9757,1779138881.40804,2,1920,1200
1,1,9758,1779138881.42886,2,1920,1200
1,1,9759,1779138881.44968,2,1920,1200
1,1,9760,1779138881.4705,2,1920,1200
1,1,9761,1779138881.49132,2,1920,1200
1,1,9762,1779138881.51214,2,1920,1200
1,1,9763,1779138881.53296,2,1920,1200
1,1,9764,1779138881.55378,2,1920,1200
1,1,9765,1779138881.5746,2,1920,1200
1,1,9766,1779138881.59543,2,1920,1200
1,1,9767,1779138881.61625,2,1920,1200
1,1,9768,1779138881.63706,2,1920,1200
1,1,9769,1779138881.65789,2,1920,1200
1,1,9770,1779138881.6787,2,1920,1200
1,1,9771,1779138881.69953,2,1920,1200
1,1,9772,1779138881.72035,2,1920,1200
1,1,9773,1779138881.74117,2,1920,1200
1,1,9774,1779138881.76199,2,1920,1200
1,1,9775,1779138881.78281,2,1920,1200
1,1,9776,1779138881.80363,2,1920,1200
1,1,9777,1779138881.82445,2,1920,1200
1,1,9778,1779138881.84527,2,1920,1200
1,1,9779,1779138881.86609,2,1920,1200
1,1,9780,1779138881.88691,2,1920,1200
1,1,9781,1779138881.90773,2,1920,1200
1,1,9782,1779138881.92855,2,1920,1200
1,1,9783,1779138881.94937,2,1920,1200
1,1,9784,1779138881.97019,2,1920,1200
1,1,9785,1779138881.99101,2,1920,1200
1,1,9786,1779138882.01183,2,1920,1200
1,1,9787,1779138882.03265,2,1920,1200
1,1,9788,1779138882.05347,2,1920,1200
1,1,9789,1779138882.07429,2,1920,1200
1,1,9790,1779138882.09511,2,1920,1200
1,1,9791,1779138882.11593,2,1920,1200
1,1,9792,1779138882.13675,2,1920,1200
1,1,9793,1779138882.15757,2,1920,1200
1,1,9794,1779138882.17839,2,1920,1200
1,1,9795,1779138882.19921,2,1920,1200
1,1,9796,1779138882.22003,2,1920,1200
1,1,9797,1779138882.24085,2,1920,1200
1,1,9798,1779138882.26167,2,1920,1200
1,1,9799,1779138882.28249,2,1920,1200
1,1,9800,1779138882.30331,2,1920,1200
1,1,9801,1779138882.32413,2,1920,1200
1,1,9802,1779138882.34495,2,1920,1200
1,1,9803,1779138882.36577,2,1920,1200
1,1,9804,1779138882.3866,2,1920,1200
1,1,9805,1779138882.40741,2,1920,1200
1,1,9806,1779138882.42824,2,1920,1200
1,1,9807,1779138882.44906,2,1920,1200
1,1,9808,1779138882.46988,2,1920,1200
1,1,9809,1779138882.4907,2,1920,1200
1,1,9810,1779138882.51152,2,1920,1200
1,1,9811,1779138882.53234,2,1920,1200
1,1,9812,1779138882.55316,2,1920,1200
1,1,9813,1779138882.57398,2,1920,1200
1,1,9814,1779138882.5948,2,1920,1200
1,1,9815,1779138882.61562,2,1920,1200
1,1,9816,1779138882.63644,2,1920,1200
1,1,9817,1779138882.65726,2,1920,1200
1,1,9818,1779138882.67808,2,1920,1200
1,1,9819,1779138882.6989,2,1920,1200
1,1,9820,1779138882.71972,2,1920,1200
1,1,9821,1779138882.74054,2,1920,1200
1,1,9822,1779138882.76136,2,1920,1200
1,1,9823,1779138882.78218,2,1920,1200
1,1,9824,1779138882.803,2,1920,1200
1,1,9825,1779138882.82382,2,1920,1200
1,1,9826,1779138882.84464,2,1920,1200
1,1,9827,1779138882.86546,2,1920,1200
1,1,9828,1779138882.88628,2,1920,1200
1,1,9829,1779138882.9071,2,1920,1200
1,1,9830,1779138882.92792,2,1920,1200
1,1,9831,1779138882.94874,2,1920,1200
1,1,9832,1779138882.96956,2,1920,1200
1,1,9833,1779138882.99038,2,1920,1200
1,1,9834,1779138883.0112,2,1920,1200
1,1,9835,1779138883.03202,2,1920,1200
1,1,9836,1779138883.05284,2,1920,1200
1,1,9837,1779138883.07366,2,1920,1200
1,1,9838,1779138883.09448,2,1920,1200
1,1,9839,1779138883.1153,2,1920,1200
1,1,9840,1779138883.13612,2,1920,1200
1,1,9841,1779138883.15694,2,1920,1200
1,1,9842,1779138883.17776,2,1920,1200
1,1,9843,1779138883.19858,2,1920,1200
1,1,9844,1779138883.2194,2,1920,1200
1,1,9845,1779138883.24023,2,1920,1200
1,1,9846,1779138883.26104,2,1920,1200
1,1,9847,1779138883.28187,2,1920,1200
1,1,9848,1779138883.30269,2,1920,1200
1,1,9849,1779138883.32351,2,1920,1200
1,1,9850,1779138883.34433,2,1920,1200
1,1,9851,1779138883.36515,2,1920,1200
1,1,9852,1779138883.38597,2,1920,1200
1,1,9853,1779138883.40679,2,1920,1200
1,1,9854,1779138883.42761,2,1920,1200
1,1,9855,1779138883.44843,2,1920,1200
1,1,9856,1779138883.46925,2,1920,1200
1,1,9857,1779138883.49007,2,1920,1200
1,1,9858,1779138883.51089,2,1920,1200
1,1,9859,1779138883.53171,2,1920,1200
1,1,9860,1779138883.55253,2,1920,1200
1,1,9861,1779138883.57335,2,1920,1200
1,1,9862,1779138883.59417,2,1920,1200
1,1,9863,1779138883.61499,2,1920,1200
1,1,9864,1779138883.63581,2,1920,1200
1,1,9865,1779138883.65663,2,1920,1200
1,1,9866,1779138883.67745,2,1920,1200
1,1,9867,1779138883.69827,2,1920,1200
1,1,9868,1779138883.71909,2,1920,1200
1,1,9869,1779138883.73991,2,1920,1200
1,1,9870,1779138883.76073,2,1920,1200
1,1,9871,1779138883.78155,2,1920,1200
1,1,9872,1779138883.80237,2,1920,1200
1,1,9873,1779138883.82319,2,1920,1200
1,1,9874,1779138883.84401,2,1920,1200
1,1,9875,1779138883.86483,2,1920,1200
1,1,9876,1779138883.88565,2,1920,1200
1,1,9877,1779138883.90647,2,1920,1200
1,1,9878,1779138883.92729,2,1920,1200
1,1,9879,1779138883.94811,2,1920,1200
1,1,9880,1779138883.96893,2,1920,1200
1,1,9881,1779138883.98975,2,1920,1200
1,1,9882,1779138884.01057,2,1920,1200
1,1,9883,1779138884.03139,2,1920,1200
1,1,9884,1779138884.05221,2,1920,1200
1,1,9885,1779138884.07303,2,1920,1200
1,1,9886,1779138884.09385,2,1920,1200
1,1,9887,1779138884.11467,2,1920,1200
1,1,9888,1779138884.13549,2,1920,1200
1,1,9889,1779138884.15632,2,1920,1200
1,1,9890,1779138884.17713,2,1920,1200
1,1,9891,1779138884.19795,2,1920,1200
1,1,9892,1779138884.21878,2,1920,1200
1,1,9893,1779138884.2396,2,1920,1200
1,1,9894,1779138884.26042,2,1920,1200
1,1,9895,1779138884.28124,2,1920,1200
1,1,9896,1779138884.30206,2,1920,1200
1,1,9897,1779138884.32288,2,1920,1200
1,1,9898,1779138884.3437,2,1920,1200
1,1,9899,1779138884.36452,2,1920,1200
1,1,9900,1779138884.38534,2,1920,1200
1,1,9901,1779138884.40616,2,1920,1200
1,1,9902,1779138884.42698,2,1920,1200
1,1,9903,1779138884.4478,2,1920,1200
1,1,9904,1779138884.46862,2,1920,1200
1,1,9905,1779138884.48944,2,1920,1200
1,1,9906,1779138884.51026,2,1920,1200
1,1,9907,1779138884.53108,2,1920,1200
1,1,9908,1779138884.5519,2,1920,1200
1,1,9909,1779138884.57272,2,1920,1200
1,1,9910,1779138884.59354,2,1920,1200
1,1,9911,1779138884.61436,2,1920,1200
1,1,9912,1779138884.63518,2,1920,1200
1,1,9913,1779138884.656,2,1920,1200
1,1,9914,1779138884.67682,2,1920,1200
1,1,9915,1779138884.69764,2,1920,1200
1,1,9916,1779138884.71846,2,1920,1200
1,1,9917,1779138884.73928,2,1920,1200
1,1,9918,1779138884.7601,2,1920,1200
1,1,9919,1779138884.78092,2,1920,1200
1,1,9920,1779138884.80174,2,1920,1200
1,1,9921,1779138884.82256,2,1920,1200
1,1,9922,1779138884.84338,2,1920,1200
1,1,9923,1779138884.8642,2,1920,1200
1,1,9924,1779138884.88502,2,1920,1200
1,1,9925,1779138884.90584,2,1920,1200
1,1,9926,1779138884.92666,2,1920,1200
1,1,9927,1779138884.94748,2,1920,1200
1,1,9928,1779138884.9683,2,1920,1200
1,1,9929,1779138884.98912,2,1920,1200
1,1,9930,1779138885.00994,2,1920,1200
1,1,9931,1779138885.03076,2,1920,1200
1,1,9932,1779138885.05158,2,1920,1200
1,1,9933,1779138885.0724,2,1920,1200
1,1,9934,1779138885.09322,2,1920,1200
1,1,9935,1779138885.11404,2,1920,1200
1,1,9936,1779138885.13486,2,1920,1200
1,1,9937,1779138885.15568,2,1920,1200
1,1,9938,1779138885.17651,-1,1920,1200
1,1,9939,1779138885.19733,-1,1920,1200
1,1,9940,1779138885.21814,-1,1920,1200
1,1,9941,1779138885.23897,-1,1920,1200
1,1,9942,1779138885.25979,-1,1920,1200
1,1,9943,1779138885.28061,-1,1920,1200
1,1,9944,1779138885.30143,-1,1920,1200
1,1,9945,1779138885.32225,-1,1920,1200
1,1,9946,1779138885.34307,-1,1920,1200
1,1,9947,1779138885.36389,-1,1920,1200
1,1,9948,1779138885.38471,-1,1920,1200
1,1,9949,1779138885.40553,-1,1920,1200
1,1,9950,1779138885.42635,-1,1920,1200
1,1,9951,1779138885.44717,-1,1920,1200
1,1,9952,1779138885.46799,-1,1920,1200
1,1,9953,1779138885.48881,-1,1920,1200
1,1,9954,1779138885.50963,-1,1920,1200
1,1,9955,1779138885.53045,-1,1920,1200
1,1,9956,1779138885.55127,-1,1920,1200
1,1,9957,1779138885.57209,-1,1920,1200
1,1,9958,1779138885.59291,-1,1920,1200
1,1,9959,1779138885.61373,-1,1920,1200
1,1,9960,1779138885.63455,-1,1920,1200
1,1,9961,1779138885.65537,-1,1920,1200
1,1,9962,1779138885.67619,-1,1920,1200
1,1,9963,1779138885.69701,-1,1920,1200
1,1,9964,1779138885.71783,-1,1920,1200
1,1,9965,1779138885.73865,-1,1920,1200
1,1,9966,1779138885.75947,-1,1920,1200
1,1,9967,1779138885.78029,-1,1920,1200
1,1,9968,1779138885.80111,-1,1920,1200
1,1,9969,1779138885.82193,-1,1920,1200
1,1,9970,1779138885.84275,-1,1920,1200
1,1,9971,1779138885.86357,-1,1920,1200
1,1,9972,1779138885.88439,-1,1920,1200
1,1,9973,1779138885.90521,-1,1920,1200
1,1,9974,1779138885.92603,-1,1920,1200
1,1,9975,1779138885.94685,-1,1920,1200
1,1,9976,1779138885.96767,-1,1920,1200
1,1,9977,1779138885.98849,-1,1920,1200
1,1,9978,1779138886.00931,-1,1920,1200
1,1,9979,1779138886.03013,-1,1920,1200
1,1,9980,1779138886.05095,-1,1920,1200
1,1,9981,1779138886.07177,-1,1920,1200
1,1,9982,1779138886.09259,-1,1920,1200
1,1,9983,1779138886.11341,-1,1920,1200
1,1,9984,1779138886.13423,-1,1920,1200
1,1,9985,1779138886.15505,-1,1920,1200
1,1,9986,1779138886.17587,-1,1920,1200
1,1,9987,1779138886.1967,-1,1920,1200
1,1,9988,1779138886.21751,-1,1920,1200
1,1,9989,1779138886.23834,-1,1920,1200
1,1,9990,1779138886.25915,-1,1920,1200
1,1,9991,1779138886.27998,-1,1920,1200
1,1,9992,1779138886.3008,-1,1920,1200
1,1,9993,1779138886.32162,-1,1920,1200
1,1,9994,1779138886.34244,-1,1920,1200
1,1,9995,1779138886.36326,-1,1920,1200
1,1,9996,1779138886.38408,-1,1920,1200
1,1,9997,1779138886.4049,-1,1920,1200
1,1,9998,1779138886.42572,-1,1920,1200
1,1,9999,1779138886.44654,-1,1920,1200
1,1,10000,1779138886.46736,-1,1920,1200
1,1,10001,1779138886.48818,-1,1920,1200
1,1,10002,1779138886.509,-1,1920,1200
1,1,10003,1779138886.52982,-1,1920,1200
1,1,10004,1779138886.55064,-1,1920,1200
1,1,10005,1779138886.57146,-1,1920,1200
1,1,10006,1779138886.59228,-1,1920,1200
1,1,10007,1779138886.6131,-1,1920,1200
1,1,10008,1779138886.63392,-1,1920,1200
1,1,10009,1779138886.65474,-1,1920,1200
1,1,10010,1779138886.67556,-1,1920,1200
1,1,10011,1779138886.69638,-1,1920,1200
1,1,10012,1779138886.7172,-1,1920,1200
1,1,10013,1779138886.73802,-1,1920,1200
1,1,10014,1779138886.75884,-1,1920,1200
1,1,10015,1779138886.77966,-1,1920,1200
1,1,10016,1779138886.80048,-1,1920,1200
1,1,10017,1779138886.8213,-1,1920,1200
1,1,10018,1779138886.84212,-1,1920,1200
1,1,10019,1779138886.86294,-1,1920,1200
1,1,10020,1779138886.88376,-1,1920,1200
1,1,10021,1779138886.90458,-1,1920,1200
1,1,10022,1779138886.9254,-1,1920,1200
1,1,10023,1779138886.94622,-1,1920,1200
1,1,10024,1779138886.96704,-1,1920,1200
1,1,10025,1779138886.98786,-1,1920,1200
1,1,10026,1779138887.00868,-1,1920,1200
1,1,10027,1779138887.0295,-1,1920,1200
1,1,10028,1779138887.05032,-1,1920,1200
1,1,10029,1779138887.07114,-1,1920,1200
1,1,10030,1779138887.09196,-1,1920,1200
1,1,10031,1779138887.11278,-1,1920,1200
1,1,10032,1779138887.1336,-1,1920,1200
1,1,10033,1779138887.15442,-1,1920,1200
1,1,10034,1779138887.17524,-1,1920,1200
1,1,10035,1779138887.19606,-1,1920,1200
1,1,10036,1779138887.21688,-1,1920,1200
1,1,10037,1779138887.2377,-1,1920,1200
1,1,10038,1779138887.25852,-1,1920,1200
1,1,10039,1779138887.27934,-1,1920,1200
1,1,10040,1779138887.30016,-1,1920,1200
1,1,10041,1779138887.32098,-1,1920,1200
1,1,10042,1779138887.3418,-1,1920,1200
1,1,10043,1779138887.36262,-1,1920,1200
1,1,10044,1779138887.38345,-1,1920,1200
1,1,10045,1779138887.40427,-1,1920,1200
1,1,10046,1779138887.42508,-1,1920,1200
1,1,10047,1779138887.44591,-1,1920,1200
1,1,10048,1779138887.46673,-1,1920,1200
1,1,10049,1779138887.48755,-1,1920,1200
1,1,10050,1779138887.50837,-1,1920,1200
1,1,10051,1779138887.52919,-1,1920,1200
1,1,10052,1779138887.55001,-1,1920,1200
1,1,10053,1779138887.57083,-1,1920,1200
1,1,10054,1779138887.59165,-1,1920,1200
1,1,10055,1779138887.61247,-1,1920,1200
1,1,10056,1779138887.63329,-1,1920,1200
1,1,10057,1779138887.65411,-1,1920,1200
1,1,10058,1779138887.67493,-1,1920,1200
1,1,10059,1779138887.69575,-1,1920,1200
1,1,10060,1779138887.71657,-1,1920,1200
1,1,10061,1779138887.73739,-1,1920,1200
1,1,10062,1779138887.75821,-1,1920,1200
1,1,10063,1779138887.77903,-1,1920,1200
1,1,10064,1779138887.79985,-1,1920,1200
1,1,10065,1779138887.82067,-1,1920,1200
1,1,10066,1779138887.84149,-1,1920,1200
1,1,10067,1779138887.86231,-1,1920,1200
1,1,10068,1779138887.88313,-1,1920,1200
1,1,10069,1779138887.90395,-1,1920,1200
1,1,10070,1779138887.92477,-1,1920,1200
1,1,10071,1779138887.94559,-1,1920,1200
1,1,10072,1779138887.96641,-1,1920,1200
1,1,10073,1779138887.98723,-1,1920,1200
1,1,10074,1779138888.00805,-1,1920,1200
1,1,10075,1779138888.02887,-1,1920,1200
1,1,10076,1779138888.04969,-1,1920,1200
1,1,10077,1779138888.07051,-1,1920,1200
1,1,10078,1779138888.09133,-1,1920,1200
1,1,10079,1779138888.11215,-1,1920,1200
1,1,10080,1779138888.13297,-1,1920,1200
1,1,10081,1779138888.15379,-1,1920,1200
1,1,10082,1779138888.17461,1,1920,1200
1,1,10083,1779138888.19543,1,1920,1200
1,1,10084,1779138888.21625,1,1920,1200
1,1,10085,1779138888.23707,1,1920,1200
1,1,10086,1779138888.25789,1,1920,1200
1,1,10087,1779138888.27871,1,1920,1200
1,1,10088,1779138888.29953,1,1920,1200
1,1,10089,1779138888.32035,1,1920,1200
1,1,10090,1779138888.34117,1,1920,1200
1,1,10091,1779138888.36199,1,1920,1200
1,1,10092,1779138888.38281,1,1920,1200
1,1,10093,1779138888.40363,1,1920,1200
1,1,10094,1779138888.42445,1,1920,1200
1,1,10095,1779138888.44527,1,1920,1200
1,1,10096,1779138888.46609,1,1920,1200
1,1,10097,1779138888.48691,1,1920,1200
1,1,10098,1779138888.50773,1,1920,1200
1,1,10099,1779138888.52855,1,1920,1200
1,1,10100,1779138888.54937,1,1920,1200
1,1,10101,1779138888.57019,1,1920,1200
1,1,10102,1779138888.59101,1,1920,1200
1,1,10103,1779138888.61183,1,1920,1200
1,1,10104,1779138888.63265,1,1920,1200
1,1,10105,1779138888.65347,1,1920,1200
1,1,10106,1779138888.67429,1,1920,1200
1,1,10107,1779138888.69511,1,1920,1200
1,1,10108,1779138888.71593,1,1920,1200
1,1,10109,1779138888.73675,1,1920,1200
1,1,10110,1779138888.75757,1,1920,1200
1,1,10111,1779138888.77839,1,1920,1200
1,1,10112,1779138888.79921,1,1920,1200
1,1,10113,1779138888.82003,1,1920,1200
1,1,10114,1779138888.84086,1,1920,1200
1,1,10115,1779138888.86168,1,1920,1200
1,1,10116,1779138888.88249,1,1920,1200
1,1,10117,1779138888.90331,1,1920,1200
1,1,10118,1779138888.92414,1,1920,1200
1,1,10119,1779138888.94496,1,1920,1200
1,1,10120,1779138888.96578,1,1920,1200
1,1,10121,1779138888.9866,1,1920,1200
1,1,10122,1779138889.00742,1,1920,1200
1,1,10123,1779138889.02824,1,1920,1200
1,1,10124,1779138889.04906,1,1920,1200
1,1,10125,1779138889.06988,1,1920,1200
1,1,10126,1779138889.0907,1,1920,1200
1,1,10127,1779138889.11152,1,1920,1200
1,1,10128,1779138889.13234,1,1920,1200
1,1,10129,1779138889.15316,1,1920,1200
1,1,10130,1779138889.17398,1,1920,1200
1,1,10131,1779138889.1948,1,1920,1200
1,1,10132,1779138889.21562,1,1920,1200
1,1,10133,1779138889.23644,1,1920,1200
1,1,10134,1779138889.25726,1,1920,1200
1,1,10135,1779138889.27808,1,1920,1200
1,1,10136,1779138889.2989,1,1920,1200
1,1,10137,1779138889.31972,1,1920,1200
1,1,10138,1779138889.34054,1,1920,1200
1,1,10139,1779138889.36136,1,1920,1200
1,1,10140,1779138889.38218,1,1920,1200
1,1,10141,1779138889.403,1,1920,1200
1,1,10142,1779138889.42382,1,1920,1200
1,1,10143,1779138889.44464,1,1920,1200
1,1,10144,1779138889.46546,1,1920,1200
1,1,10145,1779138889.48628,1,1920,1200
1,1,10146,1779138889.5071,1,1920,1200
1,1,10147,1779138889.52792,1,1920,1200
1,1,10148,1779138889.54874,1,1920,1200
1,1,10149,1779138889.56956,1,1920,1200
1,1,10150,1779138889.59038,1,1920,1200
1,1,10151,1779138889.6112,1,1920,1200
1,1,10152,1779138889.63202,1,1920,1200
1,1,10153,1779138889.65284,1,1920,1200
1,1,10154,1779138889.67366,1,1920,1200
1,1,10155,1779138889.69448,1,1920,1200
1,1,10156,1779138889.7153,1,1920,1200
1,1,10157,1779138889.73612,1,1920,1200
1,1,10158,1779138889.75694,1,1920,1200
1,1,10159,1779138889.77776,1,1920,1200
1,1,10160,1779138889.79858,1,1920,1200
1,1,10161,1779138889.8194,1,1920,1200
1,1,10162,1779138889.84022,1,1920,1200
1,1,10163,1779138889.86104,1,1920,1200
1,1,10164,1779138889.88186,1,1920,1200
1,1,10165,1779138889.90268,1,1920,1200
1,1,10166,1779138889.9235,1,1920,1200
1,1,10167,1779138889.94432,1,1920,1200
1,1,10168,1779138889.96514,1,1920,1200
1,1,10169,1779138889.98596,1,1920,1200
1,1,10170,1779138890.00678,1,1920,1200
1,1,10171,1779138890.0276,1,1920,1200
1,1,10172,1779138890.04842,1,1920,1200
1,1,10173,1779138890.06924,1,1920,1200
1,1,10174,1779138890.09006,1,1920,1200
1,1,10175,1779138890.11088,1,1920,1200
1,1,10176,1779138890.1317,1,1920,1200
1,1,10177,1779138890.15252,1,1920,1200
1,1,10178,1779138890.17334,1,1920,1200
1,1,10179,1779138890.19416,1,1920,1200
1,1,10180,1779138890.21498,1,1920,1200
1,1,10181,1779138890.2358,1,1920,1200
1,1,10182,1779138890.25662,1,1920,1200
1,1,10183,1779138890.27744,1,1920,1200
1,1,10184,1779138890.29826,1,1920,1200
1,1,10185,1779138890.31908,1,1920,1200
1,1,10186,1779138890.3399,1,1920,1200
1,1,10187,1779138890.36072,1,1920,1200
1,1,10188,1779138890.38154,1,1920,1200
1,1,10189,1779138890.40236,1,1920,1200
1,1,10190,1779138890.42318,1,1920,1200
1,1,10191,1779138890.444,1,1920,1200
1,1,10192,1779138890.46482,1,1920,1200
1,1,10193,1779138890.48564,1,1920,1200
1,1,10194,1779138890.50646,1,1920,1200
1,1,10195,1779138890.52728,1,1920,1200
1,1,10196,1779138890.5481,1,1920,1200
1,1,10197,1779138890.56892,1,1920,1200
1,1,10198,1779138890.58974,1,1920,1200
1,1,10199,1779138890.61057,1,1920,1200
1,1,10200,1779138890.63139,1,1920,1200
1,1,10201,1779138890.65221,1,1920,1200
1,1,10202,1779138890.67303,1,1920,1200
1,1,10203,1779138890.69384,1,1920,1200
1,1,10204,1779138890.71466,1,1920,1200
1,1,10205,1779138890.73548,1,1920,1200
1,1,10206,1779138890.75631,1,1920,1200
1,1,10207,1779138890.77712,1,1920,1200
1,1,10208,1779138890.79795,1,1920,1200
1,1,10209,1779138890.81877,1,1920,1200
1,1,10210,1779138890.83959,1,1920,1200
1,1,10211,1779138890.86041,1,1920,1200
1,1,10212,1779138890.88123,1,1920,1200
1,1,10213,1779138890.90205,1,1920,1200
1,1,10214,1779138890.92287,1,1920,1200
1,1,10215,1779138890.94369,1,1920,1200
1,1,10216,1779138890.96451,1,1920,1200
1,1,10217,1779138890.98533,1,1920,1200
1,1,10218,1779138891.00615,1,1920,1200
1,1,10219,1779138891.02697,1,1920,1200
1,1,10220,1779138891.04779,1,1920,1200
1,1,10221,1779138891.06861,1,1920,1200
1,1,10222,1779138891.08943,1,1920,1200
1,1,10223,1779138891.11025,1,1920,1200
1,1,10224,1779138891.13107,1,1920,1200
1,1,10225,1779138891.15189,1,1920,1200
1,1,10226,1779138891.17271,1,1920,1200
1,1,10227,1779138891.19353,1,1920,1200
1,1,10228,1779138891.21435,1,1920,1200
1,1,10229,1779138891.23517,1,1920,1200
1,1,10230,1779138891.25599,1,1920,1200
1,1,10231,1779138891.27681,1,1920,1200
1,1,10232,1779138891.29763,1,1920,1200
1,1,10233,1779138891.31845,1,1920,1200
1,1,10234,1779138891.33927,1,1920,1200
1,1,10235,1779138891.36009,1,1920,1200
1,1,10236,1779138891.38091,1,1920,1200
1,1,10237,1779138891.40173,1,1920,1200
1,1,10238,1779138891.42255,1,1920,1200
1,1,10239,1779138891.44337,1,1920,1200
1,1,10240,1779138891.46419,1,1920,1200
1,1,10241,1779138891.48501,1,1920,1200
1,1,10242,1779138891.50583,1,1920,1200
1,1,10243,1779138891.52665,1,1920,1200
1,1,10244,1779138891.54747,1,1920,1200
1,1,10245,1779138891.56829,1,1920,1200
1,1,10246,1779138891.58911,1,1920,1200
1,1,10247,1779138891.60993,1,1920,1200
1,1,10248,1779138891.63075,1,1920,1200
1,1,10249,1779138891.65157,1,1920,1200
1,1,10250,1779138891.67239,1,1920,1200
1,1,10251,1779138891.69321,1,1920,1200
1,1,10252,1779138891.71403,1,1920,1200
1,1,10253,1779138891.73485,1,1920,1200
1,1,10254,1779138891.75567,1,1920,1200
1,1,10255,1779138891.77649,1,1920,1200
1,1,10256,1779138891.79731,1,1920,1200
1,1,10257,1779138891.81813,1,1920,1200
1,1,10258,1779138891.83895,1,1920,1200
1,1,10259,1779138891.85977,1,1920,1200
1,1,10260,1779138891.88059,1,1920,1200
1,1,10261,1779138891.90141,1,1920,1200
1,1,10262,1779138891.92223,1,1920,1200
1,1,10263,1779138891.94305,1,1920,1200
1,1,10264,1779138891.96387,1,1920,1200
1,1,10265,1779138891.98469,1,1920,1200
1,1,10266,1779138892.00551,1,1920,1200
1,1,10267,1779138892.02633,1,1920,1200
1,1,10268,1779138892.04715,1,1920,1200
1,1,10269,1779138892.06797,1,1920,1200
1,1,10270,1779138892.08879,1,1920,1200
1,1,10271,1779138892.10961,1,1920,1200
1,1,10272,1779138892.13043,1,1920,1200
1,1,10273,1779138892.15125,1,1920,1200
1,1,10274,1779138892.17207,2,1920,1200
1,1,10275,1779138892.19289,2,1920,1200
1,1,10276,1779138892.21371,2,1920,1200
1,1,10277,1779138892.23453,2,1920,1200
1,1,10278,1779138892.25535,2,1920,1200
1,1,10279,1779138892.27617,2,1920,1200
1,1,10280,1779138892.29699,2,1920,1200
1,1,10281,1779138892.31781,2,1920,1200
1,1,10282,1779138892.33863,2,1920,1200
1,1,10283,1779138892.35945,2,1920,1200
1,1,10284,1779138892.38027,2,1920,1200
1,1,10285,1779138892.40109,2,1920,1200
1,1,10286,1779138892.42191,2,1920,1200
1,1,10287,1779138892.44273,2,1920,1200
1,1,10288,1779138892.46355,2,1920,1200
1,1,10289,1779138892.48437,2,1920,1200
1,1,10290,1779138892.50519,2,1920,1200
1,1,10291,1779138892.52601,2,1920,1200
1,1,10292,1779138892.54683,2,1920,1200
1,1,10293,1779138892.56765,2,1920,1200
1,1,10294,1779138892.58847,2,1920,1200
1,1,10295,1779138892.60929,2,1920,1200
1,1,10296,1779138892.63011,2,1920,1200
1,1,10297,1779138892.65093,2,1920,1200
1,1,10298,1779138892.67175,2,1920,1200
1,1,10299,1779138892.69257,2,1920,1200
1,1,10300,1779138892.71339,2,1920,1200
1,1,10301,1779138892.73421,2,1920,1200
1,1,10302,1779138892.75503,2,1920,1200
1,1,10303,1779138892.77585,2,1920,1200
1,1,10304,1779138892.79667,2,1920,1200
1,1,10305,1779138892.81749,2,1920,1200
1,1,10306,1779138892.83831,2,1920,1200
1,1,10307,1779138892.85913,2,1920,1200
1,1,10308,1779138892.87995,2,1920,1200
1,1,10309,1779138892.90077,2,1920,1200
1,1,10310,1779138892.92159,2,1920,1200
1,1,10311,1779138892.94241,2,1920,1200
1,1,10312,1779138892.96323,2,1920,1200
1,1,10313,1779138892.98405,2,1920,1200
1,1,10314,1779138893.00487,2,1920,1200
1,1,10315,1779138893.02569,2,1920,1200
1,1,10316,1779138893.04651,2,1920,1200
1,1,10317,1779138893.06733,2,1920,1200
1,1,10318,1779138893.08815,2,1920,1200
1,1,10319,1779138893.10897,2,1920,1200
1,1,10320,1779138893.12979,2,1920,1200
1,1,10321,1779138893.15061,2,1920,1200
1,1,10322,1779138893.17143,2,1920,1200
1,1,10323,1779138893.19225,2,1920,1200
1,1,10324,1779138893.21307,2,1920,1200
1,1,10325,1779138893.23389,2,1920,1200
1,1,10326,1779138893.25471,2,1920,1200
1,1,10327,1779138893.27553,2,1920,1200
1,1,10328,1779138893.29635,2,1920,1200
1,1,10329,1779138893.31717,2,1920,1200
1,1,10330,1779138893.33799,2,1920,1200
1,1,10331,1779138893.35881,2,1920,1200
1,1,10332,1779138893.37963,2,1920,1200
1,1,10333,1779138893.40045,2,1920,1200
1,1,10334,1779138893.42127,2,1920,1200
1,1,10335,1779138893.4421,2,1920,1200
1,1,10336,1779138893.46292,2,1920,1200
1,1,10337,1779138893.48373,2,1920,1200
1,1,10338,1779138893.50456,2,1920,1200
1,1,10339,1779138893.52537,2,1920,1200
1,1,10340,1779138893.5462,2,1920,1200
1,1,10341,1779138893.56701,2,1920,1200
1,1,10342,1779138893.58784,2,1920,1200
1,1,10343,1779138893.60866,2,1920,1200
1,1,10344,1779138893.62948,2,1920,1200
1,1,10345,1779138893.6503,2,1920,1200
1,1,10346,1779138893.67112,2,1920,1200
1,1,10347,1779138893.69194,2,1920,1200
1,1,10348,1779138893.71276,2,1920,1200
1,1,10349,1779138893.73358,2,1920,1200
1,1,10350,1779138893.7544,2,1920,1200
1,1,10351,1779138893.77522,2,1920,1200
1,1,10352,1779138893.79604,2,1920,1200
1,1,10353,1779138893.81686,2,1920,1200
1,1,10354,1779138893.83768,2,1920,1200
1,1,10355,1779138893.8585,2,1920,1200
1,1,10356,1779138893.87932,2,1920,1200
1,1,10357,1779138893.90014,2,1920,1200
1,1,10358,1779138893.92096,2,1920,1200
1,1,10359,1779138893.94178,2,1920,1200
1,1,10360,1779138893.9626,2,1920,1200
1,1,10361,1779138893.98342,2,1920,1200
1,1,10362,1779138894.00424,2,1920,1200
1,1,10363,1779138894.02506,2,1920,1200
1,1,10364,1779138894.04588,2,1920,1200
1,1,10365,1779138894.0667,2,1920,1200
1,1,10366,1779138894.08752,2,1920,1200
1,1,10367,1779138894.10834,2,1920,1200
1,1,10368,1779138894.12916,2,1920,1200
1,1,10369,1779138894.14998,2,1920,1200
1,1,10370,1779138894.1708,1,1920,1200
1,1,10371,1779138894.19162,1,1920,1200
1,1,10372,1779138894.21244,1,1920,1200
1,1,10373,1779138894.23326,1,1920,1200
1,1,10374,1779138894.25408,1,1920,1200
1,1,10375,1779138894.2749,1,1920,1200
1,1,10376,1779138894.29572,1,1920,1200
1,1,10377,1779138894.31654,1,1920,1200
1,1,10378,1779138894.33736,1,1920,1200
1,1,10379,1779138894.35818,1,1920,1200
1,1,10380,1779138894.379,1,1920,1200
1,1,10381,1779138894.39982,1,1920,1200
1,1,10382,1779138894.42064,1,1920,1200
1,1,10383,1779138894.44146,1,1920,1200
1,1,10384,1779138894.46228,1,1920,1200
1,1,10385,1779138894.4831,1,1920,1200
1,1,10386,1779138894.50392,1,1920,1200
1,1,10387,1779138894.52474,1,1920,1200
1,1,10388,1779138894.54556,1,1920,1200
1,1,10389,1779138894.56638,1,1920,1200
1,1,10390,1779138894.5872,1,1920,1200
1,1,10391,1779138894.60802,1,1920,1200
1,1,10392,1779138894.62884,1,1920,1200
1,1,10393,1779138894.64966,1,1920,1200
1,1,10394,1779138894.67048,1,1920,1200
1,1,10395,1779138894.6913,1,1920,1200
1,1,10396,1779138894.71212,1,1920,1200
1,1,10397,1779138894.73294,1,1920,1200
1,1,10398,1779138894.75376,1,1920,1200
1,1,10399,1779138894.77458,1,1920,1200
1,1,10400,1779138894.7954,1,1920,1200
1,1,10401,1779138894.81622,1,1920,1200
1,1,10402,1779138894.83704,1,1920,1200
1,1,10403,1779138894.85786,1,1920,1200
1,1,10404,1779138894.87868,1,1920,1200
1,1,10405,1779138894.8995,1,1920,1200
1,1,10406,1779138894.92032,1,1920,1200
1,1,10407,1779138894.94114,1,1920,1200
1,1,10408,1779138894.96196,1,1920,1200
1,1,10409,1779138894.98278,1,1920,1200
1,1,10410,1779138895.0036,1,1920,1200
1,1,10411,1779138895.02442,1,1920,1200
1,1,10412,1779138895.04524,1,1920,1200
1,1,10413,1779138895.06606,1,1920,1200
1,1,10414,1779138895.08688,1,1920,1200
1,1,10415,1779138895.1077,1,1920,1200
1,1,10416,1779138895.12852,1,1920,1200
1,1,10417,1779138895.14934,1,1920,1200
1,1,10418,1779138895.17016,1,1920,1200
1,1,10419,1779138895.19098,1,1920,1200
1,1,10420,1779138895.2118,1,1920,1200
1,1,10421,1779138895.23262,1,1920,1200
1,1,10422,1779138895.25344,1,1920,1200
1,1,10423,1779138895.27426,1,1920,1200
1,1,10424,1779138895.29508,1,1920,1200
1,1,10425,1779138895.3159,1,1920,1200
1,1,10426,1779138895.33672,1,1920,1200
1,1,10427,1779138895.35754,1,1920,1200
1,1,10428,1779138895.37836,1,1920,1200
1,1,10429,1779138895.39918,1,1920,1200
1,1,10430,1779138895.42,1,1920,1200
1,1,10431,1779138895.44082,1,1920,1200
1,1,10432,1779138895.46164,1,1920,1200
1,1,10433,1779138895.48246,1,1920,1200
1,1,10434,1779138895.50328,1,1920,1200
1,1,10435,1779138895.5241,1,1920,1200
1,1,10436,1779138895.54492,1,1920,1200
1,1,10437,1779138895.56574,1,1920,1200
1,1,10438,1779138895.58656,1,1920,1200
1,1,10439,1779138895.60738,1,1920,1200
1,1,10440,1779138895.6282,1,1920,1200
1,1,10441,1779138895.64902,1,1920,1200
1,1,10442,1779138895.66984,1,1920,1200
1,1,10443,1779138895.69066,1,1920,1200
1,1,10444,1779138895.71148,1,1920,1200
1,1,10445,1779138895.7323,1,1920,1200
1,1,10446,1779138895.75312,1,1920,1200
1,1,10447,1779138895.77394,1,1920,1200
1,1,10448,1779138895.79476,1,1920,1200
1,1,10449,1779138895.81558,1,1920,1200
1,1,10450,1779138895.8364,1,1920,1200
1,1,10451,1779138895.85722,1,1920,1200
1,1,10452,1779138895.87804,1,1920,1200
1,1,10453,1779138895.89886,1,1920,1200
1,1,10454,1779138895.91968,1,1920,1200
1,1,10455,1779138895.9405,1,1920,1200
1,1,10456,1779138895.96132,1,1920,1200
1,1,10457,1779138895.98214,1,1920,1200
1,1,10458,1779138896.00296,1,1920,1200
1,1,10459,1779138896.02378,1,1920,1200
1,1,10460,1779138896.0446,1,1920,1200
1,1,10461,1779138896.06542,1,1920,1200
1,1,10462,1779138896.08624,1,1920,1200
1,1,10463,1779138896.10706,1,1920,1200
1,1,10464,1779138896.12788,1,1920,1200
1,1,10465,1779138896.1487,1,1920,1200
1,1,10466,1779138896.16952,1,1920,1200
1,1,10467,1779138896.19034,1,1920,1200
1,1,10468,1779138896.21116,1,1920,1200
1,1,10469,1779138896.23198,1,1920,1200
1,1,10470,1779138896.2528,1,1920,1200
1,1,10471,1779138896.27362,1,1920,1200
1,1,10472,1779138896.29444,1,1920,1200
1,1,10473,1779138896.31526,1,1920,1200
1,1,10474,1779138896.33608,1,1920,1200
1,1,10475,1779138896.3569,1,1920,1200
1,1,10476,1779138896.37772,1,1920,1200
1,1,10477,1779138896.39854,1,1920,1200
1,1,10478,1779138896.41936,1,1920,1200
1,1,10479,1779138896.44018,1,1920,1200
1,1,10480,1779138896.461,1,1920,1200
1,1,10481,1779138896.48182,1,1920,1200
1,1,10482,1779138896.50264,1,1920,1200
1,1,10483,1779138896.52346,1,1920,1200
1,1,10484,1779138896.54428,1,1920,1200
1,1,10485,1779138896.5651,1,1920,1200
1,1,10486,1779138896.58592,1,1920,1200
1,1,10487,1779138896.60674,1,1920,1200
1,1,10488,1779138896.62756,1,1920,1200
1,1,10489,1779138896.64838,1,1920,1200
1,1,10490,1779138896.6692,1,1920,1200
1,1,10491,1779138896.69002,1,1920,1200
1,1,10492,1779138896.71084,1,1920,1200
1,1,10493,1779138896.73166,1,1920,1200
1,1,10494,1779138896.75248,1,1920,1200
1,1,10495,1779138896.7733,1,1920,1200
1,1,10496,1779138896.79412,1,1920,1200
1,1,10497,1779138896.81494,1,1920,1200
1,1,10498,1779138896.83576,1,1920,1200
1,1,10499,1779138896.85658,1,1920,1200
1,1,10500,1779138896.8774,1,1920,1200
1,1,10501,1779138896.89822,1,1920,1200
1,1,10502,1779138896.91904,1,1920,1200
1,1,10503,1779138896.93986,1,1920,1200
1,1,10504,1779138896.96068,1,1920,1200
1,1,10505,1779138896.9815,1,1920,1200
1,1,10506,1779138897.00232,1,1920,1200
1,1,10507,1779138897.02314,1,1920,1200
1,1,10508,1779138897.04396,1,1920,1200
1,1,10509,1779138897.06478,1,1920,1200
1,1,10510,1779138897.0856,1,1920,1200
1,1,10511,1779138897.10642,1,1920,1200
1,1,10512,1779138897.12724,1,1920,1200
1,1,10513,1779138897.14806,1,1920,1200
1,1,10514,1779138897.16888,1,1920,1200
1,1,10515,1779138897.1897,1,1920,1200
1,1,10516,1779138897.21052,1,1920,1200
1,1,10517,1779138897.23134,1,1920,1200
1,1,10518,1779138897.25216,1,1920,1200
1,1,10519,1779138897.27298,1,1920,1200
1,1,10520,1779138897.2938,1,1920,1200
1,1,10521,1779138897.31462,1,1920,1200
1,1,10522,1779138897.33544,1,1920,1200
1,1,10523,1779138897.35626,1,1920,1200
1,1,10524,1779138897.37708,1,1920,1200
1,1,10525,1779138897.3979,1,1920,1200
1,1,10526,1779138897.41872,1,1920,1200
1,1,10527,1779138897.43954,1,1920,1200
1,1,10528,1779138897.46036,1,1920,1200
1,1,10529,1779138897.48118,1,1920,1200
1,1,10530,1779138897.502,1,1920,1200
1,1,10531,1779138897.52282,1,1920,1200
1,1,10532,1779138897.54364,1,1920,1200
1,1,10533,1779138897.56446,1,1920,1200
1,1,10534,1779138897.58528,1,1920,1200
1,1,10535,1779138897.6061,1,1920,1200
1,1,10536,1779138897.62692,1,1920,1200
1,1,10537,1779138897.64774,1,1920,1200
1,1,10538,1779138897.66856,1,1920,1200
1,1,10539,1779138897.68938,1,1920,1200
1,1,10540,1779138897.7102,1,1920,1200
1,1,10541,1779138897.73102,1,1920,1200
1,1,10542,1779138897.75184,1,1920,1200
1,1,10543,1779138897.77266,1,1920,1200
1,1,10544,1779138897.79348,1,1920,1200
1,1,10545,1779138897.8143,1,1920,1200
1,1,10546,1779138897.83512,1,1920,1200
1,1,10547,1779138897.85594,1,1920,1200
1,1,10548,1779138897.87676,1,1920,1200
1,1,10549,1779138897.89758,1,1920,1200
1,1,10550,1779138897.9184,1,1920,1200
1,1,10551,1779138897.93922,1,1920,1200
1,1,10552,1779138897.96004,1,1920,1200
1,1,10553,1779138897.98086,1,1920,1200
1,1,10554,1779138898.00168,1,1920,1200
1,1,10555,1779138898.0225,1,1920,1200
1,1,10556,1779138898.04332,1,1920,1200
1,1,10557,1779138898.06414,1,1920,1200
1,1,10558,1779138898.08496,1,1920,1200
1,1,10559,1779138898.10578,1,1920,1200
1,1,10560,1779138898.1266,1,1920,1200
1,1,10561,1779138898.14742,1,1920,1200
1,1,10562,1779138898.16824,2,1920,1200
1,1,10563,1779138898.18906,2,1920,1200
1,1,10564,1779138898.20988,2,1920,1200
1,1,10565,1779138898.2307,2,1920,1200
1,1,10566,1779138898.25152,2,1920,1200
1,1,10567,1779138898.27234,2,1920,1200
1,1,10568,1779138898.29316,2,1920,1200
1,1,10569,1779138898.31398,2,1920,1200
1,1,10570,1779138898.3348,2,1920,1200
1,1,10571,1779138898.35562,2,1920,1200
1,1,10572,1779138898.37644,2,1920,1200
1,1,10573,1779138898.39726,2,1920,1200
1,1,10574,1779138898.41808,2,1920,1200
1,1,10575,1779138898.4389,2,1920,1200
1,1,10576,1779138898.45972,2,1920,1200
1,1,10577,1779138898.48054,2,1920,1200
1,1,10578,1779138898.50136,2,1920,1200
1,1,10579,1779138898.52218,2,1920,1200
1,1,10580,1779138898.543,2,1920,1200
1,1,10581,1779138898.56382,2,1920,1200
1,1,10582,1779138898.58464,2,1920,1200
1,1,10583,1779138898.60546,2,1920,1200
1,1,10584,1779138898.62628,2,1920,1200
1,1,10585,1779138898.6471,2,1920,1200
1,1,10586,1779138898.66792,2,1920,1200
1,1,10587,1779138898.68874,2,1920,1200
1,1,10588,1779138898.70956,2,1920,1200
1,1,10589,1779138898.73038,2,1920,1200
1,1,10590,1779138898.7512,2,1920,1200
1,1,10591,1779138898.77202,2,1920,1200
1,1,10592,1779138898.79284,2,1920,1200
1,1,10593,1779138898.81366,2,1920,1200
1,1,10594,1779138898.83448,2,1920,1200
1,1,10595,1779138898.8553,2,1920,1200
1,1,10596,1779138898.87612,2,1920,1200
1,1,10597,1779138898.89694,2,1920,1200
1,1,10598,1779138898.91776,2,1920,1200
1,1,10599,1779138898.93858,2,1920,1200
1,1,10600,1779138898.9594,2,1920,1200
1,1,10601,1779138898.98022,2,1920,1200
1,1,10602,1779138899.00104,2,1920,1200
1,1,10603,1779138899.02186,2,1920,1200
1,1,10604,1779138899.04268,2,1920,1200
1,1,10605,1779138899.0635,2,1920,1200
1,1,10606,1779138899.08432,2,1920,1200
1,1,10607,1779138899.10514,2,1920,1200
1,1,10608,1779138899.12596,2,1920,1200
1,1,10609,1779138899.14678,2,1920,1200
1,1,10610,1779138899.1676,2,1920,1200
1,1,10611,1779138899.18841,2,1920,1200
1,1,10612,1779138899.20923,2,1920,1200
1,1,10613,1779138899.23006,2,1920,1200
1,1,10614,1779138899.25087,2,1920,1200
1,1,10615,1779138899.27169,2,1920,1200
1,1,10616,1779138899.29252,2,1920,1200
1,1,10617,1779138899.31334,2,1920,1200
1,1,10618,1779138899.33415,2,1920,1200
1,1,10619,1779138899.35497,2,1920,1200
1,1,10620,1779138899.37579,2,1920,1200
1,1,10621,1779138899.39662,2,1920,1200
1,1,10622,1779138899.41743,2,1920,1200
1,1,10623,1779138899.43826,2,1920,1200
1,1,10624,1779138899.45907,2,1920,1200
1,1,10625,1779138899.4799,2,1920,1200
1,1,10626,1779138899.50072,2,1920,1200
1,1,10627,1779138899.52153,2,1920,1200
1,1,10628,1779138899.54236,2,1920,1200
1,1,10629,1779138899.56318,2,1920,1200
1,1,10630,1779138899.58399,2,1920,1200
1,1,10631,1779138899.60481,2,1920,1200
1,1,10632,1779138899.62563,2,1920,1200
1,1,10633,1779138899.64645,2,1920,1200
1,1,10634,1779138899.66728,2,1920,1200
1,1,10635,1779138899.68809,2,1920,1200
1,1,10636,1779138899.70891,2,1920,1200
1,1,10637,1779138899.72973,2,1920,1200
1,1,10638,1779138899.75055,2,1920,1200
1,1,10639,1779138899.77137,2,1920,1200
1,1,10640,1779138899.79219,2,1920,1200
1,1,10641,1779138899.81301,2,1920,1200
1,1,10642,1779138899.83383,2,1920,1200
1,1,10643,1779138899.85465,2,1920,1200
1,1,10644,1779138899.87547,2,1920,1200
1,1,10645,1779138899.89629,2,1920,1200
1,1,10646,1779138899.91711,2,1920,1200
1,1,10647,1779138899.93793,2,1920,1200
1,1,10648,1779138899.95875,2,1920,1200
1,1,10649,1779138899.97957,2,1920,1200
1,1,10650,1779138900.00039,2,1920,1200
1,1,10651,1779138900.02121,2,1920,1200
1,1,10652,1779138900.04203,2,1920,1200
1,1,10653,1779138900.06285,2,1920,1200
1,1,10654,1779138900.08367,2,1920,1200
1,1,10655,1779138900.10449,2,1920,1200
1,1,10656,1779138900.12531,2,1920,1200
1,1,10657,1779138900.14613,2,1920,1200
1,1,10658,1779138900.16695,1,1920,1200
1,1,10659,1779138900.18777,1,1920,1200
1,1,10660,1779138900.20859,1,1920,1200
1,1,10661,1779138900.22941,1,1920,1200
1,1,10662,1779138900.25023,1,1920,1200
1,1,10663,1779138900.27105,1,1920,1200
1,1,10664,1779138900.29187,1,1920,1200
1,1,10665,1779138900.31269,1,1920,1200
1,1,10666,1779138900.33351,1,1920,1200
1,1,10667,1779138900.35433,1,1920,1200
1,1,10668,1779138900.37515,1,1920,1200
1,1,10669,1779138900.39597,1,1920,1200
1,1,10670,1779138900.41679,1,1920,1200
1,1,10671,1779138900.43761,1,1920,1200
1,1,10672,1779138900.45843,1,1920,1200
1,1,10673,1779138900.47925,1,1920,1200
1,1,10674,1779138900.50007,1,1920,1200
1,1,10675,1779138900.52089,1,1920,1200
1,1,10676,1779138900.54171,1,1920,1200
1,1,10677,1779138900.56253,1,1920,1200
1,1,10678,1779138900.58335,1,1920,1200
1,1,10679,1779138900.60417,1,1920,1200
1,1,10680,1779138900.62499,1,1920,1200
1,1,10681,1779138900.64581,1,1920,1200
1,1,10682,1779138900.66663,1,1920,1200
1,1,10683,1779138900.68745,1,1920,1200
1,1,10684,1779138900.70827,1,1920,1200
1,1,10685,1779138900.72909,1,1920,1200
1,1,10686,1779138900.74991,1,1920,1200
1,1,10687,1779138900.77073,1,1920,1200
1,1,10688,1779138900.79155,1,1920,1200
1,1,10689,1779138900.81237,1,1920,1200
1,1,10690,1779138900.83319,1,1920,1200
1,1,10691,1779138900.85401,1,1920,1200
1,1,10692,1779138900.87483,1,1920,1200
1,1,10693,1779138900.89565,1,1920,1200
1,1,10694,1779138900.91647,1,1920,1200
1,1,10695,1779138900.93729,1,1920,1200
1,1,10696,1779138900.95811,1,1920,1200
1,1,10697,1779138900.97893,1,1920,1200
1,1,10698,1779138900.99975,1,1920,1200
1,1,10699,1779138901.02057,1,1920,1200
1,1,10700,1779138901.04139,1,1920,1200
1,1,10701,1779138901.06221,1,1920,1200
1,1,10702,1779138901.08303,1,1920,1200
1,1,10703,1779138901.10385,1,1920,1200
1,1,10704,1779138901.12467,1,1920,1200
1,1,10705,1779138901.14549,1,1920,1200
1,1,10706,1779138901.16631,1,1920,1200
1,1,10707,1779138901.18713,1,1920,1200
1,1,10708,1779138901.20795,1,1920,1200
1,1,10709,1779138901.22877,1,1920,1200
1,1,10710,1779138901.24959,1,1920,1200
1,1,10711,1779138901.27041,1,1920,1200
1,1,10712,1779138901.29123,1,1920,1200
1,1,10713,1779138901.31205,1,1920,1200
1,1,10714,1779138901.33287,1,1920,1200
1,1,10715,1779138901.35369,1,1920,1200
1,1,10716,1779138901.37451,1,1920,1200
1,1,10717,1779138901.39533,1,1920,1200
1,1,10718,1779138901.41615,1,1920,1200
1,1,10719,1779138901.43697,1,1920,1200
1,1,10720,1779138901.45779,1,1920,1200
1,1,10721,1779138901.47861,1,1920,1200
1,1,10722,1779138901.49943,1,1920,1200
1,1,10723,1779138901.52025,1,1920,1200
1,1,10724,1779138901.54107,1,1920,1200
1,1,10725,1779138901.56189,1,1920,1200
1,1,10726,1779138901.58271,1,1920,1200
1,1,10727,1779138901.60353,1,1920,1200
1,1,10728,1779138901.62435,1,1920,1200
1,1,10729,1779138901.64517,1,1920,1200
1,1,10730,1779138901.66599,1,1920,1200
1,1,10731,1779138901.68681,1,1920,1200
1,1,10732,1779138901.70763,1,1920,1200
1,1,10733,1779138901.72845,1,1920,1200
1,1,10734,1779138901.74927,1,1920,1200
1,1,10735,1779138901.77009,1,1920,1200
1,1,10736,1779138901.79091,1,1920,1200
1,1,10737,1779138901.81173,1,1920,1200
1,1,10738,1779138901.83255,1,1920,1200
1,1,10739,1779138901.85337,1,1920,1200
1,1,10740,1779138901.87419,1,1920,1200
1,1,10741,1779138901.89501,1,1920,1200
1,1,10742,1779138901.91583,1,1920,1200
1,1,10743,1779138901.93665,1,1920,1200
1,1,10744,1779138901.95747,1,1920,1200
1,1,10745,1779138901.97829,1,1920,1200
1,1,10746,1779138901.99911,1,1920,1200
1,1,10747,1779138902.01993,1,1920,1200
1,1,10748,1779138902.04075,1,1920,1200
1,1,10749,1779138902.06157,1,1920,1200
1,1,10750,1779138902.08239,1,1920,1200
1,1,10751,1779138902.10321,1,1920,1200
1,1,10752,1779138902.12403,1,1920,1200
1,1,10753,1779138902.14485,1,1920,1200
1,1,10754,1779138902.16567,1,1920,1200
1,1,10755,1779138902.18648,1,1920,1200
1,1,10756,1779138902.20731,1,1920,1200
1,1,10757,1779138902.22812,1,1920,1200
1,1,10758,1779138902.24894,1,1920,1200
1,1,10759,1779138902.26977,1,1920,1200
1,1,10760,1779138902.29058,1,1920,1200
1,1,10761,1779138902.3114,1,1920,1200
1,1,10762,1779138902.33222,1,1920,1200
1,1,10763,1779138902.35304,1,1920,1200
1,1,10764,1779138902.37386,1,1920,1200
1,1,10765,1779138902.39468,1,1920,1200
1,1,10766,1779138902.4155,1,1920,1200
1,1,10767,1779138902.43632,1,1920,1200
1,1,10768,1779138902.45714,1,1920,1200
1,1,10769,1779138902.47796,1,1920,1200
1,1,10770,1779138902.49878,1,1920,1200
1,1,10771,1779138902.5196,1,1920,1200
1,1,10772,1779138902.54042,1,1920,1200
1,1,10773,1779138902.56124,1,1920,1200
1,1,10774,1779138902.58206,1,1920,1200
1,1,10775,1779138902.60288,1,1920,1200
1,1,10776,1779138902.6237,1,1920,1200
1,1,10777,1779138902.64452,1,1920,1200
1,1,10778,1779138902.66534,1,1920,1200
1,1,10779,1779138902.68616,1,1920,1200
1,1,10780,1779138902.70698,1,1920,1200
1,1,10781,1779138902.7278,1,1920,1200
1,1,10782,1779138902.74862,1,1920,1200
1,1,10783,1779138902.76944,1,1920,1200
1,1,10784,1779138902.79026,1,1920,1200
1,1,10785,1779138902.81108,1,1920,1200
1,1,10786,1779138902.8319,1,1920,1200
1,1,10787,1779138902.85272,1,1920,1200
1,1,10788,1779138902.87354,1,1920,1200
1,1,10789,1779138902.89436,1,1920,1200
1,1,10790,1779138902.91518,1,1920,1200
1,1,10791,1779138902.936,1,1920,1200
1,1,10792,1779138902.95682,1,1920,1200
1,1,10793,1779138902.97764,1,1920,1200
1,1,10794,1779138902.99846,1,1920,1200
1,1,10795,1779138903.01928,1,1920,1200
1,1,10796,1779138903.0401,1,1920,1200
1,1,10797,1779138903.06092,1,1920,1200
1,1,10798,1779138903.08174,1,1920,1200
1,1,10799,1779138903.10256,1,1920,1200
1,1,10800,1779138903.12338,1,1920,1200
1,1,10801,1779138903.1442,1,1920,1200
1,1,10802,1779138903.16502,1,1920,1200
1,1,10803,1779138903.18584,1,1920,1200
1,1,10804,1779138903.20666,1,1920,1200
1,1,10805,1779138903.22748,1,1920,1200
1,1,10806,1779138903.2483,1,1920,1200
1,1,10807,1779138903.26912,1,1920,1200
1,1,10808,1779138903.28994,1,1920,1200
1,1,10809,1779138903.31076,1,1920,1200
1,1,10810,1779138903.33158,1,1920,1200
1,1,10811,1779138903.3524,1,1920,1200
1,1,10812,1779138903.37322,1,1920,1200
1,1,10813,1779138903.39404,1,1920,1200
1,1,10814,1779138903.41486,1,1920,1200
1,1,10815,1779138903.43568,1,1920,1200
1,1,10816,1779138903.4565,1,1920,1200
1,1,10817,1779138903.47732,1,1920,1200
1,1,10818,1779138903.49814,1,1920,1200
1,1,10819,1779138903.51896,1,1920,1200
1,1,10820,1779138903.53978,1,1920,1200
1,1,10821,1779138903.5606,1,1920,1200
1,1,10822,1779138903.58142,1,1920,1200
1,1,10823,1779138903.60224,1,1920,1200
1,1,10824,1779138903.62306,1,1920,1200
1,1,10825,1779138903.64388,1,1920,1200
1,1,10826,1779138903.6647,1,1920,1200
1,1,10827,1779138903.68552,1,1920,1200
1,1,10828,1779138903.70634,1,1920,1200
1,1,10829,1779138903.72716,1,1920,1200
1,1,10830,1779138903.74798,1,1920,1200
1,1,10831,1779138903.7688,1,1920,1200
1,1,10832,1779138903.78962,1,1920,1200
1,1,10833,1779138903.81044,1,1920,1200
1,1,10834,1779138903.83126,1,1920,1200
1,1,10835,1779138903.85208,1,1920,1200
1,1,10836,1779138903.8729,1,1920,1200
1,1,10837,1779138903.89372,1,1920,1200
1,1,10838,1779138903.91454,1,1920,1200
1,1,10839,1779138903.93536,1,1920,1200
1,1,10840,1779138903.95618,1,1920,1200
1,1,10841,1779138903.977,1,1920,1200
1,1,10842,1779138903.99781,1,1920,1200
1,1,10843,1779138904.01864,1,1920,1200
1,1,10844,1779138904.03946,1,1920,1200
1,1,10845,1779138904.06028,1,1920,1200
1,1,10846,1779138904.0811,1,1920,1200
1,1,10847,1779138904.10191,1,1920,1200
1,1,10848,1779138904.12273,1,1920,1200
1,1,10849,1779138904.14355,1,1920,1200
1,1,10850,1779138904.16437,2,1920,1200
1,1,10851,1779138904.18519,2,1920,1200
1,1,10852,1779138904.20601,2,1920,1200
1,1,10853,1779138904.22683,2,1920,1200
1,1,10854,1779138904.24765,2,1920,1200
1,1,10855,1779138904.26847,2,1920,1200
1,1,10856,1779138904.28929,2,1920,1200
1,1,10857,1779138904.31011,2,1920,1200
1,1,10858,1779138904.33093,2,1920,1200
1,1,10859,1779138904.35175,2,1920,1200
1,1,10860,1779138904.37257,2,1920,1200
1,1,10861,1779138904.39339,2,1920,1200
1,1,10862,1779138904.41421,2,1920,1200
1,1,10863,1779138904.43503,2,1920,1200
1,1,10864,1779138904.45585,2,1920,1200
1,1,10865,1779138904.47667,2,1920,1200
1,1,10866,1779138904.49749,2,1920,1200
1,1,10867,1779138904.51831,2,1920,1200
1,1,10868,1779138904.53913,2,1920,1200
1,1,10869,1779138904.55995,2,1920,1200
1,1,10870,1779138904.58077,2,1920,1200
1,1,10871,1779138904.60159,2,1920,1200
1,1,10872,1779138904.62241,2,1920,1200
1,1,10873,1779138904.64323,2,1920,1200
1,1,10874,1779138904.66405,2,1920,1200
1,1,10875,1779138904.68487,2,1920,1200
1,1,10876,1779138904.70569,2,1920,1200
1,1,10877,1779138904.72651,2,1920,1200
1,1,10878,1779138904.74733,2,1920,1200
1,1,10879,1779138904.76815,2,1920,1200
1,1,10880,1779138904.78897,2,1920,1200
1,1,10881,1779138904.80979,2,1920,1200
1,1,10882,1779138904.83061,2,1920,1200
1,1,10883,1779138904.85143,2,1920,1200
1,1,10884,1779138904.87225,2,1920,1200
1,1,10885,1779138904.89307,2,1920,1200
1,1,10886,1779138904.91389,2,1920,1200
1,1,10887,1779138904.93471,2,1920,1200
1,1,10888,1779138904.95553,2,1920,1200
1,1,10889,1779138904.97635,2,1920,1200
1,1,10890,1779138904.99717,2,1920,1200
1,1,10891,1779138905.01799,2,1920,1200
1,1,10892,1779138905.03881,2,1920,1200
1,1,10893,1779138905.05963,2,1920,1200
1,1,10894,1779138905.08045,2,1920,1200
1,1,10895,1779138905.10127,2,1920,1200
1,1,10896,1779138905.12209,2,1920,1200
1,1,10897,1779138905.14291,2,1920,1200
1,1,10898,1779138905.16373,2,1920,1200
1,1,10899,1779138905.18455,2,1920,1200
1,1,10900,1779138905.20537,2,1920,1200
1,1,10901,1779138905.22619,2,1920,1200
1,1,10902,1779138905.24701,2,1920,1200
1,1,10903,1779138905.26783,2,1920,1200
1,1,10904,1779138905.28865,2,1920,1200
1,1,10905,1779138905.30947,2,1920,1200
1,1,10906,1779138905.33029,2,1920,1200
1,1,10907,1779138905.35111,2,1920,1200
1,1,10908,1779138905.37193,2,1920,1200
1,1,10909,1779138905.39275,2,1920,1200
1,1,10910,1779138905.41357,2,1920,1200
1,1,10911,1779138905.43438,2,1920,1200
1,1,10912,1779138905.4552,2,1920,1200
1,1,10913,1779138905.47602,2,1920,1200
1,1,10914,1779138905.49685,2,1920,1200
1,1,10915,1779138905.51766,2,1920,1200
1,1,10916,1779138905.53849,2,1920,1200
1,1,10917,1779138905.55931,2,1920,1200
1,1,10918,1779138905.58012,2,1920,1200
1,1,10919,1779138905.60094,2,1920,1200
1,1,10920,1779138905.62176,2,1920,1200
1,1,10921,1779138905.64258,2,1920,1200
1,1,10922,1779138905.6634,2,1920,1200
1,1,10923,1779138905.68422,2,1920,1200
1,1,10924,1779138905.70504,2,1920,1200
1,1,10925,1779138905.72586,2,1920,1200
1,1,10926,1779138905.74668,2,1920,1200
1,1,10927,1779138905.7675,2,1920,1200
1,1,10928,1779138905.78832,2,1920,1200
1,1,10929,1779138905.80914,2,1920,1200
1,1,10930,1779138905.82996,2,1920,1200
1,1,10931,1779138905.85078,2,1920,1200
1,1,10932,1779138905.8716,2,1920,1200
1,1,10933,1779138905.89242,2,1920,1200
1,1,10934,1779138905.91324,2,1920,1200
1,1,10935,1779138905.93406,2,1920,1200
1,1,10936,1779138905.95488,2,1920,1200
1,1,10937,1779138905.9757,2,1920,1200
1,1,10938,1779138905.99652,2,1920,1200
1,1,10939,1779138906.01734,2,1920,1200
1,1,10940,1779138906.03816,2,1920,1200
1,1,10941,1779138906.05898,2,1920,1200
1,1,10942,1779138906.0798,2,1920,1200
1,1,10943,1779138906.10062,2,1920,1200
1,1,10944,1779138906.12144,2,1920,1200
1,1,10945,1779138906.14226,2,1920,1200
1,1,10946,1779138906.16308,1,1920,1200
1,1,10947,1779138906.1839,1,1920,1200
1,1,10948,1779138906.20472,1,1920,1200
1,1,10949,1779138906.22554,1,1920,1200
1,1,10950,1779138906.24636,1,1920,1200
1,1,10951,1779138906.26718,1,1920,1200
1,1,10952,1779138906.288,1,1920,1200
1,1,10953,1779138906.30882,1,1920,1200
1,1,10954,1779138906.32964,1,1920,1200
1,1,10955,1779138906.35046,1,1920,1200
1,1,10956,1779138906.37128,1,1920,1200
1,1,10957,1779138906.3921,1,1920,1200
1,1,10958,1779138906.41292,1,1920,1200
1,1,10959,1779138906.43374,1,1920,1200
1,1,10960,1779138906.45456,1,1920,1200
1,1,10961,1779138906.47538,1,1920,1200
1,1,10962,1779138906.4962,1,1920,1200
1,1,10963,1779138906.51702,1,1920,1200
1,1,10964,1779138906.53784,1,1920,1200
1,1,10965,1779138906.55866,1,1920,1200
1,1,10966,1779138906.57948,1,1920,1200
1,1,10967,1779138906.6003,1,1920,1200
1,1,10968,1779138906.62112,1,1920,1200
1,1,10969,1779138906.64194,1,1920,1200
1,1,10970,1779138906.66276,1,1920,1200
1,1,10971,1779138906.68358,1,1920,1200
1,1,10972,1779138906.7044,1,1920,1200
1,1,10973,1779138906.72522,1,1920,1200
1,1,10974,1779138906.74603,1,1920,1200
1,1,10975,1779138906.76685,1,1920,1200
1,1,10976,1779138906.78767,1,1920,1200
1,1,10977,1779138906.80849,1,1920,1200
1,1,10978,1779138906.82931,1,1920,1200
1,1,10979,1779138906.85014,1,1920,1200
1,1,10980,1779138906.87095,1,1920,1200
1,1,10981,1779138906.89177,1,1920,1200
1,1,10982,1779138906.91259,1,1920,1200
1,1,10983,1779138906.93341,1,1920,1200
1,1,10984,1779138906.95423,1,1920,1200
1,1,10985,1779138906.97505,1,1920,1200
1,1,10986,1779138906.99587,1,1920,1200
1,1,10987,1779138907.01669,1,1920,1200
1,1,10988,1779138907.03751,1,1920,1200
1,1,10989,1779138907.05833,1,1920,1200
1,1,10990,1779138907.07915,1,1920,1200
1,1,10991,1779138907.09997,1,1920,1200
1,1,10992,1779138907.12079,1,1920,1200
1,1,10993,1779138907.14161,1,1920,1200
1,1,10994,1779138907.16243,1,1920,1200
1,1,10995,1779138907.18325,1,1920,1200
1,1,10996,1779138907.20407,1,1920,1200
1,1,10997,1779138907.22489,1,1920,1200
1,1,10998,1779138907.24571,1,1920,1200
1,1,10999,1779138907.26653,1,1920,1200
1,1,11000,1779138907.28735,1,1920,1200
1,1,11001,1779138907.30817,1,1920,1200
1,1,11002,1779138907.32899,1,1920,1200
1,1,11003,1779138907.34981,1,1920,1200
1,1,11004,1779138907.37063,1,1920,1200
1,1,11005,1779138907.39145,1,1920,1200
1,1,11006,1779138907.41227,1,1920,1200
1,1,11007,1779138907.43309,1,1920,1200
1,1,11008,1779138907.45391,1,1920,1200
1,1,11009,1779138907.47473,1,1920,1200
1,1,11010,1779138907.49555,1,1920,1200
1,1,11011,1779138907.51637,1,1920,1200
1,1,11012,1779138907.53719,1,1920,1200
1,1,11013,1779138907.55801,1,1920,1200
1,1,11014,1779138907.57883,1,1920,1200
1,1,11015,1779138907.59965,1,1920,1200
1,1,11016,1779138907.62047,1,1920,1200
1,1,11017,1779138907.64129,1,1920,1200
1,1,11018,1779138907.66211,1,1920,1200
1,1,11019,1779138907.68293,1,1920,1200
1,1,11020,1779138907.70375,1,1920,1200
1,1,11021,1779138907.72457,1,1920,1200
1,1,11022,1779138907.74539,1,1920,1200
1,1,11023,1779138907.76621,1,1920,1200
1,1,11024,1779138907.78703,1,1920,1200
1,1,11025,1779138907.80785,1,1920,1200
1,1,11026,1779138907.82867,1,1920,1200
1,1,11027,1779138907.84949,1,1920,1200
1,1,11028,1779138907.8703,1,1920,1200
1,1,11029,1779138907.89112,1,1920,1200
1,1,11030,1779138907.91194,1,1920,1200
1,1,11031,1779138907.93276,1,1920,1200
1,1,11032,1779138907.95359,1,1920,1200
1,1,11033,1779138907.97441,1,1920,1200
1,1,11034,1779138907.99522,1,1920,1200
1,1,11035,1779138908.01604,1,1920,1200
1,1,11036,1779138908.03686,1,1920,1200
1,1,11037,1779138908.05768,1,1920,1200
1,1,11038,1779138908.0785,1,1920,1200
1,1,11039,1779138908.09932,1,1920,1200
1,1,11040,1779138908.12014,1,1920,1200
1,1,11041,1779138908.14096,1,1920,1200
1,1,11042,1779138908.16178,1,1920,1200
1,1,11043,1779138908.1826,1,1920,1200
1,1,11044,1779138908.20342,1,1920,1200
1,1,11045,1779138908.22424,1,1920,1200
1,1,11046,1779138908.24506,1,1920,1200
1,1,11047,1779138908.26588,1,1920,1200
1,1,11048,1779138908.2867,1,1920,1200
1,1,11049,1779138908.30752,1,1920,1200
1,1,11050,1779138908.32834,1,1920,1200
1,1,11051,1779138908.34916,1,1920,1200
1,1,11052,1779138908.36998,1,1920,1200
1,1,11053,1779138908.3908,1,1920,1200
1,1,11054,1779138908.41162,1,1920,1200
1,1,11055,1779138908.43244,1,1920,1200
1,1,11056,1779138908.45326,1,1920,1200
1,1,11057,1779138908.47408,1,1920,1200
1,1,11058,1779138908.4949,1,1920,1200
1,1,11059,1779138908.51572,1,1920,1200
1,1,11060,1779138908.53654,1,1920,1200
1,1,11061,1779138908.55736,1,1920,1200
1,1,11062,1779138908.57818,1,1920,1200
1,1,11063,1779138908.599,1,1920,1200
1,1,11064,1779138908.61982,1,1920,1200
1,1,11065,1779138908.64064,1,1920,1200
1,1,11066,1779138908.66146,1,1920,1200
1,1,11067,1779138908.68228,1,1920,1200
1,1,11068,1779138908.7031,1,1920,1200
1,1,11069,1779138908.72392,1,1920,1200
1,1,11070,1779138908.74474,1,1920,1200
1,1,11071,1779138908.76556,1,1920,1200
1,1,11072,1779138908.78638,1,1920,1200
1,1,11073,1779138908.8072,1,1920,1200
1,1,11074,1779138908.82802,1,1920,1200
1,1,11075,1779138908.84884,1,1920,1200
1,1,11076,1779138908.86966,1,1920,1200
1,1,11077,1779138908.89048,1,1920,1200
1,1,11078,1779138908.9113,1,1920,1200
1,1,11079,1779138908.93212,1,1920,1200
1,1,11080,1779138908.95293,1,1920,1200
1,1,11081,1779138908.97376,1,1920,1200
1,1,11082,1779138908.99458,1,1920,1200
1,1,11083,1779138909.01539,1,1920,1200
1,1,11084,1779138909.03621,1,1920,1200
1,1,11085,1779138909.05703,1,1920,1200
1,1,11086,1779138909.07785,1,1920,1200
1,1,11087,1779138909.09867,1,1920,1200
1,1,11088,1779138909.11949,1,1920,1200
1,1,11089,1779138909.14031,1,1920,1200
1,1,11090,1779138909.16113,1,1920,1200
1,1,11091,1779138909.18195,1,1920,1200
1,1,11092,1779138909.20277,1,1920,1200
1,1,11093,1779138909.22359,1,1920,1200
1,1,11094,1779138909.24441,1,1920,1200
1,1,11095,1779138909.26523,1,1920,1200
1,1,11096,1779138909.28605,1,1920,1200
1,1,11097,1779138909.30687,1,1920,1200
1,1,11098,1779138909.32769,1,1920,1200
1,1,11099,1779138909.34851,1,1920,1200
1,1,11100,1779138909.36933,1,1920,1200
1,1,11101,1779138909.39015,1,1920,1200
1,1,11102,1779138909.41097,1,1920,1200
1,1,11103,1779138909.43179,1,1920,1200
1,1,11104,1779138909.45261,1,1920,1200
1,1,11105,1779138909.47343,1,1920,1200
1,1,11106,1779138909.49425,1,1920,1200
1,1,11107,1779138909.51507,1,1920,1200
1,1,11108,1779138909.53589,1,1920,1200
1,1,11109,1779138909.55671,1,1920,1200
1,1,11110,1779138909.57753,1,1920,1200
1,1,11111,1779138909.59835,1,1920,1200
1,1,11112,1779138909.61917,1,1920,1200
1,1,11113,1779138909.63999,1,1920,1200
1,1,11114,1779138909.66081,1,1920,1200
1,1,11115,1779138909.68163,1,1920,1200
1,1,11116,1779138909.70245,1,1920,1200
1,1,11117,1779138909.72327,1,1920,1200
1,1,11118,1779138909.74409,1,1920,1200
1,1,11119,1779138909.76491,1,1920,1200
1,1,11120,1779138909.78573,1,1920,1200
1,1,11121,1779138909.80655,1,1920,1200
1,1,11122,1779138909.82737,1,1920,1200
1,1,11123,1779138909.84819,1,1920,1200
1,1,11124,1779138909.86901,1,1920,1200
1,1,11125,1779138909.88983,1,1920,1200
1,1,11126,1779138909.91065,1,1920,1200
1,1,11127,1779138909.93146,1,1920,1200
1,1,11128,1779138909.95229,1,1920,1200
1,1,11129,1779138909.9731,1,1920,1200
1,1,11130,1779138909.99392,1,1920,1200
1,1,11131,1779138910.01474,1,1920,1200
1,1,11132,1779138910.03556,1,1920,1200
1,1,11133,1779138910.05638,1,1920,1200
1,1,11134,1779138910.0772,1,1920,1200
1,1,11135,1779138910.09802,1,1920,1200
1,1,11136,1779138910.11884,1,1920,1200
1,1,11137,1779138910.13966,1,1920,1200
1,1,11138,1779138910.16048,2,1920,1200
1,1,11139,1779138910.1813,2,1920,1200
1,1,11140,1779138910.20212,2,1920,1200
1,1,11141,1779138910.22294,2,1920,1200
1,1,11142,1779138910.24376,2,1920,1200
1,1,11143,1779138910.26458,2,1920,1200
1,1,11144,1779138910.2854,2,1920,1200
1,1,11145,1779138910.30622,2,1920,1200
1,1,11146,1779138910.32704,2,1920,1200
1,1,11147,1779138910.34786,2,1920,1200
1,1,11148,1779138910.36868,2,1920,1200
1,1,11149,1779138910.3895,2,1920,1200
1,1,11150,1779138910.41032,2,1920,1200
1,1,11151,1779138910.43114,2,1920,1200
1,1,11152,1779138910.45196,2,1920,1200
1,1,11153,1779138910.47278,2,1920,1200
1,1,11154,1779138910.4936,2,1920,1200
1,1,11155,1779138910.51442,2,1920,1200
1,1,11156,1779138910.53524,2,1920,1200
1,1,11157,1779138910.55606,2,1920,1200
1,1,11158,1779138910.57688,2,1920,1200
1,1,11159,1779138910.5977,2,1920,1200
1,1,11160,1779138910.61852,2,1920,1200
1,1,11161,1779138910.63934,2,1920,1200
1,1,11162,1779138910.66016,2,1920,1200
1,1,11163,1779138910.68098,2,1920,1200
1,1,11164,1779138910.7018,2,1920,1200
1,1,11165,1779138910.72262,2,1920,1200
1,1,11166,1779138910.74344,2,1920,1200
1,1,11167,1779138910.76426,2,1920,1200
1,1,11168,1779138910.78508,2,1920,1200
1,1,11169,1779138910.8059,2,1920,1200
1,1,11170,1779138910.82672,2,1920,1200
1,1,11171,1779138910.84753,2,1920,1200
1,1,11172,1779138910.86835,2,1920,1200
1,1,11173,1779138910.88918,2,1920,1200
1,1,11174,1779138910.91,2,1920,1200
1,1,11175,1779138910.93081,2,1920,1200
1,1,11176,1779138910.95163,2,1920,1200
1,1,11177,1779138910.97245,2,1920,1200
1,1,11178,1779138910.99327,2,1920,1200
1,1,11179,1779138911.01409,2,1920,1200
1,1,11180,1779138911.03491,2,1920,1200
1,1,11181,1779138911.05573,2,1920,1200
1,1,11182,1779138911.07655,2,1920,1200
1,1,11183,1779138911.09737,2,1920,1200
1,1,11184,1779138911.11819,2,1920,1200
1,1,11185,1779138911.13901,2,1920,1200
1,1,11186,1779138911.15983,2,1920,1200
1,1,11187,1779138911.18065,2,1920,1200
1,1,11188,1779138911.20147,2,1920,1200
1,1,11189,1779138911.22229,2,1920,1200
1,1,11190,1779138911.24311,2,1920,1200
1,1,11191,1779138911.26393,2,1920,1200
1,1,11192,1779138911.28475,2,1920,1200
1,1,11193,1779138911.30557,2,1920,1200
1,1,11194,1779138911.32639,2,1920,1200
1,1,11195,1779138911.34721,2,1920,1200
1,1,11196,1779138911.36803,2,1920,1200
1,1,11197,1779138911.38885,2,1920,1200
1,1,11198,1779138911.40967,2,1920,1200
1,1,11199,1779138911.43049,2,1920,1200
1,1,11200,1779138911.45131,2,1920,1200
1,1,11201,1779138911.47213,2,1920,1200
1,1,11202,1779138911.49295,2,1920,1200
1,1,11203,1779138911.51377,2,1920,1200
1,1,11204,1779138911.53459,2,1920,1200
1,1,11205,1779138911.55541,2,1920,1200
1,1,11206,1779138911.57623,2,1920,1200
1,1,11207,1779138911.59705,2,1920,1200
1,1,11208,1779138911.61787,2,1920,1200
1,1,11209,1779138911.63869,2,1920,1200
1,1,11210,1779138911.65951,2,1920,1200
1,1,11211,1779138911.68033,2,1920,1200
1,1,11212,1779138911.70115,2,1920,1200
1,1,11213,1779138911.72196,2,1920,1200
1,1,11214,1779138911.74278,2,1920,1200
1,1,11215,1779138911.7636,2,1920,1200
1,1,11216,1779138911.78442,2,1920,1200
1,1,11217,1779138911.80524,2,1920,1200
1,1,11218,1779138911.82606,2,1920,1200
1,1,11219,1779138911.84688,2,1920,1200
1,1,11220,1779138911.8677,2,1920,1200
1,1,11221,1779138911.88852,2,1920,1200
1,1,11222,1779138911.90934,2,1920,1200
1,1,11223,1779138911.93016,2,1920,1200
1,1,11224,1779138911.95098,2,1920,1200
1,1,11225,1779138911.9718,2,1920,1200
1,1,11226,1779138911.99262,2,1920,1200
1,1,11227,1779138912.01344,2,1920,1200
1,1,11228,1779138912.03426,2,1920,1200
1,1,11229,1779138912.05508,2,1920,1200
1,1,11230,1779138912.0759,2,1920,1200
1,1,11231,1779138912.09672,2,1920,1200
1,1,11232,1779138912.11754,2,1920,1200
1,1,11233,1779138912.13836,2,1920,1200
1,1,11234,1779138912.15918,1,1920,1200
1,1,11235,1779138912.18,1,1920,1200
1,1,11236,1779138912.20082,1,1920,1200
1,1,11237,1779138912.22164,1,1920,1200
1,1,11238,1779138912.24246,1,1920,1200
1,1,11239,1779138912.26328,1,1920,1200
1,1,11240,1779138912.2841,1,1920,1200
1,1,11241,1779138912.30492,1,1920,1200
1,1,11242,1779138912.32574,1,1920,1200
1,1,11243,1779138912.34656,1,1920,1200
1,1,11244,1779138912.36738,1,1920,1200
1,1,11245,1779138912.3882,1,1920,1200
1,1,11246,1779138912.40902,1,1920,1200
1,1,11247,1779138912.42984,1,1920,1200
1,1,11248,1779138912.45066,1,1920,1200
1,1,11249,1779138912.47148,1,1920,1200
1,1,11250,1779138912.4923,1,1920,1200
1,1,11251,1779138912.51312,1,1920,1200
1,1,11252,1779138912.53393,1,1920,1200
1,1,11253,1779138912.55475,1,1920,1200
1,1,11254,1779138912.57557,1,1920,1200
1,1,11255,1779138912.59639,1,1920,1200
1,1,11256,1779138912.61721,1,1920,1200
1,1,11257,1779138912.63803,1,1920,1200
1,1,11258,1779138912.65885,1,1920,1200
1,1,11259,1779138912.67967,1,1920,1200
1,1,11260,1779138912.70049,1,1920,1200
1,1,11261,1779138912.72131,1,1920,1200
1,1,11262,1779138912.74213,1,1920,1200
1,1,11263,1779138912.76295,1,1920,1200
1,1,11264,1779138912.78377,1,1920,1200
1,1,11265,1779138912.80459,1,1920,1200
1,1,11266,1779138912.82541,1,1920,1200
1,1,11267,1779138912.84623,1,1920,1200
1,1,11268,1779138912.86705,1,1920,1200
1,1,11269,1779138912.88787,1,1920,1200
1,1,11270,1779138912.90869,1,1920,1200
1,1,11271,1779138912.92951,1,1920,1200
1,1,11272,1779138912.95033,1,1920,1200
1,1,11273,1779138912.97115,1,1920,1200
1,1,11274,1779138912.99197,1,1920,1200
1,1,11275,1779138913.01279,1,1920,1200
1,1,11276,1779138913.03361,1,1920,1200
1,1,11277,1779138913.05443,1,1920,1200
1,1,11278,1779138913.07525,1,1920,1200
1,1,11279,1779138913.09607,1,1920,1200
1,1,11280,1779138913.11689,1,1920,1200
1,1,11281,1779138913.13771,1,1920,1200
1,1,11282,1779138913.15853,1,1920,1200
1,1,11283,1779138913.17935,1,1920,1200
1,1,11284,1779138913.20017,1,1920,1200
1,1,11285,1779138913.22099,1,1920,1200
1,1,11286,1779138913.24181,1,1920,1200
1,1,11287,1779138913.26262,1,1920,1200
1,1,11288,1779138913.28345,1,1920,1200
1,1,11289,1779138913.30427,1,1920,1200
1,1,11290,1779138913.32509,1,1920,1200
1,1,11291,1779138913.3459,1,1920,1200
1,1,11292,1779138913.36672,1,1920,1200
1,1,11293,1779138913.38754,1,1920,1200
1,1,11294,1779138913.40836,1,1920,1200
1,1,11295,1779138913.42918,1,1920,1200
1,1,11296,1779138913.45,1,1920,1200
1,1,11297,1779138913.47082,1,1920,1200
1,1,11298,1779138913.49164,1,1920,1200
1,1,11299,1779138913.51246,1,1920,1200
1,1,11300,1779138913.53328,1,1920,1200
1,1,11301,1779138913.5541,1,1920,1200
1,1,11302,1779138913.57492,1,1920,1200
1,1,11303,1779138913.59574,1,1920,1200
1,1,11304,1779138913.61656,1,1920,1200
1,1,11305,1779138913.63738,1,1920,1200
1,1,11306,1779138913.6582,1,1920,1200
1,1,11307,1779138913.67902,1,1920,1200
1,1,11308,1779138913.69984,1,1920,1200
1,1,11309,1779138913.72066,1,1920,1200
1,1,11310,1779138913.74148,1,1920,1200
1,1,11311,1779138913.7623,1,1920,1200
1,1,11312,1779138913.78312,1,1920,1200
1,1,11313,1779138913.80394,1,1920,1200
1,1,11314,1779138913.82476,1,1920,1200
1,1,11315,1779138913.84558,1,1920,1200
1,1,11316,1779138913.8664,1,1920,1200
1,1,11317,1779138913.88722,1,1920,1200
1,1,11318,1779138913.90804,1,1920,1200
1,1,11319,1779138913.92886,1,1920,1200
1,1,11320,1779138913.94968,1,1920,1200
1,1,11321,1779138913.9705,1,1920,1200
1,1,11322,1779138913.99132,1,1920,1200
1,1,11323,1779138914.01214,1,1920,1200
1,1,11324,1779138914.03296,1,1920,1200
1,1,11325,1779138914.05378,1,1920,1200
1,1,11326,1779138914.0746,1,1920,1200
1,1,11327,1779138914.09542,1,1920,1200
1,1,11328,1779138914.11623,1,1920,1200
1,1,11329,1779138914.13705,1,1920,1200
1,1,11330,1779138914.15787,1,1920,1200
1,1,11331,1779138914.17869,1,1920,1200
1,1,11332,1779138914.19951,1,1920,1200
1,1,11333,1779138914.22033,1,1920,1200
1,1,11334,1779138914.24115,1,1920,1200
1,1,11335,1779138914.26197,1,1920,1200
1,1,11336,1779138914.28279,1,1920,1200
1,1,11337,1779138914.30361,1,1920,1200
1,1,11338,1779138914.32443,1,1920,1200
1,1,11339,1779138914.34525,1,1920,1200
1,1,11340,1779138914.36607,1,1920,1200
1,1,11341,1779138914.38689,1,1920,1200
1,1,11342,1779138914.40771,1,1920,1200
1,1,11343,1779138914.42853,1,1920,1200
1,1,11344,1779138914.44935,1,1920,1200
1,1,11345,1779138914.47017,1,1920,1200
1,1,11346,1779138914.49099,1,1920,1200
1,1,11347,1779138914.51181,1,1920,1200
1,1,11348,1779138914.53263,1,1920,1200
1,1,11349,1779138914.55345,1,1920,1200
1,1,11350,1779138914.57427,1,1920,1200
1,1,11351,1779138914.59509,1,1920,1200
1,1,11352,1779138914.61591,1,1920,1200
1,1,11353,1779138914.63673,1,1920,1200
1,1,11354,1779138914.65755,1,1920,1200
1,1,11355,1779138914.67837,1,1920,1200
1,1,11356,1779138914.69919,1,1920,1200
1,1,11357,1779138914.72001,1,1920,1200
1,1,11358,1779138914.74083,1,1920,1200
1,1,11359,1779138914.76164,1,1920,1200
1,1,11360,1779138914.78246,1,1920,1200
1,1,11361,1779138914.80329,1,1920,1200
1,1,11362,1779138914.8241,1,1920,1200
1,1,11363,1779138914.84492,1,1920,1200
1,1,11364,1779138914.86574,1,1920,1200
1,1,11365,1779138914.88656,1,1920,1200
1,1,11366,1779138914.90738,1,1920,1200
1,1,11367,1779138914.9282,1,1920,1200
1,1,11368,1779138914.94902,1,1920,1200
1,1,11369,1779138914.96984,1,1920,1200
1,1,11370,1779138914.99066,1,1920,1200
1,1,11371,1779138915.01148,1,1920,1200
1,1,11372,1779138915.0323,1,1920,1200
1,1,11373,1779138915.05312,1,1920,1200
1,1,11374,1779138915.07394,1,1920,1200
1,1,11375,1779138915.09476,1,1920,1200
1,1,11376,1779138915.11558,1,1920,1200
1,1,11377,1779138915.1364,1,1920,1200
1,1,11378,1779138915.15722,1,1920,1200
1,1,11379,1779138915.17804,1,1920,1200
1,1,11380,1779138915.19886,1,1920,1200
1,1,11381,1779138915.21968,1,1920,1200
1,1,11382,1779138915.2405,1,1920,1200
1,1,11383,1779138915.26132,1,1920,1200
1,1,11384,1779138915.28214,1,1920,1200
1,1,11385,1779138915.30296,1,1920,1200
1,1,11386,1779138915.32378,1,1920,1200
1,1,11387,1779138915.3446,1,1920,1200
1,1,11388,1779138915.36542,1,1920,1200
1,1,11389,1779138915.38624,1,1920,1200
1,1,11390,1779138915.40706,1,1920,1200
1,1,11391,1779138915.42788,1,1920,1200
1,1,11392,1779138915.44869,1,1920,1200
1,1,11393,1779138915.46951,1,1920,1200
1,1,11394,1779138915.49034,1,1920,1200
1,1,11395,1779138915.51115,1,1920,1200
1,1,11396,1779138915.53197,1,1920,1200
1,1,11397,1779138915.55279,1,1920,1200
1,1,11398,1779138915.57361,1,1920,1200
1,1,11399,1779138915.59443,1,1920,1200
1,1,11400,1779138915.61525,1,1920,1200
1,1,11401,1779138915.63607,1,1920,1200
1,1,11402,1779138915.65689,1,1920,1200
1,1,11403,1779138915.67771,1,1920,1200
1,1,11404,1779138915.69853,1,1920,1200
1,1,11405,1779138915.71935,1,1920,1200
1,1,11406,1779138915.74017,1,1920,1200
1,1,11407,1779138915.76099,1,1920,1200
1,1,11408,1779138915.78181,1,1920,1200
1,1,11409,1779138915.80263,1,1920,1200
1,1,11410,1779138915.82345,1,1920,1200
1,1,11411,1779138915.84427,1,1920,1200
1,1,11412,1779138915.86509,1,1920,1200
1,1,11413,1779138915.88591,1,1920,1200
1,1,11414,1779138915.90673,1,1920,1200
1,1,11415,1779138915.92755,1,1920,1200
1,1,11416,1779138915.94837,1,1920,1200
1,1,11417,1779138915.96919,1,1920,1200
1,1,11418,1779138915.99001,1,1920,1200
1,1,11419,1779138916.01083,1,1920,1200
1,1,11420,1779138916.03165,1,1920,1200
1,1,11421,1779138916.05247,1,1920,1200
1,1,11422,1779138916.07329,1,1920,1200
1,1,11423,1779138916.09411,1,1920,1200
1,1,11424,1779138916.11493,1,1920,1200
1,1,11425,1779138916.13575,1,1920,1200
1,1,11426,1779138916.15656,2,1920,1200
1,1,11427,1779138916.17738,2,1920,1200
1,1,11428,1779138916.1982,2,1920,1200
1,1,11429,1779138916.21902,2,1920,1200
1,1,11430,1779138916.23984,2,1920,1200
1,1,11431,1779138916.26066,2,1920,1200
1,1,11432,1779138916.28148,2,1920,1200
1,1,11433,1779138916.3023,2,1920,1200
1,1,11434,1779138916.32312,2,1920,1200
1,1,11435,1779138916.34394,2,1920,1200
1,1,11436,1779138916.36476,2,1920,1200
1,1,11437,1779138916.38558,2,1920,1200
1,1,11438,1779138916.4064,2,1920,1200
1,1,11439,1779138916.42722,2,1920,1200
1,1,11440,1779138916.44804,2,1920,1200
1,1,11441,1779138916.46886,2,1920,1200
1,1,11442,1779138916.48968,2,1920,1200
1,1,11443,1779138916.5105,2,1920,1200
1,1,11444,1779138916.53132,2,1920,1200
1,1,11445,1779138916.55214,2,1920,1200
1,1,11446,1779138916.57296,2,1920,1200
1,1,11447,1779138916.59378,2,1920,1200
1,1,11448,1779138916.6146,2,1920,1200
1,1,11449,1779138916.63542,2,1920,1200
1,1,11450,1779138916.65624,2,1920,1200
1,1,11451,1779138916.67706,2,1920,1200
1,1,11452,1779138916.69788,2,1920,1200
1,1,11453,1779138916.7187,2,1920,1200
1,1,11454,1779138916.73952,2,1920,1200
1,1,11455,1779138916.76034,2,1920,1200
1,1,11456,1779138916.78115,2,1920,1200
1,1,11457,1779138916.80198,2,1920,1200
1,1,11458,1779138916.82279,2,1920,1200
1,1,11459,1779138916.84361,2,1920,1200
1,1,11460,1779138916.86443,2,1920,1200
1,1,11461,1779138916.88525,2,1920,1200
1,1,11462,1779138916.90607,2,1920,1200
1,1,11463,1779138916.92689,2,1920,1200
1,1,11464,1779138916.94771,2,1920,1200
1,1,11465,1779138916.96853,2,1920,1200
1,1,11466,1779138916.98935,2,1920,1200
1,1,11467,1779138917.01017,2,1920,1200
1,1,11468,1779138917.03099,2,1920,1200
1,1,11469,1779138917.05181,2,1920,1200
1,1,11470,1779138917.07263,2,1920,1200
1,1,11471,1779138917.09345,2,1920,1200
1,1,11472,1779138917.11427,2,1920,1200
1,1,11473,1779138917.13509,2,1920,1200
1,1,11474,1779138917.15591,2,1920,1200
1,1,11475,1779138917.17673,2,1920,1200
1,1,11476,1779138917.19755,2,1920,1200
1,1,11477,1779138917.21837,2,1920,1200
1,1,11478,1779138917.23919,2,1920,1200
1,1,11479,1779138917.26001,2,1920,1200
1,1,11480,1779138917.28083,2,1920,1200
1,1,11481,1779138917.30165,2,1920,1200
1,1,11482,1779138917.32247,2,1920,1200
1,1,11483,1779138917.34329,2,1920,1200
1,1,11484,1779138917.36411,2,1920,1200
1,1,11485,1779138917.38493,2,1920,1200
1,1,11486,1779138917.40574,2,1920,1200
1,1,11487,1779138917.42657,2,1920,1200
1,1,11488,1779138917.44738,2,1920,1200
1,1,11489,1779138917.4682,2,1920,1200
1,1,11490,1779138917.48902,2,1920,1200
1,1,11491,1779138917.50984,2,1920,1200
1,1,11492,1779138917.53066,2,1920,1200
1,1,11493,1779138917.55148,2,1920,1200
1,1,11494,1779138917.5723,2,1920,1200
1,1,11495,1779138917.59312,2,1920,1200
1,1,11496,1779138917.61394,2,1920,1200
1,1,11497,1779138917.63476,2,1920,1200
1,1,11498,1779138917.65558,2,1920,1200
1,1,11499,1779138917.6764,2,1920,1200
1,1,11500,1779138917.69722,2,1920,1200
1,1,11501,1779138917.71804,2,1920,1200
1,1,11502,1779138917.73886,2,1920,1200
1,1,11503,1779138917.75968,2,1920,1200
1,1,11504,1779138917.7805,2,1920,1200
1,1,11505,1779138917.80132,2,1920,1200
1,1,11506,1779138917.82214,2,1920,1200
1,1,11507,1779138917.84296,2,1920,1200
1,1,11508,1779138917.86378,2,1920,1200
1,1,11509,1779138917.8846,2,1920,1200
1,1,11510,1779138917.90542,2,1920,1200
1,1,11511,1779138917.92624,2,1920,1200
1,1,11512,1779138917.94706,2,1920,1200
1,1,11513,1779138917.96788,2,1920,1200
1,1,11514,1779138917.9887,2,1920,1200
1,1,11515,1779138918.00952,2,1920,1200
1,1,11516,1779138918.03034,2,1920,1200
1,1,11517,1779138918.05115,2,1920,1200
1,1,11518,1779138918.07197,2,1920,1200
1,1,11519,1779138918.09279,2,1920,1200
1,1,11520,1779138918.11361,2,1920,1200
1,1,11521,1779138918.13443,2,1920,1200
1,1,11522,1779138918.15525,1,1920,1200
1,1,11523,1779138918.17607,1,1920,1200
1,1,11524,1779138918.19689,1,1920,1200
1,1,11525,1779138918.21771,1,1920,1200
1,1,11526,1779138918.23853,1,1920,1200
1,1,11527,1779138918.25935,1,1920,1200
1,1,11528,1779138918.28017,1,1920,1200
1,1,11529,1779138918.30099,1,1920,1200
1,1,11530,1779138918.32181,1,1920,1200
1,1,11531,1779138918.34263,1,1920,1200
1,1,11532,1779138918.36345,1,1920,1200
1,1,11533,1779138918.38427,1,1920,1200
1,1,11534,1779138918.40509,1,1920,1200
1,1,11535,1779138918.42591,1,1920,1200
1,1,11536,1779138918.44673,1,1920,1200
1,1,11537,1779138918.46755,1,1920,1200
1,1,11538,1779138918.48837,1,1920,1200
1,1,11539,1779138918.50919,1,1920,1200
1,1,11540,1779138918.53001,1,1920,1200
1,1,11541,1779138918.55083,1,1920,1200
1,1,11542,1779138918.57165,1,1920,1200
1,1,11543,1779138918.59247,1,1920,1200
1,1,11544,1779138918.61329,1,1920,1200
1,1,11545,1779138918.63411,1,1920,1200
1,1,11546,1779138918.65492,1,1920,1200
1,1,11547,1779138918.67574,1,1920,1200
1,1,11548,1779138918.69656,1,1920,1200
1,1,11549,1779138918.71738,1,1920,1200
1,1,11550,1779138918.7382,1,1920,1200
1,1,11551,1779138918.75902,1,1920,1200
1,1,11552,1779138918.77984,1,1920,1200
1,1,11553,1779138918.80066,1,1920,1200
1,1,11554,1779138918.82148,1,1920,1200
1,1,11555,1779138918.8423,1,1920,1200
1,1,11556,1779138918.86312,1,1920,1200
1,1,11557,1779138918.88394,1,1920,1200
1,1,11558,1779138918.90476,1,1920,1200
1,1,11559,1779138918.92558,1,1920,1200
1,1,11560,1779138918.9464,1,1920,1200
1,1,11561,1779138918.96722,1,1920,1200
1,1,11562,1779138918.98804,1,1920,1200
1,1,11563,1779138919.00886,1,1920,1200
1,1,11564,1779138919.02968,1,1920,1200
1,1,11565,1779138919.0505,1,1920,1200
1,1,11566,1779138919.07132,1,1920,1200
1,1,11567,1779138919.09214,1,1920,1200
1,1,11568,1779138919.11296,1,1920,1200
1,1,11569,1779138919.13378,1,1920,1200
1,1,11570,1779138919.1546,1,1920,1200
1,1,11571,1779138919.17541,1,1920,1200
1,1,11572,1779138919.19623,1,1920,1200
1,1,11573,1779138919.21706,1,1920,1200
1,1,11574,1779138919.23787,1,1920,1200
1,1,11575,1779138919.25869,1,1920,1200
1,1,11576,1779138919.27951,1,1920,1200
1,1,11577,1779138919.30033,1,1920,1200
1,1,11578,1779138919.32115,1,1920,1200
1,1,11579,1779138919.34197,1,1920,1200
1,1,11580,1779138919.36279,1,1920,1200
1,1,11581,1779138919.38361,1,1920,1200
1,1,11582,1779138919.40443,1,1920,1200
1,1,11583,1779138919.42525,1,1920,1200
1,1,11584,1779138919.44607,1,1920,1200
1,1,11585,1779138919.46689,1,1920,1200
1,1,11586,1779138919.48771,1,1920,1200
1,1,11587,1779138919.50853,1,1920,1200
1,1,11588,1779138919.52935,1,1920,1200
1,1,11589,1779138919.55017,1,1920,1200
1,1,11590,1779138919.57099,1,1920,1200
1,1,11591,1779138919.59181,1,1920,1200
1,1,11592,1779138919.61263,1,1920,1200
1,1,11593,1779138919.63345,1,1920,1200
1,1,11594,1779138919.65427,1,1920,1200
1,1,11595,1779138919.67509,1,1920,1200
1,1,11596,1779138919.69591,1,1920,1200
1,1,11597,1779138919.71673,1,1920,1200
1,1,11598,1779138919.73755,1,1920,1200
1,1,11599,1779138919.75836,1,1920,1200
1,1,11600,1779138919.77919,1,1920,1200
1,1,11601,1779138919.8,1,1920,1200
1,1,11602,1779138919.82082,1,1920,1200
1,1,11603,1779138919.84164,1,1920,1200
1,1,11604,1779138919.86246,1,1920,1200
1,1,11605,1779138919.88328,1,1920,1200
1,1,11606,1779138919.9041,1,1920,1200
1,1,11607,1779138919.92492,1,1920,1200
1,1,11608,1779138919.94574,1,1920,1200
1,1,11609,1779138919.96656,1,1920,1200
1,1,11610,1779138919.98738,1,1920,1200
1,1,11611,1779138920.0082,1,1920,1200
1,1,11612,1779138920.02902,1,1920,1200
1,1,11613,1779138920.04984,1,1920,1200
1,1,11614,1779138920.07066,1,1920,1200
1,1,11615,1779138920.09148,1,1920,1200
1,1,11616,1779138920.1123,1,1920,1200
1,1,11617,1779138920.13312,1,1920,1200
1,1,11618,1779138920.15394,1,1920,1200
1,1,11619,1779138920.17476,1,1920,1200
1,1,11620,1779138920.19558,1,1920,1200
1,1,11621,1779138920.2164,1,1920,1200
1,1,11622,1779138920.23722,1,1920,1200
1,1,11623,1779138920.25804,1,1920,1200
1,1,11624,1779138920.27886,1,1920,1200
1,1,11625,1779138920.29968,1,1920,1200
1,1,11626,1779138920.3205,1,1920,1200
1,1,11627,1779138920.34132,1,1920,1200
1,1,11628,1779138920.36213,1,1920,1200
1,1,11629,1779138920.38295,1,1920,1200
1,1,11630,1779138920.40377,1,1920,1200
1,1,11631,1779138920.42459,1,1920,1200
1,1,11632,1779138920.44541,1,1920,1200
1,1,11633,1779138920.46623,1,1920,1200
1,1,11634,1779138920.48705,1,1920,1200
1,1,11635,1779138920.50787,1,1920,1200
1,1,11636,1779138920.52869,1,1920,1200
1,1,11637,1779138920.54951,1,1920,1200
1,1,11638,1779138920.57033,1,1920,1200
1,1,11639,1779138920.59115,1,1920,1200
1,1,11640,1779138920.61197,1,1920,1200
1,1,11641,1779138920.63279,1,1920,1200
1,1,11642,1779138920.65361,1,1920,1200
1,1,11643,1779138920.67443,1,1920,1200
1,1,11644,1779138920.69525,1,1920,1200
1,1,11645,1779138920.71607,1,1920,1200
1,1,11646,1779138920.73689,1,1920,1200
1,1,11647,1779138920.75771,1,1920,1200
1,1,11648,1779138920.77853,1,1920,1200
1,1,11649,1779138920.79935,1,1920,1200
1,1,11650,1779138920.82017,1,1920,1200
1,1,11651,1779138920.84098,1,1920,1200
1,1,11652,1779138920.86181,1,1920,1200
1,1,11653,1779138920.88263,1,1920,1200
1,1,11654,1779138920.90345,1,1920,1200
1,1,11655,1779138920.92426,1,1920,1200
1,1,11656,1779138920.94508,1,1920,1200
1,1,11657,1779138920.9659,1,1920,1200
1,1,11658,1779138920.98672,1,1920,1200
1,1,11659,1779138921.00754,1,1920,1200
1,1,11660,1779138921.02836,1,1920,1200
1,1,11661,1779138921.04918,1,1920,1200
1,1,11662,1779138921.07,1,1920,1200
1,1,11663,1779138921.09082,1,1920,1200
1,1,11664,1779138921.11164,1,1920,1200
1,1,11665,1779138921.13246,1,1920,1200
1,1,11666,1779138921.15328,1,1920,1200
1,1,11667,1779138921.1741,1,1920,1200
1,1,11668,1779138921.19492,1,1920,1200
1,1,11669,1779138921.21574,1,1920,1200
1,1,11670,1779138921.23656,1,1920,1200
1,1,11671,1779138921.25738,1,1920,1200
1,1,11672,1779138921.2782,1,1920,1200
1,1,11673,1779138921.29902,1,1920,1200
1,1,11674,1779138921.31984,1,1920,1200
1,1,11675,1779138921.34066,1,1920,1200
1,1,11676,1779138921.36148,1,1920,1200
1,1,11677,1779138921.3823,1,1920,1200
1,1,11678,1779138921.40311,1,1920,1200
1,1,11679,1779138921.42394,1,1920,1200
1,1,11680,1779138921.44475,1,1920,1200
1,1,11681,1779138921.46557,1,1920,1200
1,1,11682,1779138921.48639,1,1920,1200
1,1,11683,1779138921.50721,1,1920,1200
1,1,11684,1779138921.52803,1,1920,1200
1,1,11685,1779138921.54885,1,1920,1200
1,1,11686,1779138921.56967,1,1920,1200
1,1,11687,1779138921.59049,1,1920,1200
1,1,11688,1779138921.61131,1,1920,1200
1,1,11689,1779138921.63213,1,1920,1200
1,1,11690,1779138921.65295,1,1920,1200
1,1,11691,1779138921.67377,1,1920,1200
1,1,11692,1779138921.69459,1,1920,1200
1,1,11693,1779138921.71541,1,1920,1200
1,1,11694,1779138921.73623,1,1920,1200
1,1,11695,1779138921.75705,1,1920,1200
1,1,11696,1779138921.77787,1,1920,1200
1,1,11697,1779138921.79869,1,1920,1200
1,1,11698,1779138921.81951,1,1920,1200
1,1,11699,1779138921.84033,1,1920,1200
1,1,11700,1779138921.86115,1,1920,1200
1,1,11701,1779138921.88197,1,1920,1200
1,1,11702,1779138921.90279,1,1920,1200
1,1,11703,1779138921.9236,1,1920,1200
1,1,11704,1779138921.94442,1,1920,1200
1,1,11705,1779138921.96525,1,1920,1200
1,1,11706,1779138921.98606,1,1920,1200
1,1,11707,1779138922.00688,1,1920,1200
1,1,11708,1779138922.0277,1,1920,1200
1,1,11709,1779138922.04852,1,1920,1200
1,1,11710,1779138922.06934,1,1920,1200
1,1,11711,1779138922.09016,1,1920,1200
1,1,11712,1779138922.11098,1,1920,1200
1,1,11713,1779138922.1318,1,1920,1200
1,1,11714,1779138922.15262,2,1920,1200
1,1,11715,1779138922.17344,2,1920,1200
1,1,11716,1779138922.19426,2,1920,1200
1,1,11717,1779138922.21508,2,1920,1200
1,1,11718,1779138922.2359,2,1920,1200
1,1,11719,1779138922.25672,2,1920,1200
1,1,11720,1779138922.27754,2,1920,1200
1,1,11721,1779138922.29836,2,1920,1200
1,1,11722,1779138922.31918,2,1920,1200
1,1,11723,1779138922.34,2,1920,1200
1,1,11724,1779138922.36082,2,1920,1200
1,1,11725,1779138922.38164,2,1920,1200
1,1,11726,1779138922.40246,2,1920,1200
1,1,11727,1779138922.42328,2,1920,1200
1,1,11728,1779138922.44409,2,1920,1200
1,1,11729,1779138922.46492,2,1920,1200
1,1,11730,1779138922.48573,2,1920,1200
1,1,11731,1779138922.50655,2,1920,1200
1,1,11732,1779138922.52737,2,1920,1200
1,1,11733,1779138922.54819,2,1920,1200
1,1,11734,1779138922.56901,2,1920,1200
1,1,11735,1779138922.58983,2,1920,1200
1,1,11736,1779138922.61065,2,1920,1200
1,1,11737,1779138922.63147,2,1920,1200
1,1,11738,1779138922.65229,2,1920,1200
1,1,11739,1779138922.67311,2,1920,1200
1,1,11740,1779138922.69393,2,1920,1200
1,1,11741,1779138922.71475,2,1920,1200
1,1,11742,1779138922.73557,2,1920,1200
1,1,11743,1779138922.75639,2,1920,1200
1,1,11744,1779138922.77721,2,1920,1200
1,1,11745,1779138922.79803,2,1920,1200
1,1,11746,1779138922.81885,2,1920,1200
1,1,11747,1779138922.83967,2,1920,1200
1,1,11748,1779138922.86049,2,1920,1200
1,1,11749,1779138922.88131,2,1920,1200
1,1,11750,1779138922.90213,2,1920,1200
1,1,11751,1779138922.92295,2,1920,1200
1,1,11752,1779138922.94376,2,1920,1200
1,1,11753,1779138922.96458,2,1920,1200
1,1,11754,1779138922.9854,2,1920,1200
1,1,11755,1779138923.00622,2,1920,1200
1,1,11756,1779138923.02704,2,1920,1200
1,1,11757,1779138923.04786,2,1920,1200
1,1,11758,1779138923.06868,2,1920,1200
1,1,11759,1779138923.0895,2,1920,1200
1,1,11760,1779138923.11032,2,1920,1200
1,1,11761,1779138923.13114,2,1920,1200
1,1,11762,1779138923.15196,2,1920,1200
1,1,11763,1779138923.17278,2,1920,1200
1,1,11764,1779138923.1936,2,1920,1200
1,1,11765,1779138923.21442,2,1920,1200
1,1,11766,1779138923.23524,2,1920,1200
1,1,11767,1779138923.25606,2,1920,1200
1,1,11768,1779138923.27688,2,1920,1200
1,1,11769,1779138923.2977,2,1920,1200
1,1,11770,1779138923.31852,2,1920,1200
1,1,11771,1779138923.33934,2,1920,1200
1,1,11772,1779138923.36016,2,1920,1200
1,1,11773,1779138923.38098,2,1920,1200
1,1,11774,1779138923.4018,2,1920,1200
1,1,11775,1779138923.42262,2,1920,1200
1,1,11776,1779138923.44344,2,1920,1200
1,1,11777,1779138923.46426,2,1920,1200
1,1,11778,1779138923.48507,2,1920,1200
1,1,11779,1779138923.50589,2,1920,1200
1,1,11780,1779138923.52671,2,1920,1200
1,1,11781,1779138923.54753,2,1920,1200
1,1,11782,1779138923.56835,2,1920,1200
1,1,11783,1779138923.58917,2,1920,1200
1,1,11784,1779138923.60999,2,1920,1200
1,1,11785,1779138923.63081,2,1920,1200
1,1,11786,1779138923.65163,2,1920,1200
1,1,11787,1779138923.67245,2,1920,1200
1,1,11788,1779138923.69327,2,1920,1200
1,1,11789,1779138923.71409,2,1920,1200
1,1,11790,1779138923.73491,2,1920,1200
1,1,11791,1779138923.75573,2,1920,1200
1,1,11792,1779138923.77655,2,1920,1200
1,1,11793,1779138923.79737,2,1920,1200
1,1,11794,1779138923.81819,2,1920,1200
1,1,11795,1779138923.83901,2,1920,1200
1,1,11796,1779138923.85983,2,1920,1200
1,1,11797,1779138923.88065,2,1920,1200
1,1,11798,1779138923.90147,2,1920,1200
1,1,11799,1779138923.92229,2,1920,1200
1,1,11800,1779138923.94311,2,1920,1200
1,1,11801,1779138923.96393,2,1920,1200
1,1,11802,1779138923.98474,2,1920,1200
1,1,11803,1779138924.00556,2,1920,1200
1,1,11804,1779138924.02638,2,1920,1200
1,1,11805,1779138924.0472,2,1920,1200
1,1,11806,1779138924.06802,2,1920,1200
1,1,11807,1779138924.08884,2,1920,1200
1,1,11808,1779138924.10966,2,1920,1200
1,1,11809,1779138924.13048,2,1920,1200
1,1,11810,1779138924.1513,1,1920,1200
1,1,11811,1779138924.17212,1,1920,1200
1,1,11812,1779138924.19294,1,1920,1200
1,1,11813,1779138924.21376,1,1920,1200
1,1,11814,1779138924.23458,1,1920,1200
1,1,11815,1779138924.2554,1,1920,1200
1,1,11816,1779138924.27622,1,1920,1200
1,1,11817,1779138924.29704,1,1920,1200
1,1,11818,1779138924.31786,1,1920,1200
1,1,11819,1779138924.33868,1,1920,1200
1,1,11820,1779138924.3595,1,1920,1200
1,1,11821,1779138924.38032,1,1920,1200
1,1,11822,1779138924.40114,1,1920,1200
1,1,11823,1779138924.42195,1,1920,1200
1,1,11824,1779138924.44278,1,1920,1200
1,1,11825,1779138924.46359,1,1920,1200
1,1,11826,1779138924.48441,1,1920,1200
1,1,11827,1779138924.50523,1,1920,1200
1,1,11828,1779138924.52605,1,1920,1200
1,1,11829,1779138924.54687,1,1920,1200
1,1,11830,1779138924.56769,1,1920,1200
1,1,11831,1779138924.58851,1,1920,1200
1,1,11832,1779138924.60933,1,1920,1200
1,1,11833,1779138924.63015,1,1920,1200
1,1,11834,1779138924.65097,1,1920,1200
1,1,11835,1779138924.67179,1,1920,1200
1,1,11836,1779138924.69261,1,1920,1200
1,1,11837,1779138924.71343,1,1920,1200
1,1,11838,1779138924.73425,1,1920,1200
1,1,11839,1779138924.75507,1,1920,1200
1,1,11840,1779138924.77589,1,1920,1200
1,1,11841,1779138924.79671,1,1920,1200
1,1,11842,1779138924.81753,1,1920,1200
1,1,11843,1779138924.83835,1,1920,1200
1,1,11844,1779138924.85917,1,1920,1200
1,1,11845,1779138924.87999,1,1920,1200
1,1,11846,1779138924.90081,1,1920,1200
1,1,11847,1779138924.92163,1,1920,1200
1,1,11848,1779138924.94244,1,1920,1200
1,1,11849,1779138924.96326,1,1920,1200
1,1,11850,1779138924.98408,1,1920,1200
1,1,11851,1779138925.0049,1,1920,1200
1,1,11852,1779138925.02572,1,1920,1200
1,1,11853,1779138925.04654,1,1920,1200
1,1,11854,1779138925.06736,1,1920,1200
1,1,11855,1779138925.08818,1,1920,1200
1,1,11856,1779138925.109,1,1920,1200
1,1,11857,1779138925.12982,1,1920,1200
1,1,11858,1779138925.15064,1,1920,1200
1,1,11859,1779138925.17146,1,1920,1200
1,1,11860,1779138925.19228,1,1920,1200
1,1,11861,1779138925.2131,1,1920,1200
1,1,11862,1779138925.23392,1,1920,1200
1,1,11863,1779138925.25474,1,1920,1200
1,1,11864,1779138925.27556,1,1920,1200
1,1,11865,1779138925.29638,1,1920,1200
1,1,11866,1779138925.3172,1,1920,1200
1,1,11867,1779138925.33802,1,1920,1200
1,1,11868,1779138925.35884,1,1920,1200
1,1,11869,1779138925.37965,1,1920,1200
1,1,11870,1779138925.40047,1,1920,1200
1,1,11871,1779138925.42129,1,1920,1200
1,1,11872,1779138925.44211,1,1920,1200
1,1,11873,1779138925.46293,1,1920,1200
1,1,11874,1779138925.48375,1,1920,1200
1,1,11875,1779138925.50457,1,1920,1200
1,1,11876,1779138925.52539,1,1920,1200
1,1,11877,1779138925.54621,1,1920,1200
1,1,11878,1779138925.56703,1,1920,1200
1,1,11879,1779138925.58785,1,1920,1200
1,1,11880,1779138925.60867,1,1920,1200
1,1,11881,1779138925.62949,1,1920,1200
1,1,11882,1779138925.65031,1,1920,1200
1,1,11883,1779138925.67113,1,1920,1200
1,1,11884,1779138925.69195,1,1920,1200
1,1,11885,1779138925.71277,1,1920,1200
1,1,11886,1779138925.73359,1,1920,1200
1,1,11887,1779138925.75441,1,1920,1200
1,1,11888,1779138925.77523,1,1920,1200
1,1,11889,1779138925.79605,1,1920,1200
1,1,11890,1779138925.81687,1,1920,1200
1,1,11891,1779138925.83768,1,1920,1200
1,1,11892,1779138925.8585,1,1920,1200
1,1,11893,1779138925.87932,1,1920,1200
1,1,11894,1779138925.90014,1,1920,1200
1,1,11895,1779138925.92096,1,1920,1200
1,1,11896,1779138925.94178,1,1920,1200
1,1,11897,1779138925.9626,1,1920,1200
1,1,11898,1779138925.98342,1,1920,1200
1,1,11899,1779138926.00424,1,1920,1200
1,1,11900,1779138926.02506,1,1920,1200
1,1,11901,1779138926.04588,1,1920,1200
1,1,11902,1779138926.0667,1,1920,1200
1,1,11903,1779138926.08752,1,1920,1200
1,1,11904,1779138926.10834,1,1920,1200
1,1,11905,1779138926.12916,1,1920,1200
1,1,11906,1779138926.14998,1,1920,1200
1,1,11907,1779138926.1708,1,1920,1200
1,1,11908,1779138926.19162,1,1920,1200
1,1,11909,1779138926.21244,1,1920,1200
1,1,11910,1779138926.23326,1,1920,1200
1,1,11911,1779138926.25408,1,1920,1200
1,1,11912,1779138926.27489,1,1920,1200
1,1,11913,1779138926.29572,1,1920,1200
1,1,11914,1779138926.31653,1,1920,1200
1,1,11915,1779138926.33735,1,1920,1200
1,1,11916,1779138926.35817,1,1920,1200
1,1,11917,1779138926.37899,1,1920,1200
1,1,11918,1779138926.39981,1,1920,1200
1,1,11919,1779138926.42063,1,1920,1200
1,1,11920,1779138926.44145,1,1920,1200
1,1,11921,1779138926.46227,1,1920,1200
1,1,11922,1779138926.48309,1,1920,1200
1,1,11923,1779138926.50391,1,1920,1200
1,1,11924,1779138926.52473,1,1920,1200
1,1,11925,1779138926.54555,1,1920,1200
1,1,11926,1779138926.56637,1,1920,1200
1,1,11927,1779138926.58719,1,1920,1200
1,1,11928,1779138926.60801,1,1920,1200
1,1,11929,1779138926.62883,1,1920,1200
1,1,11930,1779138926.64965,1,1920,1200
1,1,11931,1779138926.67047,1,1920,1200
1,1,11932,1779138926.69129,1,1920,1200
1,1,11933,1779138926.71211,1,1920,1200
1,1,11934,1779138926.73293,1,1920,1200
1,1,11935,1779138926.75374,1,1920,1200
1,1,11936,1779138926.77456,1,1920,1200
1,1,11937,1779138926.79538,1,1920,1200
1,1,11938,1779138926.8162,1,1920,1200
1,1,11939,1779138926.83702,1,1920,1200
1,1,11940,1779138926.85784,1,1920,1200
1,1,11941,1779138926.87866,1,1920,1200
1,1,11942,1779138926.89948,1,1920,1200
1,1,11943,1779138926.9203,1,1920,1200
1,1,11944,1779138926.94112,1,1920,1200
1,1,11945,1779138926.96194,1,1920,1200
1,1,11946,1779138926.98276,1,1920,1200
1,1,11947,1779138927.00358,1,1920,1200
1,1,11948,1779138927.0244,1,1920,1200
1,1,11949,1779138927.04522,1,1920,1200
1,1,11950,1779138927.06604,1,1920,1200
1,1,11951,1779138927.08686,1,1920,1200
1,1,11952,1779138927.10768,1,1920,1200
1,1,11953,1779138927.1285,1,1920,1200
1,1,11954,1779138927.14932,1,1920,1200
1,1,11955,1779138927.17014,1,1920,1200
1,1,11956,1779138927.19096,1,1920,1200
1,1,11957,1779138927.21177,1,1920,1200
1,1,11958,1779138927.23259,1,1920,1200
1,1,11959,1779138927.25341,1,1920,1200
1,1,11960,1779138927.27423,1,1920,1200
1,1,11961,1779138927.29505,1,1920,1200
1,1,11962,1779138927.31587,1,1920,1200
1,1,11963,1779138927.33669,1,1920,1200
1,1,11964,1779138927.35751,1,1920,1200
1,1,11965,1779138927.37833,1,1920,1200
1,1,11966,1779138927.39915,1,1920,1200
1,1,11967,1779138927.41997,1,1920,1200
1,1,11968,1779138927.44079,1,1920,1200
1,1,11969,1779138927.46161,1,1920,1200
1,1,11970,1779138927.48243,1,1920,1200
1,1,11971,1779138927.50325,1,1920,1200
1,1,11972,1779138927.52407,1,1920,1200
1,1,11973,1779138927.54489,1,1920,1200
1,1,11974,1779138927.56571,1,1920,1200
1,1,11975,1779138927.58653,1,1920,1200
1,1,11976,1779138927.60735,1,1920,1200
1,1,11977,1779138927.62817,1,1920,1200
1,1,11978,1779138927.64898,1,1920,1200
1,1,11979,1779138927.6698,1,1920,1200
1,1,11980,1779138927.69062,1,1920,1200
1,1,11981,1779138927.71144,1,1920,1200
1,1,11982,1779138927.73226,1,1920,1200
1,1,11983,1779138927.75308,1,1920,1200
1,1,11984,1779138927.7739,1,1920,1200
1,1,11985,1779138927.79472,1,1920,1200
1,1,11986,1779138927.81554,1,1920,1200
1,1,11987,1779138927.83636,1,1920,1200
1,1,11988,1779138927.85718,1,1920,1200
1,1,11989,1779138927.878,1,1920,1200
1,1,11990,1779138927.89882,1,1920,1200
1,1,11991,1779138927.91964,1,1920,1200
1,1,11992,1779138927.94046,1,1920,1200
1,1,11993,1779138927.96128,1,1920,1200
1,1,11994,1779138927.9821,1,1920,1200
1,1,11995,1779138928.00292,1,1920,1200
1,1,11996,1779138928.02374,1,1920,1200
1,1,11997,1779138928.04456,1,1920,1200
1,1,11998,1779138928.06538,1,1920,1200
1,1,11999,1779138928.08619,1,1920,1200
1,1,12000,1779138928.10701,1,1920,1200
1,1,12001,1779138928.12783,1,1920,1200
1,1,12002,1779138928.14865,2,1920,1200
1,1,12003,1779138928.16947,2,1920,1200
1,1,12004,1779138928.19029,2,1920,1200
1,1,12005,1779138928.21111,2,1920,1200
1,1,12006,1779138928.23193,2,1920,1200
1,1,12007,1779138928.25275,2,1920,1200
1,1,12008,1779138928.27357,2,1920,1200
1,1,12009,1779138928.29439,2,1920,1200
1,1,12010,1779138928.31521,2,1920,1200
1,1,12011,1779138928.33603,2,1920,1200
1,1,12012,1779138928.35685,2,1920,1200
1,1,12013,1779138928.37767,2,1920,1200
1,1,12014,1779138928.39849,2,1920,1200
1,1,12015,1779138928.41931,2,1920,1200
1,1,12016,1779138928.44013,2,1920,1200
1,1,12017,1779138928.46095,2,1920,1200
1,1,12018,1779138928.48177,2,1920,1200
1,1,12019,1779138928.50258,2,1920,1200
1,1,12020,1779138928.5234,2,1920,1200
1,1,12021,1779138928.54422,2,1920,1200
1,1,12022,1779138928.56504,2,1920,1200
1,1,12023,1779138928.58586,2,1920,1200
1,1,12024,1779138928.60668,2,1920,1200
1,1,12025,1779138928.6275,2,1920,1200
1,1,12026,1779138928.64832,2,1920,1200
1,1,12027,1779138928.66914,2,1920,1200
1,1,12028,1779138928.68996,2,1920,1200
1,1,12029,1779138928.71078,2,1920,1200
1,1,12030,1779138928.7316,2,1920,1200
1,1,12031,1779138928.75242,2,1920,1200
1,1,12032,1779138928.77324,2,1920,1200
1,1,12033,1779138928.79406,2,1920,1200
1,1,12034,1779138928.81488,2,1920,1200
1,1,12035,1779138928.8357,2,1920,1200
1,1,12036,1779138928.85652,2,1920,1200
1,1,12037,1779138928.87734,2,1920,1200
1,1,12038,1779138928.89816,2,1920,1200
1,1,12039,1779138928.91898,2,1920,1200
1,1,12040,1779138928.93979,2,1920,1200
1,1,12041,1779138928.96061,2,1920,1200
1,1,12042,1779138928.98143,2,1920,1200
1,1,12043,1779138929.00225,2,1920,1200
1,1,12044,1779138929.02307,2,1920,1200
1,1,12045,1779138929.04389,2,1920,1200
1,1,12046,1779138929.06471,2,1920,1200
1,1,12047,1779138929.08553,2,1920,1200
1,1,12048,1779138929.10635,2,1920,1200
1,1,12049,1779138929.12717,2,1920,1200
1,1,12050,1779138929.14799,2,1920,1200
1,1,12051,1779138929.16881,2,1920,1200
1,1,12052,1779138929.18963,2,1920,1200
1,1,12053,1779138929.21045,2,1920,1200
1,1,12054,1779138929.23127,2,1920,1200
1,1,12055,1779138929.25209,2,1920,1200
1,1,12056,1779138929.27291,2,1920,1200
1,1,12057,1779138929.29373,2,1920,1200
1,1,12058,1779138929.31455,2,1920,1200
1,1,12059,1779138929.33536,2,1920,1200
1,1,12060,1779138929.35618,2,1920,1200
1,1,12061,1779138929.377,2,1920,1200
1,1,12062,1779138929.39782,2,1920,1200
1,1,12063,1779138929.41864,2,1920,1200
1,1,12064,1779138929.43946,2,1920,1200
1,1,12065,1779138929.46028,2,1920,1200
1,1,12066,1779138929.4811,2,1920,1200
1,1,12067,1779138929.50192,2,1920,1200
1,1,12068,1779138929.52274,2,1920,1200
1,1,12069,1779138929.54356,2,1920,1200
1,1,12070,1779138929.56438,2,1920,1200
1,1,12071,1779138929.5852,2,1920,1200
1,1,12072,1779138929.60602,2,1920,1200
1,1,12073,1779138929.62684,2,1920,1200
1,1,12074,1779138929.64766,2,1920,1200
1,1,12075,1779138929.66848,2,1920,1200
1,1,12076,1779138929.6893,2,1920,1200
1,1,12077,1779138929.71011,2,1920,1200
1,1,12078,1779138929.73094,2,1920,1200
1,1,12079,1779138929.75175,2,1920,1200
1,1,12080,1779138929.77257,2,1920,1200
1,1,12081,1779138929.79339,2,1920,1200
1,1,12082,1779138929.81421,2,1920,1200
1,1,12083,1779138929.83503,2,1920,1200
1,1,12084,1779138929.85585,2,1920,1200
1,1,12085,1779138929.87667,2,1920,1200
1,1,12086,1779138929.89749,2,1920,1200
1,1,12087,1779138929.91831,2,1920,1200
1,1,12088,1779138929.93913,2,1920,1200
1,1,12089,1779138929.95995,2,1920,1200
1,1,12090,1779138929.98077,2,1920,1200
1,1,12091,1779138930.00159,2,1920,1200
1,1,12092,1779138930.02241,2,1920,1200
1,1,12093,1779138930.04323,2,1920,1200
1,1,12094,1779138930.06405,2,1920,1200
1,1,12095,1779138930.08487,2,1920,1200
1,1,12096,1779138930.10569,2,1920,1200
1,1,12097,1779138930.1265,2,1920,1200
1,1,12098,1779138930.14733,1,1920,1200
1,1,12099,1779138930.16814,1,1920,1200
1,1,12100,1779138930.18896,1,1920,1200
1,1,12101,1779138930.20978,1,1920,1200
1,1,12102,1779138930.2306,1,1920,1200
1,1,12103,1779138930.25142,1,1920,1200
1,1,12104,1779138930.27224,1,1920,1200
1,1,12105,1779138930.29306,1,1920,1200
1,1,12106,1779138930.31388,1,1920,1200
1,1,12107,1779138930.3347,1,1920,1200
1,1,12108,1779138930.35552,1,1920,1200
1,1,12109,1779138930.37634,1,1920,1200
1,1,12110,1779138930.39716,1,1920,1200
1,1,12111,1779138930.41798,1,1920,1200
1,1,12112,1779138930.4388,1,1920,1200
1,1,12113,1779138930.45962,1,1920,1200
1,1,12114,1779138930.48044,1,1920,1200
1,1,12115,1779138930.50126,1,1920,1200
1,1,12116,1779138930.52208,1,1920,1200
1,1,12117,1779138930.5429,1,1920,1200
1,1,12118,1779138930.56371,1,1920,1200
1,1,12119,1779138930.58453,1,1920,1200
1,1,12120,1779138930.60535,1,1920,1200
1,1,12121,1779138930.62617,1,1920,1200
1,1,12122,1779138930.64699,1,1920,1200
1,1,12123,1779138930.66781,1,1920,1200
1,1,12124,1779138930.68863,1,1920,1200
1,1,12125,1779138930.70945,1,1920,1200
1,1,12126,1779138930.73027,1,1920,1200
1,1,12127,1779138930.75109,1,1920,1200
1,1,12128,1779138930.77191,1,1920,1200
1,1,12129,1779138930.79273,1,1920,1200
1,1,12130,1779138930.81355,1,1920,1200
1,1,12131,1779138930.83437,1,1920,1200
1,1,12132,1779138930.85519,1,1920,1200
1,1,12133,1779138930.87601,1,1920,1200
1,1,12134,1779138930.89683,1,1920,1200
1,1,12135,1779138930.91765,1,1920,1200
1,1,12136,1779138930.93847,1,1920,1200
1,1,12137,1779138930.95929,1,1920,1200
1,1,12138,1779138930.9801,1,1920,1200
1,1,12139,1779138931.00092,1,1920,1200
1,1,12140,1779138931.02174,1,1920,1200
1,1,12141,1779138931.04256,1,1920,1200
1,1,12142,1779138931.06338,1,1920,1200
1,1,12143,1779138931.0842,1,1920,1200
1,1,12144,1779138931.10502,1,1920,1200
1,1,12145,1779138931.12584,1,1920,1200
1,1,12146,1779138931.14666,1,1920,1200
1,1,12147,1779138931.16748,1,1920,1200
1,1,12148,1779138931.1883,1,1920,1200
1,1,12149,1779138931.20912,1,1920,1200
1,1,12150,1779138931.22994,1,1920,1200
1,1,12151,1779138931.25076,1,1920,1200
1,1,12152,1779138931.27158,1,1920,1200
1,1,12153,1779138931.2924,1,1920,1200
1,1,12154,1779138931.31322,1,1920,1200
1,1,12155,1779138931.33403,1,1920,1200
1,1,12156,1779138931.35485,1,1920,1200
1,1,12157,1779138931.37567,1,1920,1200
1,1,12158,1779138931.39649,1,1920,1200
1,1,12159,1779138931.41731,1,1920,1200
1,1,12160,1779138931.43813,1,1920,1200
1,1,12161,1779138931.45895,1,1920,1200
1,1,12162,1779138931.47977,1,1920,1200
1,1,12163,1779138931.50059,1,1920,1200
1,1,12164,1779138931.52141,1,1920,1200
1,1,12165,1779138931.54223,1,1920,1200
1,1,12166,1779138931.56305,1,1920,1200
1,1,12167,1779138931.58387,1,1920,1200
1,1,12168,1779138931.60469,1,1920,1200
1,1,12169,1779138931.62551,1,1920,1200
1,1,12170,1779138931.64633,1,1920,1200
1,1,12171,1779138931.66715,1,1920,1200
1,1,12172,1779138931.68797,1,1920,1200
1,1,12173,1779138931.70879,1,1920,1200
1,1,12174,1779138931.7296,1,1920,1200
1,1,12175,1779138931.75042,1,1920,1200
1,1,12176,1779138931.77124,1,1920,1200
1,1,12177,1779138931.79206,1,1920,1200
1,1,12178,1779138931.81288,1,1920,1200
1,1,12179,1779138931.8337,1,1920,1200
1,1,12180,1779138931.85452,1,1920,1200
1,1,12181,1779138931.87534,1,1920,1200
1,1,12182,1779138931.89616,1,1920,1200
1,1,12183,1779138931.91698,1,1920,1200
1,1,12184,1779138931.9378,1,1920,1200
1,1,12185,1779138931.95862,1,1920,1200
1,1,12186,1779138931.97944,1,1920,1200
1,1,12187,1779138932.00026,1,1920,1200
1,1,12188,1779138932.02108,1,1920,1200
1,1,12189,1779138932.0419,1,1920,1200
1,1,12190,1779138932.06272,1,1920,1200
1,1,12191,1779138932.08354,1,1920,1200
1,1,12192,1779138932.10435,1,1920,1200
1,1,12193,1779138932.12518,1,1920,1200
1,1,12194,1779138932.14599,1,1920,1200
1,1,12195,1779138932.16681,1,1920,1200
1,1,12196,1779138932.18763,1,1920,1200
1,1,12197,1779138932.20845,1,1920,1200
1,1,12198,1779138932.22927,1,1920,1200
1,1,12199,1779138932.25009,1,1920,1200
1,1,12200,1779138932.27091,1,1920,1200
1,1,12201,1779138932.29173,1,1920,1200
1,1,12202,1779138932.31255,1,1920,1200
1,1,12203,1779138932.33337,1,1920,1200
1,1,12204,1779138932.35419,1,1920,1200
1,1,12205,1779138932.37501,1,1920,1200
1,1,12206,1779138932.39583,1,1920,1200
1,1,12207,1779138932.41665,1,1920,1200
1,1,12208,1779138932.43747,1,1920,1200
1,1,12209,1779138932.45829,1,1920,1200
1,1,12210,1779138932.47911,1,1920,1200
1,1,12211,1779138932.49993,1,1920,1200
1,1,12212,1779138932.52074,1,1920,1200
1,1,12213,1779138932.54156,1,1920,1200
1,1,12214,1779138932.56238,1,1920,1200
1,1,12215,1779138932.5832,1,1920,1200
1,1,12216,1779138932.60402,1,1920,1200
1,1,12217,1779138932.62484,1,1920,1200
1,1,12218,1779138932.64566,1,1920,1200
1,1,12219,1779138932.66648,1,1920,1200
1,1,12220,1779138932.6873,1,1920,1200
1,1,12221,1779138932.70812,1,1920,1200
1,1,12222,1779138932.72894,1,1920,1200
1,1,12223,1779138932.74976,1,1920,1200
1,1,12224,1779138932.77058,1,1920,1200
1,1,12225,1779138932.7914,1,1920,1200
1,1,12226,1779138932.81222,1,1920,1200
1,1,12227,1779138932.83304,1,1920,1200
1,1,12228,1779138932.85386,1,1920,1200
1,1,12229,1779138932.87467,1,1920,1200
1,1,12230,1779138932.8955,1,1920,1200
1,1,12231,1779138932.91631,1,1920,1200
1,1,12232,1779138932.93713,1,1920,1200
1,1,12233,1779138932.95795,1,1920,1200
1,1,12234,1779138932.97877,1,1920,1200
1,1,12235,1779138932.99959,1,1920,1200
1,1,12236,1779138933.02041,1,1920,1200
1,1,12237,1779138933.04123,1,1920,1200
1,1,12238,1779138933.06205,1,1920,1200
1,1,12239,1779138933.08287,1,1920,1200
1,1,12240,1779138933.10369,1,1920,1200
1,1,12241,1779138933.12451,1,1920,1200
1,1,12242,1779138933.14533,1,1920,1200
1,1,12243,1779138933.16615,1,1920,1200
1,1,12244,1779138933.18697,1,1920,1200
1,1,12245,1779138933.20779,1,1920,1200
1,1,12246,1779138933.22861,1,1920,1200
1,1,12247,1779138933.24943,1,1920,1200
1,1,12248,1779138933.27024,1,1920,1200
1,1,12249,1779138933.29106,1,1920,1200
1,1,12250,1779138933.31188,1,1920,1200
1,1,12251,1779138933.3327,1,1920,1200
1,1,12252,1779138933.35352,1,1920,1200
1,1,12253,1779138933.37434,1,1920,1200
1,1,12254,1779138933.39516,1,1920,1200
1,1,12255,1779138933.41598,1,1920,1200
1,1,12256,1779138933.4368,1,1920,1200
1,1,12257,1779138933.45762,1,1920,1200
1,1,12258,1779138933.47844,1,1920,1200
1,1,12259,1779138933.49926,1,1920,1200
1,1,12260,1779138933.52008,1,1920,1200
1,1,12261,1779138933.5409,1,1920,1200
1,1,12262,1779138933.56172,1,1920,1200
1,1,12263,1779138933.58254,1,1920,1200
1,1,12264,1779138933.60336,1,1920,1200
1,1,12265,1779138933.62417,1,1920,1200
1,1,12266,1779138933.64499,1,1920,1200
1,1,12267,1779138933.66581,1,1920,1200
1,1,12268,1779138933.68663,1,1920,1200
1,1,12269,1779138933.70745,1,1920,1200
1,1,12270,1779138933.72827,1,1920,1200
1,1,12271,1779138933.74909,1,1920,1200
1,1,12272,1779138933.76991,1,1920,1200
1,1,12273,1779138933.79074,1,1920,1200
1,1,12274,1779138933.81155,1,1920,1200
1,1,12275,1779138933.83237,1,1920,1200
1,1,12276,1779138933.85319,1,1920,1200
1,1,12277,1779138933.87401,1,1920,1200
1,1,12278,1779138933.89483,1,1920,1200
1,1,12279,1779138933.91565,1,1920,1200
1,1,12280,1779138933.93647,1,1920,1200
1,1,12281,1779138933.95729,1,1920,1200
1,1,12282,1779138933.97811,1,1920,1200
1,1,12283,1779138933.99892,1,1920,1200
1,1,12284,1779138934.01974,1,1920,1200
1,1,12285,1779138934.04056,1,1920,1200
1,1,12286,1779138934.06138,1,1920,1200
1,1,12287,1779138934.0822,1,1920,1200
1,1,12288,1779138934.10302,1,1920,1200
1,1,12289,1779138934.12384,1,1920,1200
1,1,12290,1779138934.14466,2,1920,1200
1,1,12291,1779138934.16548,2,1920,1200
1,1,12292,1779138934.1863,2,1920,1200
1,1,12293,1779138934.20712,2,1920,1200
1,1,12294,1779138934.22794,2,1920,1200
1,1,12295,1779138934.24876,2,1920,1200
1,1,12296,1779138934.26958,2,1920,1200
1,1,12297,1779138934.2904,2,1920,1200
1,1,12298,1779138934.31122,2,1920,1200
1,1,12299,1779138934.33204,2,1920,1200
1,1,12300,1779138934.35286,2,1920,1200
1,1,12301,1779138934.37367,2,1920,1200
1,1,12302,1779138934.3945,2,1920,1200
1,1,12303,1779138934.41531,2,1920,1200
1,1,12304,1779138934.43613,2,1920,1200
1,1,12305,1779138934.45695,2,1920,1200
1,1,12306,1779138934.47777,2,1920,1200
1,1,12307,1779138934.49859,2,1920,1200
1,1,12308,1779138934.51941,2,1920,1200
1,1,12309,1779138934.54023,2,1920,1200
1,1,12310,1779138934.56105,2,1920,1200
1,1,12311,1779138934.58187,2,1920,1200
1,1,12312,1779138934.60269,2,1920,1200
1,1,12313,1779138934.62351,2,1920,1200
1,1,12314,1779138934.64433,2,1920,1200
1,1,12315,1779138934.66515,2,1920,1200
1,1,12316,1779138934.68597,2,1920,1200
1,1,12317,1779138934.70679,2,1920,1200
1,1,12318,1779138934.72761,2,1920,1200
1,1,12319,1779138934.74843,2,1920,1200
1,1,12320,1779138934.76924,2,1920,1200
1,1,12321,1779138934.79006,2,1920,1200
1,1,12322,1779138934.81088,2,1920,1200
1,1,12323,1779138934.8317,2,1920,1200
1,1,12324,1779138934.85252,2,1920,1200
1,1,12325,1779138934.87334,2,1920,1200
1,1,12326,1779138934.89416,2,1920,1200
1,1,12327,1779138934.91498,2,1920,1200
1,1,12328,1779138934.9358,2,1920,1200
1,1,12329,1779138934.95662,2,1920,1200
1,1,12330,1779138934.97744,2,1920,1200
1,1,12331,1779138934.99826,2,1920,1200
1,1,12332,1779138935.01908,2,1920,1200
1,1,12333,1779138935.0399,2,1920,1200
1,1,12334,1779138935.06072,2,1920,1200
1,1,12335,1779138935.08154,2,1920,1200
1,1,12336,1779138935.10236,2,1920,1200
1,1,12337,1779138935.12318,2,1920,1200
1,1,12338,1779138935.14399,2,1920,1200
1,1,12339,1779138935.16481,2,1920,1200
1,1,12340,1779138935.18563,2,1920,1200
1,1,12341,1779138935.20645,2,1920,1200
1,1,12342,1779138935.22727,2,1920,1200
1,1,12343,1779138935.24809,2,1920,1200
1,1,12344,1779138935.26891,2,1920,1200
1,1,12345,1779138935.28973,2,1920,1200
1,1,12346,1779138935.31055,2,1920,1200
1,1,12347,1779138935.33137,2,1920,1200
1,1,12348,1779138935.35219,2,1920,1200
1,1,12349,1779138935.37301,2,1920,1200
1,1,12350,1779138935.39383,2,1920,1200
1,1,12351,1779138935.41465,2,1920,1200
1,1,12352,1779138935.43546,2,1920,1200
1,1,12353,1779138935.45628,2,1920,1200
1,1,12354,1779138935.4771,2,1920,1200
1,1,12355,1779138935.49792,2,1920,1200
1,1,12356,1779138935.51874,2,1920,1200
1,1,12357,1779138935.53956,2,1920,1200
1,1,12358,1779138935.56038,2,1920,1200
1,1,12359,1779138935.5812,2,1920,1200
1,1,12360,1779138935.60202,2,1920,1200
1,1,12361,1779138935.62284,2,1920,1200
1,1,12362,1779138935.64366,2,1920,1200
1,1,12363,1779138935.66448,2,1920,1200
1,1,12364,1779138935.6853,2,1920,1200
1,1,12365,1779138935.70612,2,1920,1200
1,1,12366,1779138935.72694,2,1920,1200
1,1,12367,1779138935.74776,2,1920,1200
1,1,12368,1779138935.76858,2,1920,1200
1,1,12369,1779138935.7894,2,1920,1200
1,1,12370,1779138935.81022,2,1920,1200
1,1,12371,1779138935.83104,2,1920,1200
1,1,12372,1779138935.85185,2,1920,1200
1,1,12373,1779138935.87267,2,1920,1200
1,1,12374,1779138935.89349,2,1920,1200
1,1,12375,1779138935.91431,2,1920,1200
1,1,12376,1779138935.93513,2,1920,1200
1,1,12377,1779138935.95595,2,1920,1200
1,1,12378,1779138935.97677,2,1920,1200
1,1,12379,1779138935.99759,2,1920,1200
1,1,12380,1779138936.01841,2,1920,1200
1,1,12381,1779138936.03923,2,1920,1200
1,1,12382,1779138936.06005,2,1920,1200
1,1,12383,1779138936.08087,2,1920,1200
1,1,12384,1779138936.10169,2,1920,1200
1,1,12385,1779138936.12251,2,1920,1200
1,1,12386,1779138936.14333,1,1920,1200
1,1,12387,1779138936.16414,1,1920,1200
1,1,12388,1779138936.18496,1,1920,1200
1,1,12389,1779138936.20578,1,1920,1200
1,1,12390,1779138936.2266,1,1920,1200
1,1,12391,1779138936.24742,1,1920,1200
1,1,12392,1779138936.26824,1,1920,1200
1,1,12393,1779138936.28906,1,1920,1200
1,1,12394,1779138936.30988,1,1920,1200
1,1,12395,1779138936.3307,1,1920,1200
1,1,12396,1779138936.35152,1,1920,1200
1,1,12397,1779138936.37234,1,1920,1200
1,1,12398,1779138936.39316,1,1920,1200
1,1,12399,1779138936.41398,1,1920,1200
1,1,12400,1779138936.4348,1,1920,1200
1,1,12401,1779138936.45562,1,1920,1200
1,1,12402,1779138936.47644,1,1920,1200
1,1,12403,1779138936.49726,1,1920,1200
1,1,12404,1779138936.51807,1,1920,1200
1,1,12405,1779138936.53889,1,1920,1200
1,1,12406,1779138936.55971,1,1920,1200
1,1,12407,1779138936.58053,1,1920,1200
1,1,12408,1779138936.60135,1,1920,1200
1,1,12409,1779138936.62217,1,1920,1200
1,1,12410,1779138936.64299,1,1920,1200
1,1,12411,1779138936.66381,1,1920,1200
1,1,12412,1779138936.68463,1,1920,1200
1,1,12413,1779138936.70545,1,1920,1200
1,1,12414,1779138936.72627,1,1920,1200
1,1,12415,1779138936.74709,1,1920,1200
1,1,12416,1779138936.76791,1,1920,1200
1,1,12417,1779138936.78873,1,1920,1200
1,1,12418,1779138936.80955,1,1920,1200
1,1,12419,1779138936.83037,1,1920,1200
1,1,12420,1779138936.85119,1,1920,1200
1,1,12421,1779138936.872,1,1920,1200
1,1,12422,1779138936.89282,1,1920,1200
1,1,12423,1779138936.91364,1,1920,1200
1,1,12424,1779138936.93446,1,1920,1200
1,1,12425,1779138936.95528,1,1920,1200
1,1,12426,1779138936.9761,1,1920,1200
1,1,12427,1779138936.99692,1,1920,1200
1,1,12428,1779138937.01774,1,1920,1200
1,1,12429,1779138937.03856,1,1920,1200
1,1,12430,1779138937.05938,1,1920,1200
1,1,12431,1779138937.0802,1,1920,1200
1,1,12432,1779138937.10102,1,1920,1200
1,1,12433,1779138937.12184,1,1920,1200
1,1,12434,1779138937.14266,1,1920,1200
1,1,12435,1779138937.16348,1,1920,1200
1,1,12436,1779138937.1843,1,1920,1200
1,1,12437,1779138937.20512,1,1920,1200
1,1,12438,1779138937.22594,1,1920,1200
1,1,12439,1779138937.24675,1,1920,1200
1,1,12440,1779138937.26757,1,1920,1200
1,1,12441,1779138937.28839,1,1920,1200
1,1,12442,1779138937.30921,1,1920,1200
1,1,12443,1779138937.33003,1,1920,1200
1,1,12444,1779138937.35085,1,1920,1200
1,1,12445,1779138937.37167,1,1920,1200
1,1,12446,1779138937.39249,1,1920,1200
1,1,12447,1779138937.41331,1,1920,1200
1,1,12448,1779138937.43413,1,1920,1200
1,1,12449,1779138937.45495,1,1920,1200
1,1,12450,1779138937.47577,1,1920,1200
1,1,12451,1779138937.49659,1,1920,1200
1,1,12452,1779138937.51741,1,1920,1200
1,1,12453,1779138937.53823,1,1920,1200
1,1,12454,1779138937.55905,1,1920,1200
1,1,12455,1779138937.57987,1,1920,1200
1,1,12456,1779138937.60068,1,1920,1200
1,1,12457,1779138937.6215,1,1920,1200
1,1,12458,1779138937.64232,1,1920,1200
1,1,12459,1779138937.66314,1,1920,1200
1,1,12460,1779138937.68396,1,1920,1200
1,1,12461,1779138937.70478,1,1920,1200
1,1,12462,1779138937.7256,1,1920,1200
1,1,12463,1779138937.74642,1,1920,1200
1,1,12464,1779138937.76724,1,1920,1200
1,1,12465,1779138937.78806,1,1920,1200
1,1,12466,1779138937.80888,1,1920,1200
1,1,12467,1779138937.8297,1,1920,1200
1,1,12468,1779138937.85052,1,1920,1200
1,1,12469,1779138937.87134,1,1920,1200
1,1,12470,1779138937.89216,1,1920,1200
1,1,12471,1779138937.91297,1,1920,1200
1,1,12472,1779138937.93379,1,1920,1200
1,1,12473,1779138937.95461,1,1920,1200
1,1,12474,1779138937.97543,1,1920,1200
1,1,12475,1779138937.99625,1,1920,1200
1,1,12476,1779138938.01707,1,1920,1200
1,1,12477,1779138938.03789,1,1920,1200
1,1,12478,1779138938.05871,1,1920,1200
1,1,12479,1779138938.07953,1,1920,1200
1,1,12480,1779138938.10035,1,1920,1200
1,1,12481,1779138938.12117,1,1920,1200
1,1,12482,1779138938.14199,1,1920,1200
1,1,12483,1779138938.16281,1,1920,1200
1,1,12484,1779138938.18363,1,1920,1200
1,1,12485,1779138938.20445,1,1920,1200
1,1,12486,1779138938.22527,1,1920,1200
1,1,12487,1779138938.24609,1,1920,1200
1,1,12488,1779138938.26691,1,1920,1200
1,1,12489,1779138938.28772,1,1920,1200
1,1,12490,1779138938.30854,1,1920,1200
1,1,12491,1779138938.32936,1,1920,1200
1,1,12492,1779138938.35018,1,1920,1200
1,1,12493,1779138938.371,1,1920,1200
1,1,12494,1779138938.39182,1,1920,1200
1,1,12495,1779138938.41264,1,1920,1200
1,1,12496,1779138938.43346,1,1920,1200
1,1,12497,1779138938.45428,1,1920,1200
1,1,12498,1779138938.4751,1,1920,1200
1,1,12499,1779138938.49592,1,1920,1200
1,1,12500,1779138938.51674,1,1920,1200
1,1,12501,1779138938.53756,1,1920,1200
1,1,12502,1779138938.55838,1,1920,1200
1,1,12503,1779138938.5792,1,1920,1200
1,1,12504,1779138938.60001,1,1920,1200
1,1,12505,1779138938.62083,1,1920,1200
1,1,12506,1779138938.64165,1,1920,1200
1,1,12507,1779138938.66247,1,1920,1200
1,1,12508,1779138938.68329,1,1920,1200
1,1,12509,1779138938.70411,1,1920,1200
1,1,12510,1779138938.72493,1,1920,1200
1,1,12511,1779138938.74575,1,1920,1200
1,1,12512,1779138938.76657,1,1920,1200
1,1,12513,1779138938.78739,1,1920,1200
1,1,12514,1779138938.80821,1,1920,1200
1,1,12515,1779138938.82903,1,1920,1200
1,1,12516,1779138938.84985,1,1920,1200
1,1,12517,1779138938.87067,1,1920,1200
1,1,12518,1779138938.89149,1,1920,1200
1,1,12519,1779138938.91231,1,1920,1200
1,1,12520,1779138938.93312,1,1920,1200
1,1,12521,1779138938.95394,1,1920,1200
1,1,12522,1779138938.97476,1,1920,1200
1,1,12523,1779138938.99558,1,1920,1200
1,1,12524,1779138939.0164,1,1920,1200
1,1,12525,1779138939.03722,1,1920,1200
1,1,12526,1779138939.05804,1,1920,1200
1,1,12527,1779138939.07886,1,1920,1200
1,1,12528,1779138939.09968,1,1920,1200
1,1,12529,1779138939.1205,1,1920,1200
1,1,12530,1779138939.14132,1,1920,1200
1,1,12531,1779138939.16214,1,1920,1200
1,1,12532,1779138939.18296,1,1920,1200
1,1,12533,1779138939.20378,1,1920,1200
1,1,12534,1779138939.2246,1,1920,1200
1,1,12535,1779138939.24542,1,1920,1200
1,1,12536,1779138939.26623,1,1920,1200
1,1,12537,1779138939.28705,1,1920,1200
1,1,12538,1779138939.30787,1,1920,1200
1,1,12539,1779138939.32869,1,1920,1200
1,1,12540,1779138939.34951,1,1920,1200
1,1,12541,1779138939.37033,1,1920,1200
1,1,12542,1779138939.39115,1,1920,1200
1,1,12543,1779138939.41197,1,1920,1200
1,1,12544,1779138939.43279,1,1920,1200
1,1,12545,1779138939.45361,1,1920,1200
1,1,12546,1779138939.47443,1,1920,1200
1,1,12547,1779138939.49525,1,1920,1200
1,1,12548,1779138939.51607,1,1920,1200
1,1,12549,1779138939.53689,1,1920,1200
1,1,12550,1779138939.55771,1,1920,1200
1,1,12551,1779138939.57853,1,1920,1200
1,1,12552,1779138939.59934,1,1920,1200
1,1,12553,1779138939.62016,1,1920,1200
1,1,12554,1779138939.64098,1,1920,1200
1,1,12555,1779138939.6618,1,1920,1200
1,1,12556,1779138939.68262,1,1920,1200
1,1,12557,1779138939.70344,1,1920,1200
1,1,12558,1779138939.72426,1,1920,1200
1,1,12559,1779138939.74508,1,1920,1200
1,1,12560,1779138939.7659,1,1920,1200
1,1,12561,1779138939.78672,1,1920,1200
1,1,12562,1779138939.80754,1,1920,1200
1,1,12563,1779138939.82836,1,1920,1200
1,1,12564,1779138939.84918,1,1920,1200
1,1,12565,1779138939.87,1,1920,1200
1,1,12566,1779138939.89082,1,1920,1200
1,1,12567,1779138939.91163,1,1920,1200
1,1,12568,1779138939.93245,1,1920,1200
1,1,12569,1779138939.95327,1,1920,1200
1,1,12570,1779138939.97409,1,1920,1200
1,1,12571,1779138939.99491,1,1920,1200
1,1,12572,1779138940.01573,1,1920,1200
1,1,12573,1779138940.03655,1,1920,1200
1,1,12574,1779138940.05737,1,1920,1200
1,1,12575,1779138940.07819,1,1920,1200
1,1,12576,1779138940.09901,1,1920,1200
1,1,12577,1779138940.11983,1,1920,1200
1,1,12578,1779138940.14065,2,1920,1200
1,1,12579,1779138940.16147,2,1920,1200
1,1,12580,1779138940.18229,2,1920,1200
1,1,12581,1779138940.20311,2,1920,1200
1,1,12582,1779138940.22392,2,1920,1200
1,1,12583,1779138940.24475,2,1920,1200
1,1,12584,1779138940.26556,2,1920,1200
1,1,12585,1779138940.28638,2,1920,1200
1,1,12586,1779138940.3072,2,1920,1200
1,1,12587,1779138940.32802,2,1920,1200
1,1,12588,1779138940.34884,2,1920,1200
1,1,12589,1779138940.36966,2,1920,1200
1,1,12590,1779138940.39048,2,1920,1200
1,1,12591,1779138940.4113,2,1920,1200
1,1,12592,1779138940.43212,2,1920,1200
1,1,12593,1779138940.45294,2,1920,1200
1,1,12594,1779138940.47376,2,1920,1200
1,1,12595,1779138940.49458,2,1920,1200
1,1,12596,1779138940.5154,2,1920,1200
1,1,12597,1779138940.53622,2,1920,1200
1,1,12598,1779138940.55703,2,1920,1200
1,1,12599,1779138940.57785,2,1920,1200
1,1,12600,1779138940.59867,2,1920,1200
1,1,12601,1779138940.61949,2,1920,1200
1,1,12602,1779138940.64031,2,1920,1200
1,1,12603,1779138940.66113,2,1920,1200
1,1,12604,1779138940.68195,2,1920,1200
1,1,12605,1779138940.70277,2,1920,1200
1,1,12606,1779138940.72359,2,1920,1200
1,1,12607,1779138940.74441,2,1920,1200
1,1,12608,1779138940.76523,2,1920,1200
1,1,12609,1779138940.78605,2,1920,1200
1,1,12610,1779138940.80687,2,1920,1200
1,1,12611,1779138940.82769,2,1920,1200
1,1,12612,1779138940.84851,2,1920,1200
1,1,12613,1779138940.86932,2,1920,1200
1,1,12614,1779138940.89014,2,1920,1200
1,1,12615,1779138940.91096,2,1920,1200
1,1,12616,1779138940.93178,2,1920,1200
1,1,12617,1779138940.9526,2,1920,1200
1,1,12618,1779138940.97342,2,1920,1200
1,1,12619,1779138940.99424,2,1920,1200
1,1,12620,1779138941.01506,2,1920,1200
1,1,12621,1779138941.03588,2,1920,1200
1,1,12622,1779138941.0567,2,1920,1200
1,1,12623,1779138941.07752,2,1920,1200
1,1,12624,1779138941.09834,2,1920,1200
1,1,12625,1779138941.11916,2,1920,1200
1,1,12626,1779138941.13998,2,1920,1200
1,1,12627,1779138941.1608,2,1920,1200
1,1,12628,1779138941.18162,2,1920,1200
1,1,12629,1779138941.20244,2,1920,1200
1,1,12630,1779138941.22325,2,1920,1200
1,1,12631,1779138941.24407,2,1920,1200
1,1,12632,1779138941.26489,2,1920,1200
1,1,12633,1779138941.28571,2,1920,1200
1,1,12634,1779138941.30653,2,1920,1200
1,1,12635,1779138941.32735,2,1920,1200
1,1,12636,1779138941.34817,2,1920,1200
1,1,12637,1779138941.36899,2,1920,1200
1,1,12638,1779138941.38981,2,1920,1200
1,1,12639,1779138941.41063,2,1920,1200
1,1,12640,1779138941.43145,2,1920,1200
1,1,12641,1779138941.45227,2,1920,1200
1,1,12642,1779138941.47309,2,1920,1200
1,1,12643,1779138941.49391,2,1920,1200
1,1,12644,1779138941.51472,2,1920,1200
1,1,12645,1779138941.53554,2,1920,1200
1,1,12646,1779138941.55636,2,1920,1200
1,1,12647,1779138941.57718,2,1920,1200
1,1,12648,1779138941.598,2,1920,1200
1,1,12649,1779138941.61882,2,1920,1200
1,1,12650,1779138941.63964,2,1920,1200
1,1,12651,1779138941.66046,2,1920,1200
1,1,12652,1779138941.68128,2,1920,1200
1,1,12653,1779138941.7021,2,1920,1200
1,1,12654,1779138941.72292,2,1920,1200
1,1,12655,1779138941.74374,2,1920,1200
1,1,12656,1779138941.76456,2,1920,1200
1,1,12657,1779138941.78538,2,1920,1200
1,1,12658,1779138941.8062,2,1920,1200
1,1,12659,1779138941.82702,2,1920,1200
1,1,12660,1779138941.84784,2,1920,1200
1,1,12661,1779138941.86865,2,1920,1200
1,1,12662,1779138941.88947,2,1920,1200
1,1,12663,1779138941.91029,2,1920,1200
1,1,12664,1779138941.93111,2,1920,1200
1,1,12665,1779138941.95193,2,1920,1200
1,1,12666,1779138941.97275,2,1920,1200
1,1,12667,1779138941.99357,2,1920,1200
1,1,12668,1779138942.01439,2,1920,1200
1,1,12669,1779138942.03521,2,1920,1200
1,1,12670,1779138942.05603,2,1920,1200
1,1,12671,1779138942.07685,2,1920,1200
1,1,12672,1779138942.09767,2,1920,1200
1,1,12673,1779138942.11849,2,1920,1200
