day,run,frame_index,timestamp,frame_type,screenX,screenY
1,2,1,1779219748.84199,0,1680,1050
1,2,2,1779219748.86495,-1,1680,1050
1,2,3,1779219748.88577,-1,1680,1050
1,2,4,1779219748.90659,-1,1680,1050
1,2,5,1779219748.92741,-1,1680,1050
1,2,6,1779219748.94822,-1,1680,1050
1,2,7,1779219748.96904,-1,1680,1050
1,2,8,1779219748.98986,-1,1680,1050
1,2,9,1779219749.01068,-1,1680,1050
1,2,10,1779219749.0315,-1,1680,1050
1,2,11,1779219749.05232,-1,1680,1050
1,2,12,1779219749.07314,-1,1680,1050
1,2,13,1779219749.09396,-1,1680,1050
1,2,14,1779219749.11478,-1,1680,1050
1,2,15,1779219749.1356,-1,1680,1050
1,2,16,1779219749.15642,-1,1680,1050
1,2,17,1779219749.17724,-1,1680,1050
1,2,18,1779219749.19806,-1,1680,1050
1,2,19,1779219749.21888,-1,1680,1050
1,2,20,1779219749.2397,-1,1680,1050
1,2,21,1779219749.26052,-1,1680,1050
1,2,22,1779219749.28134,-1,1680,1050
1,2,23,1779219749.30216,-1,1680,1050
1,2,24,1779219749.32298,-1,1680,1050
1,2,25,1779219749.3438,-1,1680,1050
1,2,26,1779219749.36461,-1,1680,1050
1,2,27,1779219749.38543,-1,1680,1050
1,2,28,1779219749.40625,-1,1680,1050
1,2,29,1779219749.42707,-1,1680,1050
1,2,30,1779219749.44789,-1,1680,1050
1,2,31,1779219749.46871,-1,1680,1050
1,2,32,1779219749.48953,-1,1680,1050
1,2,33,1779219749.51035,-1,1680,1050
1,2,34,1779219749.53117,-1,1680,1050
1,2,35,1779219749.55199,-1,1680,1050
1,2,36,1779219749.57281,-1,1680,1050
1,2,37,1779219749.59363,-1,1680,1050
1,2,38,1779219749.61445,-1,1680,1050
1,2,39,1779219749.63527,-1,1680,1050
1,2,40,1779219749.65609,-1,1680,1050
1,2,41,1779219749.67691,-1,1680,1050
1,2,42,1779219749.69773,-1,1680,1050
1,2,43,1779219749.71855,-1,1680,1050
1,2,44,1779219749.73937,-1,1680,1050
1,2,45,1779219749.76018,-1,1680,1050
1,2,46,1779219749.781,-1,1680,1050
1,2,47,1779219749.80182,-1,1680,1050
1,2,48,1779219749.82264,-1,1680,1050
1,2,49,1779219749.84346,-1,1680,1050
1,2,50,1779219749.86428,-1,1680,1050
1,2,51,1779219749.8851,-1,1680,1050
1,2,52,1779219749.90592,-1,1680,1050
1,2,53,1779219749.92674,-1,1680,1050
1,2,54,1779219749.94756,-1,1680,1050
1,2,55,1779219749.96838,-1,1680,1050
1,2,56,1779219749.9892,-1,1680,1050
1,2,57,1779219750.01002,-1,1680,1050
1,2,58,1779219750.03084,-1,1680,1050
1,2,59,1779219750.05166,-1,1680,1050
1,2,60,1779219750.07248,-1,1680,1050
1,2,61,1779219750.0933,-1,1680,1050
1,2,62,1779219750.11412,-1,1680,1050
1,2,63,1779219750.13494,-1,1680,1050
1,2,64,1779219750.15576,-1,1680,1050
1,2,65,1779219750.17658,-1,1680,1050
1,2,66,1779219750.1974,-1,1680,1050
1,2,67,1779219750.21821,-1,1680,1050
1,2,68,1779219750.23903,-1,1680,1050
1,2,69,1779219750.25985,-1,1680,1050
1,2,70,1779219750.28067,-1,1680,1050
1,2,71,1779219750.30149,-1,1680,1050
1,2,72,1779219750.32231,-1,1680,1050
1,2,73,1779219750.34313,-1,1680,1050
1,2,74,1779219750.36395,-1,1680,1050
1,2,75,1779219750.38477,-1,1680,1050
1,2,76,1779219750.40559,-1,1680,1050
1,2,77,1779219750.42641,-1,1680,1050
1,2,78,1779219750.44723,-1,1680,1050
1,2,79,1779219750.46805,-1,1680,1050
1,2,80,1779219750.48887,-1,1680,1050
1,2,81,1779219750.50969,-1,1680,1050
1,2,82,1779219750.53051,-1,1680,1050
1,2,83,1779219750.55133,-1,1680,1050
1,2,84,1779219750.57215,-1,1680,1050
1,2,85,1779219750.59297,-1,1680,1050
1,2,86,1779219750.61379,-1,1680,1050
1,2,87,1779219750.6346,-1,1680,1050
1,2,88,1779219750.65542,-1,1680,1050
1,2,89,1779219750.67624,-1,1680,1050
1,2,90,1779219750.69706,-1,1680,1050
1,2,91,1779219750.71788,-1,1680,1050
1,2,92,1779219750.7387,-1,1680,1050
1,2,93,1779219750.75952,-1,1680,1050
1,2,94,1779219750.78034,-1,1680,1050
1,2,95,1779219750.80116,-1,1680,1050
1,2,96,1779219750.82198,-1,1680,1050
1,2,97,1779219750.8428,-1,1680,1050
1,2,98,1779219750.86362,-1,1680,1050
1,2,99,1779219750.88444,-1,1680,1050
1,2,100,1779219750.90526,-1,1680,1050
1,2,101,1779219750.92608,-1,1680,1050
1,2,102,1779219750.9469,-1,1680,1050
1,2,103,1779219750.96772,-1,1680,1050
1,2,104,1779219750.98854,-1,1680,1050
1,2,105,1779219751.00936,-1,1680,1050
1,2,106,1779219751.03017,-1,1680,1050
1,2,107,1779219751.05099,-1,1680,1050
1,2,108,1779219751.07181,-1,1680,1050
1,2,109,1779219751.09263,-1,1680,1050
1,2,110,1779219751.11345,-1,1680,1050
1,2,111,1779219751.13427,-1,1680,1050
1,2,112,1779219751.15509,-1,1680,1050
1,2,113,1779219751.17591,-1,1680,1050
1,2,114,1779219751.19673,-1,1680,1050
1,2,115,1779219751.21755,-1,1680,1050
1,2,116,1779219751.23837,-1,1680,1050
1,2,117,1779219751.25919,-1,1680,1050
1,2,118,1779219751.28001,-1,1680,1050
1,2,119,1779219751.30083,-1,1680,1050
1,2,120,1779219751.32165,-1,1680,1050
1,2,121,1779219751.34247,-1,1680,1050
1,2,122,1779219751.36329,-1,1680,1050
1,2,123,1779219751.38411,-1,1680,1050
1,2,124,1779219751.40493,-1,1680,1050
1,2,125,1779219751.42575,-1,1680,1050
1,2,126,1779219751.44657,-1,1680,1050
1,2,127,1779219751.46739,-1,1680,1050
1,2,128,1779219751.4882,-1,1680,1050
1,2,129,1779219751.50902,-1,1680,1050
1,2,130,1779219751.52984,-1,1680,1050
1,2,131,1779219751.55066,-1,1680,1050
1,2,132,1779219751.57148,-1,1680,1050
1,2,133,1779219751.5923,-1,1680,1050
1,2,134,1779219751.61312,-1,1680,1050
1,2,135,1779219751.63394,-1,1680,1050
1,2,136,1779219751.65476,-1,1680,1050
1,2,137,1779219751.67558,-1,1680,1050
1,2,138,1779219751.6964,-1,1680,1050
1,2,139,1779219751.71722,-1,1680,1050
1,2,140,1779219751.73804,-1,1680,1050
1,2,141,1779219751.75886,-1,1680,1050
1,2,142,1779219751.77968,-1,1680,1050
1,2,143,1779219751.8005,-1,1680,1050
1,2,144,1779219751.82132,-1,1680,1050
1,2,145,1779219751.84214,-1,1680,1050
1,2,146,1779219751.86296,-1,1680,1050
1,2,147,1779219751.88378,-1,1680,1050
1,2,148,1779219751.90459,-1,1680,1050
1,2,149,1779219751.92541,-1,1680,1050
1,2,150,1779219751.94623,-1,1680,1050
1,2,151,1779219751.96705,-1,1680,1050
1,2,152,1779219751.98787,-1,1680,1050
1,2,153,1779219752.00869,-1,1680,1050
1,2,154,1779219752.02951,-1,1680,1050
1,2,155,1779219752.05033,-1,1680,1050
1,2,156,1779219752.07115,-1,1680,1050
1,2,157,1779219752.09197,-1,1680,1050
1,2,158,1779219752.11279,-1,1680,1050
1,2,159,1779219752.13361,-1,1680,1050
1,2,160,1779219752.15443,-1,1680,1050
1,2,161,1779219752.17525,-1,1680,1050
1,2,162,1779219752.19607,-1,1680,1050
1,2,163,1779219752.21689,-1,1680,1050
1,2,164,1779219752.23771,-1,1680,1050
1,2,165,1779219752.25853,-1,1680,1050
1,2,166,1779219752.27935,-1,1680,1050
1,2,167,1779219752.30017,-1,1680,1050
1,2,168,1779219752.32098,-1,1680,1050
1,2,169,1779219752.3418,-1,1680,1050
1,2,170,1779219752.36262,-1,1680,1050
1,2,171,1779219752.38344,-1,1680,1050
1,2,172,1779219752.40426,-1,1680,1050
1,2,173,1779219752.42508,-1,1680,1050
1,2,174,1779219752.4459,-1,1680,1050
1,2,175,1779219752.46672,-1,1680,1050
1,2,176,1779219752.48754,-1,1680,1050
1,2,177,1779219752.50836,-1,1680,1050
1,2,178,1779219752.52918,-1,1680,1050
1,2,179,1779219752.55,-1,1680,1050
1,2,180,1779219752.57082,-1,1680,1050
1,2,181,1779219752.59164,-1,1680,1050
1,2,182,1779219752.61246,1,1680,1050
1,2,183,1779219752.63328,1,1680,1050
1,2,184,1779219752.6541,1,1680,1050
1,2,185,1779219752.67492,1,1680,1050
1,2,186,1779219752.69574,1,1680,1050
1,2,187,1779219752.71656,1,1680,1050
1,2,188,1779219752.73738,1,1680,1050
1,2,189,1779219752.75819,1,1680,1050
1,2,190,1779219752.77901,1,1680,1050
1,2,191,1779219752.79983,1,1680,1050
1,2,192,1779219752.82065,1,1680,1050
1,2,193,1779219752.84147,1,1680,1050
1,2,194,1779219752.86229,1,1680,1050
1,2,195,1779219752.88311,1,1680,1050
1,2,196,1779219752.90393,1,1680,1050
1,2,197,1779219752.92475,1,1680,1050
1,2,198,1779219752.94557,1,1680,1050
1,2,199,1779219752.96639,1,1680,1050
1,2,200,1779219752.98721,1,1680,1050
1,2,201,1779219753.00803,1,1680,1050
1,2,202,1779219753.02885,1,1680,1050
1,2,203,1779219753.04967,1,1680,1050
1,2,204,1779219753.07049,1,1680,1050
1,2,205,1779219753.09131,1,1680,1050
1,2,206,1779219753.11213,1,1680,1050
1,2,207,1779219753.13295,1,1680,1050
1,2,208,1779219753.15376,1,1680,1050
1,2,209,1779219753.17458,1,1680,1050
1,2,210,1779219753.1954,1,1680,1050
1,2,211,1779219753.21622,1,1680,1050
1,2,212,1779219753.23704,1,1680,1050
1,2,213,1779219753.25786,1,1680,1050
1,2,214,1779219753.27868,1,1680,1050
1,2,215,1779219753.2995,1,1680,1050
1,2,216,1779219753.32032,1,1680,1050
1,2,217,1779219753.34114,1,1680,1050
1,2,218,1779219753.36196,1,1680,1050
1,2,219,1779219753.38278,1,1680,1050
1,2,220,1779219753.4036,1,1680,1050
1,2,221,1779219753.42442,1,1680,1050
1,2,222,1779219753.44524,1,1680,1050
1,2,223,1779219753.46606,1,1680,1050
1,2,224,1779219753.48688,1,1680,1050
1,2,225,1779219753.5077,1,1680,1050
1,2,226,1779219753.52852,1,1680,1050
1,2,227,1779219753.54934,1,1680,1050
1,2,228,1779219753.57016,1,1680,1050
1,2,229,1779219753.59097,1,1680,1050
1,2,230,1779219753.61179,1,1680,1050
1,2,231,1779219753.63261,1,1680,1050
1,2,232,1779219753.65343,1,1680,1050
1,2,233,1779219753.67425,1,1680,1050
1,2,234,1779219753.69507,1,1680,1050
1,2,235,1779219753.71589,1,1680,1050
1,2,236,1779219753.73671,1,1680,1050
1,2,237,1779219753.75753,1,1680,1050
1,2,238,1779219753.77835,1,1680,1050
1,2,239,1779219753.79917,1,1680,1050
1,2,240,1779219753.81999,1,1680,1050
1,2,241,1779219753.84081,1,1680,1050
1,2,242,1779219753.86163,1,1680,1050
1,2,243,1779219753.88245,1,1680,1050
1,2,244,1779219753.90327,1,1680,1050
1,2,245,1779219753.92409,1,1680,1050
1,2,246,1779219753.94491,1,1680,1050
1,2,247,1779219753.96573,1,1680,1050
1,2,248,1779219753.98655,1,1680,1050
1,2,249,1779219754.00736,1,1680,1050
1,2,250,1779219754.02818,1,1680,1050
1,2,251,1779219754.049,1,1680,1050
1,2,252,1779219754.06982,1,1680,1050
1,2,253,1779219754.09064,1,1680,1050
1,2,254,1779219754.11146,1,1680,1050
1,2,255,1779219754.13228,1,1680,1050
1,2,256,1779219754.1531,1,1680,1050
1,2,257,1779219754.17392,1,1680,1050
1,2,258,1779219754.19474,1,1680,1050
1,2,259,1779219754.21556,1,1680,1050
1,2,260,1779219754.23638,1,1680,1050
1,2,261,1779219754.2572,1,1680,1050
1,2,262,1779219754.27802,1,1680,1050
1,2,263,1779219754.29884,1,1680,1050
1,2,264,1779219754.31966,1,1680,1050
1,2,265,1779219754.34048,1,1680,1050
1,2,266,1779219754.3613,1,1680,1050
1,2,267,1779219754.38211,1,1680,1050
1,2,268,1779219754.40294,1,1680,1050
1,2,269,1779219754.42375,1,1680,1050
1,2,270,1779219754.44457,1,1680,1050
1,2,271,1779219754.46539,1,1680,1050
1,2,272,1779219754.48621,1,1680,1050
1,2,273,1779219754.50703,1,1680,1050
1,2,274,1779219754.52785,1,1680,1050
1,2,275,1779219754.54867,1,1680,1050
1,2,276,1779219754.56949,1,1680,1050
1,2,277,1779219754.59031,1,1680,1050
1,2,278,1779219754.61113,1,1680,1050
1,2,279,1779219754.63195,1,1680,1050
1,2,280,1779219754.65277,1,1680,1050
1,2,281,1779219754.67359,1,1680,1050
1,2,282,1779219754.69441,1,1680,1050
1,2,283,1779219754.71523,1,1680,1050
1,2,284,1779219754.73605,1,1680,1050
1,2,285,1779219754.75687,1,1680,1050
1,2,286,1779219754.77769,1,1680,1050
1,2,287,1779219754.79851,1,1680,1050
1,2,288,1779219754.81933,1,1680,1050
1,2,289,1779219754.84015,1,1680,1050
1,2,290,1779219754.86096,1,1680,1050
1,2,291,1779219754.88178,1,1680,1050
1,2,292,1779219754.9026,1,1680,1050
1,2,293,1779219754.92342,1,1680,1050
1,2,294,1779219754.94424,1,1680,1050
1,2,295,1779219754.96506,1,1680,1050
1,2,296,1779219754.98588,1,1680,1050
1,2,297,1779219755.0067,1,1680,1050
1,2,298,1779219755.02752,1,1680,1050
1,2,299,1779219755.04834,1,1680,1050
1,2,300,1779219755.06916,1,1680,1050
1,2,301,1779219755.08998,1,1680,1050
1,2,302,1779219755.1108,1,1680,1050
1,2,303,1779219755.13162,1,1680,1050
1,2,304,1779219755.15244,1,1680,1050
1,2,305,1779219755.17326,1,1680,1050
1,2,306,1779219755.19408,1,1680,1050
1,2,307,1779219755.2149,1,1680,1050
1,2,308,1779219755.23572,1,1680,1050
1,2,309,1779219755.25653,1,1680,1050
1,2,310,1779219755.27735,1,1680,1050
1,2,311,1779219755.29817,1,1680,1050
1,2,312,1779219755.31899,1,1680,1050
1,2,313,1779219755.33981,1,1680,1050
1,2,314,1779219755.36063,1,1680,1050
1,2,315,1779219755.38145,1,1680,1050
1,2,316,1779219755.40227,1,1680,1050
1,2,317,1779219755.42309,1,1680,1050
1,2,318,1779219755.44391,1,1680,1050
1,2,319,1779219755.46473,1,1680,1050
1,2,320,1779219755.48555,1,1680,1050
1,2,321,1779219755.50637,1,1680,1050
1,2,322,1779219755.52719,1,1680,1050
1,2,323,1779219755.54801,1,1680,1050
1,2,324,1779219755.56883,1,1680,1050
1,2,325,1779219755.58965,1,1680,1050
1,2,326,1779219755.61047,1,1680,1050
1,2,327,1779219755.63129,1,1680,1050
1,2,328,1779219755.65211,1,1680,1050
1,2,329,1779219755.67293,1,1680,1050
1,2,330,1779219755.69375,1,1680,1050
1,2,331,1779219755.71456,1,1680,1050
1,2,332,1779219755.73538,1,1680,1050
1,2,333,1779219755.7562,1,1680,1050
1,2,334,1779219755.77702,1,1680,1050
1,2,335,1779219755.79784,1,1680,1050
1,2,336,1779219755.81866,1,1680,1050
1,2,337,1779219755.83948,1,1680,1050
1,2,338,1779219755.8603,1,1680,1050
1,2,339,1779219755.88112,1,1680,1050
1,2,340,1779219755.90194,1,1680,1050
1,2,341,1779219755.92276,1,1680,1050
1,2,342,1779219755.94358,1,1680,1050
1,2,343,1779219755.9644,1,1680,1050
1,2,344,1779219755.98522,1,1680,1050
1,2,345,1779219756.00604,1,1680,1050
1,2,346,1779219756.02686,1,1680,1050
1,2,347,1779219756.04768,1,1680,1050
1,2,348,1779219756.0685,1,1680,1050
1,2,349,1779219756.08932,1,1680,1050
1,2,350,1779219756.11014,1,1680,1050
1,2,351,1779219756.13095,1,1680,1050
1,2,352,1779219756.15177,1,1680,1050
1,2,353,1779219756.17259,1,1680,1050
1,2,354,1779219756.19341,1,1680,1050
1,2,355,1779219756.21423,1,1680,1050
1,2,356,1779219756.23505,1,1680,1050
1,2,357,1779219756.25587,1,1680,1050
1,2,358,1779219756.27669,1,1680,1050
1,2,359,1779219756.29751,1,1680,1050
1,2,360,1779219756.31833,1,1680,1050
1,2,361,1779219756.33915,1,1680,1050
1,2,362,1779219756.35997,1,1680,1050
1,2,363,1779219756.38079,1,1680,1050
1,2,364,1779219756.40161,1,1680,1050
1,2,365,1779219756.42243,1,1680,1050
1,2,366,1779219756.44325,1,1680,1050
1,2,367,1779219756.46407,1,1680,1050
1,2,368,1779219756.48489,1,1680,1050
1,2,369,1779219756.50571,1,1680,1050
1,2,370,1779219756.52653,1,1680,1050
1,2,371,1779219756.54734,1,1680,1050
1,2,372,1779219756.56816,1,1680,1050
1,2,373,1779219756.58898,1,1680,1050
1,2,374,1779219756.6098,1,1680,1050
1,2,375,1779219756.63062,1,1680,1050
1,2,376,1779219756.65144,1,1680,1050
1,2,377,1779219756.67226,1,1680,1050
1,2,378,1779219756.69308,1,1680,1050
1,2,379,1779219756.7139,1,1680,1050
1,2,380,1779219756.73472,1,1680,1050
1,2,381,1779219756.75554,1,1680,1050
1,2,382,1779219756.77636,1,1680,1050
1,2,383,1779219756.79718,1,1680,1050
1,2,384,1779219756.818,1,1680,1050
1,2,385,1779219756.83882,1,1680,1050
1,2,386,1779219756.85964,1,1680,1050
1,2,387,1779219756.88046,1,1680,1050
1,2,388,1779219756.90128,1,1680,1050
1,2,389,1779219756.9221,1,1680,1050
1,2,390,1779219756.94292,1,1680,1050
1,2,391,1779219756.96373,1,1680,1050
1,2,392,1779219756.98455,1,1680,1050
1,2,393,1779219757.00537,1,1680,1050
1,2,394,1779219757.02619,1,1680,1050
1,2,395,1779219757.04701,1,1680,1050
1,2,396,1779219757.06783,1,1680,1050
1,2,397,1779219757.08865,1,1680,1050
1,2,398,1779219757.10947,1,1680,1050
1,2,399,1779219757.13029,1,1680,1050
1,2,400,1779219757.15111,1,1680,1050
1,2,401,1779219757.17193,1,1680,1050
1,2,402,1779219757.19275,1,1680,1050
1,2,403,1779219757.21357,1,1680,1050
1,2,404,1779219757.23439,1,1680,1050
1,2,405,1779219757.25521,1,1680,1050
1,2,406,1779219757.27603,1,1680,1050
1,2,407,1779219757.29685,1,1680,1050
1,2,408,1779219757.31767,1,1680,1050
1,2,409,1779219757.33849,1,1680,1050
1,2,410,1779219757.35931,1,1680,1050
1,2,411,1779219757.38013,1,1680,1050
1,2,412,1779219757.40094,1,1680,1050
1,2,413,1779219757.42176,1,1680,1050
1,2,414,1779219757.44258,1,1680,1050
1,2,415,1779219757.4634,1,1680,1050
1,2,416,1779219757.48422,1,1680,1050
1,2,417,1779219757.50504,1,1680,1050
1,2,418,1779219757.52586,1,1680,1050
1,2,419,1779219757.54668,1,1680,1050
1,2,420,1779219757.5675,1,1680,1050
1,2,421,1779219757.58832,1,1680,1050
1,2,422,1779219757.60914,2,1680,1050
1,2,423,1779219757.62996,2,1680,1050
1,2,424,1779219757.65078,2,1680,1050
1,2,425,1779219757.6716,2,1680,1050
1,2,426,1779219757.69242,2,1680,1050
1,2,427,1779219757.71324,2,1680,1050
1,2,428,1779219757.73406,2,1680,1050
1,2,429,1779219757.75488,2,1680,1050
1,2,430,1779219757.77569,2,1680,1050
1,2,431,1779219757.79651,2,1680,1050
1,2,432,1779219757.81733,2,1680,1050
1,2,433,1779219757.83815,2,1680,1050
1,2,434,1779219757.85897,2,1680,1050
1,2,435,1779219757.87979,2,1680,1050
1,2,436,1779219757.90061,2,1680,1050
1,2,437,1779219757.92143,2,1680,1050
1,2,438,1779219757.94225,2,1680,1050
1,2,439,1779219757.96307,2,1680,1050
1,2,440,1779219757.98389,2,1680,1050
1,2,441,1779219758.00471,2,1680,1050
1,2,442,1779219758.02553,2,1680,1050
1,2,443,1779219758.04635,2,1680,1050
1,2,444,1779219758.06717,2,1680,1050
1,2,445,1779219758.08799,2,1680,1050
1,2,446,1779219758.10881,2,1680,1050
1,2,447,1779219758.12963,2,1680,1050
1,2,448,1779219758.15045,2,1680,1050
1,2,449,1779219758.17127,2,1680,1050
1,2,450,1779219758.19209,2,1680,1050
1,2,451,1779219758.21291,2,1680,1050
1,2,452,1779219758.23372,2,1680,1050
1,2,453,1779219758.25454,2,1680,1050
1,2,454,1779219758.27536,2,1680,1050
1,2,455,1779219758.29618,2,1680,1050
1,2,456,1779219758.317,2,1680,1050
1,2,457,1779219758.33782,2,1680,1050
1,2,458,1779219758.35864,2,1680,1050
1,2,459,1779219758.37946,2,1680,1050
1,2,460,1779219758.40028,2,1680,1050
1,2,461,1779219758.4211,2,1680,1050
1,2,462,1779219758.44192,2,1680,1050
1,2,463,1779219758.46274,2,1680,1050
1,2,464,1779219758.48356,2,1680,1050
1,2,465,1779219758.50438,2,1680,1050
1,2,466,1779219758.5252,2,1680,1050
1,2,467,1779219758.54602,2,1680,1050
1,2,468,1779219758.56684,2,1680,1050
1,2,469,1779219758.58766,2,1680,1050
1,2,470,1779219758.60848,2,1680,1050
1,2,471,1779219758.6293,2,1680,1050
1,2,472,1779219758.65011,2,1680,1050
1,2,473,1779219758.67093,2,1680,1050
1,2,474,1779219758.69175,2,1680,1050
1,2,475,1779219758.71257,2,1680,1050
1,2,476,1779219758.73339,2,1680,1050
1,2,477,1779219758.75421,2,1680,1050
1,2,478,1779219758.77503,2,1680,1050
1,2,479,1779219758.79585,2,1680,1050
1,2,480,1779219758.81667,2,1680,1050
1,2,481,1779219758.83749,2,1680,1050
1,2,482,1779219758.85831,2,1680,1050
1,2,483,1779219758.87913,2,1680,1050
1,2,484,1779219758.89995,2,1680,1050
1,2,485,1779219758.92077,2,1680,1050
1,2,486,1779219758.94159,2,1680,1050
1,2,487,1779219758.96241,2,1680,1050
1,2,488,1779219758.98323,2,1680,1050
1,2,489,1779219759.00405,2,1680,1050
1,2,490,1779219759.02487,2,1680,1050
1,2,491,1779219759.04569,2,1680,1050
1,2,492,1779219759.06651,2,1680,1050
1,2,493,1779219759.08732,2,1680,1050
1,2,494,1779219759.10814,2,1680,1050
1,2,495,1779219759.12896,2,1680,1050
1,2,496,1779219759.14978,2,1680,1050
1,2,497,1779219759.1706,2,1680,1050
1,2,498,1779219759.19142,2,1680,1050
1,2,499,1779219759.21224,2,1680,1050
1,2,500,1779219759.23306,2,1680,1050
1,2,501,1779219759.25388,2,1680,1050
1,2,502,1779219759.2747,2,1680,1050
1,2,503,1779219759.29552,2,1680,1050
1,2,504,1779219759.31634,2,1680,1050
1,2,505,1779219759.33716,2,1680,1050
1,2,506,1779219759.35798,2,1680,1050
1,2,507,1779219759.3788,2,1680,1050
1,2,508,1779219759.39962,2,1680,1050
1,2,509,1779219759.42044,2,1680,1050
1,2,510,1779219759.44126,2,1680,1050
1,2,511,1779219759.46208,2,1680,1050
1,2,512,1779219759.4829,2,1680,1050
1,2,513,1779219759.50371,2,1680,1050
1,2,514,1779219759.52453,2,1680,1050
1,2,515,1779219759.54535,2,1680,1050
1,2,516,1779219759.56617,2,1680,1050
1,2,517,1779219759.58699,2,1680,1050
1,2,518,1779219759.60781,2,1680,1050
1,2,519,1779219759.62863,2,1680,1050
1,2,520,1779219759.64945,2,1680,1050
1,2,521,1779219759.67027,2,1680,1050
1,2,522,1779219759.69109,2,1680,1050
1,2,523,1779219759.71191,2,1680,1050
1,2,524,1779219759.73273,2,1680,1050
1,2,525,1779219759.75355,2,1680,1050
1,2,526,1779219759.77437,2,1680,1050
1,2,527,1779219759.79519,2,1680,1050
1,2,528,1779219759.81601,2,1680,1050
1,2,529,1779219759.83683,2,1680,1050
1,2,530,1779219759.85765,2,1680,1050
1,2,531,1779219759.87847,2,1680,1050
1,2,532,1779219759.89929,2,1680,1050
1,2,533,1779219759.9201,2,1680,1050
1,2,534,1779219759.94092,2,1680,1050
1,2,535,1779219759.96174,2,1680,1050
1,2,536,1779219759.98256,2,1680,1050
1,2,537,1779219760.00338,2,1680,1050
1,2,538,1779219760.0242,2,1680,1050
1,2,539,1779219760.04502,2,1680,1050
1,2,540,1779219760.06584,2,1680,1050
1,2,541,1779219760.08666,2,1680,1050
1,2,542,1779219760.10748,2,1680,1050
1,2,543,1779219760.1283,2,1680,1050
1,2,544,1779219760.14912,2,1680,1050
1,2,545,1779219760.16994,2,1680,1050
1,2,546,1779219760.19076,2,1680,1050
1,2,547,1779219760.21158,2,1680,1050
1,2,548,1779219760.2324,2,1680,1050
1,2,549,1779219760.25322,2,1680,1050
1,2,550,1779219760.27404,2,1680,1050
1,2,551,1779219760.29486,2,1680,1050
1,2,552,1779219760.31568,2,1680,1050
1,2,553,1779219760.33649,2,1680,1050
1,2,554,1779219760.35731,2,1680,1050
1,2,555,1779219760.37813,2,1680,1050
1,2,556,1779219760.39895,2,1680,1050
1,2,557,1779219760.41977,2,1680,1050
1,2,558,1779219760.44059,2,1680,1050
1,2,559,1779219760.46141,2,1680,1050
1,2,560,1779219760.48223,2,1680,1050
1,2,561,1779219760.50305,2,1680,1050
1,2,562,1779219760.52387,2,1680,1050
1,2,563,1779219760.54469,2,1680,1050
1,2,564,1779219760.56551,2,1680,1050
1,2,565,1779219760.58633,2,1680,1050
1,2,566,1779219760.60715,2,1680,1050
1,2,567,1779219760.62797,2,1680,1050
1,2,568,1779219760.64879,2,1680,1050
1,2,569,1779219760.66961,2,1680,1050
1,2,570,1779219760.69043,2,1680,1050
1,2,571,1779219760.71125,2,1680,1050
1,2,572,1779219760.73207,2,1680,1050
1,2,573,1779219760.75288,2,1680,1050
1,2,574,1779219760.7737,2,1680,1050
1,2,575,1779219760.79452,2,1680,1050
1,2,576,1779219760.81534,2,1680,1050
1,2,577,1779219760.83616,2,1680,1050
1,2,578,1779219760.85698,2,1680,1050
1,2,579,1779219760.8778,2,1680,1050
1,2,580,1779219760.89862,2,1680,1050
1,2,581,1779219760.91944,2,1680,1050
1,2,582,1779219760.94026,2,1680,1050
1,2,583,1779219760.96108,2,1680,1050
1,2,584,1779219760.9819,2,1680,1050
1,2,585,1779219761.00272,2,1680,1050
1,2,586,1779219761.02354,2,1680,1050
1,2,587,1779219761.04436,2,1680,1050
1,2,588,1779219761.06518,2,1680,1050
1,2,589,1779219761.086,2,1680,1050
1,2,590,1779219761.10682,2,1680,1050
1,2,591,1779219761.12764,2,1680,1050
1,2,592,1779219761.14846,2,1680,1050
1,2,593,1779219761.16927,2,1680,1050
1,2,594,1779219761.19009,2,1680,1050
1,2,595,1779219761.21091,2,1680,1050
1,2,596,1779219761.23173,2,1680,1050
1,2,597,1779219761.25255,2,1680,1050
1,2,598,1779219761.27337,2,1680,1050
1,2,599,1779219761.29419,2,1680,1050
1,2,600,1779219761.31501,2,1680,1050
1,2,601,1779219761.33583,2,1680,1050
1,2,602,1779219761.35665,2,1680,1050
1,2,603,1779219761.37747,2,1680,1050
1,2,604,1779219761.39829,2,1680,1050
1,2,605,1779219761.41911,2,1680,1050
1,2,606,1779219761.43993,2,1680,1050
1,2,607,1779219761.46075,2,1680,1050
1,2,608,1779219761.48157,2,1680,1050
1,2,609,1779219761.50239,2,1680,1050
1,2,610,1779219761.52321,2,1680,1050
1,2,611,1779219761.54403,2,1680,1050
1,2,612,1779219761.56485,2,1680,1050
1,2,613,1779219761.58567,2,1680,1050
1,2,614,1779219761.60649,2,1680,1050
1,2,615,1779219761.6273,2,1680,1050
1,2,616,1779219761.64812,2,1680,1050
1,2,617,1779219761.66894,2,1680,1050
1,2,618,1779219761.68976,2,1680,1050
1,2,619,1779219761.71058,2,1680,1050
1,2,620,1779219761.7314,2,1680,1050
1,2,621,1779219761.75222,2,1680,1050
1,2,622,1779219761.77304,2,1680,1050
1,2,623,1779219761.79386,2,1680,1050
1,2,624,1779219761.81468,2,1680,1050
1,2,625,1779219761.8355,2,1680,1050
1,2,626,1779219761.85632,2,1680,1050
1,2,627,1779219761.87714,2,1680,1050
1,2,628,1779219761.89796,2,1680,1050
1,2,629,1779219761.91878,2,1680,1050
1,2,630,1779219761.9396,2,1680,1050
1,2,631,1779219761.96042,2,1680,1050
1,2,632,1779219761.98124,2,1680,1050
1,2,633,1779219762.00206,2,1680,1050
1,2,634,1779219762.02288,2,1680,1050
1,2,635,1779219762.04369,2,1680,1050
1,2,636,1779219762.06451,2,1680,1050
1,2,637,1779219762.08533,2,1680,1050
1,2,638,1779219762.10615,2,1680,1050
1,2,639,1779219762.12697,2,1680,1050
1,2,640,1779219762.14779,2,1680,1050
1,2,641,1779219762.16861,2,1680,1050
1,2,642,1779219762.18943,2,1680,1050
1,2,643,1779219762.21025,2,1680,1050
1,2,644,1779219762.23107,2,1680,1050
1,2,645,1779219762.25189,2,1680,1050
1,2,646,1779219762.27271,2,1680,1050
1,2,647,1779219762.29353,2,1680,1050
1,2,648,1779219762.31435,2,1680,1050
1,2,649,1779219762.33517,2,1680,1050
1,2,650,1779219762.35599,2,1680,1050
1,2,651,1779219762.37681,2,1680,1050
1,2,652,1779219762.39763,2,1680,1050
1,2,653,1779219762.41845,2,1680,1050
1,2,654,1779219762.43926,2,1680,1050
1,2,655,1779219762.46008,2,1680,1050
1,2,656,1779219762.48091,2,1680,1050
1,2,657,1779219762.50172,2,1680,1050
1,2,658,1779219762.52254,2,1680,1050
1,2,659,1779219762.54336,2,1680,1050
1,2,660,1779219762.56418,2,1680,1050
1,2,661,1779219762.585,2,1680,1050
1,2,662,1779219762.60582,1,1680,1050
1,2,663,1779219762.62664,1,1680,1050
1,2,664,1779219762.64746,1,1680,1050
1,2,665,1779219762.66828,1,1680,1050
1,2,666,1779219762.6891,1,1680,1050
1,2,667,1779219762.70992,1,1680,1050
1,2,668,1779219762.73074,1,1680,1050
1,2,669,1779219762.75156,1,1680,1050
1,2,670,1779219762.77238,1,1680,1050
1,2,671,1779219762.7932,1,1680,1050
1,2,672,1779219762.81402,1,1680,1050
1,2,673,1779219762.83484,1,1680,1050
1,2,674,1779219762.85566,1,1680,1050
1,2,675,1779219762.87647,1,1680,1050
1,2,676,1779219762.89729,1,1680,1050
1,2,677,1779219762.91811,1,1680,1050
1,2,678,1779219762.93893,1,1680,1050
1,2,679,1779219762.95975,1,1680,1050
1,2,680,1779219762.98057,1,1680,1050
1,2,681,1779219763.00139,1,1680,1050
1,2,682,1779219763.02221,1,1680,1050
1,2,683,1779219763.04303,1,1680,1050
1,2,684,1779219763.06385,1,1680,1050
1,2,685,1779219763.08467,1,1680,1050
1,2,686,1779219763.10549,1,1680,1050
1,2,687,1779219763.12631,1,1680,1050
1,2,688,1779219763.14713,1,1680,1050
1,2,689,1779219763.16795,1,1680,1050
1,2,690,1779219763.18877,1,1680,1050
1,2,691,1779219763.20959,1,1680,1050
1,2,692,1779219763.23041,1,1680,1050
1,2,693,1779219763.25123,1,1680,1050
1,2,694,1779219763.27205,1,1680,1050
1,2,695,1779219763.29286,1,1680,1050
1,2,696,1779219763.31368,1,1680,1050
1,2,697,1779219763.3345,1,1680,1050
1,2,698,1779219763.35532,1,1680,1050
1,2,699,1779219763.37614,1,1680,1050
1,2,700,1779219763.39696,1,1680,1050
1,2,701,1779219763.41778,1,1680,1050
1,2,702,1779219763.4386,1,1680,1050
1,2,703,1779219763.45942,1,1680,1050
1,2,704,1779219763.48024,1,1680,1050
1,2,705,1779219763.50106,1,1680,1050
1,2,706,1779219763.52188,1,1680,1050
1,2,707,1779219763.5427,1,1680,1050
1,2,708,1779219763.56352,1,1680,1050
1,2,709,1779219763.58434,1,1680,1050
1,2,710,1779219763.60516,1,1680,1050
1,2,711,1779219763.62598,1,1680,1050
1,2,712,1779219763.6468,1,1680,1050
1,2,713,1779219763.66762,1,1680,1050
1,2,714,1779219763.68844,1,1680,1050
1,2,715,1779219763.70926,1,1680,1050
1,2,716,1779219763.73007,1,1680,1050
1,2,717,1779219763.75089,1,1680,1050
1,2,718,1779219763.77171,1,1680,1050
1,2,719,1779219763.79253,1,1680,1050
1,2,720,1779219763.81335,1,1680,1050
1,2,721,1779219763.83417,1,1680,1050
1,2,722,1779219763.85499,1,1680,1050
1,2,723,1779219763.87581,1,1680,1050
1,2,724,1779219763.89663,1,1680,1050
1,2,725,1779219763.91745,1,1680,1050
1,2,726,1779219763.93827,1,1680,1050
1,2,727,1779219763.95909,1,1680,1050
1,2,728,1779219763.97991,1,1680,1050
1,2,729,1779219764.00073,1,1680,1050
1,2,730,1779219764.02155,1,1680,1050
1,2,731,1779219764.04237,1,1680,1050
1,2,732,1779219764.06319,1,1680,1050
1,2,733,1779219764.08401,1,1680,1050
1,2,734,1779219764.10483,1,1680,1050
1,2,735,1779219764.12565,1,1680,1050
1,2,736,1779219764.14646,1,1680,1050
1,2,737,1779219764.16728,1,1680,1050
1,2,738,1779219764.1881,1,1680,1050
1,2,739,1779219764.20892,1,1680,1050
1,2,740,1779219764.22974,1,1680,1050
1,2,741,1779219764.25056,1,1680,1050
1,2,742,1779219764.27138,1,1680,1050
1,2,743,1779219764.2922,1,1680,1050
1,2,744,1779219764.31302,1,1680,1050
1,2,745,1779219764.33384,1,1680,1050
1,2,746,1779219764.35466,1,1680,1050
1,2,747,1779219764.37548,1,1680,1050
1,2,748,1779219764.3963,1,1680,1050
1,2,749,1779219764.41712,1,1680,1050
1,2,750,1779219764.43794,1,1680,1050
1,2,751,1779219764.45876,1,1680,1050
1,2,752,1779219764.47958,1,1680,1050
1,2,753,1779219764.5004,1,1680,1050
1,2,754,1779219764.52122,1,1680,1050
1,2,755,1779219764.54204,1,1680,1050
1,2,756,1779219764.56285,1,1680,1050
1,2,757,1779219764.58367,1,1680,1050
1,2,758,1779219764.60449,1,1680,1050
1,2,759,1779219764.62531,1,1680,1050
1,2,760,1779219764.64613,1,1680,1050
1,2,761,1779219764.66695,1,1680,1050
1,2,762,1779219764.68777,1,1680,1050
1,2,763,1779219764.70859,1,1680,1050
1,2,764,1779219764.72941,1,1680,1050
1,2,765,1779219764.75023,1,1680,1050
1,2,766,1779219764.77105,1,1680,1050
1,2,767,1779219764.79187,1,1680,1050
1,2,768,1779219764.81269,1,1680,1050
1,2,769,1779219764.83351,1,1680,1050
1,2,770,1779219764.85433,1,1680,1050
1,2,771,1779219764.87515,1,1680,1050
1,2,772,1779219764.89597,1,1680,1050
1,2,773,1779219764.91679,1,1680,1050
1,2,774,1779219764.93761,1,1680,1050
1,2,775,1779219764.95843,1,1680,1050
1,2,776,1779219764.97924,1,1680,1050
1,2,777,1779219765.00006,1,1680,1050
1,2,778,1779219765.02088,1,1680,1050
1,2,779,1779219765.0417,1,1680,1050
1,2,780,1779219765.06252,1,1680,1050
1,2,781,1779219765.08334,1,1680,1050
1,2,782,1779219765.10416,1,1680,1050
1,2,783,1779219765.12498,1,1680,1050
1,2,784,1779219765.1458,1,1680,1050
1,2,785,1779219765.16662,1,1680,1050
1,2,786,1779219765.18744,1,1680,1050
1,2,787,1779219765.20826,1,1680,1050
1,2,788,1779219765.22908,1,1680,1050
1,2,789,1779219765.2499,1,1680,1050
1,2,790,1779219765.27072,1,1680,1050
1,2,791,1779219765.29154,1,1680,1050
1,2,792,1779219765.31236,1,1680,1050
1,2,793,1779219765.33318,1,1680,1050
1,2,794,1779219765.354,1,1680,1050
1,2,795,1779219765.37482,1,1680,1050
1,2,796,1779219765.39564,1,1680,1050
1,2,797,1779219765.41645,1,1680,1050
1,2,798,1779219765.43727,1,1680,1050
1,2,799,1779219765.45809,1,1680,1050
1,2,800,1779219765.47891,1,1680,1050
1,2,801,1779219765.49973,1,1680,1050
1,2,802,1779219765.52055,1,1680,1050
1,2,803,1779219765.54137,1,1680,1050
1,2,804,1779219765.56219,1,1680,1050
1,2,805,1779219765.58301,1,1680,1050
1,2,806,1779219765.60383,1,1680,1050
1,2,807,1779219765.62465,1,1680,1050
1,2,808,1779219765.64547,1,1680,1050
1,2,809,1779219765.66629,1,1680,1050
1,2,810,1779219765.68711,1,1680,1050
1,2,811,1779219765.70793,1,1680,1050
1,2,812,1779219765.72875,1,1680,1050
1,2,813,1779219765.74957,1,1680,1050
1,2,814,1779219765.77039,1,1680,1050
1,2,815,1779219765.79121,1,1680,1050
1,2,816,1779219765.81203,1,1680,1050
1,2,817,1779219765.83284,1,1680,1050
1,2,818,1779219765.85367,1,1680,1050
1,2,819,1779219765.87448,1,1680,1050
1,2,820,1779219765.8953,1,1680,1050
1,2,821,1779219765.91612,1,1680,1050
1,2,822,1779219765.93694,1,1680,1050
1,2,823,1779219765.95776,1,1680,1050
1,2,824,1779219765.97858,1,1680,1050
1,2,825,1779219765.9994,1,1680,1050
1,2,826,1779219766.02022,1,1680,1050
1,2,827,1779219766.04104,1,1680,1050
1,2,828,1779219766.06186,1,1680,1050
1,2,829,1779219766.08268,1,1680,1050
1,2,830,1779219766.1035,1,1680,1050
1,2,831,1779219766.12432,1,1680,1050
1,2,832,1779219766.14514,1,1680,1050
1,2,833,1779219766.16596,1,1680,1050
1,2,834,1779219766.18678,1,1680,1050
1,2,835,1779219766.2076,1,1680,1050
1,2,836,1779219766.22842,1,1680,1050
1,2,837,1779219766.24924,1,1680,1050
1,2,838,1779219766.27005,1,1680,1050
1,2,839,1779219766.29087,1,1680,1050
1,2,840,1779219766.31169,1,1680,1050
1,2,841,1779219766.33251,1,1680,1050
1,2,842,1779219766.35333,1,1680,1050
1,2,843,1779219766.37415,1,1680,1050
1,2,844,1779219766.39497,1,1680,1050
1,2,845,1779219766.41579,1,1680,1050
1,2,846,1779219766.43661,1,1680,1050
1,2,847,1779219766.45743,1,1680,1050
1,2,848,1779219766.47825,1,1680,1050
1,2,849,1779219766.49907,1,1680,1050
1,2,850,1779219766.51989,1,1680,1050
1,2,851,1779219766.54071,1,1680,1050
1,2,852,1779219766.56153,1,1680,1050
1,2,853,1779219766.58235,1,1680,1050
1,2,854,1779219766.60317,1,1680,1050
1,2,855,1779219766.62399,1,1680,1050
1,2,856,1779219766.64481,1,1680,1050
1,2,857,1779219766.66563,1,1680,1050
1,2,858,1779219766.68644,1,1680,1050
1,2,859,1779219766.70726,1,1680,1050
1,2,860,1779219766.72808,1,1680,1050
1,2,861,1779219766.7489,1,1680,1050
1,2,862,1779219766.76972,1,1680,1050
1,2,863,1779219766.79054,1,1680,1050
1,2,864,1779219766.81136,1,1680,1050
1,2,865,1779219766.83218,1,1680,1050
1,2,866,1779219766.853,1,1680,1050
1,2,867,1779219766.87382,1,1680,1050
1,2,868,1779219766.89464,1,1680,1050
1,2,869,1779219766.91546,1,1680,1050
1,2,870,1779219766.93628,1,1680,1050
1,2,871,1779219766.9571,1,1680,1050
1,2,872,1779219766.97792,1,1680,1050
1,2,873,1779219766.99874,1,1680,1050
1,2,874,1779219767.01956,1,1680,1050
1,2,875,1779219767.04038,1,1680,1050
1,2,876,1779219767.0612,1,1680,1050
1,2,877,1779219767.08202,1,1680,1050
1,2,878,1779219767.10283,1,1680,1050
1,2,879,1779219767.12365,1,1680,1050
1,2,880,1779219767.14447,1,1680,1050
1,2,881,1779219767.16529,1,1680,1050
1,2,882,1779219767.18611,1,1680,1050
1,2,883,1779219767.20693,1,1680,1050
1,2,884,1779219767.22775,1,1680,1050
1,2,885,1779219767.24857,1,1680,1050
1,2,886,1779219767.26939,1,1680,1050
1,2,887,1779219767.29021,1,1680,1050
1,2,888,1779219767.31103,1,1680,1050
1,2,889,1779219767.33185,1,1680,1050
1,2,890,1779219767.35267,1,1680,1050
1,2,891,1779219767.37349,1,1680,1050
1,2,892,1779219767.39431,1,1680,1050
1,2,893,1779219767.41513,1,1680,1050
1,2,894,1779219767.43595,1,1680,1050
1,2,895,1779219767.45677,1,1680,1050
1,2,896,1779219767.47759,1,1680,1050
1,2,897,1779219767.49841,1,1680,1050
1,2,898,1779219767.51923,1,1680,1050
1,2,899,1779219767.54004,1,1680,1050
1,2,900,1779219767.56086,1,1680,1050
1,2,901,1779219767.58168,1,1680,1050
1,2,902,1779219767.6025,2,1680,1050
1,2,903,1779219767.62332,2,1680,1050
1,2,904,1779219767.64414,2,1680,1050
1,2,905,1779219767.66496,2,1680,1050
1,2,906,1779219767.68578,2,1680,1050
1,2,907,1779219767.7066,2,1680,1050
1,2,908,1779219767.72742,2,1680,1050
1,2,909,1779219767.74824,2,1680,1050
1,2,910,1779219767.76906,2,1680,1050
1,2,911,1779219767.78988,2,1680,1050
1,2,912,1779219767.8107,2,1680,1050
1,2,913,1779219767.83152,2,1680,1050
1,2,914,1779219767.85234,2,1680,1050
1,2,915,1779219767.87316,2,1680,1050
1,2,916,1779219767.89398,2,1680,1050
1,2,917,1779219767.9148,2,1680,1050
1,2,918,1779219767.93562,2,1680,1050
1,2,919,1779219767.95643,2,1680,1050
1,2,920,1779219767.97725,2,1680,1050
1,2,921,1779219767.99807,2,1680,1050
1,2,922,1779219768.01889,2,1680,1050
1,2,923,1779219768.03971,2,1680,1050
1,2,924,1779219768.06053,2,1680,1050
1,2,925,1779219768.08135,2,1680,1050
1,2,926,1779219768.10217,2,1680,1050
1,2,927,1779219768.12299,2,1680,1050
1,2,928,1779219768.14381,2,1680,1050
1,2,929,1779219768.16463,2,1680,1050
1,2,930,1779219768.18545,2,1680,1050
1,2,931,1779219768.20627,2,1680,1050
1,2,932,1779219768.22709,2,1680,1050
1,2,933,1779219768.24791,2,1680,1050
1,2,934,1779219768.26873,2,1680,1050
1,2,935,1779219768.28955,2,1680,1050
1,2,936,1779219768.31037,2,1680,1050
1,2,937,1779219768.33119,2,1680,1050
1,2,938,1779219768.35201,2,1680,1050
1,2,939,1779219768.37282,2,1680,1050
1,2,940,1779219768.39364,2,1680,1050
1,2,941,1779219768.41446,2,1680,1050
1,2,942,1779219768.43528,2,1680,1050
1,2,943,1779219768.4561,2,1680,1050
1,2,944,1779219768.47692,2,1680,1050
1,2,945,1779219768.49774,2,1680,1050
1,2,946,1779219768.51856,2,1680,1050
1,2,947,1779219768.53938,2,1680,1050
1,2,948,1779219768.5602,2,1680,1050
1,2,949,1779219768.58102,2,1680,1050
1,2,950,1779219768.60184,2,1680,1050
1,2,951,1779219768.62266,2,1680,1050
1,2,952,1779219768.64348,2,1680,1050
1,2,953,1779219768.6643,2,1680,1050
1,2,954,1779219768.68512,2,1680,1050
1,2,955,1779219768.70594,2,1680,1050
1,2,956,1779219768.72676,2,1680,1050
1,2,957,1779219768.74758,2,1680,1050
1,2,958,1779219768.7684,2,1680,1050
1,2,959,1779219768.78921,2,1680,1050
1,2,960,1779219768.81003,2,1680,1050
1,2,961,1779219768.83085,2,1680,1050
1,2,962,1779219768.85167,2,1680,1050
1,2,963,1779219768.87249,2,1680,1050
1,2,964,1779219768.89331,2,1680,1050
1,2,965,1779219768.91413,2,1680,1050
1,2,966,1779219768.93495,2,1680,1050
1,2,967,1779219768.95577,2,1680,1050
1,2,968,1779219768.97659,2,1680,1050
1,2,969,1779219768.99741,2,1680,1050
1,2,970,1779219769.01823,2,1680,1050
1,2,971,1779219769.03905,2,1680,1050
1,2,972,1779219769.05987,2,1680,1050
1,2,973,1779219769.08069,2,1680,1050
1,2,974,1779219769.10151,2,1680,1050
1,2,975,1779219769.12233,2,1680,1050
1,2,976,1779219769.14315,2,1680,1050
1,2,977,1779219769.16397,2,1680,1050
1,2,978,1779219769.18479,2,1680,1050
1,2,979,1779219769.20561,2,1680,1050
1,2,980,1779219769.22642,2,1680,1050
1,2,981,1779219769.24724,2,1680,1050
1,2,982,1779219769.26806,2,1680,1050
1,2,983,1779219769.28888,2,1680,1050
1,2,984,1779219769.3097,2,1680,1050
1,2,985,1779219769.33052,2,1680,1050
1,2,986,1779219769.35134,2,1680,1050
1,2,987,1779219769.37216,2,1680,1050
1,2,988,1779219769.39298,2,1680,1050
1,2,989,1779219769.4138,2,1680,1050
1,2,990,1779219769.43462,2,1680,1050
1,2,991,1779219769.45544,2,1680,1050
1,2,992,1779219769.47626,2,1680,1050
1,2,993,1779219769.49708,2,1680,1050
1,2,994,1779219769.5179,2,1680,1050
1,2,995,1779219769.53872,2,1680,1050
1,2,996,1779219769.55954,2,1680,1050
1,2,997,1779219769.58036,2,1680,1050
1,2,998,1779219769.60118,2,1680,1050
1,2,999,1779219769.622,2,1680,1050
1,2,1000,1779219769.64281,2,1680,1050
1,2,1001,1779219769.66363,2,1680,1050
1,2,1002,1779219769.68445,2,1680,1050
1,2,1003,1779219769.70527,2,1680,1050
1,2,1004,1779219769.72609,2,1680,1050
1,2,1005,1779219769.74691,2,1680,1050
1,2,1006,1779219769.76773,2,1680,1050
1,2,1007,1779219769.78855,2,1680,1050
1,2,1008,1779219769.80937,2,1680,1050
1,2,1009,1779219769.83019,2,1680,1050
1,2,1010,1779219769.85101,2,1680,1050
1,2,1011,1779219769.87183,2,1680,1050
1,2,1012,1779219769.89265,2,1680,1050
1,2,1013,1779219769.91347,2,1680,1050
1,2,1014,1779219769.93429,2,1680,1050
1,2,1015,1779219769.95511,2,1680,1050
1,2,1016,1779219769.97593,2,1680,1050
1,2,1017,1779219769.99675,2,1680,1050
1,2,1018,1779219770.01757,2,1680,1050
1,2,1019,1779219770.03839,2,1680,1050
1,2,1020,1779219770.0592,2,1680,1050
1,2,1021,1779219770.08002,2,1680,1050
1,2,1022,1779219770.10084,2,1680,1050
1,2,1023,1779219770.12166,2,1680,1050
1,2,1024,1779219770.14248,2,1680,1050
1,2,1025,1779219770.1633,2,1680,1050
1,2,1026,1779219770.18412,2,1680,1050
1,2,1027,1779219770.20494,2,1680,1050
1,2,1028,1779219770.22576,2,1680,1050
1,2,1029,1779219770.24658,2,1680,1050
1,2,1030,1779219770.2674,2,1680,1050
1,2,1031,1779219770.28822,2,1680,1050
1,2,1032,1779219770.30904,2,1680,1050
1,2,1033,1779219770.32986,2,1680,1050
1,2,1034,1779219770.35068,2,1680,1050
1,2,1035,1779219770.3715,2,1680,1050
1,2,1036,1779219770.39232,2,1680,1050
1,2,1037,1779219770.41314,2,1680,1050
1,2,1038,1779219770.43396,2,1680,1050
1,2,1039,1779219770.45478,2,1680,1050
1,2,1040,1779219770.4756,2,1680,1050
1,2,1041,1779219770.49641,2,1680,1050
1,2,1042,1779219770.51723,2,1680,1050
1,2,1043,1779219770.53805,2,1680,1050
1,2,1044,1779219770.55887,2,1680,1050
1,2,1045,1779219770.57969,2,1680,1050
1,2,1046,1779219770.60051,2,1680,1050
1,2,1047,1779219770.62133,2,1680,1050
1,2,1048,1779219770.64215,2,1680,1050
1,2,1049,1779219770.66297,2,1680,1050
1,2,1050,1779219770.68379,2,1680,1050
1,2,1051,1779219770.70461,2,1680,1050
1,2,1052,1779219770.72543,2,1680,1050
1,2,1053,1779219770.74625,2,1680,1050
1,2,1054,1779219770.76707,2,1680,1050
1,2,1055,1779219770.78789,2,1680,1050
1,2,1056,1779219770.80871,2,1680,1050
1,2,1057,1779219770.82953,2,1680,1050
1,2,1058,1779219770.85035,2,1680,1050
1,2,1059,1779219770.87116,2,1680,1050
1,2,1060,1779219770.89199,2,1680,1050
1,2,1061,1779219770.9128,2,1680,1050
1,2,1062,1779219770.93362,2,1680,1050
1,2,1063,1779219770.95444,2,1680,1050
1,2,1064,1779219770.97526,2,1680,1050
1,2,1065,1779219770.99608,2,1680,1050
1,2,1066,1779219771.0169,2,1680,1050
1,2,1067,1779219771.03772,2,1680,1050
1,2,1068,1779219771.05854,2,1680,1050
1,2,1069,1779219771.07936,2,1680,1050
1,2,1070,1779219771.10018,2,1680,1050
1,2,1071,1779219771.121,2,1680,1050
1,2,1072,1779219771.14182,2,1680,1050
1,2,1073,1779219771.16264,2,1680,1050
1,2,1074,1779219771.18346,2,1680,1050
1,2,1075,1779219771.20428,2,1680,1050
1,2,1076,1779219771.2251,2,1680,1050
1,2,1077,1779219771.24592,2,1680,1050
1,2,1078,1779219771.26674,2,1680,1050
1,2,1079,1779219771.28756,2,1680,1050
1,2,1080,1779219771.30838,2,1680,1050
1,2,1081,1779219771.32919,2,1680,1050
1,2,1082,1779219771.35001,2,1680,1050
1,2,1083,1779219771.37083,2,1680,1050
1,2,1084,1779219771.39165,2,1680,1050
1,2,1085,1779219771.41247,2,1680,1050
1,2,1086,1779219771.43329,2,1680,1050
1,2,1087,1779219771.45411,2,1680,1050
1,2,1088,1779219771.47493,2,1680,1050
1,2,1089,1779219771.49575,2,1680,1050
1,2,1090,1779219771.51657,2,1680,1050
1,2,1091,1779219771.53739,2,1680,1050
1,2,1092,1779219771.55821,2,1680,1050
1,2,1093,1779219771.57903,2,1680,1050
1,2,1094,1779219771.59985,2,1680,1050
1,2,1095,1779219771.62067,2,1680,1050
1,2,1096,1779219771.64149,2,1680,1050
1,2,1097,1779219771.66231,2,1680,1050
1,2,1098,1779219771.68313,2,1680,1050
1,2,1099,1779219771.70395,2,1680,1050
1,2,1100,1779219771.72477,2,1680,1050
1,2,1101,1779219771.74558,2,1680,1050
1,2,1102,1779219771.7664,2,1680,1050
1,2,1103,1779219771.78722,2,1680,1050
1,2,1104,1779219771.80804,2,1680,1050
1,2,1105,1779219771.82886,2,1680,1050
1,2,1106,1779219771.84968,2,1680,1050
1,2,1107,1779219771.8705,2,1680,1050
1,2,1108,1779219771.89132,2,1680,1050
1,2,1109,1779219771.91214,2,1680,1050
1,2,1110,1779219771.93296,2,1680,1050
1,2,1111,1779219771.95378,2,1680,1050
1,2,1112,1779219771.9746,2,1680,1050
1,2,1113,1779219771.99542,2,1680,1050
1,2,1114,1779219772.01624,2,1680,1050
1,2,1115,1779219772.03706,2,1680,1050
1,2,1116,1779219772.05788,2,1680,1050
1,2,1117,1779219772.0787,2,1680,1050
1,2,1118,1779219772.09952,2,1680,1050
1,2,1119,1779219772.12034,2,1680,1050
1,2,1120,1779219772.14116,2,1680,1050
1,2,1121,1779219772.16197,2,1680,1050
1,2,1122,1779219772.18279,2,1680,1050
1,2,1123,1779219772.20361,2,1680,1050
1,2,1124,1779219772.22443,2,1680,1050
1,2,1125,1779219772.24525,2,1680,1050
1,2,1126,1779219772.26607,2,1680,1050
1,2,1127,1779219772.28689,2,1680,1050
1,2,1128,1779219772.30771,2,1680,1050
1,2,1129,1779219772.32853,2,1680,1050
1,2,1130,1779219772.34935,2,1680,1050
1,2,1131,1779219772.37017,2,1680,1050
1,2,1132,1779219772.39099,2,1680,1050
1,2,1133,1779219772.41181,2,1680,1050
1,2,1134,1779219772.43263,2,1680,1050
1,2,1135,1779219772.45345,2,1680,1050
1,2,1136,1779219772.47427,2,1680,1050
1,2,1137,1779219772.49509,2,1680,1050
1,2,1138,1779219772.51591,2,1680,1050
1,2,1139,1779219772.53673,2,1680,1050
1,2,1140,1779219772.55755,2,1680,1050
1,2,1141,1779219772.57837,2,1680,1050
1,2,1142,1779219772.59918,2,1680,1050
1,2,1143,1779219772.62,2,1680,1050
1,2,1144,1779219772.64082,2,1680,1050
1,2,1145,1779219772.66164,2,1680,1050
1,2,1146,1779219772.68246,2,1680,1050
1,2,1147,1779219772.70328,2,1680,1050
1,2,1148,1779219772.7241,2,1680,1050
1,2,1149,1779219772.74492,2,1680,1050
1,2,1150,1779219772.76574,2,1680,1050
1,2,1151,1779219772.78656,2,1680,1050
1,2,1152,1779219772.80738,2,1680,1050
1,2,1153,1779219772.8282,2,1680,1050
1,2,1154,1779219772.84902,2,1680,1050
1,2,1155,1779219772.86984,2,1680,1050
1,2,1156,1779219772.89066,2,1680,1050
1,2,1157,1779219772.91148,2,1680,1050
1,2,1158,1779219772.9323,2,1680,1050
1,2,1159,1779219772.95312,2,1680,1050
1,2,1160,1779219772.97394,2,1680,1050
1,2,1161,1779219772.99476,2,1680,1050
1,2,1162,1779219773.01557,2,1680,1050
1,2,1163,1779219773.03639,2,1680,1050
1,2,1164,1779219773.05721,2,1680,1050
1,2,1165,1779219773.07803,2,1680,1050
1,2,1166,1779219773.09885,2,1680,1050
1,2,1167,1779219773.11967,2,1680,1050
1,2,1168,1779219773.14049,2,1680,1050
1,2,1169,1779219773.16131,2,1680,1050
1,2,1170,1779219773.18213,2,1680,1050
1,2,1171,1779219773.20295,2,1680,1050
1,2,1172,1779219773.22377,2,1680,1050
1,2,1173,1779219773.24459,2,1680,1050
1,2,1174,1779219773.26541,2,1680,1050
1,2,1175,1779219773.28623,2,1680,1050
1,2,1176,1779219773.30705,2,1680,1050
1,2,1177,1779219773.32787,2,1680,1050
1,2,1178,1779219773.34869,2,1680,1050
1,2,1179,1779219773.36951,2,1680,1050
1,2,1180,1779219773.39033,2,1680,1050
1,2,1181,1779219773.41115,2,1680,1050
1,2,1182,1779219773.43196,2,1680,1050
1,2,1183,1779219773.45278,2,1680,1050
1,2,1184,1779219773.4736,2,1680,1050
1,2,1185,1779219773.49442,2,1680,1050
1,2,1186,1779219773.51524,2,1680,1050
1,2,1187,1779219773.53606,2,1680,1050
1,2,1188,1779219773.55688,2,1680,1050
1,2,1189,1779219773.5777,2,1680,1050
1,2,1190,1779219773.59852,2,1680,1050
1,2,1191,1779219773.61934,2,1680,1050
1,2,1192,1779219773.64016,2,1680,1050
1,2,1193,1779219773.66098,2,1680,1050
1,2,1194,1779219773.6818,2,1680,1050
1,2,1195,1779219773.70262,2,1680,1050
1,2,1196,1779219773.72344,2,1680,1050
1,2,1197,1779219773.74426,2,1680,1050
1,2,1198,1779219773.76508,2,1680,1050
1,2,1199,1779219773.7859,2,1680,1050
1,2,1200,1779219773.80672,2,1680,1050
1,2,1201,1779219773.82754,2,1680,1050
1,2,1202,1779219773.84835,2,1680,1050
1,2,1203,1779219773.86917,2,1680,1050
1,2,1204,1779219773.88999,2,1680,1050
1,2,1205,1779219773.91081,2,1680,1050
1,2,1206,1779219773.93163,2,1680,1050
1,2,1207,1779219773.95245,2,1680,1050
1,2,1208,1779219773.97327,2,1680,1050
1,2,1209,1779219773.99409,2,1680,1050
1,2,1210,1779219774.01491,2,1680,1050
1,2,1211,1779219774.03573,2,1680,1050
1,2,1212,1779219774.05655,2,1680,1050
1,2,1213,1779219774.07737,2,1680,1050
1,2,1214,1779219774.09819,2,1680,1050
1,2,1215,1779219774.11901,2,1680,1050
1,2,1216,1779219774.13983,2,1680,1050
1,2,1217,1779219774.16065,2,1680,1050
1,2,1218,1779219774.18147,2,1680,1050
1,2,1219,1779219774.20229,2,1680,1050
1,2,1220,1779219774.22311,2,1680,1050
1,2,1221,1779219774.24393,2,1680,1050
1,2,1222,1779219774.26475,2,1680,1050
1,2,1223,1779219774.28556,2,1680,1050
1,2,1224,1779219774.30638,2,1680,1050
1,2,1225,1779219774.3272,2,1680,1050
1,2,1226,1779219774.34802,2,1680,1050
1,2,1227,1779219774.36884,2,1680,1050
1,2,1228,1779219774.38966,2,1680,1050
1,2,1229,1779219774.41048,2,1680,1050
1,2,1230,1779219774.4313,2,1680,1050
1,2,1231,1779219774.45212,2,1680,1050
1,2,1232,1779219774.47294,2,1680,1050
1,2,1233,1779219774.49376,2,1680,1050
1,2,1234,1779219774.51458,2,1680,1050
1,2,1235,1779219774.5354,2,1680,1050
1,2,1236,1779219774.55622,2,1680,1050
1,2,1237,1779219774.57704,2,1680,1050
1,2,1238,1779219774.59786,2,1680,1050
1,2,1239,1779219774.61868,2,1680,1050
1,2,1240,1779219774.6395,2,1680,1050
1,2,1241,1779219774.66032,2,1680,1050
1,2,1242,1779219774.68113,2,1680,1050
1,2,1243,1779219774.70196,2,1680,1050
1,2,1244,1779219774.72277,2,1680,1050
1,2,1245,1779219774.74359,2,1680,1050
1,2,1246,1779219774.76441,2,1680,1050
1,2,1247,1779219774.78523,2,1680,1050
1,2,1248,1779219774.80605,2,1680,1050
1,2,1249,1779219774.82687,2,1680,1050
1,2,1250,1779219774.84769,2,1680,1050
1,2,1251,1779219774.86851,2,1680,1050
1,2,1252,1779219774.88933,2,1680,1050
1,2,1253,1779219774.91015,2,1680,1050
1,2,1254,1779219774.93097,2,1680,1050
1,2,1255,1779219774.95179,2,1680,1050
1,2,1256,1779219774.97261,2,1680,1050
1,2,1257,1779219774.99343,2,1680,1050
1,2,1258,1779219775.01425,2,1680,1050
1,2,1259,1779219775.03507,2,1680,1050
1,2,1260,1779219775.05589,2,1680,1050
1,2,1261,1779219775.07671,2,1680,1050
1,2,1262,1779219775.32654,1,1680,1050
1,2,1263,1779219775.34736,1,1680,1050
1,2,1264,1779219775.36818,1,1680,1050
1,2,1265,1779219775.389,1,1680,1050
1,2,1266,1779219775.40982,1,1680,1050
1,2,1267,1779219775.43064,1,1680,1050
1,2,1268,1779219775.45146,1,1680,1050
1,2,1269,1779219775.47228,1,1680,1050
1,2,1270,1779219775.4931,1,1680,1050
1,2,1271,1779219775.51392,1,1680,1050
1,2,1272,1779219775.53474,1,1680,1050
1,2,1273,1779219775.55555,1,1680,1050
1,2,1274,1779219775.5764,1,1680,1050
1,2,1275,1779219775.59719,1,1680,1050
1,2,1276,1779219775.61801,1,1680,1050
1,2,1277,1779219775.63883,1,1680,1050
1,2,1278,1779219775.65965,1,1680,1050
1,2,1279,1779219775.68047,1,1680,1050
1,2,1280,1779219775.70129,1,1680,1050
1,2,1281,1779219775.72211,1,1680,1050
1,2,1282,1779219775.74293,1,1680,1050
1,2,1283,1779219775.76375,1,1680,1050
1,2,1284,1779219775.78457,1,1680,1050
1,2,1285,1779219775.80539,1,1680,1050
1,2,1286,1779219775.82621,1,1680,1050
1,2,1287,1779219775.84703,1,1680,1050
1,2,1288,1779219775.86785,1,1680,1050
1,2,1289,1779219775.88867,1,1680,1050
1,2,1290,1779219775.90949,1,1680,1050
1,2,1291,1779219775.93031,1,1680,1050
1,2,1292,1779219775.95113,1,1680,1050
1,2,1293,1779219775.97194,1,1680,1050
1,2,1294,1779219775.99276,1,1680,1050
1,2,1295,1779219776.01358,1,1680,1050
1,2,1296,1779219776.0344,1,1680,1050
1,2,1297,1779219776.05522,1,1680,1050
1,2,1298,1779219776.07604,1,1680,1050
1,2,1299,1779219776.09686,1,1680,1050
1,2,1300,1779219776.11768,1,1680,1050
1,2,1301,1779219776.1385,1,1680,1050
1,2,1302,1779219776.15932,1,1680,1050
1,2,1303,1779219776.18014,1,1680,1050
1,2,1304,1779219776.20096,1,1680,1050
1,2,1305,1779219776.22178,1,1680,1050
1,2,1306,1779219776.2426,1,1680,1050
1,2,1307,1779219776.26342,1,1680,1050
1,2,1308,1779219776.28424,1,1680,1050
1,2,1309,1779219776.30506,1,1680,1050
1,2,1310,1779219776.32588,1,1680,1050
1,2,1311,1779219776.3467,1,1680,1050
1,2,1312,1779219776.36752,1,1680,1050
1,2,1313,1779219776.38833,1,1680,1050
1,2,1314,1779219776.40915,1,1680,1050
1,2,1315,1779219776.42997,1,1680,1050
1,2,1316,1779219776.45079,1,1680,1050
1,2,1317,1779219776.47161,1,1680,1050
1,2,1318,1779219776.49243,1,1680,1050
1,2,1319,1779219776.51325,1,1680,1050
1,2,1320,1779219776.53407,1,1680,1050
1,2,1321,1779219776.55489,1,1680,1050
1,2,1322,1779219776.57571,1,1680,1050
1,2,1323,1779219776.59653,1,1680,1050
1,2,1324,1779219776.61735,1,1680,1050
1,2,1325,1779219776.63817,1,1680,1050
1,2,1326,1779219776.65899,1,1680,1050
1,2,1327,1779219776.67981,1,1680,1050
1,2,1328,1779219776.70063,1,1680,1050
1,2,1329,1779219776.72145,1,1680,1050
1,2,1330,1779219776.74227,1,1680,1050
1,2,1331,1779219776.76309,1,1680,1050
1,2,1332,1779219776.78391,1,1680,1050
1,2,1333,1779219776.80472,1,1680,1050
1,2,1334,1779219776.82554,1,1680,1050
1,2,1335,1779219776.84636,1,1680,1050
1,2,1336,1779219776.86718,1,1680,1050
1,2,1337,1779219776.888,1,1680,1050
1,2,1338,1779219776.90882,1,1680,1050
1,2,1339,1779219776.92964,1,1680,1050
1,2,1340,1779219776.95046,1,1680,1050
1,2,1341,1779219776.97128,1,1680,1050
1,2,1342,1779219776.9921,1,1680,1050
1,2,1343,1779219777.01292,1,1680,1050
1,2,1344,1779219777.03374,1,1680,1050
1,2,1345,1779219777.05456,1,1680,1050
1,2,1346,1779219777.07538,1,1680,1050
1,2,1347,1779219777.0962,1,1680,1050
1,2,1348,1779219777.11702,1,1680,1050
1,2,1349,1779219777.13784,1,1680,1050
1,2,1350,1779219777.15866,1,1680,1050
1,2,1351,1779219777.17948,1,1680,1050
1,2,1352,1779219777.2003,1,1680,1050
1,2,1353,1779219777.22112,1,1680,1050
1,2,1354,1779219777.24193,1,1680,1050
1,2,1355,1779219777.26275,1,1680,1050
1,2,1356,1779219777.28357,1,1680,1050
1,2,1357,1779219777.30439,1,1680,1050
1,2,1358,1779219777.32521,1,1680,1050
1,2,1359,1779219777.34603,1,1680,1050
1,2,1360,1779219777.36685,1,1680,1050
1,2,1361,1779219777.38767,1,1680,1050
1,2,1362,1779219777.40849,1,1680,1050
1,2,1363,1779219777.42931,1,1680,1050
1,2,1364,1779219777.45013,1,1680,1050
1,2,1365,1779219777.47095,1,1680,1050
1,2,1366,1779219777.49177,1,1680,1050
1,2,1367,1779219777.51259,1,1680,1050
1,2,1368,1779219777.53341,1,1680,1050
1,2,1369,1779219777.55423,1,1680,1050
1,2,1370,1779219777.57505,1,1680,1050
1,2,1371,1779219777.59587,1,1680,1050
1,2,1372,1779219777.61669,1,1680,1050
1,2,1373,1779219777.63751,1,1680,1050
1,2,1374,1779219777.65832,1,1680,1050
1,2,1375,1779219777.67914,1,1680,1050
1,2,1376,1779219777.69996,1,1680,1050
1,2,1377,1779219777.72078,1,1680,1050
1,2,1378,1779219777.7416,1,1680,1050
1,2,1379,1779219777.76242,1,1680,1050
1,2,1380,1779219777.78324,1,1680,1050
1,2,1381,1779219777.80406,1,1680,1050
1,2,1382,1779219777.82488,1,1680,1050
1,2,1383,1779219777.8457,1,1680,1050
1,2,1384,1779219777.86652,1,1680,1050
1,2,1385,1779219777.88734,1,1680,1050
1,2,1386,1779219777.90816,1,1680,1050
1,2,1387,1779219777.92898,1,1680,1050
1,2,1388,1779219777.9498,1,1680,1050
1,2,1389,1779219777.97062,1,1680,1050
1,2,1390,1779219777.99144,1,1680,1050
1,2,1391,1779219778.01226,1,1680,1050
1,2,1392,1779219778.03307,1,1680,1050
1,2,1393,1779219778.0539,1,1680,1050
1,2,1394,1779219778.07472,1,1680,1050
1,2,1395,1779219778.09553,1,1680,1050
1,2,1396,1779219778.11635,1,1680,1050
1,2,1397,1779219778.13717,1,1680,1050
1,2,1398,1779219778.15799,1,1680,1050
1,2,1399,1779219778.17881,1,1680,1050
1,2,1400,1779219778.19963,1,1680,1050
1,2,1401,1779219778.22045,1,1680,1050
1,2,1402,1779219778.24127,1,1680,1050
1,2,1403,1779219778.26209,1,1680,1050
1,2,1404,1779219778.28291,1,1680,1050
1,2,1405,1779219778.30373,1,1680,1050
1,2,1406,1779219778.32455,1,1680,1050
1,2,1407,1779219778.34537,1,1680,1050
1,2,1408,1779219778.36619,1,1680,1050
1,2,1409,1779219778.38701,1,1680,1050
1,2,1410,1779219778.40783,1,1680,1050
1,2,1411,1779219778.42865,1,1680,1050
1,2,1412,1779219778.44947,1,1680,1050
1,2,1413,1779219778.47029,1,1680,1050
1,2,1414,1779219778.49111,1,1680,1050
1,2,1415,1779219778.51192,1,1680,1050
1,2,1416,1779219778.53274,1,1680,1050
1,2,1417,1779219778.55356,1,1680,1050
1,2,1418,1779219778.57438,1,1680,1050
1,2,1419,1779219778.5952,1,1680,1050
1,2,1420,1779219778.61602,1,1680,1050
1,2,1421,1779219778.63684,1,1680,1050
1,2,1422,1779219778.65766,1,1680,1050
1,2,1423,1779219778.67848,1,1680,1050
1,2,1424,1779219778.6993,1,1680,1050
1,2,1425,1779219778.72012,1,1680,1050
1,2,1426,1779219778.74094,1,1680,1050
1,2,1427,1779219778.76176,1,1680,1050
1,2,1428,1779219778.78258,1,1680,1050
1,2,1429,1779219778.8034,1,1680,1050
1,2,1430,1779219778.82422,1,1680,1050
1,2,1431,1779219778.84504,1,1680,1050
1,2,1432,1779219778.86586,1,1680,1050
1,2,1433,1779219778.88668,1,1680,1050
1,2,1434,1779219778.9075,1,1680,1050
1,2,1435,1779219778.92831,1,1680,1050
1,2,1436,1779219778.94913,1,1680,1050
1,2,1437,1779219778.96995,1,1680,1050
1,2,1438,1779219778.99077,1,1680,1050
1,2,1439,1779219779.01159,1,1680,1050
1,2,1440,1779219779.03241,1,1680,1050
1,2,1441,1779219779.05323,1,1680,1050
1,2,1442,1779219779.07405,1,1680,1050
1,2,1443,1779219779.09487,1,1680,1050
1,2,1444,1779219779.11569,1,1680,1050
1,2,1445,1779219779.13651,1,1680,1050
1,2,1446,1779219779.15733,1,1680,1050
1,2,1447,1779219779.17815,1,1680,1050
1,2,1448,1779219779.19897,1,1680,1050
1,2,1449,1779219779.21979,1,1680,1050
1,2,1450,1779219779.24061,1,1680,1050
1,2,1451,1779219779.26143,1,1680,1050
1,2,1452,1779219779.28225,1,1680,1050
1,2,1453,1779219779.30307,1,1680,1050
1,2,1454,1779219779.32389,1,1680,1050
1,2,1455,1779219779.3447,1,1680,1050
1,2,1456,1779219779.36552,1,1680,1050
1,2,1457,1779219779.38634,1,1680,1050
1,2,1458,1779219779.40716,1,1680,1050
1,2,1459,1779219779.42798,1,1680,1050
1,2,1460,1779219779.4488,1,1680,1050
1,2,1461,1779219779.46962,1,1680,1050
1,2,1462,1779219779.49044,1,1680,1050
1,2,1463,1779219779.51126,1,1680,1050
1,2,1464,1779219779.53208,1,1680,1050
1,2,1465,1779219779.5529,1,1680,1050
1,2,1466,1779219779.57372,1,1680,1050
1,2,1467,1779219779.59454,1,1680,1050
1,2,1468,1779219779.61536,1,1680,1050
1,2,1469,1779219779.63618,1,1680,1050
1,2,1470,1779219779.657,1,1680,1050
1,2,1471,1779219779.67782,1,1680,1050
1,2,1472,1779219779.69864,1,1680,1050
1,2,1473,1779219779.71946,1,1680,1050
1,2,1474,1779219779.74028,1,1680,1050
1,2,1475,1779219779.7611,1,1680,1050
1,2,1476,1779219779.78191,1,1680,1050
1,2,1477,1779219779.80273,1,1680,1050
1,2,1478,1779219779.82355,1,1680,1050
1,2,1479,1779219779.84437,1,1680,1050
1,2,1480,1779219779.86519,1,1680,1050
1,2,1481,1779219779.88601,1,1680,1050
1,2,1482,1779219779.90683,1,1680,1050
1,2,1483,1779219779.92765,1,1680,1050
1,2,1484,1779219779.94847,1,1680,1050
1,2,1485,1779219779.96929,1,1680,1050
1,2,1486,1779219779.99011,1,1680,1050
1,2,1487,1779219780.01093,1,1680,1050
1,2,1488,1779219780.03175,1,1680,1050
1,2,1489,1779219780.05257,1,1680,1050
1,2,1490,1779219780.07339,1,1680,1050
1,2,1491,1779219780.09421,1,1680,1050
1,2,1492,1779219780.11503,1,1680,1050
1,2,1493,1779219780.13585,1,1680,1050
1,2,1494,1779219780.15667,1,1680,1050
1,2,1495,1779219780.17749,1,1680,1050
1,2,1496,1779219780.1983,1,1680,1050
1,2,1497,1779219780.21912,1,1680,1050
1,2,1498,1779219780.23994,1,1680,1050
1,2,1499,1779219780.26076,1,1680,1050
1,2,1500,1779219780.28158,1,1680,1050
1,2,1501,1779219780.3024,1,1680,1050
1,2,1502,1779219780.32322,2,1680,1050
1,2,1503,1779219780.34404,2,1680,1050
1,2,1504,1779219780.36486,2,1680,1050
1,2,1505,1779219780.38568,2,1680,1050
1,2,1506,1779219780.4065,2,1680,1050
1,2,1507,1779219780.42732,2,1680,1050
1,2,1508,1779219780.44814,2,1680,1050
1,2,1509,1779219780.46896,2,1680,1050
1,2,1510,1779219780.48978,2,1680,1050
1,2,1511,1779219780.5106,2,1680,1050
1,2,1512,1779219780.53142,2,1680,1050
1,2,1513,1779219780.55224,2,1680,1050
1,2,1514,1779219780.57305,2,1680,1050
1,2,1515,1779219780.59387,2,1680,1050
1,2,1516,1779219780.61469,2,1680,1050
1,2,1517,1779219780.63551,2,1680,1050
1,2,1518,1779219780.65633,2,1680,1050
1,2,1519,1779219780.67715,2,1680,1050
1,2,1520,1779219780.69797,2,1680,1050
1,2,1521,1779219780.71879,2,1680,1050
1,2,1522,1779219780.73961,2,1680,1050
1,2,1523,1779219780.76043,2,1680,1050
1,2,1524,1779219780.78125,2,1680,1050
1,2,1525,1779219780.80207,2,1680,1050
1,2,1526,1779219780.82289,2,1680,1050
1,2,1527,1779219780.84371,2,1680,1050
1,2,1528,1779219780.86453,2,1680,1050
1,2,1529,1779219780.88535,2,1680,1050
1,2,1530,1779219780.90617,2,1680,1050
1,2,1531,1779219780.92699,2,1680,1050
1,2,1532,1779219780.94781,2,1680,1050
1,2,1533,1779219780.96863,2,1680,1050
1,2,1534,1779219780.98945,2,1680,1050
1,2,1535,1779219781.01026,2,1680,1050
1,2,1536,1779219781.03109,2,1680,1050
1,2,1537,1779219781.05191,2,1680,1050
1,2,1538,1779219781.07272,2,1680,1050
1,2,1539,1779219781.09354,2,1680,1050
1,2,1540,1779219781.11436,2,1680,1050
1,2,1541,1779219781.13518,2,1680,1050
1,2,1542,1779219781.156,2,1680,1050
1,2,1543,1779219781.17682,2,1680,1050
1,2,1544,1779219781.19764,2,1680,1050
1,2,1545,1779219781.21846,2,1680,1050
1,2,1546,1779219781.23928,2,1680,1050
1,2,1547,1779219781.2601,2,1680,1050
1,2,1548,1779219781.28092,2,1680,1050
1,2,1549,1779219781.30174,2,1680,1050
1,2,1550,1779219781.32256,2,1680,1050
1,2,1551,1779219781.34338,2,1680,1050
1,2,1552,1779219781.3642,2,1680,1050
1,2,1553,1779219781.38502,2,1680,1050
1,2,1554,1779219781.40584,2,1680,1050
1,2,1555,1779219781.42666,2,1680,1050
1,2,1556,1779219781.44747,2,1680,1050
1,2,1557,1779219781.46829,2,1680,1050
1,2,1558,1779219781.48911,2,1680,1050
1,2,1559,1779219781.50993,2,1680,1050
1,2,1560,1779219781.53075,2,1680,1050
1,2,1561,1779219781.55157,2,1680,1050
1,2,1562,1779219781.57239,2,1680,1050
1,2,1563,1779219781.59321,2,1680,1050
1,2,1564,1779219781.61403,2,1680,1050
1,2,1565,1779219781.63485,2,1680,1050
1,2,1566,1779219781.65567,2,1680,1050
1,2,1567,1779219781.67649,2,1680,1050
1,2,1568,1779219781.69731,2,1680,1050
1,2,1569,1779219781.71813,2,1680,1050
1,2,1570,1779219781.73895,2,1680,1050
1,2,1571,1779219781.75977,2,1680,1050
1,2,1572,1779219781.78059,2,1680,1050
1,2,1573,1779219781.80141,2,1680,1050
1,2,1574,1779219781.82223,2,1680,1050
1,2,1575,1779219781.84305,2,1680,1050
1,2,1576,1779219781.86387,2,1680,1050
1,2,1577,1779219781.88468,2,1680,1050
1,2,1578,1779219781.9055,2,1680,1050
1,2,1579,1779219781.92632,2,1680,1050
1,2,1580,1779219781.94714,2,1680,1050
1,2,1581,1779219781.96796,2,1680,1050
1,2,1582,1779219781.98878,2,1680,1050
1,2,1583,1779219782.0096,2,1680,1050
1,2,1584,1779219782.03042,2,1680,1050
1,2,1585,1779219782.05124,2,1680,1050
1,2,1586,1779219782.07206,2,1680,1050
1,2,1587,1779219782.09288,2,1680,1050
1,2,1588,1779219782.1137,2,1680,1050
1,2,1589,1779219782.13452,2,1680,1050
1,2,1590,1779219782.15534,2,1680,1050
1,2,1591,1779219782.17616,2,1680,1050
1,2,1592,1779219782.19698,2,1680,1050
1,2,1593,1779219782.2178,2,1680,1050
1,2,1594,1779219782.23862,2,1680,1050
1,2,1595,1779219782.25944,2,1680,1050
1,2,1596,1779219782.28026,2,1680,1050
1,2,1597,1779219782.30107,2,1680,1050
1,2,1598,1779219782.3219,2,1680,1050
1,2,1599,1779219782.34271,2,1680,1050
1,2,1600,1779219782.36353,2,1680,1050
1,2,1601,1779219782.38435,2,1680,1050
1,2,1602,1779219782.40517,2,1680,1050
1,2,1603,1779219782.42599,2,1680,1050
1,2,1604,1779219782.44681,2,1680,1050
1,2,1605,1779219782.46763,2,1680,1050
1,2,1606,1779219782.48845,2,1680,1050
1,2,1607,1779219782.50927,2,1680,1050
1,2,1608,1779219782.53009,2,1680,1050
1,2,1609,1779219782.55091,2,1680,1050
1,2,1610,1779219782.57173,2,1680,1050
1,2,1611,1779219782.59255,2,1680,1050
1,2,1612,1779219782.61337,2,1680,1050
1,2,1613,1779219782.63419,2,1680,1050
1,2,1614,1779219782.65501,2,1680,1050
1,2,1615,1779219782.67583,2,1680,1050
1,2,1616,1779219782.69665,2,1680,1050
1,2,1617,1779219782.71746,2,1680,1050
1,2,1618,1779219782.73828,2,1680,1050
1,2,1619,1779219782.7591,2,1680,1050
1,2,1620,1779219782.77992,2,1680,1050
1,2,1621,1779219782.80074,2,1680,1050
1,2,1622,1779219782.82156,1,1680,1050
1,2,1623,1779219782.84238,1,1680,1050
1,2,1624,1779219782.8632,1,1680,1050
1,2,1625,1779219782.88402,1,1680,1050
1,2,1626,1779219782.90484,1,1680,1050
1,2,1627,1779219782.92566,1,1680,1050
1,2,1628,1779219782.94648,1,1680,1050
1,2,1629,1779219782.9673,1,1680,1050
1,2,1630,1779219782.98812,1,1680,1050
1,2,1631,1779219783.00894,1,1680,1050
1,2,1632,1779219783.02976,1,1680,1050
1,2,1633,1779219783.05058,1,1680,1050
1,2,1634,1779219783.0714,1,1680,1050
1,2,1635,1779219783.09222,1,1680,1050
1,2,1636,1779219783.11303,1,1680,1050
1,2,1637,1779219783.13386,1,1680,1050
1,2,1638,1779219783.15467,1,1680,1050
1,2,1639,1779219783.17549,1,1680,1050
1,2,1640,1779219783.19631,1,1680,1050
1,2,1641,1779219783.21713,1,1680,1050
1,2,1642,1779219783.23795,1,1680,1050
1,2,1643,1779219783.25877,1,1680,1050
1,2,1644,1779219783.27959,1,1680,1050
1,2,1645,1779219783.30041,1,1680,1050
1,2,1646,1779219783.32123,1,1680,1050
1,2,1647,1779219783.34205,1,1680,1050
1,2,1648,1779219783.36287,1,1680,1050
1,2,1649,1779219783.38369,1,1680,1050
1,2,1650,1779219783.40451,1,1680,1050
1,2,1651,1779219783.42533,1,1680,1050
1,2,1652,1779219783.44615,1,1680,1050
1,2,1653,1779219783.46697,1,1680,1050
1,2,1654,1779219783.48779,1,1680,1050
1,2,1655,1779219783.50861,1,1680,1050
1,2,1656,1779219783.52943,1,1680,1050
1,2,1657,1779219783.55025,1,1680,1050
1,2,1658,1779219783.57106,1,1680,1050
1,2,1659,1779219783.59188,1,1680,1050
1,2,1660,1779219783.6127,1,1680,1050
1,2,1661,1779219783.63352,1,1680,1050
1,2,1662,1779219783.65434,1,1680,1050
1,2,1663,1779219783.67516,1,1680,1050
1,2,1664,1779219783.69598,1,1680,1050
1,2,1665,1779219783.7168,1,1680,1050
1,2,1666,1779219783.73762,1,1680,1050
1,2,1667,1779219783.75844,1,1680,1050
1,2,1668,1779219783.77926,1,1680,1050
1,2,1669,1779219783.80008,1,1680,1050
1,2,1670,1779219783.8209,1,1680,1050
1,2,1671,1779219783.84172,1,1680,1050
1,2,1672,1779219783.86254,1,1680,1050
1,2,1673,1779219783.88336,1,1680,1050
1,2,1674,1779219783.90418,1,1680,1050
1,2,1675,1779219783.925,1,1680,1050
1,2,1676,1779219783.94582,1,1680,1050
1,2,1677,1779219783.96663,1,1680,1050
1,2,1678,1779219783.98745,1,1680,1050
1,2,1679,1779219784.00827,1,1680,1050
1,2,1680,1779219784.02909,1,1680,1050
1,2,1681,1779219784.04991,1,1680,1050
1,2,1682,1779219784.07073,1,1680,1050
1,2,1683,1779219784.09155,1,1680,1050
1,2,1684,1779219784.11237,1,1680,1050
1,2,1685,1779219784.13319,1,1680,1050
1,2,1686,1779219784.15401,1,1680,1050
1,2,1687,1779219784.17483,1,1680,1050
1,2,1688,1779219784.19565,1,1680,1050
1,2,1689,1779219784.21647,1,1680,1050
1,2,1690,1779219784.23729,1,1680,1050
1,2,1691,1779219784.25811,1,1680,1050
1,2,1692,1779219784.27893,1,1680,1050
1,2,1693,1779219784.29975,1,1680,1050
1,2,1694,1779219784.32057,1,1680,1050
1,2,1695,1779219784.34139,1,1680,1050
1,2,1696,1779219784.36221,1,1680,1050
1,2,1697,1779219784.38303,1,1680,1050
1,2,1698,1779219784.40385,1,1680,1050
1,2,1699,1779219784.42466,1,1680,1050
1,2,1700,1779219784.44548,1,1680,1050
1,2,1701,1779219784.4663,1,1680,1050
1,2,1702,1779219784.48712,1,1680,1050
1,2,1703,1779219784.50794,1,1680,1050
1,2,1704,1779219784.52876,1,1680,1050
1,2,1705,1779219784.54958,1,1680,1050
1,2,1706,1779219784.5704,1,1680,1050
1,2,1707,1779219784.59122,1,1680,1050
1,2,1708,1779219784.61204,1,1680,1050
1,2,1709,1779219784.63286,1,1680,1050
1,2,1710,1779219784.65368,1,1680,1050
1,2,1711,1779219784.6745,1,1680,1050
1,2,1712,1779219784.69532,1,1680,1050
1,2,1713,1779219784.71614,1,1680,1050
1,2,1714,1779219784.73696,1,1680,1050
1,2,1715,1779219784.75778,1,1680,1050
1,2,1716,1779219784.7786,1,1680,1050
1,2,1717,1779219784.79942,1,1680,1050
1,2,1718,1779219784.82023,1,1680,1050
1,2,1719,1779219784.84105,1,1680,1050
1,2,1720,1779219784.86187,1,1680,1050
1,2,1721,1779219784.88269,1,1680,1050
1,2,1722,1779219784.90351,1,1680,1050
1,2,1723,1779219784.92433,1,1680,1050
1,2,1724,1779219784.94515,1,1680,1050
1,2,1725,1779219784.96597,1,1680,1050
1,2,1726,1779219784.98679,1,1680,1050
1,2,1727,1779219785.00761,1,1680,1050
1,2,1728,1779219785.02843,1,1680,1050
1,2,1729,1779219785.04925,1,1680,1050
1,2,1730,1779219785.07007,1,1680,1050
1,2,1731,1779219785.09089,1,1680,1050
1,2,1732,1779219785.11171,1,1680,1050
1,2,1733,1779219785.13253,1,1680,1050
1,2,1734,1779219785.15335,1,1680,1050
1,2,1735,1779219785.17417,1,1680,1050
1,2,1736,1779219785.19499,1,1680,1050
1,2,1737,1779219785.21581,1,1680,1050
1,2,1738,1779219785.23663,1,1680,1050
1,2,1739,1779219785.25744,1,1680,1050
1,2,1740,1779219785.27826,1,1680,1050
1,2,1741,1779219785.29908,1,1680,1050
1,2,1742,1779219785.3199,1,1680,1050
1,2,1743,1779219785.34072,1,1680,1050
1,2,1744,1779219785.36154,1,1680,1050
1,2,1745,1779219785.38236,1,1680,1050
1,2,1746,1779219785.40318,1,1680,1050
1,2,1747,1779219785.424,1,1680,1050
1,2,1748,1779219785.44482,1,1680,1050
1,2,1749,1779219785.46564,1,1680,1050
1,2,1750,1779219785.48646,1,1680,1050
1,2,1751,1779219785.50728,1,1680,1050
1,2,1752,1779219785.5281,1,1680,1050
1,2,1753,1779219785.54892,1,1680,1050
1,2,1754,1779219785.56974,1,1680,1050
1,2,1755,1779219785.59056,1,1680,1050
1,2,1756,1779219785.61138,1,1680,1050
1,2,1757,1779219785.6322,1,1680,1050
1,2,1758,1779219785.65302,1,1680,1050
1,2,1759,1779219785.67383,1,1680,1050
1,2,1760,1779219785.69465,1,1680,1050
1,2,1761,1779219785.71547,1,1680,1050
1,2,1762,1779219785.73629,1,1680,1050
1,2,1763,1779219785.75711,1,1680,1050
1,2,1764,1779219785.77793,1,1680,1050
1,2,1765,1779219785.79875,1,1680,1050
1,2,1766,1779219785.81957,1,1680,1050
1,2,1767,1779219785.84039,1,1680,1050
1,2,1768,1779219785.86121,1,1680,1050
1,2,1769,1779219785.88203,1,1680,1050
1,2,1770,1779219785.90285,1,1680,1050
1,2,1771,1779219785.92367,1,1680,1050
1,2,1772,1779219785.94449,1,1680,1050
1,2,1773,1779219785.96531,1,1680,1050
1,2,1774,1779219785.98613,1,1680,1050
1,2,1775,1779219786.00695,1,1680,1050
1,2,1776,1779219786.02777,1,1680,1050
1,2,1777,1779219786.04859,1,1680,1050
1,2,1778,1779219786.06941,1,1680,1050
1,2,1779,1779219786.09023,1,1680,1050
1,2,1780,1779219786.11104,1,1680,1050
1,2,1781,1779219786.13186,1,1680,1050
1,2,1782,1779219786.15268,1,1680,1050
1,2,1783,1779219786.1735,1,1680,1050
1,2,1784,1779219786.19432,1,1680,1050
1,2,1785,1779219786.21514,1,1680,1050
1,2,1786,1779219786.23596,1,1680,1050
1,2,1787,1779219786.25678,1,1680,1050
1,2,1788,1779219786.2776,1,1680,1050
1,2,1789,1779219786.29842,1,1680,1050
1,2,1790,1779219786.31924,1,1680,1050
1,2,1791,1779219786.34006,1,1680,1050
1,2,1792,1779219786.36088,1,1680,1050
1,2,1793,1779219786.3817,1,1680,1050
1,2,1794,1779219786.40252,1,1680,1050
1,2,1795,1779219786.42334,1,1680,1050
1,2,1796,1779219786.44416,1,1680,1050
1,2,1797,1779219786.46498,1,1680,1050
1,2,1798,1779219786.4858,1,1680,1050
1,2,1799,1779219786.50662,1,1680,1050
1,2,1800,1779219786.52743,1,1680,1050
1,2,1801,1779219786.54825,1,1680,1050
1,2,1802,1779219786.56907,1,1680,1050
1,2,1803,1779219786.58989,1,1680,1050
1,2,1804,1779219786.61071,1,1680,1050
1,2,1805,1779219786.63153,1,1680,1050
1,2,1806,1779219786.65235,1,1680,1050
1,2,1807,1779219786.67317,1,1680,1050
1,2,1808,1779219786.69399,1,1680,1050
1,2,1809,1779219786.71481,1,1680,1050
1,2,1810,1779219786.73563,1,1680,1050
1,2,1811,1779219786.75645,1,1680,1050
1,2,1812,1779219786.77727,1,1680,1050
1,2,1813,1779219786.79809,1,1680,1050
1,2,1814,1779219786.81891,1,1680,1050
1,2,1815,1779219786.83973,1,1680,1050
1,2,1816,1779219786.86055,1,1680,1050
1,2,1817,1779219786.88137,1,1680,1050
1,2,1818,1779219786.90219,1,1680,1050
1,2,1819,1779219786.92301,1,1680,1050
1,2,1820,1779219786.94382,1,1680,1050
1,2,1821,1779219786.96464,1,1680,1050
1,2,1822,1779219786.98546,1,1680,1050
1,2,1823,1779219787.00628,1,1680,1050
1,2,1824,1779219787.0271,1,1680,1050
1,2,1825,1779219787.04792,1,1680,1050
1,2,1826,1779219787.06874,1,1680,1050
1,2,1827,1779219787.08956,1,1680,1050
1,2,1828,1779219787.11038,1,1680,1050
1,2,1829,1779219787.1312,1,1680,1050
1,2,1830,1779219787.15202,1,1680,1050
1,2,1831,1779219787.17284,1,1680,1050
1,2,1832,1779219787.19366,1,1680,1050
1,2,1833,1779219787.21448,1,1680,1050
1,2,1834,1779219787.2353,1,1680,1050
1,2,1835,1779219787.25612,1,1680,1050
1,2,1836,1779219787.27694,1,1680,1050
1,2,1837,1779219787.29776,1,1680,1050
1,2,1838,1779219787.31858,1,1680,1050
1,2,1839,1779219787.3394,1,1680,1050
1,2,1840,1779219787.36022,1,1680,1050
1,2,1841,1779219787.38103,1,1680,1050
1,2,1842,1779219787.40185,1,1680,1050
1,2,1843,1779219787.42267,1,1680,1050
1,2,1844,1779219787.44349,1,1680,1050
1,2,1845,1779219787.46431,1,1680,1050
1,2,1846,1779219787.48513,1,1680,1050
1,2,1847,1779219787.50595,1,1680,1050
1,2,1848,1779219787.52677,1,1680,1050
1,2,1849,1779219787.54759,1,1680,1050
1,2,1850,1779219787.56841,1,1680,1050
1,2,1851,1779219787.58923,1,1680,1050
1,2,1852,1779219787.61005,1,1680,1050
1,2,1853,1779219787.63087,1,1680,1050
1,2,1854,1779219787.65169,1,1680,1050
1,2,1855,1779219787.67251,1,1680,1050
1,2,1856,1779219787.69333,1,1680,1050
1,2,1857,1779219787.71415,1,1680,1050
1,2,1858,1779219787.73497,1,1680,1050
1,2,1859,1779219787.75579,1,1680,1050
1,2,1860,1779219787.7766,1,1680,1050
1,2,1861,1779219787.79742,1,1680,1050
1,2,1862,1779219787.81824,2,1680,1050
1,2,1863,1779219787.83906,2,1680,1050
1,2,1864,1779219787.85988,2,1680,1050
1,2,1865,1779219787.8807,2,1680,1050
1,2,1866,1779219787.90152,2,1680,1050
1,2,1867,1779219787.92234,2,1680,1050
1,2,1868,1779219787.94316,2,1680,1050
1,2,1869,1779219787.96398,2,1680,1050
1,2,1870,1779219787.9848,2,1680,1050
1,2,1871,1779219788.00562,2,1680,1050
1,2,1872,1779219788.02644,2,1680,1050
1,2,1873,1779219788.04726,2,1680,1050
1,2,1874,1779219788.06808,2,1680,1050
1,2,1875,1779219788.0889,2,1680,1050
1,2,1876,1779219788.10972,2,1680,1050
1,2,1877,1779219788.13054,2,1680,1050
1,2,1878,1779219788.15136,2,1680,1050
1,2,1879,1779219788.17218,2,1680,1050
1,2,1880,1779219788.193,2,1680,1050
1,2,1881,1779219788.21381,2,1680,1050
1,2,1882,1779219788.23463,2,1680,1050
1,2,1883,1779219788.25545,2,1680,1050
1,2,1884,1779219788.27627,2,1680,1050
1,2,1885,1779219788.29709,2,1680,1050
1,2,1886,1779219788.31791,2,1680,1050
1,2,1887,1779219788.33873,2,1680,1050
1,2,1888,1779219788.35955,2,1680,1050
1,2,1889,1779219788.38037,2,1680,1050
1,2,1890,1779219788.40119,2,1680,1050
1,2,1891,1779219788.42201,2,1680,1050
1,2,1892,1779219788.44283,2,1680,1050
1,2,1893,1779219788.46365,2,1680,1050
1,2,1894,1779219788.48447,2,1680,1050
1,2,1895,1779219788.50529,2,1680,1050
1,2,1896,1779219788.52611,2,1680,1050
1,2,1897,1779219788.54693,2,1680,1050
1,2,1898,1779219788.56775,2,1680,1050
1,2,1899,1779219788.58856,2,1680,1050
1,2,1900,1779219788.60939,2,1680,1050
1,2,1901,1779219788.6302,2,1680,1050
1,2,1902,1779219788.65102,2,1680,1050
1,2,1903,1779219788.67184,2,1680,1050
1,2,1904,1779219788.69266,2,1680,1050
1,2,1905,1779219788.71348,2,1680,1050
1,2,1906,1779219788.7343,2,1680,1050
1,2,1907,1779219788.75512,2,1680,1050
1,2,1908,1779219788.77594,2,1680,1050
1,2,1909,1779219788.79676,2,1680,1050
1,2,1910,1779219788.81758,2,1680,1050
1,2,1911,1779219788.8384,2,1680,1050
1,2,1912,1779219788.85922,2,1680,1050
1,2,1913,1779219788.88004,2,1680,1050
1,2,1914,1779219788.90086,2,1680,1050
1,2,1915,1779219788.92168,2,1680,1050
1,2,1916,1779219788.9425,2,1680,1050
1,2,1917,1779219788.96332,2,1680,1050
1,2,1918,1779219788.98414,2,1680,1050
1,2,1919,1779219789.00496,2,1680,1050
1,2,1920,1779219789.02578,2,1680,1050
1,2,1921,1779219789.0466,2,1680,1050
1,2,1922,1779219789.06741,2,1680,1050
1,2,1923,1779219789.08824,2,1680,1050
1,2,1924,1779219789.10905,2,1680,1050
1,2,1925,1779219789.12987,2,1680,1050
1,2,1926,1779219789.15069,2,1680,1050
1,2,1927,1779219789.17151,2,1680,1050
1,2,1928,1779219789.19233,2,1680,1050
1,2,1929,1779219789.21315,2,1680,1050
1,2,1930,1779219789.23397,2,1680,1050
1,2,1931,1779219789.25479,2,1680,1050
1,2,1932,1779219789.27561,2,1680,1050
1,2,1933,1779219789.29643,2,1680,1050
1,2,1934,1779219789.31725,2,1680,1050
1,2,1935,1779219789.33807,2,1680,1050
1,2,1936,1779219789.35889,2,1680,1050
1,2,1937,1779219789.37971,2,1680,1050
1,2,1938,1779219789.40053,2,1680,1050
1,2,1939,1779219789.42135,2,1680,1050
1,2,1940,1779219789.44217,2,1680,1050
1,2,1941,1779219789.46299,2,1680,1050
1,2,1942,1779219789.48381,2,1680,1050
1,2,1943,1779219789.50462,2,1680,1050
1,2,1944,1779219789.52544,2,1680,1050
1,2,1945,1779219789.54626,2,1680,1050
1,2,1946,1779219789.56708,2,1680,1050
1,2,1947,1779219789.5879,2,1680,1050
1,2,1948,1779219789.60872,2,1680,1050
1,2,1949,1779219789.62954,2,1680,1050
1,2,1950,1779219789.65036,2,1680,1050
1,2,1951,1779219789.67118,2,1680,1050
1,2,1952,1779219789.692,2,1680,1050
1,2,1953,1779219789.71282,2,1680,1050
1,2,1954,1779219789.73364,2,1680,1050
1,2,1955,1779219789.75446,2,1680,1050
1,2,1956,1779219789.77528,2,1680,1050
1,2,1957,1779219789.7961,2,1680,1050
1,2,1958,1779219789.81692,2,1680,1050
1,2,1959,1779219789.83774,2,1680,1050
1,2,1960,1779219789.85856,2,1680,1050
1,2,1961,1779219789.87938,2,1680,1050
1,2,1962,1779219789.90019,2,1680,1050
1,2,1963,1779219789.92101,2,1680,1050
1,2,1964,1779219789.94183,2,1680,1050
1,2,1965,1779219789.96265,2,1680,1050
1,2,1966,1779219789.98347,2,1680,1050
1,2,1967,1779219790.00429,2,1680,1050
1,2,1968,1779219790.02511,2,1680,1050
1,2,1969,1779219790.04593,2,1680,1050
1,2,1970,1779219790.06675,2,1680,1050
1,2,1971,1779219790.08757,2,1680,1050
1,2,1972,1779219790.10839,2,1680,1050
1,2,1973,1779219790.12921,2,1680,1050
1,2,1974,1779219790.15003,2,1680,1050
1,2,1975,1779219790.17085,2,1680,1050
1,2,1976,1779219790.19167,2,1680,1050
1,2,1977,1779219790.21249,2,1680,1050
1,2,1978,1779219790.23331,2,1680,1050
1,2,1979,1779219790.25413,2,1680,1050
1,2,1980,1779219790.27495,2,1680,1050
1,2,1981,1779219790.29577,2,1680,1050
1,2,1982,1779219790.31659,2,1680,1050
1,2,1983,1779219790.3374,2,1680,1050
1,2,1984,1779219790.35822,2,1680,1050
1,2,1985,1779219790.37904,2,1680,1050
1,2,1986,1779219790.39986,2,1680,1050
1,2,1987,1779219790.42068,2,1680,1050
1,2,1988,1779219790.4415,2,1680,1050
1,2,1989,1779219790.46232,2,1680,1050
1,2,1990,1779219790.48314,2,1680,1050
1,2,1991,1779219790.50396,2,1680,1050
1,2,1992,1779219790.52478,2,1680,1050
1,2,1993,1779219790.5456,2,1680,1050
1,2,1994,1779219790.56642,2,1680,1050
1,2,1995,1779219790.58724,2,1680,1050
1,2,1996,1779219790.60806,2,1680,1050
1,2,1997,1779219790.62888,2,1680,1050
1,2,1998,1779219790.6497,2,1680,1050
1,2,1999,1779219790.67052,2,1680,1050
1,2,2000,1779219790.69134,2,1680,1050
1,2,2001,1779219790.71216,2,1680,1050
1,2,2002,1779219790.73297,2,1680,1050
1,2,2003,1779219790.75379,2,1680,1050
1,2,2004,1779219790.77461,2,1680,1050
1,2,2005,1779219790.79543,2,1680,1050
1,2,2006,1779219790.81625,2,1680,1050
1,2,2007,1779219790.83707,2,1680,1050
1,2,2008,1779219790.85789,2,1680,1050
1,2,2009,1779219790.87871,2,1680,1050
1,2,2010,1779219790.89953,2,1680,1050
1,2,2011,1779219790.92035,2,1680,1050
1,2,2012,1779219790.94117,2,1680,1050
1,2,2013,1779219790.96199,2,1680,1050
1,2,2014,1779219790.98281,2,1680,1050
1,2,2015,1779219791.00363,2,1680,1050
1,2,2016,1779219791.02445,2,1680,1050
1,2,2017,1779219791.04527,2,1680,1050
1,2,2018,1779219791.06609,2,1680,1050
1,2,2019,1779219791.08691,2,1680,1050
1,2,2020,1779219791.10773,2,1680,1050
1,2,2021,1779219791.12855,2,1680,1050
1,2,2022,1779219791.14937,2,1680,1050
1,2,2023,1779219791.17018,2,1680,1050
1,2,2024,1779219791.191,2,1680,1050
1,2,2025,1779219791.21182,2,1680,1050
1,2,2026,1779219791.23264,2,1680,1050
1,2,2027,1779219791.25346,2,1680,1050
1,2,2028,1779219791.27428,2,1680,1050
1,2,2029,1779219791.2951,2,1680,1050
1,2,2030,1779219791.31592,2,1680,1050
1,2,2031,1779219791.33674,2,1680,1050
1,2,2032,1779219791.35756,2,1680,1050
1,2,2033,1779219791.37838,2,1680,1050
1,2,2034,1779219791.3992,2,1680,1050
1,2,2035,1779219791.42002,2,1680,1050
1,2,2036,1779219791.44084,2,1680,1050
1,2,2037,1779219791.46166,2,1680,1050
1,2,2038,1779219791.48248,2,1680,1050
1,2,2039,1779219791.5033,2,1680,1050
1,2,2040,1779219791.52412,2,1680,1050
1,2,2041,1779219791.54494,2,1680,1050
1,2,2042,1779219791.56575,2,1680,1050
1,2,2043,1779219791.58657,2,1680,1050
1,2,2044,1779219791.60739,2,1680,1050
1,2,2045,1779219791.62821,2,1680,1050
1,2,2046,1779219791.64903,2,1680,1050
1,2,2047,1779219791.66985,2,1680,1050
1,2,2048,1779219791.69067,2,1680,1050
1,2,2049,1779219791.71149,2,1680,1050
1,2,2050,1779219791.73231,2,1680,1050
1,2,2051,1779219791.75313,2,1680,1050
1,2,2052,1779219791.77395,2,1680,1050
1,2,2053,1779219791.79477,2,1680,1050
1,2,2054,1779219791.81559,2,1680,1050
1,2,2055,1779219791.83641,2,1680,1050
1,2,2056,1779219791.85723,2,1680,1050
1,2,2057,1779219791.87805,2,1680,1050
1,2,2058,1779219791.89887,2,1680,1050
1,2,2059,1779219791.91969,2,1680,1050
1,2,2060,1779219791.94051,2,1680,1050
1,2,2061,1779219791.96133,2,1680,1050
1,2,2062,1779219791.98215,2,1680,1050
1,2,2063,1779219792.00296,2,1680,1050
1,2,2064,1779219792.02378,2,1680,1050
1,2,2065,1779219792.0446,2,1680,1050
1,2,2066,1779219792.06542,2,1680,1050
1,2,2067,1779219792.08624,2,1680,1050
1,2,2068,1779219792.10706,2,1680,1050
1,2,2069,1779219792.12788,2,1680,1050
1,2,2070,1779219792.1487,2,1680,1050
1,2,2071,1779219792.16952,2,1680,1050
1,2,2072,1779219792.19034,2,1680,1050
1,2,2073,1779219792.21116,2,1680,1050
1,2,2074,1779219792.23198,2,1680,1050
1,2,2075,1779219792.2528,2,1680,1050
1,2,2076,1779219792.27362,2,1680,1050
1,2,2077,1779219792.29444,2,1680,1050
1,2,2078,1779219792.31526,2,1680,1050
1,2,2079,1779219792.33608,2,1680,1050
1,2,2080,1779219792.3569,2,1680,1050
1,2,2081,1779219792.37772,2,1680,1050
1,2,2082,1779219792.39854,2,1680,1050
1,2,2083,1779219792.41935,2,1680,1050
1,2,2084,1779219792.44017,2,1680,1050
1,2,2085,1779219792.46099,2,1680,1050
1,2,2086,1779219792.48181,2,1680,1050
1,2,2087,1779219792.50263,2,1680,1050
1,2,2088,1779219792.52345,2,1680,1050
1,2,2089,1779219792.54427,2,1680,1050
1,2,2090,1779219792.56509,2,1680,1050
1,2,2091,1779219792.58591,2,1680,1050
1,2,2092,1779219792.60673,2,1680,1050
1,2,2093,1779219792.62755,2,1680,1050
1,2,2094,1779219792.64837,2,1680,1050
1,2,2095,1779219792.66919,2,1680,1050
1,2,2096,1779219792.69001,2,1680,1050
1,2,2097,1779219792.71083,2,1680,1050
1,2,2098,1779219792.73165,2,1680,1050
1,2,2099,1779219792.75247,2,1680,1050
1,2,2100,1779219792.77329,2,1680,1050
1,2,2101,1779219792.79411,2,1680,1050
1,2,2102,1779219793.08558,1,1680,1050
1,2,2103,1779219793.1064,1,1680,1050
1,2,2104,1779219793.12722,1,1680,1050
1,2,2105,1779219793.14804,1,1680,1050
1,2,2106,1779219793.16886,1,1680,1050
1,2,2107,1779219793.18968,1,1680,1050
1,2,2108,1779219793.2105,1,1680,1050
1,2,2109,1779219793.23131,1,1680,1050
1,2,2110,1779219793.25214,1,1680,1050
1,2,2111,1779219793.27295,1,1680,1050
1,2,2112,1779219793.29377,1,1680,1050
1,2,2113,1779219793.31459,1,1680,1050
1,2,2114,1779219793.33541,1,1680,1050
1,2,2115,1779219793.35623,1,1680,1050
1,2,2116,1779219793.37705,1,1680,1050
1,2,2117,1779219793.39787,1,1680,1050
1,2,2118,1779219793.41869,1,1680,1050
1,2,2119,1779219793.43951,1,1680,1050
1,2,2120,1779219793.46033,1,1680,1050
1,2,2121,1779219793.48115,1,1680,1050
1,2,2122,1779219793.50197,1,1680,1050
1,2,2123,1779219793.52279,1,1680,1050
1,2,2124,1779219793.54361,1,1680,1050
1,2,2125,1779219793.56443,1,1680,1050
1,2,2126,1779219793.58525,1,1680,1050
1,2,2127,1779219793.60607,1,1680,1050
1,2,2128,1779219793.62689,1,1680,1050
1,2,2129,1779219793.64771,1,1680,1050
1,2,2130,1779219793.66853,1,1680,1050
1,2,2131,1779219793.68934,1,1680,1050
1,2,2132,1779219793.71016,1,1680,1050
1,2,2133,1779219793.73099,1,1680,1050
1,2,2134,1779219793.7518,1,1680,1050
1,2,2135,1779219793.77262,1,1680,1050
1,2,2136,1779219793.79344,1,1680,1050
1,2,2137,1779219793.81426,1,1680,1050
1,2,2138,1779219793.83508,1,1680,1050
1,2,2139,1779219793.8559,1,1680,1050
1,2,2140,1779219793.87672,1,1680,1050
1,2,2141,1779219793.89754,1,1680,1050
1,2,2142,1779219793.91836,1,1680,1050
1,2,2143,1779219793.93918,1,1680,1050
1,2,2144,1779219793.96,1,1680,1050
1,2,2145,1779219793.98082,1,1680,1050
1,2,2146,1779219794.00164,1,1680,1050
1,2,2147,1779219794.02246,1,1680,1050
1,2,2148,1779219794.04328,1,1680,1050
1,2,2149,1779219794.0641,1,1680,1050
1,2,2150,1779219794.08492,1,1680,1050
1,2,2151,1779219794.10574,1,1680,1050
1,2,2152,1779219794.12655,1,1680,1050
1,2,2153,1779219794.14737,1,1680,1050
1,2,2154,1779219794.16819,1,1680,1050
1,2,2155,1779219794.18901,1,1680,1050
1,2,2156,1779219794.20983,1,1680,1050
1,2,2157,1779219794.23065,1,1680,1050
1,2,2158,1779219794.25147,1,1680,1050
1,2,2159,1779219794.27229,1,1680,1050
1,2,2160,1779219794.29311,1,1680,1050
1,2,2161,1779219794.31393,1,1680,1050
1,2,2162,1779219794.33475,1,1680,1050
1,2,2163,1779219794.35557,1,1680,1050
1,2,2164,1779219794.37639,1,1680,1050
1,2,2165,1779219794.39721,1,1680,1050
1,2,2166,1779219794.41803,1,1680,1050
1,2,2167,1779219794.43885,1,1680,1050
1,2,2168,1779219794.45967,1,1680,1050
1,2,2169,1779219794.48049,1,1680,1050
1,2,2170,1779219794.50131,1,1680,1050
1,2,2171,1779219794.52213,1,1680,1050
1,2,2172,1779219794.54294,1,1680,1050
1,2,2173,1779219794.56377,1,1680,1050
1,2,2174,1779219794.58458,1,1680,1050
1,2,2175,1779219794.6054,1,1680,1050
1,2,2176,1779219794.62622,1,1680,1050
1,2,2177,1779219794.64704,1,1680,1050
1,2,2178,1779219794.66786,1,1680,1050
1,2,2179,1779219794.68868,1,1680,1050
1,2,2180,1779219794.7095,1,1680,1050
1,2,2181,1779219794.73032,1,1680,1050
1,2,2182,1779219794.75114,1,1680,1050
1,2,2183,1779219794.77196,1,1680,1050
1,2,2184,1779219794.79278,1,1680,1050
1,2,2185,1779219794.8136,1,1680,1050
1,2,2186,1779219794.83442,1,1680,1050
1,2,2187,1779219794.85524,1,1680,1050
1,2,2188,1779219794.87606,1,1680,1050
1,2,2189,1779219794.89688,1,1680,1050
1,2,2190,1779219794.9177,1,1680,1050
1,2,2191,1779219794.93852,1,1680,1050
1,2,2192,1779219794.95933,1,1680,1050
1,2,2193,1779219794.98015,1,1680,1050
1,2,2194,1779219795.00097,1,1680,1050
1,2,2195,1779219795.02179,1,1680,1050
1,2,2196,1779219795.04261,1,1680,1050
1,2,2197,1779219795.06343,1,1680,1050
1,2,2198,1779219795.08425,1,1680,1050
1,2,2199,1779219795.10507,1,1680,1050
1,2,2200,1779219795.12589,1,1680,1050
1,2,2201,1779219795.14671,1,1680,1050
1,2,2202,1779219795.16753,1,1680,1050
1,2,2203,1779219795.18835,1,1680,1050
1,2,2204,1779219795.20917,1,1680,1050
1,2,2205,1779219795.22999,1,1680,1050
1,2,2206,1779219795.25081,1,1680,1050
1,2,2207,1779219795.27163,1,1680,1050
1,2,2208,1779219795.29245,1,1680,1050
1,2,2209,1779219795.31327,1,1680,1050
1,2,2210,1779219795.33408,1,1680,1050
1,2,2211,1779219795.35491,1,1680,1050
1,2,2212,1779219795.37572,1,1680,1050
1,2,2213,1779219795.39654,1,1680,1050
1,2,2214,1779219795.41737,1,1680,1050
1,2,2215,1779219795.43818,1,1680,1050
1,2,2216,1779219795.459,1,1680,1050
1,2,2217,1779219795.47982,1,1680,1050
1,2,2218,1779219795.50064,1,1680,1050
1,2,2219,1779219795.52146,1,1680,1050
1,2,2220,1779219795.54228,1,1680,1050
1,2,2221,1779219795.5631,1,1680,1050
1,2,2222,1779219795.58392,1,1680,1050
1,2,2223,1779219795.60474,1,1680,1050
1,2,2224,1779219795.62556,1,1680,1050
1,2,2225,1779219795.64638,1,1680,1050
1,2,2226,1779219795.6672,1,1680,1050
1,2,2227,1779219795.68802,1,1680,1050
1,2,2228,1779219795.70884,1,1680,1050
1,2,2229,1779219795.72966,1,1680,1050
1,2,2230,1779219795.75048,1,1680,1050
1,2,2231,1779219795.7713,1,1680,1050
1,2,2232,1779219795.79212,1,1680,1050
1,2,2233,1779219795.81293,1,1680,1050
1,2,2234,1779219795.83375,1,1680,1050
1,2,2235,1779219795.85457,1,1680,1050
1,2,2236,1779219795.87539,1,1680,1050
1,2,2237,1779219795.89621,1,1680,1050
1,2,2238,1779219795.91703,1,1680,1050
1,2,2239,1779219795.93785,1,1680,1050
1,2,2240,1779219795.95867,1,1680,1050
1,2,2241,1779219795.97949,1,1680,1050
1,2,2242,1779219796.00031,1,1680,1050
1,2,2243,1779219796.02113,1,1680,1050
1,2,2244,1779219796.04195,1,1680,1050
1,2,2245,1779219796.06277,1,1680,1050
1,2,2246,1779219796.08359,1,1680,1050
1,2,2247,1779219796.10441,1,1680,1050
1,2,2248,1779219796.12523,1,1680,1050
1,2,2249,1779219796.14605,1,1680,1050
1,2,2250,1779219796.16687,1,1680,1050
1,2,2251,1779219796.18769,1,1680,1050
1,2,2252,1779219796.2085,1,1680,1050
1,2,2253,1779219796.22932,1,1680,1050
1,2,2254,1779219796.25014,1,1680,1050
1,2,2255,1779219796.27096,1,1680,1050
1,2,2256,1779219796.29178,1,1680,1050
1,2,2257,1779219796.3126,1,1680,1050
1,2,2258,1779219796.33342,1,1680,1050
1,2,2259,1779219796.35424,1,1680,1050
1,2,2260,1779219796.37506,1,1680,1050
1,2,2261,1779219796.39588,1,1680,1050
1,2,2262,1779219796.4167,1,1680,1050
1,2,2263,1779219796.43752,1,1680,1050
1,2,2264,1779219796.45834,1,1680,1050
1,2,2265,1779219796.47916,1,1680,1050
1,2,2266,1779219796.49998,1,1680,1050
1,2,2267,1779219796.5208,1,1680,1050
1,2,2268,1779219796.54162,1,1680,1050
1,2,2269,1779219796.56244,1,1680,1050
1,2,2270,1779219796.58326,1,1680,1050
1,2,2271,1779219796.60408,1,1680,1050
1,2,2272,1779219796.6249,1,1680,1050
1,2,2273,1779219796.64572,1,1680,1050
1,2,2274,1779219796.66653,1,1680,1050
1,2,2275,1779219796.68735,1,1680,1050
1,2,2276,1779219796.70817,1,1680,1050
1,2,2277,1779219796.72899,1,1680,1050
1,2,2278,1779219796.74981,1,1680,1050
1,2,2279,1779219796.77063,1,1680,1050
1,2,2280,1779219796.79145,1,1680,1050
1,2,2281,1779219796.81227,1,1680,1050
1,2,2282,1779219796.83309,1,1680,1050
1,2,2283,1779219796.85391,1,1680,1050
1,2,2284,1779219796.87473,1,1680,1050
1,2,2285,1779219796.89555,1,1680,1050
1,2,2286,1779219796.91637,1,1680,1050
1,2,2287,1779219796.93719,1,1680,1050
1,2,2288,1779219796.95801,1,1680,1050
1,2,2289,1779219796.97883,1,1680,1050
1,2,2290,1779219796.99965,1,1680,1050
1,2,2291,1779219797.02047,1,1680,1050
1,2,2292,1779219797.04128,1,1680,1050
1,2,2293,1779219797.0621,1,1680,1050
1,2,2294,1779219797.08292,1,1680,1050
1,2,2295,1779219797.10374,1,1680,1050
1,2,2296,1779219797.12456,1,1680,1050
1,2,2297,1779219797.14538,1,1680,1050
1,2,2298,1779219797.1662,1,1680,1050
1,2,2299,1779219797.18702,1,1680,1050
1,2,2300,1779219797.20784,1,1680,1050
1,2,2301,1779219797.22866,1,1680,1050
1,2,2302,1779219797.24948,1,1680,1050
1,2,2303,1779219797.2703,1,1680,1050
1,2,2304,1779219797.29112,1,1680,1050
1,2,2305,1779219797.31194,1,1680,1050
1,2,2306,1779219797.33276,1,1680,1050
1,2,2307,1779219797.35358,1,1680,1050
1,2,2308,1779219797.3744,1,1680,1050
1,2,2309,1779219797.39522,1,1680,1050
1,2,2310,1779219797.41604,1,1680,1050
1,2,2311,1779219797.43686,1,1680,1050
1,2,2312,1779219797.45768,1,1680,1050
1,2,2313,1779219797.4785,1,1680,1050
1,2,2314,1779219797.49931,1,1680,1050
1,2,2315,1779219797.52013,1,1680,1050
1,2,2316,1779219797.54095,1,1680,1050
1,2,2317,1779219797.56177,1,1680,1050
1,2,2318,1779219797.58259,1,1680,1050
1,2,2319,1779219797.60341,1,1680,1050
1,2,2320,1779219797.62423,1,1680,1050
1,2,2321,1779219797.64505,1,1680,1050
1,2,2322,1779219797.66587,1,1680,1050
1,2,2323,1779219797.68669,1,1680,1050
1,2,2324,1779219797.70751,1,1680,1050
1,2,2325,1779219797.72833,1,1680,1050
1,2,2326,1779219797.74915,1,1680,1050
1,2,2327,1779219797.76997,1,1680,1050
1,2,2328,1779219797.79079,1,1680,1050
1,2,2329,1779219797.81161,1,1680,1050
1,2,2330,1779219797.83243,1,1680,1050
1,2,2331,1779219797.85325,1,1680,1050
1,2,2332,1779219797.87407,1,1680,1050
1,2,2333,1779219797.89489,1,1680,1050
1,2,2334,1779219797.9157,1,1680,1050
1,2,2335,1779219797.93652,1,1680,1050
1,2,2336,1779219797.95734,1,1680,1050
1,2,2337,1779219797.97816,1,1680,1050
1,2,2338,1779219797.99898,1,1680,1050
1,2,2339,1779219798.0198,1,1680,1050
1,2,2340,1779219798.04062,1,1680,1050
1,2,2341,1779219798.06144,1,1680,1050
1,2,2342,1779219798.08226,2,1680,1050
1,2,2343,1779219798.10308,2,1680,1050
1,2,2344,1779219798.1239,2,1680,1050
1,2,2345,1779219798.14472,2,1680,1050
1,2,2346,1779219798.16554,2,1680,1050
1,2,2347,1779219798.18636,2,1680,1050
1,2,2348,1779219798.20718,2,1680,1050
1,2,2349,1779219798.228,2,1680,1050
1,2,2350,1779219798.24882,2,1680,1050
1,2,2351,1779219798.26964,2,1680,1050
1,2,2352,1779219798.29046,2,1680,1050
1,2,2353,1779219798.31128,2,1680,1050
1,2,2354,1779219798.33209,2,1680,1050
1,2,2355,1779219798.35291,2,1680,1050
1,2,2356,1779219798.37373,2,1680,1050
1,2,2357,1779219798.39455,2,1680,1050
1,2,2358,1779219798.41537,2,1680,1050
1,2,2359,1779219798.43619,2,1680,1050
1,2,2360,1779219798.45701,2,1680,1050
1,2,2361,1779219798.47783,2,1680,1050
1,2,2362,1779219798.49865,2,1680,1050
1,2,2363,1779219798.51947,2,1680,1050
1,2,2364,1779219798.54029,2,1680,1050
1,2,2365,1779219798.56111,2,1680,1050
1,2,2366,1779219798.58193,2,1680,1050
1,2,2367,1779219798.60275,2,1680,1050
1,2,2368,1779219798.62357,2,1680,1050
1,2,2369,1779219798.64439,2,1680,1050
1,2,2370,1779219798.66521,2,1680,1050
1,2,2371,1779219798.68603,2,1680,1050
1,2,2372,1779219798.70685,2,1680,1050
1,2,2373,1779219798.72767,2,1680,1050
1,2,2374,1779219798.74849,2,1680,1050
1,2,2375,1779219798.7693,2,1680,1050
1,2,2376,1779219798.79012,2,1680,1050
1,2,2377,1779219798.81094,2,1680,1050
1,2,2378,1779219798.83176,2,1680,1050
1,2,2379,1779219798.85258,2,1680,1050
1,2,2380,1779219798.8734,2,1680,1050
1,2,2381,1779219798.89422,2,1680,1050
1,2,2382,1779219798.91504,2,1680,1050
1,2,2383,1779219798.93586,2,1680,1050
1,2,2384,1779219798.95668,2,1680,1050
1,2,2385,1779219798.9775,2,1680,1050
1,2,2386,1779219798.99832,2,1680,1050
1,2,2387,1779219799.01914,2,1680,1050
1,2,2388,1779219799.03996,2,1680,1050
1,2,2389,1779219799.06078,2,1680,1050
1,2,2390,1779219799.0816,2,1680,1050
1,2,2391,1779219799.10242,2,1680,1050
1,2,2392,1779219799.12324,2,1680,1050
1,2,2393,1779219799.14406,2,1680,1050
1,2,2394,1779219799.16488,2,1680,1050
1,2,2395,1779219799.18569,2,1680,1050
1,2,2396,1779219799.20651,2,1680,1050
1,2,2397,1779219799.22733,2,1680,1050
1,2,2398,1779219799.24815,2,1680,1050
1,2,2399,1779219799.26897,2,1680,1050
1,2,2400,1779219799.28979,2,1680,1050
1,2,2401,1779219799.31061,2,1680,1050
1,2,2402,1779219799.33143,2,1680,1050
1,2,2403,1779219799.35225,2,1680,1050
1,2,2404,1779219799.37307,2,1680,1050
1,2,2405,1779219799.39389,2,1680,1050
1,2,2406,1779219799.41471,2,1680,1050
1,2,2407,1779219799.43553,2,1680,1050
1,2,2408,1779219799.45635,2,1680,1050
1,2,2409,1779219799.47717,2,1680,1050
1,2,2410,1779219799.49799,2,1680,1050
1,2,2411,1779219799.51881,2,1680,1050
1,2,2412,1779219799.53963,2,1680,1050
1,2,2413,1779219799.56044,2,1680,1050
1,2,2414,1779219799.58127,2,1680,1050
1,2,2415,1779219799.60208,2,1680,1050
1,2,2416,1779219799.6229,2,1680,1050
1,2,2417,1779219799.64372,2,1680,1050
1,2,2418,1779219799.66454,2,1680,1050
1,2,2419,1779219799.68536,2,1680,1050
1,2,2420,1779219799.70618,2,1680,1050
1,2,2421,1779219799.727,2,1680,1050
1,2,2422,1779219799.74782,2,1680,1050
1,2,2423,1779219799.76864,2,1680,1050
1,2,2424,1779219799.78946,2,1680,1050
1,2,2425,1779219799.81028,2,1680,1050
1,2,2426,1779219799.8311,2,1680,1050
1,2,2427,1779219799.85192,2,1680,1050
1,2,2428,1779219799.87274,2,1680,1050
1,2,2429,1779219799.89356,2,1680,1050
1,2,2430,1779219799.91438,2,1680,1050
1,2,2431,1779219799.9352,2,1680,1050
1,2,2432,1779219799.95602,2,1680,1050
1,2,2433,1779219799.97684,2,1680,1050
1,2,2434,1779219799.99765,2,1680,1050
1,2,2435,1779219800.01848,2,1680,1050
1,2,2436,1779219800.03929,2,1680,1050
1,2,2437,1779219800.06011,2,1680,1050
1,2,2438,1779219800.08093,2,1680,1050
1,2,2439,1779219800.10175,2,1680,1050
1,2,2440,1779219800.12257,2,1680,1050
1,2,2441,1779219800.14339,2,1680,1050
1,2,2442,1779219800.16421,2,1680,1050
1,2,2443,1779219800.18503,2,1680,1050
1,2,2444,1779219800.20585,2,1680,1050
1,2,2445,1779219800.22667,2,1680,1050
1,2,2446,1779219800.24749,2,1680,1050
1,2,2447,1779219800.26831,2,1680,1050
1,2,2448,1779219800.28913,2,1680,1050
1,2,2449,1779219800.30995,2,1680,1050
1,2,2450,1779219800.33077,2,1680,1050
1,2,2451,1779219800.35159,2,1680,1050
1,2,2452,1779219800.37241,2,1680,1050
1,2,2453,1779219800.39322,2,1680,1050
1,2,2454,1779219800.41405,2,1680,1050
1,2,2455,1779219800.43486,2,1680,1050
1,2,2456,1779219800.45568,2,1680,1050
1,2,2457,1779219800.4765,2,1680,1050
1,2,2458,1779219800.49732,2,1680,1050
1,2,2459,1779219800.51814,2,1680,1050
1,2,2460,1779219800.53896,2,1680,1050
1,2,2461,1779219800.55978,2,1680,1050
1,2,2462,1779219800.5806,2,1680,1050
1,2,2463,1779219800.60142,2,1680,1050
1,2,2464,1779219800.62224,2,1680,1050
1,2,2465,1779219800.64306,2,1680,1050
1,2,2466,1779219800.66388,2,1680,1050
1,2,2467,1779219800.6847,2,1680,1050
1,2,2468,1779219800.70552,2,1680,1050
1,2,2469,1779219800.72634,2,1680,1050
1,2,2470,1779219800.74716,2,1680,1050
1,2,2471,1779219800.76798,2,1680,1050
1,2,2472,1779219800.7888,2,1680,1050
1,2,2473,1779219800.80962,2,1680,1050
1,2,2474,1779219800.83044,2,1680,1050
1,2,2475,1779219800.85126,2,1680,1050
1,2,2476,1779219800.87207,2,1680,1050
1,2,2477,1779219800.89289,2,1680,1050
1,2,2478,1779219800.91371,2,1680,1050
1,2,2479,1779219800.93453,2,1680,1050
1,2,2480,1779219800.95535,2,1680,1050
1,2,2481,1779219800.97617,2,1680,1050
1,2,2482,1779219800.99699,2,1680,1050
1,2,2483,1779219801.01781,2,1680,1050
1,2,2484,1779219801.03863,2,1680,1050
1,2,2485,1779219801.05945,2,1680,1050
1,2,2486,1779219801.08027,2,1680,1050
1,2,2487,1779219801.10109,2,1680,1050
1,2,2488,1779219801.12191,2,1680,1050
1,2,2489,1779219801.14273,2,1680,1050
1,2,2490,1779219801.16355,2,1680,1050
1,2,2491,1779219801.18437,2,1680,1050
1,2,2492,1779219801.20519,2,1680,1050
1,2,2493,1779219801.22601,2,1680,1050
1,2,2494,1779219801.24683,2,1680,1050
1,2,2495,1779219801.26765,2,1680,1050
1,2,2496,1779219801.28846,2,1680,1050
1,2,2497,1779219801.30928,2,1680,1050
1,2,2498,1779219801.3301,2,1680,1050
1,2,2499,1779219801.35092,2,1680,1050
1,2,2500,1779219801.37174,2,1680,1050
1,2,2501,1779219801.39256,2,1680,1050
1,2,2502,1779219801.41338,2,1680,1050
1,2,2503,1779219801.4342,2,1680,1050
1,2,2504,1779219801.45502,2,1680,1050
1,2,2505,1779219801.47584,2,1680,1050
1,2,2506,1779219801.49666,2,1680,1050
1,2,2507,1779219801.51748,2,1680,1050
1,2,2508,1779219801.5383,2,1680,1050
1,2,2509,1779219801.55912,2,1680,1050
1,2,2510,1779219801.57994,2,1680,1050
1,2,2511,1779219801.60076,2,1680,1050
1,2,2512,1779219801.62158,2,1680,1050
1,2,2513,1779219801.6424,2,1680,1050
1,2,2514,1779219801.66322,2,1680,1050
1,2,2515,1779219801.68404,2,1680,1050
1,2,2516,1779219801.70486,2,1680,1050
1,2,2517,1779219801.72567,2,1680,1050
1,2,2518,1779219801.74649,2,1680,1050
1,2,2519,1779219801.76731,2,1680,1050
1,2,2520,1779219801.78813,2,1680,1050
1,2,2521,1779219801.80895,2,1680,1050
1,2,2522,1779219801.82977,2,1680,1050
1,2,2523,1779219801.85059,2,1680,1050
1,2,2524,1779219801.87141,2,1680,1050
1,2,2525,1779219801.89223,2,1680,1050
1,2,2526,1779219801.91305,2,1680,1050
1,2,2527,1779219801.93387,2,1680,1050
1,2,2528,1779219801.95469,2,1680,1050
1,2,2529,1779219801.97551,2,1680,1050
1,2,2530,1779219801.99633,2,1680,1050
1,2,2531,1779219802.01715,2,1680,1050
1,2,2532,1779219802.03797,2,1680,1050
1,2,2533,1779219802.05879,2,1680,1050
1,2,2534,1779219802.07961,2,1680,1050
1,2,2535,1779219802.10043,2,1680,1050
1,2,2536,1779219802.12124,2,1680,1050
1,2,2537,1779219802.14206,2,1680,1050
1,2,2538,1779219802.16288,2,1680,1050
1,2,2539,1779219802.1837,2,1680,1050
1,2,2540,1779219802.20452,2,1680,1050
1,2,2541,1779219802.22534,2,1680,1050
1,2,2542,1779219802.24616,2,1680,1050
1,2,2543,1779219802.26698,2,1680,1050
1,2,2544,1779219802.2878,2,1680,1050
1,2,2545,1779219802.30862,2,1680,1050
1,2,2546,1779219802.32944,2,1680,1050
1,2,2547,1779219802.35026,2,1680,1050
1,2,2548,1779219802.37108,2,1680,1050
1,2,2549,1779219802.3919,2,1680,1050
1,2,2550,1779219802.41272,2,1680,1050
1,2,2551,1779219802.43354,2,1680,1050
1,2,2552,1779219802.45436,2,1680,1050
1,2,2553,1779219802.47518,2,1680,1050
1,2,2554,1779219802.496,2,1680,1050
1,2,2555,1779219802.51682,2,1680,1050
1,2,2556,1779219802.53764,2,1680,1050
1,2,2557,1779219802.55845,2,1680,1050
1,2,2558,1779219802.57927,2,1680,1050
1,2,2559,1779219802.60009,2,1680,1050
1,2,2560,1779219802.62091,2,1680,1050
1,2,2561,1779219802.64173,2,1680,1050
1,2,2562,1779219802.66255,2,1680,1050
1,2,2563,1779219802.68337,2,1680,1050
1,2,2564,1779219802.70419,2,1680,1050
1,2,2565,1779219802.72501,2,1680,1050
1,2,2566,1779219802.74583,2,1680,1050
1,2,2567,1779219802.76665,2,1680,1050
1,2,2568,1779219802.78747,2,1680,1050
1,2,2569,1779219802.80829,2,1680,1050
1,2,2570,1779219802.82911,2,1680,1050
1,2,2571,1779219802.84993,2,1680,1050
1,2,2572,1779219802.87075,2,1680,1050
1,2,2573,1779219802.89157,2,1680,1050
1,2,2574,1779219802.91239,2,1680,1050
1,2,2575,1779219802.93321,2,1680,1050
1,2,2576,1779219802.95403,2,1680,1050
1,2,2577,1779219802.97484,2,1680,1050
1,2,2578,1779219802.99566,2,1680,1050
1,2,2579,1779219803.01648,2,1680,1050
1,2,2580,1779219803.0373,2,1680,1050
1,2,2581,1779219803.05812,2,1680,1050
1,2,2582,1779219803.07894,1,1680,1050
1,2,2583,1779219803.09976,1,1680,1050
1,2,2584,1779219803.12058,1,1680,1050
1,2,2585,1779219803.1414,1,1680,1050
1,2,2586,1779219803.16222,1,1680,1050
1,2,2587,1779219803.18304,1,1680,1050
1,2,2588,1779219803.20386,1,1680,1050
1,2,2589,1779219803.22468,1,1680,1050
1,2,2590,1779219803.2455,1,1680,1050
1,2,2591,1779219803.26632,1,1680,1050
1,2,2592,1779219803.28714,1,1680,1050
1,2,2593,1779219803.30796,1,1680,1050
1,2,2594,1779219803.32879,1,1680,1050
1,2,2595,1779219803.3496,1,1680,1050
1,2,2596,1779219803.37042,1,1680,1050
1,2,2597,1779219803.39123,1,1680,1050
1,2,2598,1779219803.41205,1,1680,1050
1,2,2599,1779219803.43287,1,1680,1050
1,2,2600,1779219803.45369,1,1680,1050
1,2,2601,1779219803.47451,1,1680,1050
1,2,2602,1779219803.49533,1,1680,1050
1,2,2603,1779219803.51615,1,1680,1050
1,2,2604,1779219803.53697,1,1680,1050
1,2,2605,1779219803.55779,1,1680,1050
1,2,2606,1779219803.57861,1,1680,1050
1,2,2607,1779219803.59943,1,1680,1050
1,2,2608,1779219803.62025,1,1680,1050
1,2,2609,1779219803.64107,1,1680,1050
1,2,2610,1779219803.66189,1,1680,1050
1,2,2611,1779219803.68271,1,1680,1050
1,2,2612,1779219803.70353,1,1680,1050
1,2,2613,1779219803.72435,1,1680,1050
1,2,2614,1779219803.74517,1,1680,1050
1,2,2615,1779219803.76599,1,1680,1050
1,2,2616,1779219803.78681,1,1680,1050
1,2,2617,1779219803.80763,1,1680,1050
1,2,2618,1779219803.82844,1,1680,1050
1,2,2619,1779219803.84926,1,1680,1050
1,2,2620,1779219803.87008,1,1680,1050
1,2,2621,1779219803.8909,1,1680,1050
1,2,2622,1779219803.91172,1,1680,1050
1,2,2623,1779219803.93254,1,1680,1050
1,2,2624,1779219803.95336,1,1680,1050
1,2,2625,1779219803.97418,1,1680,1050
1,2,2626,1779219803.995,1,1680,1050
1,2,2627,1779219804.01582,1,1680,1050
1,2,2628,1779219804.03664,1,1680,1050
1,2,2629,1779219804.05746,1,1680,1050
1,2,2630,1779219804.07828,1,1680,1050
1,2,2631,1779219804.0991,1,1680,1050
1,2,2632,1779219804.11992,1,1680,1050
1,2,2633,1779219804.14074,1,1680,1050
1,2,2634,1779219804.16156,1,1680,1050
1,2,2635,1779219804.18238,1,1680,1050
1,2,2636,1779219804.2032,1,1680,1050
1,2,2637,1779219804.22402,1,1680,1050
1,2,2638,1779219804.24483,1,1680,1050
1,2,2639,1779219804.26565,1,1680,1050
1,2,2640,1779219804.28647,1,1680,1050
1,2,2641,1779219804.30729,1,1680,1050
1,2,2642,1779219804.32811,1,1680,1050
1,2,2643,1779219804.34893,1,1680,1050
1,2,2644,1779219804.36975,1,1680,1050
1,2,2645,1779219804.39057,1,1680,1050
1,2,2646,1779219804.41139,1,1680,1050
1,2,2647,1779219804.43221,1,1680,1050
1,2,2648,1779219804.45303,1,1680,1050
1,2,2649,1779219804.47385,1,1680,1050
1,2,2650,1779219804.49467,1,1680,1050
1,2,2651,1779219804.51549,1,1680,1050
1,2,2652,1779219804.53631,1,1680,1050
1,2,2653,1779219804.55713,1,1680,1050
1,2,2654,1779219804.57795,1,1680,1050
1,2,2655,1779219804.59877,1,1680,1050
1,2,2656,1779219804.61959,1,1680,1050
1,2,2657,1779219804.64041,1,1680,1050
1,2,2658,1779219804.66123,1,1680,1050
1,2,2659,1779219804.68204,1,1680,1050
1,2,2660,1779219804.70286,1,1680,1050
1,2,2661,1779219804.72368,1,1680,1050
1,2,2662,1779219804.7445,1,1680,1050
1,2,2663,1779219804.76532,1,1680,1050
1,2,2664,1779219804.78614,1,1680,1050
1,2,2665,1779219804.80696,1,1680,1050
1,2,2666,1779219804.82778,1,1680,1050
1,2,2667,1779219804.8486,1,1680,1050
1,2,2668,1779219804.86942,1,1680,1050
1,2,2669,1779219804.89024,1,1680,1050
1,2,2670,1779219804.91106,1,1680,1050
1,2,2671,1779219804.93188,1,1680,1050
1,2,2672,1779219804.9527,1,1680,1050
1,2,2673,1779219804.97352,1,1680,1050
1,2,2674,1779219804.99434,1,1680,1050
1,2,2675,1779219805.01516,1,1680,1050
1,2,2676,1779219805.03598,1,1680,1050
1,2,2677,1779219805.0568,1,1680,1050
1,2,2678,1779219805.07762,1,1680,1050
1,2,2679,1779219805.09843,1,1680,1050
1,2,2680,1779219805.11925,1,1680,1050
1,2,2681,1779219805.14007,1,1680,1050
1,2,2682,1779219805.16089,1,1680,1050
1,2,2683,1779219805.18171,1,1680,1050
1,2,2684,1779219805.20253,1,1680,1050
1,2,2685,1779219805.22335,1,1680,1050
1,2,2686,1779219805.24417,1,1680,1050
1,2,2687,1779219805.26499,1,1680,1050
1,2,2688,1779219805.28581,1,1680,1050
1,2,2689,1779219805.30663,1,1680,1050
1,2,2690,1779219805.32745,1,1680,1050
1,2,2691,1779219805.34827,1,1680,1050
1,2,2692,1779219805.36909,1,1680,1050
1,2,2693,1779219805.38991,1,1680,1050
1,2,2694,1779219805.41073,1,1680,1050
1,2,2695,1779219805.43155,1,1680,1050
1,2,2696,1779219805.45237,1,1680,1050
1,2,2697,1779219805.47319,1,1680,1050
1,2,2698,1779219805.49401,1,1680,1050
1,2,2699,1779219805.51482,1,1680,1050
1,2,2700,1779219805.53564,1,1680,1050
1,2,2701,1779219805.55646,1,1680,1050
1,2,2702,1779219805.57728,1,1680,1050
1,2,2703,1779219805.5981,1,1680,1050
1,2,2704,1779219805.61892,1,1680,1050
1,2,2705,1779219805.63974,1,1680,1050
1,2,2706,1779219805.66056,1,1680,1050
1,2,2707,1779219805.68138,1,1680,1050
1,2,2708,1779219805.7022,1,1680,1050
1,2,2709,1779219805.72302,1,1680,1050
1,2,2710,1779219805.74384,1,1680,1050
1,2,2711,1779219805.76466,1,1680,1050
1,2,2712,1779219805.78548,1,1680,1050
1,2,2713,1779219805.8063,1,1680,1050
1,2,2714,1779219805.82712,1,1680,1050
1,2,2715,1779219805.84794,1,1680,1050
1,2,2716,1779219805.86876,1,1680,1050
1,2,2717,1779219805.88958,1,1680,1050
1,2,2718,1779219805.9104,1,1680,1050
1,2,2719,1779219805.93121,1,1680,1050
1,2,2720,1779219805.95203,1,1680,1050
1,2,2721,1779219805.97285,1,1680,1050
1,2,2722,1779219805.99367,1,1680,1050
1,2,2723,1779219806.01449,1,1680,1050
1,2,2724,1779219806.03531,1,1680,1050
1,2,2725,1779219806.05613,1,1680,1050
1,2,2726,1779219806.07695,1,1680,1050
1,2,2727,1779219806.09777,1,1680,1050
1,2,2728,1779219806.11859,1,1680,1050
1,2,2729,1779219806.13941,1,1680,1050
1,2,2730,1779219806.16023,1,1680,1050
1,2,2731,1779219806.18105,1,1680,1050
1,2,2732,1779219806.20187,1,1680,1050
1,2,2733,1779219806.22269,1,1680,1050
1,2,2734,1779219806.24351,1,1680,1050
1,2,2735,1779219806.26433,1,1680,1050
1,2,2736,1779219806.28515,1,1680,1050
1,2,2737,1779219806.30597,1,1680,1050
1,2,2738,1779219806.32678,1,1680,1050
1,2,2739,1779219806.3476,1,1680,1050
1,2,2740,1779219806.36842,1,1680,1050
1,2,2741,1779219806.38924,1,1680,1050
1,2,2742,1779219806.41006,1,1680,1050
1,2,2743,1779219806.43088,1,1680,1050
1,2,2744,1779219806.4517,1,1680,1050
1,2,2745,1779219806.47252,1,1680,1050
1,2,2746,1779219806.49334,1,1680,1050
1,2,2747,1779219806.51416,1,1680,1050
1,2,2748,1779219806.53498,1,1680,1050
1,2,2749,1779219806.5558,1,1680,1050
1,2,2750,1779219806.57662,1,1680,1050
1,2,2751,1779219806.59744,1,1680,1050
1,2,2752,1779219806.61826,1,1680,1050
1,2,2753,1779219806.63908,1,1680,1050
1,2,2754,1779219806.6599,1,1680,1050
1,2,2755,1779219806.68072,1,1680,1050
1,2,2756,1779219806.70154,1,1680,1050
1,2,2757,1779219806.72236,1,1680,1050
1,2,2758,1779219806.74318,1,1680,1050
1,2,2759,1779219806.764,1,1680,1050
1,2,2760,1779219806.78481,1,1680,1050
1,2,2761,1779219806.80563,1,1680,1050
1,2,2762,1779219806.82645,1,1680,1050
1,2,2763,1779219806.84727,1,1680,1050
1,2,2764,1779219806.86809,1,1680,1050
1,2,2765,1779219806.88891,1,1680,1050
1,2,2766,1779219806.90973,1,1680,1050
1,2,2767,1779219806.93055,1,1680,1050
1,2,2768,1779219806.95137,1,1680,1050
1,2,2769,1779219806.97219,1,1680,1050
1,2,2770,1779219806.99301,1,1680,1050
1,2,2771,1779219807.01383,1,1680,1050
1,2,2772,1779219807.03465,1,1680,1050
1,2,2773,1779219807.05547,1,1680,1050
1,2,2774,1779219807.07629,1,1680,1050
1,2,2775,1779219807.09711,1,1680,1050
1,2,2776,1779219807.11793,1,1680,1050
1,2,2777,1779219807.13875,1,1680,1050
1,2,2778,1779219807.15957,1,1680,1050
1,2,2779,1779219807.18038,1,1680,1050
1,2,2780,1779219807.2012,1,1680,1050
1,2,2781,1779219807.22202,1,1680,1050
1,2,2782,1779219807.24284,1,1680,1050
1,2,2783,1779219807.26366,1,1680,1050
1,2,2784,1779219807.28448,1,1680,1050
1,2,2785,1779219807.3053,1,1680,1050
1,2,2786,1779219807.32612,1,1680,1050
1,2,2787,1779219807.34694,1,1680,1050
1,2,2788,1779219807.36776,1,1680,1050
1,2,2789,1779219807.38858,1,1680,1050
1,2,2790,1779219807.4094,1,1680,1050
1,2,2791,1779219807.43022,1,1680,1050
1,2,2792,1779219807.45104,1,1680,1050
1,2,2793,1779219807.47186,1,1680,1050
1,2,2794,1779219807.49268,1,1680,1050
1,2,2795,1779219807.5135,1,1680,1050
1,2,2796,1779219807.53432,1,1680,1050
1,2,2797,1779219807.55514,1,1680,1050
1,2,2798,1779219807.57596,1,1680,1050
1,2,2799,1779219807.59678,1,1680,1050
1,2,2800,1779219807.61759,1,1680,1050
1,2,2801,1779219807.63841,1,1680,1050
1,2,2802,1779219807.65923,1,1680,1050
1,2,2803,1779219807.68005,1,1680,1050
1,2,2804,1779219807.70087,1,1680,1050
1,2,2805,1779219807.72169,1,1680,1050
1,2,2806,1779219807.74251,1,1680,1050
1,2,2807,1779219807.76333,1,1680,1050
1,2,2808,1779219807.78415,1,1680,1050
1,2,2809,1779219807.80497,1,1680,1050
1,2,2810,1779219807.82579,1,1680,1050
1,2,2811,1779219807.84661,1,1680,1050
1,2,2812,1779219807.86743,1,1680,1050
1,2,2813,1779219807.88825,1,1680,1050
1,2,2814,1779219807.90907,1,1680,1050
1,2,2815,1779219807.92989,1,1680,1050
1,2,2816,1779219807.95071,1,1680,1050
1,2,2817,1779219807.97153,1,1680,1050
1,2,2818,1779219807.99235,1,1680,1050
1,2,2819,1779219808.01317,1,1680,1050
1,2,2820,1779219808.03398,1,1680,1050
1,2,2821,1779219808.0548,1,1680,1050
1,2,2822,1779219808.07562,2,1680,1050
1,2,2823,1779219808.09644,2,1680,1050
1,2,2824,1779219808.11726,2,1680,1050
1,2,2825,1779219808.13808,2,1680,1050
1,2,2826,1779219808.1589,2,1680,1050
1,2,2827,1779219808.17972,2,1680,1050
1,2,2828,1779219808.20054,2,1680,1050
1,2,2829,1779219808.22136,2,1680,1050
1,2,2830,1779219808.24218,2,1680,1050
1,2,2831,1779219808.263,2,1680,1050
1,2,2832,1779219808.28382,2,1680,1050
1,2,2833,1779219808.30464,2,1680,1050
1,2,2834,1779219808.32546,2,1680,1050
1,2,2835,1779219808.34628,2,1680,1050
1,2,2836,1779219808.3671,2,1680,1050
1,2,2837,1779219808.38792,2,1680,1050
1,2,2838,1779219808.40874,2,1680,1050
1,2,2839,1779219808.42955,2,1680,1050
1,2,2840,1779219808.45037,2,1680,1050
1,2,2841,1779219808.47119,2,1680,1050
1,2,2842,1779219808.49201,2,1680,1050
1,2,2843,1779219808.51283,2,1680,1050
1,2,2844,1779219808.53365,2,1680,1050
1,2,2845,1779219808.55447,2,1680,1050
1,2,2846,1779219808.57529,2,1680,1050
1,2,2847,1779219808.59611,2,1680,1050
1,2,2848,1779219808.61693,2,1680,1050
1,2,2849,1779219808.63775,2,1680,1050
1,2,2850,1779219808.65857,2,1680,1050
1,2,2851,1779219808.67939,2,1680,1050
1,2,2852,1779219808.70021,2,1680,1050
1,2,2853,1779219808.72103,2,1680,1050
1,2,2854,1779219808.74185,2,1680,1050
1,2,2855,1779219808.76267,2,1680,1050
1,2,2856,1779219808.78349,2,1680,1050
1,2,2857,1779219808.80431,2,1680,1050
1,2,2858,1779219808.82513,2,1680,1050
1,2,2859,1779219808.84595,2,1680,1050
1,2,2860,1779219808.86677,2,1680,1050
1,2,2861,1779219808.88758,2,1680,1050
1,2,2862,1779219808.9084,2,1680,1050
1,2,2863,1779219808.92922,2,1680,1050
1,2,2864,1779219808.95004,2,1680,1050
1,2,2865,1779219808.97086,2,1680,1050
1,2,2866,1779219808.99168,2,1680,1050
1,2,2867,1779219809.0125,2,1680,1050
1,2,2868,1779219809.03332,2,1680,1050
1,2,2869,1779219809.05414,2,1680,1050
1,2,2870,1779219809.07496,2,1680,1050
1,2,2871,1779219809.09578,2,1680,1050
1,2,2872,1779219809.1166,2,1680,1050
1,2,2873,1779219809.13742,2,1680,1050
1,2,2874,1779219809.15824,2,1680,1050
1,2,2875,1779219809.17906,2,1680,1050
1,2,2876,1779219809.19988,2,1680,1050
1,2,2877,1779219809.2207,2,1680,1050
1,2,2878,1779219809.24152,2,1680,1050
1,2,2879,1779219809.26233,2,1680,1050
1,2,2880,1779219809.28315,2,1680,1050
1,2,2881,1779219809.30397,2,1680,1050
1,2,2882,1779219809.32479,2,1680,1050
1,2,2883,1779219809.34561,2,1680,1050
1,2,2884,1779219809.36643,2,1680,1050
1,2,2885,1779219809.38725,2,1680,1050
1,2,2886,1779219809.40807,2,1680,1050
1,2,2887,1779219809.42889,2,1680,1050
1,2,2888,1779219809.44971,2,1680,1050
1,2,2889,1779219809.47053,2,1680,1050
1,2,2890,1779219809.49135,2,1680,1050
1,2,2891,1779219809.51217,2,1680,1050
1,2,2892,1779219809.53299,2,1680,1050
1,2,2893,1779219809.55381,2,1680,1050
1,2,2894,1779219809.57463,2,1680,1050
1,2,2895,1779219809.59545,2,1680,1050
1,2,2896,1779219809.61627,2,1680,1050
1,2,2897,1779219809.63709,2,1680,1050
1,2,2898,1779219809.65791,2,1680,1050
1,2,2899,1779219809.67873,2,1680,1050
1,2,2900,1779219809.69955,2,1680,1050
1,2,2901,1779219809.72037,2,1680,1050
1,2,2902,1779219809.74118,2,1680,1050
1,2,2903,1779219809.762,2,1680,1050
1,2,2904,1779219809.78282,2,1680,1050
1,2,2905,1779219809.80364,2,1680,1050
1,2,2906,1779219809.82446,2,1680,1050
1,2,2907,1779219809.84528,2,1680,1050
1,2,2908,1779219809.8661,2,1680,1050
1,2,2909,1779219809.88692,2,1680,1050
1,2,2910,1779219809.90774,2,1680,1050
1,2,2911,1779219809.92856,2,1680,1050
1,2,2912,1779219809.94938,2,1680,1050
1,2,2913,1779219809.9702,2,1680,1050
1,2,2914,1779219809.99102,2,1680,1050
1,2,2915,1779219810.01184,2,1680,1050
1,2,2916,1779219810.03266,2,1680,1050
1,2,2917,1779219810.05348,2,1680,1050
1,2,2918,1779219810.0743,2,1680,1050
1,2,2919,1779219810.09512,2,1680,1050
1,2,2920,1779219810.11594,2,1680,1050
1,2,2921,1779219810.13675,2,1680,1050
1,2,2922,1779219810.15757,2,1680,1050
1,2,2923,1779219810.17839,2,1680,1050
1,2,2924,1779219810.19921,2,1680,1050
1,2,2925,1779219810.22003,2,1680,1050
1,2,2926,1779219810.24085,2,1680,1050
1,2,2927,1779219810.26167,2,1680,1050
1,2,2928,1779219810.28249,2,1680,1050
1,2,2929,1779219810.30331,2,1680,1050
1,2,2930,1779219810.32413,2,1680,1050
1,2,2931,1779219810.34495,2,1680,1050
1,2,2932,1779219810.36577,2,1680,1050
1,2,2933,1779219810.38659,2,1680,1050
1,2,2934,1779219810.40741,2,1680,1050
1,2,2935,1779219810.42823,2,1680,1050
1,2,2936,1779219810.44905,2,1680,1050
1,2,2937,1779219810.46987,2,1680,1050
1,2,2938,1779219810.49069,2,1680,1050
1,2,2939,1779219810.51151,2,1680,1050
1,2,2940,1779219810.53233,2,1680,1050
1,2,2941,1779219810.55314,2,1680,1050
1,2,2942,1779219810.84462,1,1680,1050
1,2,2943,1779219810.86544,1,1680,1050
1,2,2944,1779219810.88626,1,1680,1050
1,2,2945,1779219810.90708,1,1680,1050
1,2,2946,1779219810.9279,1,1680,1050
1,2,2947,1779219810.94872,1,1680,1050
1,2,2948,1779219810.96954,1,1680,1050
1,2,2949,1779219810.99035,1,1680,1050
1,2,2950,1779219811.01117,1,1680,1050
1,2,2951,1779219811.03199,1,1680,1050
1,2,2952,1779219811.05281,1,1680,1050
1,2,2953,1779219811.07363,1,1680,1050
1,2,2954,1779219811.09445,1,1680,1050
1,2,2955,1779219811.11527,1,1680,1050
1,2,2956,1779219811.13609,1,1680,1050
1,2,2957,1779219811.15691,1,1680,1050
1,2,2958,1779219811.17773,1,1680,1050
1,2,2959,1779219811.19855,1,1680,1050
1,2,2960,1779219811.21937,1,1680,1050
1,2,2961,1779219811.24019,1,1680,1050
1,2,2962,1779219811.26101,1,1680,1050
1,2,2963,1779219811.28183,1,1680,1050
1,2,2964,1779219811.30265,1,1680,1050
1,2,2965,1779219811.32347,1,1680,1050
1,2,2966,1779219811.34429,1,1680,1050
1,2,2967,1779219811.36511,1,1680,1050
1,2,2968,1779219811.38593,1,1680,1050
1,2,2969,1779219811.40675,1,1680,1050
1,2,2970,1779219811.42756,1,1680,1050
1,2,2971,1779219811.44838,1,1680,1050
1,2,2972,1779219811.4692,1,1680,1050
1,2,2973,1779219811.49002,1,1680,1050
1,2,2974,1779219811.51084,1,1680,1050
1,2,2975,1779219811.53166,1,1680,1050
1,2,2976,1779219811.55248,1,1680,1050
1,2,2977,1779219811.5733,1,1680,1050
1,2,2978,1779219811.59412,1,1680,1050
1,2,2979,1779219811.61494,1,1680,1050
1,2,2980,1779219811.63576,1,1680,1050
1,2,2981,1779219811.65658,1,1680,1050
1,2,2982,1779219811.6774,1,1680,1050
1,2,2983,1779219811.69822,1,1680,1050
1,2,2984,1779219811.71904,1,1680,1050
1,2,2985,1779219811.73986,1,1680,1050
1,2,2986,1779219811.76068,1,1680,1050
1,2,2987,1779219811.7815,1,1680,1050
1,2,2988,1779219811.80232,1,1680,1050
1,2,2989,1779219811.82313,1,1680,1050
1,2,2990,1779219811.84395,1,1680,1050
1,2,2991,1779219811.86477,1,1680,1050
1,2,2992,1779219811.88559,1,1680,1050
1,2,2993,1779219811.90641,1,1680,1050
1,2,2994,1779219811.92723,1,1680,1050
1,2,2995,1779219811.94805,1,1680,1050
1,2,2996,1779219811.96887,1,1680,1050
1,2,2997,1779219811.98969,1,1680,1050
1,2,2998,1779219812.01051,1,1680,1050
1,2,2999,1779219812.03133,1,1680,1050
1,2,3000,1779219812.05215,1,1680,1050
1,2,3001,1779219812.07297,1,1680,1050
1,2,3002,1779219812.09379,1,1680,1050
1,2,3003,1779219812.11461,1,1680,1050
1,2,3004,1779219812.13543,1,1680,1050
1,2,3005,1779219812.15625,1,1680,1050
1,2,3006,1779219812.17707,1,1680,1050
1,2,3007,1779219812.19789,1,1680,1050
1,2,3008,1779219812.21871,1,1680,1050
1,2,3009,1779219812.23953,1,1680,1050
1,2,3010,1779219812.26034,1,1680,1050
1,2,3011,1779219812.28116,1,1680,1050
1,2,3012,1779219812.30198,1,1680,1050
1,2,3013,1779219812.3228,1,1680,1050
1,2,3014,1779219812.34362,1,1680,1050
1,2,3015,1779219812.36444,1,1680,1050
1,2,3016,1779219812.38526,1,1680,1050
1,2,3017,1779219812.40608,1,1680,1050
1,2,3018,1779219812.4269,1,1680,1050
1,2,3019,1779219812.44772,1,1680,1050
1,2,3020,1779219812.46854,1,1680,1050
1,2,3021,1779219812.48936,1,1680,1050
1,2,3022,1779219812.51018,1,1680,1050
1,2,3023,1779219812.531,1,1680,1050
1,2,3024,1779219812.55182,1,1680,1050
1,2,3025,1779219812.57264,1,1680,1050
1,2,3026,1779219812.59346,1,1680,1050
1,2,3027,1779219812.61428,1,1680,1050
1,2,3028,1779219812.6351,1,1680,1050
1,2,3029,1779219812.65592,1,1680,1050
1,2,3030,1779219812.67673,1,1680,1050
1,2,3031,1779219812.69755,1,1680,1050
1,2,3032,1779219812.71837,1,1680,1050
1,2,3033,1779219812.73919,1,1680,1050
1,2,3034,1779219812.76001,1,1680,1050
1,2,3035,1779219812.78083,1,1680,1050
1,2,3036,1779219812.80165,1,1680,1050
1,2,3037,1779219812.82247,1,1680,1050
1,2,3038,1779219812.84329,1,1680,1050
1,2,3039,1779219812.86411,1,1680,1050
1,2,3040,1779219812.88493,1,1680,1050
1,2,3041,1779219812.90575,1,1680,1050
1,2,3042,1779219812.92657,1,1680,1050
1,2,3043,1779219812.94739,1,1680,1050
1,2,3044,1779219812.96821,1,1680,1050
1,2,3045,1779219812.98903,1,1680,1050
1,2,3046,1779219813.00985,1,1680,1050
1,2,3047,1779219813.03067,1,1680,1050
1,2,3048,1779219813.05149,1,1680,1050
1,2,3049,1779219813.07231,1,1680,1050
1,2,3050,1779219813.09312,1,1680,1050
1,2,3051,1779219813.11394,1,1680,1050
1,2,3052,1779219813.13476,1,1680,1050
1,2,3053,1779219813.15558,1,1680,1050
1,2,3054,1779219813.1764,1,1680,1050
1,2,3055,1779219813.19722,1,1680,1050
1,2,3056,1779219813.21804,1,1680,1050
1,2,3057,1779219813.23886,1,1680,1050
1,2,3058,1779219813.25968,1,1680,1050
1,2,3059,1779219813.2805,1,1680,1050
1,2,3060,1779219813.30132,1,1680,1050
1,2,3061,1779219813.32214,1,1680,1050
1,2,3062,1779219813.34296,1,1680,1050
1,2,3063,1779219813.36378,1,1680,1050
1,2,3064,1779219813.3846,1,1680,1050
1,2,3065,1779219813.40542,1,1680,1050
1,2,3066,1779219813.42624,1,1680,1050
1,2,3067,1779219813.44706,1,1680,1050
1,2,3068,1779219813.46788,1,1680,1050
1,2,3069,1779219813.4887,1,1680,1050
1,2,3070,1779219813.50951,1,1680,1050
1,2,3071,1779219813.53033,1,1680,1050
1,2,3072,1779219813.55115,1,1680,1050
1,2,3073,1779219813.57197,1,1680,1050
1,2,3074,1779219813.59279,1,1680,1050
1,2,3075,1779219813.61361,1,1680,1050
1,2,3076,1779219813.63443,1,1680,1050
1,2,3077,1779219813.65525,1,1680,1050
1,2,3078,1779219813.67607,1,1680,1050
1,2,3079,1779219813.69689,1,1680,1050
1,2,3080,1779219813.71771,1,1680,1050
1,2,3081,1779219813.73853,1,1680,1050
1,2,3082,1779219813.75935,1,1680,1050
1,2,3083,1779219813.78017,1,1680,1050
1,2,3084,1779219813.80099,1,1680,1050
1,2,3085,1779219813.82181,1,1680,1050
1,2,3086,1779219813.84263,1,1680,1050
1,2,3087,1779219813.86345,1,1680,1050
1,2,3088,1779219813.88427,1,1680,1050
1,2,3089,1779219813.90509,1,1680,1050
1,2,3090,1779219813.9259,1,1680,1050
1,2,3091,1779219813.94672,1,1680,1050
1,2,3092,1779219813.96754,1,1680,1050
1,2,3093,1779219813.98836,1,1680,1050
1,2,3094,1779219814.00918,1,1680,1050
1,2,3095,1779219814.03,1,1680,1050
1,2,3096,1779219814.05082,1,1680,1050
1,2,3097,1779219814.07164,1,1680,1050
1,2,3098,1779219814.09246,1,1680,1050
1,2,3099,1779219814.11328,1,1680,1050
1,2,3100,1779219814.1341,1,1680,1050
1,2,3101,1779219814.15492,1,1680,1050
1,2,3102,1779219814.17574,1,1680,1050
1,2,3103,1779219814.19656,1,1680,1050
1,2,3104,1779219814.21738,1,1680,1050
1,2,3105,1779219814.2382,1,1680,1050
1,2,3106,1779219814.25902,1,1680,1050
1,2,3107,1779219814.27984,1,1680,1050
1,2,3108,1779219814.30066,1,1680,1050
1,2,3109,1779219814.32148,1,1680,1050
1,2,3110,1779219814.3423,1,1680,1050
1,2,3111,1779219814.36311,1,1680,1050
1,2,3112,1779219814.38393,1,1680,1050
1,2,3113,1779219814.40475,1,1680,1050
1,2,3114,1779219814.42557,1,1680,1050
1,2,3115,1779219814.44639,1,1680,1050
1,2,3116,1779219814.46721,1,1680,1050
1,2,3117,1779219814.48803,1,1680,1050
1,2,3118,1779219814.50885,1,1680,1050
1,2,3119,1779219814.52967,1,1680,1050
1,2,3120,1779219814.55049,1,1680,1050
1,2,3121,1779219814.57131,1,1680,1050
1,2,3122,1779219814.59213,1,1680,1050
1,2,3123,1779219814.61295,1,1680,1050
1,2,3124,1779219814.63377,1,1680,1050
1,2,3125,1779219814.65459,1,1680,1050
1,2,3126,1779219814.67541,1,1680,1050
1,2,3127,1779219814.69623,1,1680,1050
1,2,3128,1779219814.71705,1,1680,1050
1,2,3129,1779219814.73787,1,1680,1050
1,2,3130,1779219814.75868,1,1680,1050
1,2,3131,1779219814.77951,1,1680,1050
1,2,3132,1779219814.80032,1,1680,1050
1,2,3133,1779219814.82114,1,1680,1050
1,2,3134,1779219814.84196,1,1680,1050
1,2,3135,1779219814.86278,1,1680,1050
1,2,3136,1779219814.8836,1,1680,1050
1,2,3137,1779219814.90442,1,1680,1050
1,2,3138,1779219814.92524,1,1680,1050
1,2,3139,1779219814.94606,1,1680,1050
1,2,3140,1779219814.96688,1,1680,1050
1,2,3141,1779219814.9877,1,1680,1050
1,2,3142,1779219815.00852,1,1680,1050
1,2,3143,1779219815.02934,1,1680,1050
1,2,3144,1779219815.05016,1,1680,1050
1,2,3145,1779219815.07098,1,1680,1050
1,2,3146,1779219815.0918,1,1680,1050
1,2,3147,1779219815.11262,1,1680,1050
1,2,3148,1779219815.13344,1,1680,1050
1,2,3149,1779219815.15426,1,1680,1050
1,2,3150,1779219815.17508,1,1680,1050
1,2,3151,1779219815.19589,1,1680,1050
1,2,3152,1779219815.21671,1,1680,1050
1,2,3153,1779219815.23753,1,1680,1050
1,2,3154,1779219815.25835,1,1680,1050
1,2,3155,1779219815.27917,1,1680,1050
1,2,3156,1779219815.29999,1,1680,1050
1,2,3157,1779219815.32081,1,1680,1050
1,2,3158,1779219815.34163,1,1680,1050
1,2,3159,1779219815.36245,1,1680,1050
1,2,3160,1779219815.38327,1,1680,1050
1,2,3161,1779219815.40409,1,1680,1050
1,2,3162,1779219815.42491,1,1680,1050
1,2,3163,1779219815.44573,1,1680,1050
1,2,3164,1779219815.46655,1,1680,1050
1,2,3165,1779219815.48737,1,1680,1050
1,2,3166,1779219815.50819,1,1680,1050
1,2,3167,1779219815.52901,1,1680,1050
1,2,3168,1779219815.54983,1,1680,1050
1,2,3169,1779219815.57064,1,1680,1050
1,2,3170,1779219815.59147,1,1680,1050
1,2,3171,1779219815.61229,1,1680,1050
1,2,3172,1779219815.6331,1,1680,1050
1,2,3173,1779219815.65392,1,1680,1050
1,2,3174,1779219815.67474,1,1680,1050
1,2,3175,1779219815.69556,1,1680,1050
1,2,3176,1779219815.71638,1,1680,1050
1,2,3177,1779219815.7372,1,1680,1050
1,2,3178,1779219815.75802,1,1680,1050
1,2,3179,1779219815.77884,1,1680,1050
1,2,3180,1779219815.79966,1,1680,1050
1,2,3181,1779219815.82048,1,1680,1050
1,2,3182,1779219815.8413,2,1680,1050
1,2,3183,1779219815.86212,2,1680,1050
1,2,3184,1779219815.88294,2,1680,1050
1,2,3185,1779219815.90376,2,1680,1050
1,2,3186,1779219815.92458,2,1680,1050
1,2,3187,1779219815.9454,2,1680,1050
1,2,3188,1779219815.96622,2,1680,1050
1,2,3189,1779219815.98704,2,1680,1050
1,2,3190,1779219816.00786,2,1680,1050
1,2,3191,1779219816.02868,2,1680,1050
1,2,3192,1779219816.04949,2,1680,1050
1,2,3193,1779219816.07031,2,1680,1050
1,2,3194,1779219816.09113,2,1680,1050
1,2,3195,1779219816.11195,2,1680,1050
1,2,3196,1779219816.13277,2,1680,1050
1,2,3197,1779219816.15359,2,1680,1050
1,2,3198,1779219816.17441,2,1680,1050
1,2,3199,1779219816.19523,2,1680,1050
1,2,3200,1779219816.21605,2,1680,1050
1,2,3201,1779219816.23687,2,1680,1050
1,2,3202,1779219816.25769,2,1680,1050
1,2,3203,1779219816.27851,2,1680,1050
1,2,3204,1779219816.29933,2,1680,1050
1,2,3205,1779219816.32015,2,1680,1050
1,2,3206,1779219816.34097,2,1680,1050
1,2,3207,1779219816.36179,2,1680,1050
1,2,3208,1779219816.38261,2,1680,1050
1,2,3209,1779219816.40343,2,1680,1050
1,2,3210,1779219816.42425,2,1680,1050
1,2,3211,1779219816.44507,2,1680,1050
1,2,3212,1779219816.46588,2,1680,1050
1,2,3213,1779219816.4867,2,1680,1050
1,2,3214,1779219816.50754,2,1680,1050
1,2,3215,1779219816.52834,2,1680,1050
1,2,3216,1779219816.54916,2,1680,1050
1,2,3217,1779219816.56998,2,1680,1050
1,2,3218,1779219816.5908,2,1680,1050
1,2,3219,1779219816.61162,2,1680,1050
1,2,3220,1779219816.63244,2,1680,1050
1,2,3221,1779219816.65326,2,1680,1050
1,2,3222,1779219816.67408,2,1680,1050
1,2,3223,1779219816.6949,2,1680,1050
1,2,3224,1779219816.71572,2,1680,1050
1,2,3225,1779219816.73654,2,1680,1050
1,2,3226,1779219816.75736,2,1680,1050
1,2,3227,1779219816.77818,2,1680,1050
1,2,3228,1779219816.799,2,1680,1050
1,2,3229,1779219816.81982,2,1680,1050
1,2,3230,1779219816.84064,2,1680,1050
1,2,3231,1779219816.86146,2,1680,1050
1,2,3232,1779219816.88227,2,1680,1050
1,2,3233,1779219816.90309,2,1680,1050
1,2,3234,1779219816.92391,2,1680,1050
1,2,3235,1779219816.94473,2,1680,1050
1,2,3236,1779219816.96555,2,1680,1050
1,2,3237,1779219816.98637,2,1680,1050
1,2,3238,1779219817.00719,2,1680,1050
1,2,3239,1779219817.02801,2,1680,1050
1,2,3240,1779219817.04883,2,1680,1050
1,2,3241,1779219817.06965,2,1680,1050
1,2,3242,1779219817.09047,2,1680,1050
1,2,3243,1779219817.11129,2,1680,1050
1,2,3244,1779219817.13211,2,1680,1050
1,2,3245,1779219817.15293,2,1680,1050
1,2,3246,1779219817.17375,2,1680,1050
1,2,3247,1779219817.19457,2,1680,1050
1,2,3248,1779219817.21539,2,1680,1050
1,2,3249,1779219817.23621,2,1680,1050
1,2,3250,1779219817.25703,2,1680,1050
1,2,3251,1779219817.27785,2,1680,1050
1,2,3252,1779219817.29867,2,1680,1050
1,2,3253,1779219817.31948,2,1680,1050
1,2,3254,1779219817.3403,2,1680,1050
1,2,3255,1779219817.36112,2,1680,1050
1,2,3256,1779219817.38194,2,1680,1050
1,2,3257,1779219817.40276,2,1680,1050
1,2,3258,1779219817.42358,2,1680,1050
1,2,3259,1779219817.4444,2,1680,1050
1,2,3260,1779219817.46522,2,1680,1050
1,2,3261,1779219817.48604,2,1680,1050
1,2,3262,1779219817.50686,2,1680,1050
1,2,3263,1779219817.52768,2,1680,1050
1,2,3264,1779219817.5485,2,1680,1050
1,2,3265,1779219817.56932,2,1680,1050
1,2,3266,1779219817.59014,2,1680,1050
1,2,3267,1779219817.61096,2,1680,1050
1,2,3268,1779219817.63178,2,1680,1050
1,2,3269,1779219817.6526,2,1680,1050
1,2,3270,1779219817.67342,2,1680,1050
1,2,3271,1779219817.69424,2,1680,1050
1,2,3272,1779219817.71506,2,1680,1050
1,2,3273,1779219817.73587,2,1680,1050
1,2,3274,1779219817.75669,2,1680,1050
1,2,3275,1779219817.77751,2,1680,1050
1,2,3276,1779219817.79833,2,1680,1050
1,2,3277,1779219817.81915,2,1680,1050
1,2,3278,1779219817.83997,2,1680,1050
1,2,3279,1779219817.86079,2,1680,1050
1,2,3280,1779219817.88161,2,1680,1050
1,2,3281,1779219817.90243,2,1680,1050
1,2,3282,1779219817.92325,2,1680,1050
1,2,3283,1779219817.94407,2,1680,1050
1,2,3284,1779219817.96489,2,1680,1050
1,2,3285,1779219817.98571,2,1680,1050
1,2,3286,1779219818.00653,2,1680,1050
1,2,3287,1779219818.02735,2,1680,1050
1,2,3288,1779219818.04817,2,1680,1050
1,2,3289,1779219818.06899,2,1680,1050
1,2,3290,1779219818.08981,2,1680,1050
1,2,3291,1779219818.11063,2,1680,1050
1,2,3292,1779219818.13145,2,1680,1050
1,2,3293,1779219818.15227,2,1680,1050
1,2,3294,1779219818.17308,2,1680,1050
1,2,3295,1779219818.1939,2,1680,1050
1,2,3296,1779219818.21472,2,1680,1050
1,2,3297,1779219818.23554,2,1680,1050
1,2,3298,1779219818.25636,2,1680,1050
1,2,3299,1779219818.27718,2,1680,1050
1,2,3300,1779219818.298,2,1680,1050
1,2,3301,1779219818.31882,2,1680,1050
1,2,3302,1779219818.33964,1,1680,1050
1,2,3303,1779219818.36046,1,1680,1050
1,2,3304,1779219818.38128,1,1680,1050
1,2,3305,1779219818.4021,1,1680,1050
1,2,3306,1779219818.42292,1,1680,1050
1,2,3307,1779219818.44374,1,1680,1050
1,2,3308,1779219818.46456,1,1680,1050
1,2,3309,1779219818.48538,1,1680,1050
1,2,3310,1779219818.5062,1,1680,1050
1,2,3311,1779219818.52702,1,1680,1050
1,2,3312,1779219818.54784,1,1680,1050
1,2,3313,1779219818.56865,1,1680,1050
1,2,3314,1779219818.58947,1,1680,1050
1,2,3315,1779219818.61029,1,1680,1050
1,2,3316,1779219818.63111,1,1680,1050
1,2,3317,1779219818.65193,1,1680,1050
1,2,3318,1779219818.67275,1,1680,1050
1,2,3319,1779219818.69357,1,1680,1050
1,2,3320,1779219818.71439,1,1680,1050
1,2,3321,1779219818.73521,1,1680,1050
1,2,3322,1779219818.75603,1,1680,1050
1,2,3323,1779219818.77685,1,1680,1050
1,2,3324,1779219818.79767,1,1680,1050
1,2,3325,1779219818.81849,1,1680,1050
1,2,3326,1779219818.83931,1,1680,1050
1,2,3327,1779219818.86013,1,1680,1050
1,2,3328,1779219818.88095,1,1680,1050
1,2,3329,1779219818.90177,1,1680,1050
1,2,3330,1779219818.92259,1,1680,1050
1,2,3331,1779219818.94341,1,1680,1050
1,2,3332,1779219818.96423,1,1680,1050
1,2,3333,1779219818.98504,1,1680,1050
1,2,3334,1779219819.00586,1,1680,1050
1,2,3335,1779219819.02669,1,1680,1050
1,2,3336,1779219819.0475,1,1680,1050
1,2,3337,1779219819.06832,1,1680,1050
1,2,3338,1779219819.08914,1,1680,1050
1,2,3339,1779219819.10996,1,1680,1050
1,2,3340,1779219819.13078,1,1680,1050
1,2,3341,1779219819.1516,1,1680,1050
1,2,3342,1779219819.17242,1,1680,1050
1,2,3343,1779219819.19324,1,1680,1050
1,2,3344,1779219819.21406,1,1680,1050
1,2,3345,1779219819.23488,1,1680,1050
1,2,3346,1779219819.2557,1,1680,1050
1,2,3347,1779219819.27652,1,1680,1050
1,2,3348,1779219819.29734,1,1680,1050
1,2,3349,1779219819.31816,1,1680,1050
1,2,3350,1779219819.33898,1,1680,1050
1,2,3351,1779219819.3598,1,1680,1050
1,2,3352,1779219819.38062,1,1680,1050
1,2,3353,1779219819.40143,1,1680,1050
1,2,3354,1779219819.42225,1,1680,1050
1,2,3355,1779219819.44307,1,1680,1050
1,2,3356,1779219819.46389,1,1680,1050
1,2,3357,1779219819.48471,1,1680,1050
1,2,3358,1779219819.50553,1,1680,1050
1,2,3359,1779219819.52635,1,1680,1050
1,2,3360,1779219819.54717,1,1680,1050
1,2,3361,1779219819.56799,1,1680,1050
1,2,3362,1779219819.58881,1,1680,1050
1,2,3363,1779219819.60963,1,1680,1050
1,2,3364,1779219819.63045,1,1680,1050
1,2,3365,1779219819.65127,1,1680,1050
1,2,3366,1779219819.67209,1,1680,1050
1,2,3367,1779219819.69291,1,1680,1050
1,2,3368,1779219819.71373,1,1680,1050
1,2,3369,1779219819.73455,1,1680,1050
1,2,3370,1779219819.75537,1,1680,1050
1,2,3371,1779219819.77619,1,1680,1050
1,2,3372,1779219819.79701,1,1680,1050
1,2,3373,1779219819.81783,1,1680,1050
1,2,3374,1779219819.83864,1,1680,1050
1,2,3375,1779219819.85946,1,1680,1050
1,2,3376,1779219819.88028,1,1680,1050
1,2,3377,1779219819.9011,1,1680,1050
1,2,3378,1779219819.92192,1,1680,1050
1,2,3379,1779219819.94274,1,1680,1050
1,2,3380,1779219819.96356,1,1680,1050
1,2,3381,1779219819.98438,1,1680,1050
1,2,3382,1779219820.0052,1,1680,1050
1,2,3383,1779219820.02602,1,1680,1050
1,2,3384,1779219820.04684,1,1680,1050
1,2,3385,1779219820.06766,1,1680,1050
1,2,3386,1779219820.08848,1,1680,1050
1,2,3387,1779219820.1093,1,1680,1050
1,2,3388,1779219820.13012,1,1680,1050
1,2,3389,1779219820.15094,1,1680,1050
1,2,3390,1779219820.17176,1,1680,1050
1,2,3391,1779219820.19258,1,1680,1050
1,2,3392,1779219820.2134,1,1680,1050
1,2,3393,1779219820.23422,1,1680,1050
1,2,3394,1779219820.25504,1,1680,1050
1,2,3395,1779219820.27585,1,1680,1050
1,2,3396,1779219820.29667,1,1680,1050
1,2,3397,1779219820.31749,1,1680,1050
1,2,3398,1779219820.33831,1,1680,1050
1,2,3399,1779219820.35913,1,1680,1050
1,2,3400,1779219820.37995,1,1680,1050
1,2,3401,1779219820.40077,1,1680,1050
1,2,3402,1779219820.42159,1,1680,1050
1,2,3403,1779219820.44241,1,1680,1050
1,2,3404,1779219820.46323,1,1680,1050
1,2,3405,1779219820.48405,1,1680,1050
1,2,3406,1779219820.50487,1,1680,1050
1,2,3407,1779219820.52569,1,1680,1050
1,2,3408,1779219820.54651,1,1680,1050
1,2,3409,1779219820.56733,1,1680,1050
1,2,3410,1779219820.58815,1,1680,1050
1,2,3411,1779219820.60897,1,1680,1050
1,2,3412,1779219820.62979,1,1680,1050
1,2,3413,1779219820.65061,1,1680,1050
1,2,3414,1779219820.67143,1,1680,1050
1,2,3415,1779219820.69224,1,1680,1050
1,2,3416,1779219820.71306,1,1680,1050
1,2,3417,1779219820.73388,1,1680,1050
1,2,3418,1779219820.7547,1,1680,1050
1,2,3419,1779219820.77552,1,1680,1050
1,2,3420,1779219820.79634,1,1680,1050
1,2,3421,1779219820.81716,1,1680,1050
1,2,3422,1779219820.83798,1,1680,1050
1,2,3423,1779219820.8588,1,1680,1050
1,2,3424,1779219820.87962,1,1680,1050
1,2,3425,1779219820.90044,1,1680,1050
1,2,3426,1779219820.92126,1,1680,1050
1,2,3427,1779219820.94208,1,1680,1050
1,2,3428,1779219820.9629,1,1680,1050
1,2,3429,1779219820.98372,1,1680,1050
1,2,3430,1779219821.00454,1,1680,1050
1,2,3431,1779219821.02536,1,1680,1050
1,2,3432,1779219821.04618,1,1680,1050
1,2,3433,1779219821.067,1,1680,1050
1,2,3434,1779219821.08782,1,1680,1050
1,2,3435,1779219821.10863,1,1680,1050
1,2,3436,1779219821.12945,1,1680,1050
1,2,3437,1779219821.15027,1,1680,1050
1,2,3438,1779219821.17109,1,1680,1050
1,2,3439,1779219821.19191,1,1680,1050
1,2,3440,1779219821.21273,1,1680,1050
1,2,3441,1779219821.23355,1,1680,1050
1,2,3442,1779219821.25437,1,1680,1050
1,2,3443,1779219821.27519,1,1680,1050
1,2,3444,1779219821.29601,1,1680,1050
1,2,3445,1779219821.31683,1,1680,1050
1,2,3446,1779219821.33765,1,1680,1050
1,2,3447,1779219821.35847,1,1680,1050
1,2,3448,1779219821.37929,1,1680,1050
1,2,3449,1779219821.40011,1,1680,1050
1,2,3450,1779219821.42093,1,1680,1050
1,2,3451,1779219821.44175,1,1680,1050
1,2,3452,1779219821.46257,1,1680,1050
1,2,3453,1779219821.48339,1,1680,1050
1,2,3454,1779219821.50421,1,1680,1050
1,2,3455,1779219821.52502,1,1680,1050
1,2,3456,1779219821.54584,1,1680,1050
1,2,3457,1779219821.56666,1,1680,1050
1,2,3458,1779219821.58748,1,1680,1050
1,2,3459,1779219821.6083,1,1680,1050
1,2,3460,1779219821.62912,1,1680,1050
1,2,3461,1779219821.64994,1,1680,1050
1,2,3462,1779219821.67076,1,1680,1050
1,2,3463,1779219821.69158,1,1680,1050
1,2,3464,1779219821.7124,1,1680,1050
1,2,3465,1779219821.73322,1,1680,1050
1,2,3466,1779219821.75404,1,1680,1050
1,2,3467,1779219821.77486,1,1680,1050
1,2,3468,1779219821.79568,1,1680,1050
1,2,3469,1779219821.8165,1,1680,1050
1,2,3470,1779219821.83732,1,1680,1050
1,2,3471,1779219821.85814,1,1680,1050
1,2,3472,1779219821.87896,1,1680,1050
1,2,3473,1779219821.89977,1,1680,1050
1,2,3474,1779219821.9206,1,1680,1050
1,2,3475,1779219821.94141,1,1680,1050
1,2,3476,1779219821.96223,1,1680,1050
1,2,3477,1779219821.98306,1,1680,1050
1,2,3478,1779219822.00387,1,1680,1050
1,2,3479,1779219822.02469,1,1680,1050
1,2,3480,1779219822.04551,1,1680,1050
1,2,3481,1779219822.06633,1,1680,1050
1,2,3482,1779219822.08715,1,1680,1050
1,2,3483,1779219822.10797,1,1680,1050
1,2,3484,1779219822.12879,1,1680,1050
1,2,3485,1779219822.14961,1,1680,1050
1,2,3486,1779219822.17043,1,1680,1050
1,2,3487,1779219822.19125,1,1680,1050
1,2,3488,1779219822.21207,1,1680,1050
1,2,3489,1779219822.23289,1,1680,1050
1,2,3490,1779219822.25371,1,1680,1050
1,2,3491,1779219822.27453,1,1680,1050
1,2,3492,1779219822.29535,1,1680,1050
1,2,3493,1779219822.31617,1,1680,1050
1,2,3494,1779219822.33699,1,1680,1050
1,2,3495,1779219822.3578,1,1680,1050
1,2,3496,1779219822.37862,1,1680,1050
1,2,3497,1779219822.39944,1,1680,1050
1,2,3498,1779219822.42026,1,1680,1050
1,2,3499,1779219822.44108,1,1680,1050
1,2,3500,1779219822.4619,1,1680,1050
1,2,3501,1779219822.48272,1,1680,1050
1,2,3502,1779219822.50354,1,1680,1050
1,2,3503,1779219822.52436,1,1680,1050
1,2,3504,1779219822.54518,1,1680,1050
1,2,3505,1779219822.566,1,1680,1050
1,2,3506,1779219822.58682,1,1680,1050
1,2,3507,1779219822.60764,1,1680,1050
1,2,3508,1779219822.62846,1,1680,1050
1,2,3509,1779219822.64928,1,1680,1050
1,2,3510,1779219822.6701,1,1680,1050
1,2,3511,1779219822.69092,1,1680,1050
1,2,3512,1779219822.71174,1,1680,1050
1,2,3513,1779219822.73256,1,1680,1050
1,2,3514,1779219822.75338,1,1680,1050
1,2,3515,1779219822.77419,1,1680,1050
1,2,3516,1779219822.79501,1,1680,1050
1,2,3517,1779219822.81583,1,1680,1050
1,2,3518,1779219822.83665,1,1680,1050
1,2,3519,1779219822.85747,1,1680,1050
1,2,3520,1779219822.87829,1,1680,1050
1,2,3521,1779219822.89911,1,1680,1050
1,2,3522,1779219822.91993,1,1680,1050
1,2,3523,1779219822.94075,1,1680,1050
1,2,3524,1779219822.96157,1,1680,1050
1,2,3525,1779219822.98239,1,1680,1050
1,2,3526,1779219823.00321,1,1680,1050
1,2,3527,1779219823.02403,1,1680,1050
1,2,3528,1779219823.04485,1,1680,1050
1,2,3529,1779219823.06567,1,1680,1050
1,2,3530,1779219823.08649,1,1680,1050
1,2,3531,1779219823.10731,1,1680,1050
1,2,3532,1779219823.12813,1,1680,1050
1,2,3533,1779219823.14895,1,1680,1050
1,2,3534,1779219823.16976,1,1680,1050
1,2,3535,1779219823.19059,1,1680,1050
1,2,3536,1779219823.2114,1,1680,1050
1,2,3537,1779219823.23223,1,1680,1050
1,2,3538,1779219823.25304,1,1680,1050
1,2,3539,1779219823.27386,1,1680,1050
1,2,3540,1779219823.29468,1,1680,1050
1,2,3541,1779219823.3155,1,1680,1050
1,2,3542,1779219823.33632,2,1680,1050
1,2,3543,1779219823.35714,2,1680,1050
1,2,3544,1779219823.37796,2,1680,1050
1,2,3545,1779219823.39878,2,1680,1050
1,2,3546,1779219823.4196,2,1680,1050
1,2,3547,1779219823.44042,2,1680,1050
1,2,3548,1779219823.46124,2,1680,1050
1,2,3549,1779219823.48206,2,1680,1050
1,2,3550,1779219823.50288,2,1680,1050
1,2,3551,1779219823.5237,2,1680,1050
1,2,3552,1779219823.54452,2,1680,1050
1,2,3553,1779219823.56534,2,1680,1050
1,2,3554,1779219823.58616,2,1680,1050
1,2,3555,1779219823.60697,2,1680,1050
1,2,3556,1779219823.62779,2,1680,1050
1,2,3557,1779219823.64861,2,1680,1050
1,2,3558,1779219823.66943,2,1680,1050
1,2,3559,1779219823.69025,2,1680,1050
1,2,3560,1779219823.71107,2,1680,1050
1,2,3561,1779219823.73189,2,1680,1050
1,2,3562,1779219823.75271,2,1680,1050
1,2,3563,1779219823.77353,2,1680,1050
1,2,3564,1779219823.79435,2,1680,1050
1,2,3565,1779219823.81517,2,1680,1050
1,2,3566,1779219823.83599,2,1680,1050
1,2,3567,1779219823.85681,2,1680,1050
1,2,3568,1779219823.87763,2,1680,1050
1,2,3569,1779219823.89845,2,1680,1050
1,2,3570,1779219823.91927,2,1680,1050
1,2,3571,1779219823.94009,2,1680,1050
1,2,3572,1779219823.96091,2,1680,1050
1,2,3573,1779219823.98173,2,1680,1050
1,2,3574,1779219824.00254,2,1680,1050
1,2,3575,1779219824.02337,2,1680,1050
1,2,3576,1779219824.04418,2,1680,1050
1,2,3577,1779219824.065,2,1680,1050
1,2,3578,1779219824.08582,2,1680,1050
1,2,3579,1779219824.10664,2,1680,1050
1,2,3580,1779219824.12746,2,1680,1050
1,2,3581,1779219824.14828,2,1680,1050
1,2,3582,1779219824.1691,2,1680,1050
1,2,3583,1779219824.18992,2,1680,1050
1,2,3584,1779219824.21074,2,1680,1050
1,2,3585,1779219824.23156,2,1680,1050
1,2,3586,1779219824.25238,2,1680,1050
1,2,3587,1779219824.2732,2,1680,1050
1,2,3588,1779219824.29402,2,1680,1050
1,2,3589,1779219824.31484,2,1680,1050
1,2,3590,1779219824.33566,2,1680,1050
1,2,3591,1779219824.35648,2,1680,1050
1,2,3592,1779219824.3773,2,1680,1050
1,2,3593,1779219824.39812,2,1680,1050
1,2,3594,1779219824.41894,2,1680,1050
1,2,3595,1779219824.43976,2,1680,1050
1,2,3596,1779219824.46057,2,1680,1050
1,2,3597,1779219824.48139,2,1680,1050
1,2,3598,1779219824.50221,2,1680,1050
1,2,3599,1779219824.52303,2,1680,1050
1,2,3600,1779219824.54385,2,1680,1050
1,2,3601,1779219824.56467,2,1680,1050
1,2,3602,1779219824.58549,2,1680,1050
1,2,3603,1779219824.60631,2,1680,1050
1,2,3604,1779219824.62713,2,1680,1050
1,2,3605,1779219824.64795,2,1680,1050
1,2,3606,1779219824.66877,2,1680,1050
1,2,3607,1779219824.68959,2,1680,1050
1,2,3608,1779219824.71041,2,1680,1050
1,2,3609,1779219824.73123,2,1680,1050
1,2,3610,1779219824.75205,2,1680,1050
1,2,3611,1779219824.77287,2,1680,1050
1,2,3612,1779219824.79369,2,1680,1050
1,2,3613,1779219824.81451,2,1680,1050
1,2,3614,1779219824.83533,2,1680,1050
1,2,3615,1779219824.85615,2,1680,1050
1,2,3616,1779219824.87697,2,1680,1050
1,2,3617,1779219824.89779,2,1680,1050
1,2,3618,1779219824.9186,2,1680,1050
1,2,3619,1779219824.93942,2,1680,1050
1,2,3620,1779219824.96024,2,1680,1050
1,2,3621,1779219824.98106,2,1680,1050
1,2,3622,1779219825.00188,2,1680,1050
1,2,3623,1779219825.0227,2,1680,1050
1,2,3624,1779219825.04352,2,1680,1050
1,2,3625,1779219825.06434,2,1680,1050
1,2,3626,1779219825.08516,2,1680,1050
1,2,3627,1779219825.10598,2,1680,1050
1,2,3628,1779219825.1268,2,1680,1050
1,2,3629,1779219825.14762,2,1680,1050
1,2,3630,1779219825.16844,2,1680,1050
1,2,3631,1779219825.18926,2,1680,1050
1,2,3632,1779219825.21008,2,1680,1050
1,2,3633,1779219825.2309,2,1680,1050
1,2,3634,1779219825.25172,2,1680,1050
1,2,3635,1779219825.27254,2,1680,1050
1,2,3636,1779219825.29336,2,1680,1050
1,2,3637,1779219825.31417,2,1680,1050
1,2,3638,1779219825.33499,2,1680,1050
1,2,3639,1779219825.35581,2,1680,1050
1,2,3640,1779219825.37663,2,1680,1050
1,2,3641,1779219825.39745,2,1680,1050
1,2,3642,1779219825.41827,2,1680,1050
1,2,3643,1779219825.43909,2,1680,1050
1,2,3644,1779219825.45991,2,1680,1050
1,2,3645,1779219825.48073,2,1680,1050
1,2,3646,1779219825.50155,2,1680,1050
1,2,3647,1779219825.52237,2,1680,1050
1,2,3648,1779219825.54319,2,1680,1050
1,2,3649,1779219825.56401,2,1680,1050
1,2,3650,1779219825.58483,2,1680,1050
1,2,3651,1779219825.60565,2,1680,1050
1,2,3652,1779219825.62647,2,1680,1050
1,2,3653,1779219825.64729,2,1680,1050
1,2,3654,1779219825.66811,2,1680,1050
1,2,3655,1779219825.68893,2,1680,1050
1,2,3656,1779219825.70975,2,1680,1050
1,2,3657,1779219825.73057,2,1680,1050
1,2,3658,1779219825.75138,2,1680,1050
1,2,3659,1779219825.7722,2,1680,1050
1,2,3660,1779219825.79302,2,1680,1050
1,2,3661,1779219825.81384,2,1680,1050
1,2,3662,1779219825.83466,2,1680,1050
1,2,3663,1779219825.85548,2,1680,1050
1,2,3664,1779219825.8763,2,1680,1050
1,2,3665,1779219825.89712,2,1680,1050
1,2,3666,1779219825.91794,2,1680,1050
1,2,3667,1779219825.93876,2,1680,1050
1,2,3668,1779219825.95958,2,1680,1050
1,2,3669,1779219825.9804,2,1680,1050
1,2,3670,1779219826.00122,2,1680,1050
1,2,3671,1779219826.02204,2,1680,1050
1,2,3672,1779219826.04286,2,1680,1050
1,2,3673,1779219826.06368,2,1680,1050
1,2,3674,1779219826.0845,2,1680,1050
1,2,3675,1779219826.10532,2,1680,1050
1,2,3676,1779219826.12614,2,1680,1050
1,2,3677,1779219826.14695,2,1680,1050
1,2,3678,1779219826.16777,2,1680,1050
1,2,3679,1779219826.18859,2,1680,1050
1,2,3680,1779219826.20941,2,1680,1050
1,2,3681,1779219826.23023,2,1680,1050
1,2,3682,1779219826.25105,2,1680,1050
1,2,3683,1779219826.27187,2,1680,1050
1,2,3684,1779219826.29269,2,1680,1050
1,2,3685,1779219826.31351,2,1680,1050
1,2,3686,1779219826.33433,2,1680,1050
1,2,3687,1779219826.35515,2,1680,1050
1,2,3688,1779219826.37597,2,1680,1050
1,2,3689,1779219826.39679,2,1680,1050
1,2,3690,1779219826.41761,2,1680,1050
1,2,3691,1779219826.43843,2,1680,1050
1,2,3692,1779219826.45925,2,1680,1050
1,2,3693,1779219826.48007,2,1680,1050
1,2,3694,1779219826.50089,2,1680,1050
1,2,3695,1779219826.52171,2,1680,1050
1,2,3696,1779219826.54253,2,1680,1050
1,2,3697,1779219826.56335,2,1680,1050
1,2,3698,1779219826.58416,2,1680,1050
1,2,3699,1779219826.60498,2,1680,1050
1,2,3700,1779219826.6258,2,1680,1050
1,2,3701,1779219826.64662,2,1680,1050
1,2,3702,1779219826.66744,2,1680,1050
1,2,3703,1779219826.68826,2,1680,1050
1,2,3704,1779219826.70908,2,1680,1050
1,2,3705,1779219826.7299,2,1680,1050
1,2,3706,1779219826.75072,2,1680,1050
1,2,3707,1779219826.77154,2,1680,1050
1,2,3708,1779219826.79236,2,1680,1050
1,2,3709,1779219826.81318,2,1680,1050
1,2,3710,1779219826.834,2,1680,1050
1,2,3711,1779219826.85482,2,1680,1050
1,2,3712,1779219826.87564,2,1680,1050
1,2,3713,1779219826.89646,2,1680,1050
1,2,3714,1779219826.91728,2,1680,1050
1,2,3715,1779219826.9381,2,1680,1050
1,2,3716,1779219826.95892,2,1680,1050
1,2,3717,1779219826.97974,2,1680,1050
1,2,3718,1779219827.00055,2,1680,1050
1,2,3719,1779219827.02137,2,1680,1050
1,2,3720,1779219827.04219,2,1680,1050
1,2,3721,1779219827.06301,2,1680,1050
1,2,3722,1779219827.08383,2,1680,1050
1,2,3723,1779219827.10465,2,1680,1050
1,2,3724,1779219827.12547,2,1680,1050
1,2,3725,1779219827.14629,2,1680,1050
1,2,3726,1779219827.16711,2,1680,1050
1,2,3727,1779219827.18793,2,1680,1050
1,2,3728,1779219827.20875,2,1680,1050
1,2,3729,1779219827.22957,2,1680,1050
1,2,3730,1779219827.25039,2,1680,1050
1,2,3731,1779219827.27121,2,1680,1050
1,2,3732,1779219827.29203,2,1680,1050
1,2,3733,1779219827.31285,2,1680,1050
1,2,3734,1779219827.33367,2,1680,1050
1,2,3735,1779219827.35449,2,1680,1050
1,2,3736,1779219827.37531,2,1680,1050
1,2,3737,1779219827.39613,2,1680,1050
1,2,3738,1779219827.41694,2,1680,1050
1,2,3739,1779219827.43776,2,1680,1050
1,2,3740,1779219827.45858,2,1680,1050
1,2,3741,1779219827.4794,2,1680,1050
1,2,3742,1779219827.50022,2,1680,1050
1,2,3743,1779219827.52104,2,1680,1050
1,2,3744,1779219827.54186,2,1680,1050
1,2,3745,1779219827.56268,2,1680,1050
1,2,3746,1779219827.5835,2,1680,1050
1,2,3747,1779219827.60432,2,1680,1050
1,2,3748,1779219827.62514,2,1680,1050
1,2,3749,1779219827.64596,2,1680,1050
1,2,3750,1779219827.66678,2,1680,1050
1,2,3751,1779219827.6876,2,1680,1050
1,2,3752,1779219827.70842,2,1680,1050
1,2,3753,1779219827.72924,2,1680,1050
1,2,3754,1779219827.75006,2,1680,1050
1,2,3755,1779219827.77088,2,1680,1050
1,2,3756,1779219827.7917,2,1680,1050
1,2,3757,1779219827.81252,2,1680,1050
1,2,3758,1779219827.83333,2,1680,1050
1,2,3759,1779219827.85415,2,1680,1050
1,2,3760,1779219827.87497,2,1680,1050
1,2,3761,1779219827.89579,2,1680,1050
1,2,3762,1779219827.91661,2,1680,1050
1,2,3763,1779219827.93743,2,1680,1050
1,2,3764,1779219827.95825,2,1680,1050
1,2,3765,1779219827.97907,2,1680,1050
1,2,3766,1779219827.99989,2,1680,1050
1,2,3767,1779219828.02071,2,1680,1050
1,2,3768,1779219828.04153,2,1680,1050
1,2,3769,1779219828.06235,2,1680,1050
1,2,3770,1779219828.08317,2,1680,1050
1,2,3771,1779219828.10399,2,1680,1050
1,2,3772,1779219828.12481,2,1680,1050
1,2,3773,1779219828.14563,2,1680,1050
1,2,3774,1779219828.16645,2,1680,1050
1,2,3775,1779219828.18727,2,1680,1050
1,2,3776,1779219828.20809,2,1680,1050
1,2,3777,1779219828.22891,2,1680,1050
1,2,3778,1779219828.24972,2,1680,1050
1,2,3779,1779219828.27054,2,1680,1050
1,2,3780,1779219828.29136,2,1680,1050
1,2,3781,1779219828.31218,2,1680,1050
1,2,3782,1779219828.333,2,1680,1050
1,2,3783,1779219828.35382,2,1680,1050
1,2,3784,1779219828.37464,2,1680,1050
1,2,3785,1779219828.39546,2,1680,1050
1,2,3786,1779219828.41628,2,1680,1050
1,2,3787,1779219828.4371,2,1680,1050
1,2,3788,1779219828.45792,2,1680,1050
1,2,3789,1779219828.47874,2,1680,1050
1,2,3790,1779219828.49956,2,1680,1050
1,2,3791,1779219828.52038,2,1680,1050
1,2,3792,1779219828.5412,2,1680,1050
1,2,3793,1779219828.56202,2,1680,1050
1,2,3794,1779219828.58284,2,1680,1050
1,2,3795,1779219828.60366,2,1680,1050
1,2,3796,1779219828.62448,2,1680,1050
1,2,3797,1779219828.64529,2,1680,1050
1,2,3798,1779219828.66612,2,1680,1050
1,2,3799,1779219828.68693,2,1680,1050
1,2,3800,1779219828.70775,2,1680,1050
1,2,3801,1779219828.72857,2,1680,1050
1,2,3802,1779219828.74939,2,1680,1050
1,2,3803,1779219828.77021,2,1680,1050
1,2,3804,1779219828.79103,2,1680,1050
1,2,3805,1779219828.81185,2,1680,1050
1,2,3806,1779219828.83267,2,1680,1050
1,2,3807,1779219828.85349,2,1680,1050
1,2,3808,1779219828.87431,2,1680,1050
1,2,3809,1779219828.89513,2,1680,1050
1,2,3810,1779219828.91595,2,1680,1050
1,2,3811,1779219828.93677,2,1680,1050
1,2,3812,1779219828.95759,2,1680,1050
1,2,3813,1779219828.97841,2,1680,1050
1,2,3814,1779219828.99923,2,1680,1050
1,2,3815,1779219829.02005,2,1680,1050
1,2,3816,1779219829.04087,2,1680,1050
1,2,3817,1779219829.06169,2,1680,1050
1,2,3818,1779219829.08251,2,1680,1050
1,2,3819,1779219829.10332,2,1680,1050
1,2,3820,1779219829.12414,2,1680,1050
1,2,3821,1779219829.14496,2,1680,1050
1,2,3822,1779219829.16578,2,1680,1050
1,2,3823,1779219829.1866,2,1680,1050
1,2,3824,1779219829.20742,2,1680,1050
1,2,3825,1779219829.22824,2,1680,1050
1,2,3826,1779219829.24906,2,1680,1050
1,2,3827,1779219829.26988,2,1680,1050
1,2,3828,1779219829.29071,2,1680,1050
1,2,3829,1779219829.31152,2,1680,1050
1,2,3830,1779219829.33234,2,1680,1050
1,2,3831,1779219829.35316,2,1680,1050
1,2,3832,1779219829.37398,2,1680,1050
1,2,3833,1779219829.3948,2,1680,1050
1,2,3834,1779219829.41562,2,1680,1050
1,2,3835,1779219829.43644,2,1680,1050
1,2,3836,1779219829.45726,2,1680,1050
1,2,3837,1779219829.47808,2,1680,1050
1,2,3838,1779219829.4989,2,1680,1050
1,2,3839,1779219829.51971,2,1680,1050
1,2,3840,1779219829.54053,2,1680,1050
1,2,3841,1779219829.56135,2,1680,1050
1,2,3842,1779219829.58217,2,1680,1050
1,2,3843,1779219829.60299,2,1680,1050
1,2,3844,1779219829.62381,2,1680,1050
1,2,3845,1779219829.64463,2,1680,1050
1,2,3846,1779219829.66545,2,1680,1050
1,2,3847,1779219829.68627,2,1680,1050
1,2,3848,1779219829.70709,2,1680,1050
1,2,3849,1779219829.72791,2,1680,1050
1,2,3850,1779219829.74873,2,1680,1050
1,2,3851,1779219829.76955,2,1680,1050
1,2,3852,1779219829.79037,2,1680,1050
1,2,3853,1779219829.81119,2,1680,1050
1,2,3854,1779219829.83201,2,1680,1050
1,2,3855,1779219829.85283,2,1680,1050
1,2,3856,1779219829.87365,2,1680,1050
1,2,3857,1779219829.89447,2,1680,1050
1,2,3858,1779219829.91529,2,1680,1050
1,2,3859,1779219829.93611,2,1680,1050
1,2,3860,1779219829.95692,2,1680,1050
1,2,3861,1779219829.97774,2,1680,1050
1,2,3862,1779219829.99856,2,1680,1050
1,2,3863,1779219830.01938,2,1680,1050
1,2,3864,1779219830.0402,2,1680,1050
1,2,3865,1779219830.06102,2,1680,1050
1,2,3866,1779219830.08184,2,1680,1050
1,2,3867,1779219830.10266,2,1680,1050
1,2,3868,1779219830.12348,2,1680,1050
1,2,3869,1779219830.1443,2,1680,1050
1,2,3870,1779219830.16512,2,1680,1050
1,2,3871,1779219830.18594,2,1680,1050
1,2,3872,1779219830.20676,2,1680,1050
1,2,3873,1779219830.22758,2,1680,1050
1,2,3874,1779219830.2484,2,1680,1050
1,2,3875,1779219830.26922,2,1680,1050
1,2,3876,1779219830.29004,2,1680,1050
1,2,3877,1779219830.31086,2,1680,1050
1,2,3878,1779219830.33168,2,1680,1050
1,2,3879,1779219830.3525,2,1680,1050
1,2,3880,1779219830.37332,2,1680,1050
1,2,3881,1779219830.39413,2,1680,1050
1,2,3882,1779219830.41495,2,1680,1050
1,2,3883,1779219830.43577,2,1680,1050
1,2,3884,1779219830.45659,2,1680,1050
1,2,3885,1779219830.47741,2,1680,1050
1,2,3886,1779219830.49823,2,1680,1050
1,2,3887,1779219830.51905,2,1680,1050
1,2,3888,1779219830.53987,2,1680,1050
1,2,3889,1779219830.56069,2,1680,1050
1,2,3890,1779219830.58151,2,1680,1050
1,2,3891,1779219830.60233,2,1680,1050
1,2,3892,1779219830.62315,2,1680,1050
1,2,3893,1779219830.64397,2,1680,1050
1,2,3894,1779219830.66479,2,1680,1050
1,2,3895,1779219830.68561,2,1680,1050
1,2,3896,1779219830.70643,2,1680,1050
1,2,3897,1779219830.72725,2,1680,1050
1,2,3898,1779219830.74807,2,1680,1050
1,2,3899,1779219830.76889,2,1680,1050
1,2,3900,1779219830.7897,2,1680,1050
1,2,3901,1779219830.81052,2,1680,1050
1,2,3902,1779219830.87298,1,1680,1050
1,2,3903,1779219830.8938,1,1680,1050
1,2,3904,1779219830.91462,1,1680,1050
1,2,3905,1779219830.93544,1,1680,1050
1,2,3906,1779219830.95626,1,1680,1050
1,2,3907,1779219830.97708,1,1680,1050
1,2,3908,1779219830.9979,1,1680,1050
1,2,3909,1779219831.01872,1,1680,1050
1,2,3910,1779219831.03954,1,1680,1050
1,2,3911,1779219831.06036,1,1680,1050
1,2,3912,1779219831.08118,1,1680,1050
1,2,3913,1779219831.102,1,1680,1050
1,2,3914,1779219831.12282,1,1680,1050
1,2,3915,1779219831.14364,1,1680,1050
1,2,3916,1779219831.16446,1,1680,1050
1,2,3917,1779219831.18528,1,1680,1050
1,2,3918,1779219831.20609,1,1680,1050
1,2,3919,1779219831.22691,1,1680,1050
1,2,3920,1779219831.24773,1,1680,1050
1,2,3921,1779219831.26855,1,1680,1050
1,2,3922,1779219831.28937,1,1680,1050
1,2,3923,1779219831.31019,1,1680,1050
1,2,3924,1779219831.33101,1,1680,1050
1,2,3925,1779219831.35183,1,1680,1050
1,2,3926,1779219831.37265,1,1680,1050
1,2,3927,1779219831.39347,1,1680,1050
1,2,3928,1779219831.41429,1,1680,1050
1,2,3929,1779219831.43511,1,1680,1050
1,2,3930,1779219831.45593,1,1680,1050
1,2,3931,1779219831.47675,1,1680,1050
1,2,3932,1779219831.49757,1,1680,1050
1,2,3933,1779219831.51839,1,1680,1050
1,2,3934,1779219831.53921,1,1680,1050
1,2,3935,1779219831.56003,1,1680,1050
1,2,3936,1779219831.58085,1,1680,1050
1,2,3937,1779219831.60166,1,1680,1050
1,2,3938,1779219831.62248,1,1680,1050
1,2,3939,1779219831.6433,1,1680,1050
1,2,3940,1779219831.66412,1,1680,1050
1,2,3941,1779219831.68494,1,1680,1050
1,2,3942,1779219831.70576,1,1680,1050
1,2,3943,1779219831.72658,1,1680,1050
1,2,3944,1779219831.7474,1,1680,1050
1,2,3945,1779219831.76822,1,1680,1050
1,2,3946,1779219831.78904,1,1680,1050
1,2,3947,1779219831.80986,1,1680,1050
1,2,3948,1779219831.83068,1,1680,1050
1,2,3949,1779219831.8515,1,1680,1050
1,2,3950,1779219831.87232,1,1680,1050
1,2,3951,1779219831.89314,1,1680,1050
1,2,3952,1779219831.91396,1,1680,1050
1,2,3953,1779219831.93478,1,1680,1050
1,2,3954,1779219831.9556,1,1680,1050
1,2,3955,1779219831.97642,1,1680,1050
1,2,3956,1779219831.99723,1,1680,1050
1,2,3957,1779219832.01806,1,1680,1050
1,2,3958,1779219832.03888,1,1680,1050
1,2,3959,1779219832.05969,1,1680,1050
1,2,3960,1779219832.08051,1,1680,1050
1,2,3961,1779219832.10133,1,1680,1050
1,2,3962,1779219832.12215,1,1680,1050
1,2,3963,1779219832.14297,1,1680,1050
1,2,3964,1779219832.16379,1,1680,1050
1,2,3965,1779219832.18461,1,1680,1050
1,2,3966,1779219832.20543,1,1680,1050
1,2,3967,1779219832.22625,1,1680,1050
1,2,3968,1779219832.24707,1,1680,1050
1,2,3969,1779219832.26789,1,1680,1050
1,2,3970,1779219832.28871,1,1680,1050
1,2,3971,1779219832.30953,1,1680,1050
1,2,3972,1779219832.33035,1,1680,1050
1,2,3973,1779219832.35117,1,1680,1050
1,2,3974,1779219832.37199,1,1680,1050
1,2,3975,1779219832.39281,1,1680,1050
1,2,3976,1779219832.41363,1,1680,1050
1,2,3977,1779219832.43445,1,1680,1050
1,2,3978,1779219832.45527,1,1680,1050
1,2,3979,1779219832.47609,1,1680,1050
1,2,3980,1779219832.4969,1,1680,1050
1,2,3981,1779219832.51772,1,1680,1050
1,2,3982,1779219832.53854,1,1680,1050
1,2,3983,1779219832.55936,1,1680,1050
1,2,3984,1779219832.58018,1,1680,1050
1,2,3985,1779219832.601,1,1680,1050
1,2,3986,1779219832.62182,1,1680,1050
1,2,3987,1779219832.64264,1,1680,1050
1,2,3988,1779219832.66346,1,1680,1050
1,2,3989,1779219832.68428,1,1680,1050
1,2,3990,1779219832.7051,1,1680,1050
1,2,3991,1779219832.72592,1,1680,1050
1,2,3992,1779219832.74674,1,1680,1050
1,2,3993,1779219832.76756,1,1680,1050
1,2,3994,1779219832.78838,1,1680,1050
1,2,3995,1779219832.8092,1,1680,1050
1,2,3996,1779219832.83002,1,1680,1050
1,2,3997,1779219832.85084,1,1680,1050
1,2,3998,1779219832.87166,1,1680,1050
1,2,3999,1779219832.89247,1,1680,1050
1,2,4000,1779219832.91329,1,1680,1050
1,2,4001,1779219832.93411,1,1680,1050
1,2,4002,1779219832.95493,1,1680,1050
1,2,4003,1779219832.97575,1,1680,1050
1,2,4004,1779219832.99657,1,1680,1050
1,2,4005,1779219833.01739,1,1680,1050
1,2,4006,1779219833.03821,1,1680,1050
1,2,4007,1779219833.05903,1,1680,1050
1,2,4008,1779219833.07985,1,1680,1050
1,2,4009,1779219833.10067,1,1680,1050
1,2,4010,1779219833.12149,1,1680,1050
1,2,4011,1779219833.14231,1,1680,1050
1,2,4012,1779219833.16313,1,1680,1050
1,2,4013,1779219833.18395,1,1680,1050
1,2,4014,1779219833.20477,1,1680,1050
1,2,4015,1779219833.22559,1,1680,1050
1,2,4016,1779219833.24641,1,1680,1050
1,2,4017,1779219833.26723,1,1680,1050
1,2,4018,1779219833.28805,1,1680,1050
1,2,4019,1779219833.30887,1,1680,1050
1,2,4020,1779219833.32968,1,1680,1050
1,2,4021,1779219833.3505,1,1680,1050
1,2,4022,1779219833.37132,1,1680,1050
1,2,4023,1779219833.39214,1,1680,1050
1,2,4024,1779219833.41296,1,1680,1050
1,2,4025,1779219833.43378,1,1680,1050
1,2,4026,1779219833.4546,1,1680,1050
1,2,4027,1779219833.47542,1,1680,1050
1,2,4028,1779219833.49624,1,1680,1050
1,2,4029,1779219833.51706,1,1680,1050
1,2,4030,1779219833.53788,1,1680,1050
1,2,4031,1779219833.5587,1,1680,1050
1,2,4032,1779219833.57952,1,1680,1050
1,2,4033,1779219833.60034,1,1680,1050
1,2,4034,1779219833.62116,1,1680,1050
1,2,4035,1779219833.64198,1,1680,1050
1,2,4036,1779219833.6628,1,1680,1050
1,2,4037,1779219833.68362,1,1680,1050
1,2,4038,1779219833.70444,1,1680,1050
1,2,4039,1779219833.72526,1,1680,1050
1,2,4040,1779219833.74607,1,1680,1050
1,2,4041,1779219833.76689,1,1680,1050
1,2,4042,1779219833.78771,1,1680,1050
1,2,4043,1779219833.80853,1,1680,1050
1,2,4044,1779219833.82935,1,1680,1050
1,2,4045,1779219833.85017,1,1680,1050
1,2,4046,1779219833.87099,1,1680,1050
1,2,4047,1779219833.89181,1,1680,1050
1,2,4048,1779219833.91263,1,1680,1050
1,2,4049,1779219833.93345,1,1680,1050
1,2,4050,1779219833.95427,1,1680,1050
1,2,4051,1779219833.97509,1,1680,1050
1,2,4052,1779219833.99591,1,1680,1050
1,2,4053,1779219834.01673,1,1680,1050
1,2,4054,1779219834.03755,1,1680,1050
1,2,4055,1779219834.05837,1,1680,1050
1,2,4056,1779219834.07919,1,1680,1050
1,2,4057,1779219834.10001,1,1680,1050
1,2,4058,1779219834.12083,1,1680,1050
1,2,4059,1779219834.14165,1,1680,1050
1,2,4060,1779219834.16246,1,1680,1050
1,2,4061,1779219834.18328,1,1680,1050
1,2,4062,1779219834.2041,1,1680,1050
1,2,4063,1779219834.22492,1,1680,1050
1,2,4064,1779219834.24574,1,1680,1050
1,2,4065,1779219834.26656,1,1680,1050
1,2,4066,1779219834.28738,1,1680,1050
1,2,4067,1779219834.3082,1,1680,1050
1,2,4068,1779219834.32902,1,1680,1050
1,2,4069,1779219834.34984,1,1680,1050
1,2,4070,1779219834.37066,1,1680,1050
1,2,4071,1779219834.39148,1,1680,1050
1,2,4072,1779219834.4123,1,1680,1050
1,2,4073,1779219834.43312,1,1680,1050
1,2,4074,1779219834.45394,1,1680,1050
1,2,4075,1779219834.47476,1,1680,1050
1,2,4076,1779219834.49558,1,1680,1050
1,2,4077,1779219834.5164,1,1680,1050
1,2,4078,1779219834.53721,1,1680,1050
1,2,4079,1779219834.55804,1,1680,1050
1,2,4080,1779219834.57885,1,1680,1050
1,2,4081,1779219834.59967,1,1680,1050
1,2,4082,1779219834.62049,1,1680,1050
1,2,4083,1779219834.64131,1,1680,1050
1,2,4084,1779219834.66213,1,1680,1050
1,2,4085,1779219834.68295,1,1680,1050
1,2,4086,1779219834.70377,1,1680,1050
1,2,4087,1779219834.72459,1,1680,1050
1,2,4088,1779219834.74541,1,1680,1050
1,2,4089,1779219834.76623,1,1680,1050
1,2,4090,1779219834.78705,1,1680,1050
1,2,4091,1779219834.80787,1,1680,1050
1,2,4092,1779219834.82869,1,1680,1050
1,2,4093,1779219834.84951,1,1680,1050
1,2,4094,1779219834.87033,1,1680,1050
1,2,4095,1779219834.89115,1,1680,1050
1,2,4096,1779219834.91197,1,1680,1050
1,2,4097,1779219834.93279,1,1680,1050
1,2,4098,1779219834.9536,1,1680,1050
1,2,4099,1779219834.97443,1,1680,1050
1,2,4100,1779219834.99524,1,1680,1050
1,2,4101,1779219835.01606,1,1680,1050
1,2,4102,1779219835.03688,1,1680,1050
1,2,4103,1779219835.0577,1,1680,1050
1,2,4104,1779219835.07852,1,1680,1050
1,2,4105,1779219835.09934,1,1680,1050
1,2,4106,1779219835.12016,1,1680,1050
1,2,4107,1779219835.14098,1,1680,1050
1,2,4108,1779219835.1618,1,1680,1050
1,2,4109,1779219835.18262,1,1680,1050
1,2,4110,1779219835.20344,1,1680,1050
1,2,4111,1779219835.22426,1,1680,1050
1,2,4112,1779219835.24508,1,1680,1050
1,2,4113,1779219835.2659,1,1680,1050
1,2,4114,1779219835.28672,1,1680,1050
1,2,4115,1779219835.30754,1,1680,1050
1,2,4116,1779219835.32836,1,1680,1050
1,2,4117,1779219835.34918,1,1680,1050
1,2,4118,1779219835.37,1,1680,1050
1,2,4119,1779219835.39082,1,1680,1050
1,2,4120,1779219835.41164,1,1680,1050
1,2,4121,1779219835.43245,1,1680,1050
1,2,4122,1779219835.45327,1,1680,1050
1,2,4123,1779219835.47409,1,1680,1050
1,2,4124,1779219835.49491,1,1680,1050
1,2,4125,1779219835.51573,1,1680,1050
1,2,4126,1779219835.53655,1,1680,1050
1,2,4127,1779219835.55737,1,1680,1050
1,2,4128,1779219835.57819,1,1680,1050
1,2,4129,1779219835.59901,1,1680,1050
1,2,4130,1779219835.61983,1,1680,1050
1,2,4131,1779219835.64065,1,1680,1050
1,2,4132,1779219835.66147,1,1680,1050
1,2,4133,1779219835.68229,1,1680,1050
1,2,4134,1779219835.70311,1,1680,1050
1,2,4135,1779219835.72393,1,1680,1050
1,2,4136,1779219835.74475,1,1680,1050
1,2,4137,1779219835.76557,1,1680,1050
1,2,4138,1779219835.78639,1,1680,1050
1,2,4139,1779219835.80721,1,1680,1050
1,2,4140,1779219835.82803,1,1680,1050
1,2,4141,1779219835.84884,1,1680,1050
1,2,4142,1779219835.86966,2,1680,1050
1,2,4143,1779219835.89048,2,1680,1050
1,2,4144,1779219835.9113,2,1680,1050
1,2,4145,1779219835.93212,2,1680,1050
1,2,4146,1779219835.95294,2,1680,1050
1,2,4147,1779219835.97376,2,1680,1050
1,2,4148,1779219835.99458,2,1680,1050
1,2,4149,1779219836.0154,2,1680,1050
1,2,4150,1779219836.03622,2,1680,1050
1,2,4151,1779219836.05704,2,1680,1050
1,2,4152,1779219836.07786,2,1680,1050
1,2,4153,1779219836.09868,2,1680,1050
1,2,4154,1779219836.1195,2,1680,1050
1,2,4155,1779219836.14032,2,1680,1050
1,2,4156,1779219836.16114,2,1680,1050
1,2,4157,1779219836.18196,2,1680,1050
1,2,4158,1779219836.20278,2,1680,1050
1,2,4159,1779219836.2236,2,1680,1050
1,2,4160,1779219836.24442,2,1680,1050
1,2,4161,1779219836.26523,2,1680,1050
1,2,4162,1779219836.28605,2,1680,1050
1,2,4163,1779219836.30687,2,1680,1050
1,2,4164,1779219836.32769,2,1680,1050
1,2,4165,1779219836.34851,2,1680,1050
1,2,4166,1779219836.36933,2,1680,1050
1,2,4167,1779219836.39015,2,1680,1050
1,2,4168,1779219836.41097,2,1680,1050
1,2,4169,1779219836.43179,2,1680,1050
1,2,4170,1779219836.45261,2,1680,1050
1,2,4171,1779219836.47343,2,1680,1050
1,2,4172,1779219836.49425,2,1680,1050
1,2,4173,1779219836.51507,2,1680,1050
1,2,4174,1779219836.53589,2,1680,1050
1,2,4175,1779219836.55671,2,1680,1050
1,2,4176,1779219836.57753,2,1680,1050
1,2,4177,1779219836.59835,2,1680,1050
1,2,4178,1779219836.61917,2,1680,1050
1,2,4179,1779219836.63999,2,1680,1050
1,2,4180,1779219836.66081,2,1680,1050
1,2,4181,1779219836.68162,2,1680,1050
1,2,4182,1779219836.70244,2,1680,1050
1,2,4183,1779219836.72326,2,1680,1050
1,2,4184,1779219836.74408,2,1680,1050
1,2,4185,1779219836.7649,2,1680,1050
1,2,4186,1779219836.78572,2,1680,1050
1,2,4187,1779219836.80654,2,1680,1050
1,2,4188,1779219836.82736,2,1680,1050
1,2,4189,1779219836.84818,2,1680,1050
1,2,4190,1779219836.869,2,1680,1050
1,2,4191,1779219836.88982,2,1680,1050
1,2,4192,1779219836.91064,2,1680,1050
1,2,4193,1779219836.93146,2,1680,1050
1,2,4194,1779219836.95228,2,1680,1050
1,2,4195,1779219836.9731,2,1680,1050
1,2,4196,1779219836.99392,2,1680,1050
1,2,4197,1779219837.01474,2,1680,1050
1,2,4198,1779219837.03556,2,1680,1050
1,2,4199,1779219837.05638,2,1680,1050
1,2,4200,1779219837.0772,2,1680,1050
1,2,4201,1779219837.09802,2,1680,1050
1,2,4202,1779219837.11883,2,1680,1050
1,2,4203,1779219837.13965,2,1680,1050
1,2,4204,1779219837.16047,2,1680,1050
1,2,4205,1779219837.18129,2,1680,1050
1,2,4206,1779219837.20211,2,1680,1050
1,2,4207,1779219837.22293,2,1680,1050
1,2,4208,1779219837.24375,2,1680,1050
1,2,4209,1779219837.26457,2,1680,1050
1,2,4210,1779219837.28539,2,1680,1050
1,2,4211,1779219837.30621,2,1680,1050
1,2,4212,1779219837.32703,2,1680,1050
1,2,4213,1779219837.34785,2,1680,1050
1,2,4214,1779219837.36867,2,1680,1050
1,2,4215,1779219837.38949,2,1680,1050
1,2,4216,1779219837.41031,2,1680,1050
1,2,4217,1779219837.43113,2,1680,1050
1,2,4218,1779219837.45195,2,1680,1050
1,2,4219,1779219837.47277,2,1680,1050
1,2,4220,1779219837.49359,2,1680,1050
1,2,4221,1779219837.5144,2,1680,1050
1,2,4222,1779219837.53522,2,1680,1050
1,2,4223,1779219837.55604,2,1680,1050
1,2,4224,1779219837.57686,2,1680,1050
1,2,4225,1779219837.59768,2,1680,1050
1,2,4226,1779219837.6185,2,1680,1050
1,2,4227,1779219837.63932,2,1680,1050
1,2,4228,1779219837.66014,2,1680,1050
1,2,4229,1779219837.68096,2,1680,1050
1,2,4230,1779219837.70178,2,1680,1050
1,2,4231,1779219837.7226,2,1680,1050
1,2,4232,1779219837.74342,2,1680,1050
1,2,4233,1779219837.76424,2,1680,1050
1,2,4234,1779219837.78506,2,1680,1050
1,2,4235,1779219837.80588,2,1680,1050
1,2,4236,1779219837.8267,2,1680,1050
1,2,4237,1779219837.84752,2,1680,1050
1,2,4238,1779219837.86834,2,1680,1050
1,2,4239,1779219837.88916,2,1680,1050
1,2,4240,1779219837.90998,2,1680,1050
1,2,4241,1779219837.9308,2,1680,1050
1,2,4242,1779219837.95161,2,1680,1050
1,2,4243,1779219837.97243,2,1680,1050
1,2,4244,1779219837.99325,2,1680,1050
1,2,4245,1779219838.01407,2,1680,1050
1,2,4246,1779219838.03489,2,1680,1050
1,2,4247,1779219838.05571,2,1680,1050
1,2,4248,1779219838.07653,2,1680,1050
1,2,4249,1779219838.09735,2,1680,1050
1,2,4250,1779219838.11817,2,1680,1050
1,2,4251,1779219838.13899,2,1680,1050
1,2,4252,1779219838.15981,2,1680,1050
1,2,4253,1779219838.18063,2,1680,1050
1,2,4254,1779219838.20145,2,1680,1050
1,2,4255,1779219838.22227,2,1680,1050
1,2,4256,1779219838.24309,2,1680,1050
1,2,4257,1779219838.26391,2,1680,1050
1,2,4258,1779219838.28473,2,1680,1050
1,2,4259,1779219838.30555,2,1680,1050
1,2,4260,1779219838.32637,2,1680,1050
1,2,4261,1779219838.34719,2,1680,1050
1,2,4262,1779219838.36801,2,1680,1050
1,2,4263,1779219838.38882,2,1680,1050
1,2,4264,1779219838.40964,2,1680,1050
1,2,4265,1779219838.43046,2,1680,1050
1,2,4266,1779219838.45128,2,1680,1050
1,2,4267,1779219838.4721,2,1680,1050
1,2,4268,1779219838.49292,2,1680,1050
1,2,4269,1779219838.51374,2,1680,1050
1,2,4270,1779219838.53456,2,1680,1050
1,2,4271,1779219838.55538,2,1680,1050
1,2,4272,1779219838.5762,2,1680,1050
1,2,4273,1779219838.59702,2,1680,1050
1,2,4274,1779219838.61784,2,1680,1050
1,2,4275,1779219838.63866,2,1680,1050
1,2,4276,1779219838.65948,2,1680,1050
1,2,4277,1779219838.6803,2,1680,1050
1,2,4278,1779219838.70112,2,1680,1050
1,2,4279,1779219838.72194,2,1680,1050
1,2,4280,1779219838.74276,2,1680,1050
1,2,4281,1779219838.76358,2,1680,1050
1,2,4282,1779219838.78439,2,1680,1050
1,2,4283,1779219838.80521,2,1680,1050
1,2,4284,1779219838.82603,2,1680,1050
1,2,4285,1779219838.84685,2,1680,1050
1,2,4286,1779219838.86767,2,1680,1050
1,2,4287,1779219838.88849,2,1680,1050
1,2,4288,1779219838.90931,2,1680,1050
1,2,4289,1779219838.93013,2,1680,1050
1,2,4290,1779219838.95095,2,1680,1050
1,2,4291,1779219838.97177,2,1680,1050
1,2,4292,1779219838.99259,2,1680,1050
1,2,4293,1779219839.01341,2,1680,1050
1,2,4294,1779219839.03423,2,1680,1050
1,2,4295,1779219839.05505,2,1680,1050
1,2,4296,1779219839.07587,2,1680,1050
1,2,4297,1779219839.09669,2,1680,1050
1,2,4298,1779219839.11751,2,1680,1050
1,2,4299,1779219839.13833,2,1680,1050
1,2,4300,1779219839.15915,2,1680,1050
1,2,4301,1779219839.17996,2,1680,1050
1,2,4302,1779219839.20079,2,1680,1050
1,2,4303,1779219839.22161,2,1680,1050
1,2,4304,1779219839.24242,2,1680,1050
1,2,4305,1779219839.26324,2,1680,1050
1,2,4306,1779219839.28406,2,1680,1050
1,2,4307,1779219839.30488,2,1680,1050
1,2,4308,1779219839.3257,2,1680,1050
1,2,4309,1779219839.34652,2,1680,1050
1,2,4310,1779219839.36734,2,1680,1050
1,2,4311,1779219839.38816,2,1680,1050
1,2,4312,1779219839.40898,2,1680,1050
1,2,4313,1779219839.4298,2,1680,1050
1,2,4314,1779219839.45062,2,1680,1050
1,2,4315,1779219839.47144,2,1680,1050
1,2,4316,1779219839.49226,2,1680,1050
1,2,4317,1779219839.51308,2,1680,1050
1,2,4318,1779219839.5339,2,1680,1050
1,2,4319,1779219839.55472,2,1680,1050
1,2,4320,1779219839.57554,2,1680,1050
1,2,4321,1779219839.59636,2,1680,1050
1,2,4322,1779219839.61718,2,1680,1050
1,2,4323,1779219839.63799,2,1680,1050
1,2,4324,1779219839.65881,2,1680,1050
1,2,4325,1779219839.67963,2,1680,1050
1,2,4326,1779219839.70045,2,1680,1050
1,2,4327,1779219839.72127,2,1680,1050
1,2,4328,1779219839.74209,2,1680,1050
1,2,4329,1779219839.76291,2,1680,1050
1,2,4330,1779219839.78373,2,1680,1050
1,2,4331,1779219839.80455,2,1680,1050
1,2,4332,1779219839.82537,2,1680,1050
1,2,4333,1779219839.84619,2,1680,1050
1,2,4334,1779219839.86701,2,1680,1050
1,2,4335,1779219839.88783,2,1680,1050
1,2,4336,1779219839.90865,2,1680,1050
1,2,4337,1779219839.92947,2,1680,1050
1,2,4338,1779219839.95029,2,1680,1050
1,2,4339,1779219839.97111,2,1680,1050
1,2,4340,1779219839.99193,2,1680,1050
1,2,4341,1779219840.01275,2,1680,1050
1,2,4342,1779219840.03357,2,1680,1050
1,2,4343,1779219840.05438,2,1680,1050
1,2,4344,1779219840.0752,2,1680,1050
1,2,4345,1779219840.09602,2,1680,1050
1,2,4346,1779219840.11684,2,1680,1050
1,2,4347,1779219840.13766,2,1680,1050
1,2,4348,1779219840.15848,2,1680,1050
1,2,4349,1779219840.1793,2,1680,1050
1,2,4350,1779219840.20012,2,1680,1050
1,2,4351,1779219840.22094,2,1680,1050
1,2,4352,1779219840.24176,2,1680,1050
1,2,4353,1779219840.26258,2,1680,1050
1,2,4354,1779219840.2834,2,1680,1050
1,2,4355,1779219840.30422,2,1680,1050
1,2,4356,1779219840.32504,2,1680,1050
1,2,4357,1779219840.34586,2,1680,1050
1,2,4358,1779219840.36668,2,1680,1050
1,2,4359,1779219840.3875,2,1680,1050
1,2,4360,1779219840.40832,2,1680,1050
1,2,4361,1779219840.42914,2,1680,1050
1,2,4362,1779219840.44996,2,1680,1050
1,2,4363,1779219840.47077,2,1680,1050
1,2,4364,1779219840.49159,2,1680,1050
1,2,4365,1779219840.51241,2,1680,1050
1,2,4366,1779219840.53323,2,1680,1050
1,2,4367,1779219840.55405,2,1680,1050
1,2,4368,1779219840.57487,2,1680,1050
1,2,4369,1779219840.59569,2,1680,1050
1,2,4370,1779219840.61651,2,1680,1050
1,2,4371,1779219840.63733,2,1680,1050
1,2,4372,1779219840.65815,2,1680,1050
1,2,4373,1779219840.67897,2,1680,1050
1,2,4374,1779219840.69979,2,1680,1050
1,2,4375,1779219840.72061,2,1680,1050
1,2,4376,1779219840.74143,2,1680,1050
1,2,4377,1779219840.76225,2,1680,1050
1,2,4378,1779219840.78307,2,1680,1050
1,2,4379,1779219840.80389,2,1680,1050
1,2,4380,1779219840.82471,2,1680,1050
1,2,4381,1779219840.84553,2,1680,1050
1,2,4382,1779219840.86635,2,1680,1050
1,2,4383,1779219840.88716,2,1680,1050
1,2,4384,1779219840.90798,2,1680,1050
1,2,4385,1779219840.9288,2,1680,1050
1,2,4386,1779219840.94962,2,1680,1050
1,2,4387,1779219840.97044,2,1680,1050
1,2,4388,1779219840.99126,2,1680,1050
1,2,4389,1779219841.01208,2,1680,1050
1,2,4390,1779219841.0329,2,1680,1050
1,2,4391,1779219841.05372,2,1680,1050
1,2,4392,1779219841.07454,2,1680,1050
1,2,4393,1779219841.09536,2,1680,1050
1,2,4394,1779219841.11618,2,1680,1050
1,2,4395,1779219841.137,2,1680,1050
1,2,4396,1779219841.15782,2,1680,1050
1,2,4397,1779219841.17864,2,1680,1050
1,2,4398,1779219841.19946,2,1680,1050
1,2,4399,1779219841.22028,2,1680,1050
1,2,4400,1779219841.2411,2,1680,1050
1,2,4401,1779219841.26192,2,1680,1050
1,2,4402,1779219841.28274,2,1680,1050
1,2,4403,1779219841.30356,2,1680,1050
1,2,4404,1779219841.32437,2,1680,1050
1,2,4405,1779219841.34519,2,1680,1050
1,2,4406,1779219841.36601,2,1680,1050
1,2,4407,1779219841.38683,2,1680,1050
1,2,4408,1779219841.40765,2,1680,1050
1,2,4409,1779219841.42847,2,1680,1050
1,2,4410,1779219841.44929,2,1680,1050
1,2,4411,1779219841.47011,2,1680,1050
1,2,4412,1779219841.49093,2,1680,1050
1,2,4413,1779219841.51175,2,1680,1050
1,2,4414,1779219841.53257,2,1680,1050
1,2,4415,1779219841.55339,2,1680,1050
1,2,4416,1779219841.57421,2,1680,1050
1,2,4417,1779219841.59503,2,1680,1050
1,2,4418,1779219841.61585,2,1680,1050
1,2,4419,1779219841.63667,2,1680,1050
1,2,4420,1779219841.65749,2,1680,1050
1,2,4421,1779219841.67831,2,1680,1050
1,2,4422,1779219841.69913,2,1680,1050
1,2,4423,1779219841.71994,2,1680,1050
1,2,4424,1779219841.74076,2,1680,1050
1,2,4425,1779219841.76158,2,1680,1050
1,2,4426,1779219841.7824,2,1680,1050
1,2,4427,1779219841.80322,2,1680,1050
1,2,4428,1779219841.82404,2,1680,1050
1,2,4429,1779219841.84486,2,1680,1050
1,2,4430,1779219841.86568,2,1680,1050
1,2,4431,1779219841.8865,2,1680,1050
1,2,4432,1779219841.90732,2,1680,1050
1,2,4433,1779219841.92814,2,1680,1050
1,2,4434,1779219841.94896,2,1680,1050
1,2,4435,1779219841.96978,2,1680,1050
1,2,4436,1779219841.9906,2,1680,1050
1,2,4437,1779219842.01142,2,1680,1050
1,2,4438,1779219842.03224,2,1680,1050
1,2,4439,1779219842.05306,2,1680,1050
1,2,4440,1779219842.07388,2,1680,1050
1,2,4441,1779219842.0947,2,1680,1050
1,2,4442,1779219842.11551,2,1680,1050
1,2,4443,1779219842.13633,2,1680,1050
1,2,4444,1779219842.15715,2,1680,1050
1,2,4445,1779219842.17797,2,1680,1050
1,2,4446,1779219842.19879,2,1680,1050
1,2,4447,1779219842.21961,2,1680,1050
1,2,4448,1779219842.24043,2,1680,1050
1,2,4449,1779219842.26125,2,1680,1050
1,2,4450,1779219842.28207,2,1680,1050
1,2,4451,1779219842.30289,2,1680,1050
1,2,4452,1779219842.32371,2,1680,1050
1,2,4453,1779219842.34453,2,1680,1050
1,2,4454,1779219842.36535,2,1680,1050
1,2,4455,1779219842.38617,2,1680,1050
1,2,4456,1779219842.40699,2,1680,1050
1,2,4457,1779219842.42781,2,1680,1050
1,2,4458,1779219842.44863,2,1680,1050
1,2,4459,1779219842.46945,2,1680,1050
1,2,4460,1779219842.49027,2,1680,1050
1,2,4461,1779219842.51109,2,1680,1050
1,2,4462,1779219842.53191,2,1680,1050
1,2,4463,1779219842.55273,2,1680,1050
1,2,4464,1779219842.57355,2,1680,1050
1,2,4465,1779219842.59436,2,1680,1050
1,2,4466,1779219842.61518,2,1680,1050
1,2,4467,1779219842.636,2,1680,1050
1,2,4468,1779219842.65682,2,1680,1050
1,2,4469,1779219842.67764,2,1680,1050
1,2,4470,1779219842.69846,2,1680,1050
1,2,4471,1779219842.71928,2,1680,1050
1,2,4472,1779219842.7401,2,1680,1050
1,2,4473,1779219842.76092,2,1680,1050
1,2,4474,1779219842.78174,2,1680,1050
1,2,4475,1779219842.80256,2,1680,1050
1,2,4476,1779219842.82338,2,1680,1050
1,2,4477,1779219842.8442,2,1680,1050
1,2,4478,1779219842.86502,2,1680,1050
1,2,4479,1779219842.88584,2,1680,1050
1,2,4480,1779219842.90666,2,1680,1050
1,2,4481,1779219842.92748,2,1680,1050
1,2,4482,1779219842.9483,2,1680,1050
1,2,4483,1779219842.96912,2,1680,1050
1,2,4484,1779219842.98993,2,1680,1050
1,2,4485,1779219843.01075,2,1680,1050
1,2,4486,1779219843.03157,2,1680,1050
1,2,4487,1779219843.05239,2,1680,1050
1,2,4488,1779219843.07321,2,1680,1050
1,2,4489,1779219843.09403,2,1680,1050
1,2,4490,1779219843.11485,2,1680,1050
1,2,4491,1779219843.13567,2,1680,1050
1,2,4492,1779219843.15649,2,1680,1050
1,2,4493,1779219843.17731,2,1680,1050
1,2,4494,1779219843.19813,2,1680,1050
1,2,4495,1779219843.21895,2,1680,1050
1,2,4496,1779219843.23977,2,1680,1050
1,2,4497,1779219843.26059,2,1680,1050
1,2,4498,1779219843.28141,2,1680,1050
1,2,4499,1779219843.30223,2,1680,1050
1,2,4500,1779219843.32305,2,1680,1050
1,2,4501,1779219843.34387,2,1680,1050
1,2,4502,1779219843.36469,-1,1680,1050
1,2,4503,1779219843.38551,-1,1680,1050
1,2,4504,1779219843.40633,-1,1680,1050
1,2,4505,1779219843.42714,-1,1680,1050
1,2,4506,1779219843.44796,-1,1680,1050
1,2,4507,1779219843.46878,-1,1680,1050
1,2,4508,1779219843.4896,-1,1680,1050
1,2,4509,1779219843.51042,-1,1680,1050
1,2,4510,1779219843.53124,-1,1680,1050
1,2,4511,1779219843.55206,-1,1680,1050
1,2,4512,1779219843.57288,-1,1680,1050
1,2,4513,1779219843.5937,-1,1680,1050
1,2,4514,1779219843.61452,-1,1680,1050
1,2,4515,1779219843.63534,-1,1680,1050
1,2,4516,1779219843.65616,-1,1680,1050
1,2,4517,1779219843.67698,-1,1680,1050
1,2,4518,1779219843.6978,-1,1680,1050
1,2,4519,1779219843.71862,-1,1680,1050
1,2,4520,1779219843.73944,-1,1680,1050
1,2,4521,1779219843.76026,-1,1680,1050
1,2,4522,1779219843.78108,-1,1680,1050
1,2,4523,1779219843.8019,-1,1680,1050
1,2,4524,1779219843.82272,-1,1680,1050
1,2,4525,1779219843.84354,-1,1680,1050
1,2,4526,1779219843.86435,-1,1680,1050
1,2,4527,1779219843.88517,-1,1680,1050
1,2,4528,1779219843.90599,-1,1680,1050
1,2,4529,1779219843.92681,-1,1680,1050
1,2,4530,1779219843.94763,-1,1680,1050
1,2,4531,1779219843.96845,-1,1680,1050
1,2,4532,1779219843.98927,-1,1680,1050
1,2,4533,1779219844.01009,-1,1680,1050
1,2,4534,1779219844.03091,-1,1680,1050
1,2,4535,1779219844.05173,-1,1680,1050
1,2,4536,1779219844.07255,-1,1680,1050
1,2,4537,1779219844.09337,-1,1680,1050
1,2,4538,1779219844.11419,-1,1680,1050
1,2,4539,1779219844.13501,-1,1680,1050
1,2,4540,1779219844.15583,-1,1680,1050
1,2,4541,1779219844.17665,-1,1680,1050
1,2,4542,1779219844.19747,-1,1680,1050
1,2,4543,1779219844.21829,-1,1680,1050
1,2,4544,1779219844.2391,-1,1680,1050
1,2,4545,1779219844.25993,-1,1680,1050
1,2,4546,1779219844.28074,-1,1680,1050
1,2,4547,1779219844.30156,-1,1680,1050
1,2,4548,1779219844.32238,-1,1680,1050
1,2,4549,1779219844.3432,-1,1680,1050
1,2,4550,1779219844.36402,-1,1680,1050
1,2,4551,1779219844.38484,-1,1680,1050
1,2,4552,1779219844.40566,-1,1680,1050
1,2,4553,1779219844.42648,-1,1680,1050
1,2,4554,1779219844.4473,-1,1680,1050
1,2,4555,1779219844.46812,-1,1680,1050
1,2,4556,1779219844.48894,-1,1680,1050
1,2,4557,1779219844.50976,-1,1680,1050
1,2,4558,1779219844.53058,-1,1680,1050
1,2,4559,1779219844.5514,-1,1680,1050
1,2,4560,1779219844.57222,-1,1680,1050
1,2,4561,1779219844.59304,-1,1680,1050
1,2,4562,1779219844.61386,-1,1680,1050
1,2,4563,1779219844.63468,-1,1680,1050
1,2,4564,1779219844.65549,-1,1680,1050
1,2,4565,1779219844.67631,-1,1680,1050
1,2,4566,1779219844.69713,-1,1680,1050
1,2,4567,1779219844.71795,-1,1680,1050
1,2,4568,1779219844.73877,-1,1680,1050
1,2,4569,1779219844.75959,-1,1680,1050
1,2,4570,1779219844.78041,-1,1680,1050
1,2,4571,1779219844.80123,-1,1680,1050
1,2,4572,1779219844.82205,-1,1680,1050
1,2,4573,1779219844.84287,-1,1680,1050
1,2,4574,1779219844.86369,-1,1680,1050
1,2,4575,1779219844.88451,-1,1680,1050
1,2,4576,1779219844.90533,-1,1680,1050
1,2,4577,1779219844.92615,-1,1680,1050
1,2,4578,1779219844.94697,-1,1680,1050
1,2,4579,1779219844.96779,-1,1680,1050
1,2,4580,1779219844.98861,-1,1680,1050
1,2,4581,1779219845.00943,-1,1680,1050
1,2,4582,1779219845.03025,-1,1680,1050
1,2,4583,1779219845.05107,-1,1680,1050
1,2,4584,1779219845.07189,-1,1680,1050
1,2,4585,1779219845.09271,-1,1680,1050
1,2,4586,1779219845.11352,-1,1680,1050
1,2,4587,1779219845.13434,-1,1680,1050
1,2,4588,1779219845.15516,-1,1680,1050
1,2,4589,1779219845.17598,-1,1680,1050
1,2,4590,1779219845.1968,-1,1680,1050
1,2,4591,1779219845.21762,-1,1680,1050
1,2,4592,1779219845.23844,-1,1680,1050
1,2,4593,1779219845.25926,-1,1680,1050
1,2,4594,1779219845.28008,-1,1680,1050
1,2,4595,1779219845.3009,-1,1680,1050
1,2,4596,1779219845.32172,-1,1680,1050
1,2,4597,1779219845.34254,-1,1680,1050
1,2,4598,1779219845.36336,-1,1680,1050
1,2,4599,1779219845.38418,-1,1680,1050
1,2,4600,1779219845.405,-1,1680,1050
1,2,4601,1779219845.42582,-1,1680,1050
1,2,4602,1779219845.44664,-1,1680,1050
1,2,4603,1779219845.46746,-1,1680,1050
1,2,4604,1779219845.48828,-1,1680,1050
1,2,4605,1779219845.5091,-1,1680,1050
1,2,4606,1779219845.52991,-1,1680,1050
1,2,4607,1779219845.55073,-1,1680,1050
1,2,4608,1779219845.57155,-1,1680,1050
1,2,4609,1779219845.59237,-1,1680,1050
1,2,4610,1779219845.61319,-1,1680,1050
1,2,4611,1779219845.63401,-1,1680,1050
1,2,4612,1779219845.65483,-1,1680,1050
1,2,4613,1779219845.67565,-1,1680,1050
1,2,4614,1779219845.69647,-1,1680,1050
1,2,4615,1779219845.71729,-1,1680,1050
1,2,4616,1779219845.73811,-1,1680,1050
1,2,4617,1779219845.75893,-1,1680,1050
1,2,4618,1779219845.77975,-1,1680,1050
1,2,4619,1779219845.80057,-1,1680,1050
1,2,4620,1779219845.82139,-1,1680,1050
1,2,4621,1779219845.84221,-1,1680,1050
1,2,4622,1779219845.86303,-1,1680,1050
1,2,4623,1779219845.88385,-1,1680,1050
1,2,4624,1779219845.90467,-1,1680,1050
1,2,4625,1779219845.92549,-1,1680,1050
1,2,4626,1779219845.9463,-1,1680,1050
1,2,4627,1779219845.96712,-1,1680,1050
1,2,4628,1779219845.98794,-1,1680,1050
1,2,4629,1779219846.00876,-1,1680,1050
1,2,4630,1779219846.02958,-1,1680,1050
1,2,4631,1779219846.0504,-1,1680,1050
1,2,4632,1779219846.07122,-1,1680,1050
1,2,4633,1779219846.09204,-1,1680,1050
1,2,4634,1779219846.11286,-1,1680,1050
1,2,4635,1779219846.13368,-1,1680,1050
1,2,4636,1779219846.1545,-1,1680,1050
1,2,4637,1779219846.17532,-1,1680,1050
1,2,4638,1779219846.19614,-1,1680,1050
1,2,4639,1779219846.21696,-1,1680,1050
1,2,4640,1779219846.23778,-1,1680,1050
1,2,4641,1779219846.2586,-1,1680,1050
1,2,4642,1779219846.27942,-1,1680,1050
1,2,4643,1779219846.30024,-1,1680,1050
1,2,4644,1779219846.32106,-1,1680,1050
1,2,4645,1779219846.34188,-1,1680,1050
1,2,4646,1779219846.36269,-1,1680,1050
1,2,4647,1779219846.38351,-1,1680,1050
1,2,4648,1779219846.40433,-1,1680,1050
1,2,4649,1779219846.42515,-1,1680,1050
1,2,4650,1779219846.44597,-1,1680,1050
1,2,4651,1779219846.46679,-1,1680,1050
1,2,4652,1779219846.48761,-1,1680,1050
1,2,4653,1779219846.50843,-1,1680,1050
1,2,4654,1779219846.52925,-1,1680,1050
1,2,4655,1779219846.55007,-1,1680,1050
1,2,4656,1779219846.57089,-1,1680,1050
1,2,4657,1779219846.59171,-1,1680,1050
1,2,4658,1779219846.61253,-1,1680,1050
1,2,4659,1779219846.63335,-1,1680,1050
1,2,4660,1779219846.65417,-1,1680,1050
1,2,4661,1779219846.67499,-1,1680,1050
1,2,4662,1779219846.69581,-1,1680,1050
1,2,4663,1779219846.71663,-1,1680,1050
1,2,4664,1779219846.73745,-1,1680,1050
1,2,4665,1779219846.75827,-1,1680,1050
1,2,4666,1779219846.77908,-1,1680,1050
1,2,4667,1779219846.7999,-1,1680,1050
1,2,4668,1779219846.82072,-1,1680,1050
1,2,4669,1779219846.84154,-1,1680,1050
1,2,4670,1779219846.86236,-1,1680,1050
1,2,4671,1779219846.88318,-1,1680,1050
1,2,4672,1779219846.904,-1,1680,1050
1,2,4673,1779219846.92482,-1,1680,1050
1,2,4674,1779219846.94564,-1,1680,1050
1,2,4675,1779219846.96646,-1,1680,1050
1,2,4676,1779219846.98728,-1,1680,1050
1,2,4677,1779219847.0081,-1,1680,1050
1,2,4678,1779219847.02892,-1,1680,1050
1,2,4679,1779219847.04974,-1,1680,1050
1,2,4680,1779219847.07056,-1,1680,1050
1,2,4681,1779219847.09138,-1,1680,1050
1,2,4682,1779219847.1122,1,1680,1050
1,2,4683,1779219847.13302,1,1680,1050
1,2,4684,1779219847.15384,1,1680,1050
1,2,4685,1779219847.17466,1,1680,1050
1,2,4686,1779219847.19548,1,1680,1050
1,2,4687,1779219847.21629,1,1680,1050
1,2,4688,1779219847.23711,1,1680,1050
1,2,4689,1779219847.25793,1,1680,1050
1,2,4690,1779219847.27875,1,1680,1050
1,2,4691,1779219847.29957,1,1680,1050
1,2,4692,1779219847.32039,1,1680,1050
1,2,4693,1779219847.34121,1,1680,1050
1,2,4694,1779219847.36203,1,1680,1050
1,2,4695,1779219847.38285,1,1680,1050
1,2,4696,1779219847.40367,1,1680,1050
1,2,4697,1779219847.42449,1,1680,1050
1,2,4698,1779219847.44531,1,1680,1050
1,2,4699,1779219847.46613,1,1680,1050
1,2,4700,1779219847.48695,1,1680,1050
1,2,4701,1779219847.50777,1,1680,1050
1,2,4702,1779219847.52859,1,1680,1050
1,2,4703,1779219847.54941,1,1680,1050
1,2,4704,1779219847.57023,1,1680,1050
1,2,4705,1779219847.59105,1,1680,1050
1,2,4706,1779219847.61187,1,1680,1050
1,2,4707,1779219847.63268,1,1680,1050
1,2,4708,1779219847.6535,1,1680,1050
1,2,4709,1779219847.67432,1,1680,1050
1,2,4710,1779219847.69514,1,1680,1050
1,2,4711,1779219847.71596,1,1680,1050
1,2,4712,1779219847.73678,1,1680,1050
1,2,4713,1779219847.7576,1,1680,1050
1,2,4714,1779219847.77842,1,1680,1050
1,2,4715,1779219847.79924,1,1680,1050
1,2,4716,1779219847.82006,1,1680,1050
1,2,4717,1779219847.84088,1,1680,1050
1,2,4718,1779219847.8617,1,1680,1050
1,2,4719,1779219847.88252,1,1680,1050
1,2,4720,1779219847.90334,1,1680,1050
1,2,4721,1779219847.92416,1,1680,1050
1,2,4722,1779219847.94498,1,1680,1050
1,2,4723,1779219847.9658,1,1680,1050
1,2,4724,1779219847.98662,1,1680,1050
1,2,4725,1779219848.00744,1,1680,1050
1,2,4726,1779219848.02826,1,1680,1050
1,2,4727,1779219848.04907,1,1680,1050
1,2,4728,1779219848.06989,1,1680,1050
1,2,4729,1779219848.09071,1,1680,1050
1,2,4730,1779219848.11153,1,1680,1050
1,2,4731,1779219848.13235,1,1680,1050
1,2,4732,1779219848.15317,1,1680,1050
1,2,4733,1779219848.17399,1,1680,1050
1,2,4734,1779219848.19481,1,1680,1050
1,2,4735,1779219848.21563,1,1680,1050
1,2,4736,1779219848.23645,1,1680,1050
1,2,4737,1779219848.25727,1,1680,1050
1,2,4738,1779219848.27809,1,1680,1050
1,2,4739,1779219848.29891,1,1680,1050
1,2,4740,1779219848.31973,1,1680,1050
1,2,4741,1779219848.34055,1,1680,1050
1,2,4742,1779219848.36137,1,1680,1050
1,2,4743,1779219848.38219,1,1680,1050
1,2,4744,1779219848.40301,1,1680,1050
1,2,4745,1779219848.42383,1,1680,1050
1,2,4746,1779219848.44464,1,1680,1050
1,2,4747,1779219848.46547,1,1680,1050
1,2,4748,1779219848.48628,1,1680,1050
1,2,4749,1779219848.5071,1,1680,1050
1,2,4750,1779219848.52792,1,1680,1050
1,2,4751,1779219848.54874,1,1680,1050
1,2,4752,1779219848.56956,1,1680,1050
1,2,4753,1779219848.59038,1,1680,1050
1,2,4754,1779219848.6112,1,1680,1050
1,2,4755,1779219848.63202,1,1680,1050
1,2,4756,1779219848.65284,1,1680,1050
1,2,4757,1779219848.67366,1,1680,1050
1,2,4758,1779219848.69448,1,1680,1050
1,2,4759,1779219848.7153,1,1680,1050
1,2,4760,1779219848.73612,1,1680,1050
1,2,4761,1779219848.75694,1,1680,1050
1,2,4762,1779219848.77776,1,1680,1050
1,2,4763,1779219848.79858,1,1680,1050
1,2,4764,1779219848.8194,1,1680,1050
1,2,4765,1779219848.84022,1,1680,1050
1,2,4766,1779219848.86104,1,1680,1050
1,2,4767,1779219848.88186,1,1680,1050
1,2,4768,1779219848.90267,1,1680,1050
1,2,4769,1779219848.92349,1,1680,1050
1,2,4770,1779219848.94431,1,1680,1050
1,2,4771,1779219848.96513,1,1680,1050
1,2,4772,1779219848.98595,1,1680,1050
1,2,4773,1779219849.00677,1,1680,1050
1,2,4774,1779219849.02759,1,1680,1050
1,2,4775,1779219849.04841,1,1680,1050
1,2,4776,1779219849.06923,1,1680,1050
1,2,4777,1779219849.09005,1,1680,1050
1,2,4778,1779219849.11087,1,1680,1050
1,2,4779,1779219849.13169,1,1680,1050
1,2,4780,1779219849.15251,1,1680,1050
1,2,4781,1779219849.17333,1,1680,1050
1,2,4782,1779219849.19415,1,1680,1050
1,2,4783,1779219849.21497,1,1680,1050
1,2,4784,1779219849.23579,1,1680,1050
1,2,4785,1779219849.25661,1,1680,1050
1,2,4786,1779219849.27743,1,1680,1050
1,2,4787,1779219849.29825,1,1680,1050
1,2,4788,1779219849.31906,1,1680,1050
1,2,4789,1779219849.33988,1,1680,1050
1,2,4790,1779219849.3607,1,1680,1050
1,2,4791,1779219849.38152,1,1680,1050
1,2,4792,1779219849.40234,1,1680,1050
1,2,4793,1779219849.42316,1,1680,1050
1,2,4794,1779219849.44398,1,1680,1050
1,2,4795,1779219849.4648,1,1680,1050
1,2,4796,1779219849.48562,1,1680,1050
1,2,4797,1779219849.50644,1,1680,1050
1,2,4798,1779219849.52726,1,1680,1050
1,2,4799,1779219849.54808,1,1680,1050
1,2,4800,1779219849.5689,1,1680,1050
1,2,4801,1779219849.58972,1,1680,1050
1,2,4802,1779219849.61054,1,1680,1050
1,2,4803,1779219849.63136,1,1680,1050
1,2,4804,1779219849.65218,1,1680,1050
1,2,4805,1779219849.673,1,1680,1050
1,2,4806,1779219849.69381,1,1680,1050
1,2,4807,1779219849.71464,1,1680,1050
1,2,4808,1779219849.73546,1,1680,1050
1,2,4809,1779219849.75627,1,1680,1050
1,2,4810,1779219849.77709,1,1680,1050
1,2,4811,1779219849.79791,1,1680,1050
1,2,4812,1779219849.81873,1,1680,1050
1,2,4813,1779219849.83955,1,1680,1050
1,2,4814,1779219849.86037,1,1680,1050
1,2,4815,1779219849.88119,1,1680,1050
1,2,4816,1779219849.90201,1,1680,1050
1,2,4817,1779219849.92283,1,1680,1050
1,2,4818,1779219849.94365,1,1680,1050
1,2,4819,1779219849.96447,1,1680,1050
1,2,4820,1779219849.98529,1,1680,1050
1,2,4821,1779219850.00611,1,1680,1050
1,2,4822,1779219850.02693,1,1680,1050
1,2,4823,1779219850.04775,1,1680,1050
1,2,4824,1779219850.06857,1,1680,1050
1,2,4825,1779219850.08939,1,1680,1050
1,2,4826,1779219850.11021,1,1680,1050
1,2,4827,1779219850.13102,1,1680,1050
1,2,4828,1779219850.15184,1,1680,1050
1,2,4829,1779219850.17266,1,1680,1050
1,2,4830,1779219850.19348,1,1680,1050
1,2,4831,1779219850.2143,1,1680,1050
1,2,4832,1779219850.23512,1,1680,1050
1,2,4833,1779219850.25594,1,1680,1050
1,2,4834,1779219850.27676,1,1680,1050
1,2,4835,1779219850.29758,1,1680,1050
1,2,4836,1779219850.3184,1,1680,1050
1,2,4837,1779219850.33922,1,1680,1050
1,2,4838,1779219850.36004,1,1680,1050
1,2,4839,1779219850.38086,1,1680,1050
1,2,4840,1779219850.40168,1,1680,1050
1,2,4841,1779219850.4225,1,1680,1050
1,2,4842,1779219850.44332,1,1680,1050
1,2,4843,1779219850.46414,1,1680,1050
1,2,4844,1779219850.48496,1,1680,1050
1,2,4845,1779219850.50578,1,1680,1050
1,2,4846,1779219850.5266,1,1680,1050
1,2,4847,1779219850.54742,1,1680,1050
1,2,4848,1779219850.56824,1,1680,1050
1,2,4849,1779219850.58905,1,1680,1050
1,2,4850,1779219850.60987,1,1680,1050
1,2,4851,1779219850.63069,1,1680,1050
1,2,4852,1779219850.65151,1,1680,1050
1,2,4853,1779219850.67233,1,1680,1050
1,2,4854,1779219850.69315,1,1680,1050
1,2,4855,1779219850.71397,1,1680,1050
1,2,4856,1779219850.73479,1,1680,1050
1,2,4857,1779219850.75561,1,1680,1050
1,2,4858,1779219850.77643,1,1680,1050
1,2,4859,1779219850.79725,1,1680,1050
1,2,4860,1779219850.81807,1,1680,1050
1,2,4861,1779219850.83889,1,1680,1050
1,2,4862,1779219850.85971,1,1680,1050
1,2,4863,1779219850.88053,1,1680,1050
1,2,4864,1779219850.90135,1,1680,1050
1,2,4865,1779219850.92217,1,1680,1050
1,2,4866,1779219850.94299,1,1680,1050
1,2,4867,1779219850.96381,1,1680,1050
1,2,4868,1779219850.98463,1,1680,1050
1,2,4869,1779219851.00544,1,1680,1050
1,2,4870,1779219851.02626,1,1680,1050
1,2,4871,1779219851.04708,1,1680,1050
1,2,4872,1779219851.0679,1,1680,1050
1,2,4873,1779219851.08872,1,1680,1050
1,2,4874,1779219851.10954,1,1680,1050
1,2,4875,1779219851.13036,1,1680,1050
1,2,4876,1779219851.15118,1,1680,1050
1,2,4877,1779219851.172,1,1680,1050
1,2,4878,1779219851.19282,1,1680,1050
1,2,4879,1779219851.21364,1,1680,1050
1,2,4880,1779219851.23446,1,1680,1050
1,2,4881,1779219851.25528,1,1680,1050
1,2,4882,1779219851.2761,1,1680,1050
1,2,4883,1779219851.29692,1,1680,1050
1,2,4884,1779219851.31774,1,1680,1050
1,2,4885,1779219851.33856,1,1680,1050
1,2,4886,1779219851.35938,1,1680,1050
1,2,4887,1779219851.3802,1,1680,1050
1,2,4888,1779219851.40102,1,1680,1050
1,2,4889,1779219851.42183,1,1680,1050
1,2,4890,1779219851.44265,1,1680,1050
1,2,4891,1779219851.46347,1,1680,1050
1,2,4892,1779219851.48429,1,1680,1050
1,2,4893,1779219851.50511,1,1680,1050
1,2,4894,1779219851.52593,1,1680,1050
1,2,4895,1779219851.54675,1,1680,1050
1,2,4896,1779219851.56757,1,1680,1050
1,2,4897,1779219851.58839,1,1680,1050
1,2,4898,1779219851.60921,1,1680,1050
1,2,4899,1779219851.63003,1,1680,1050
1,2,4900,1779219851.65085,1,1680,1050
1,2,4901,1779219851.67167,1,1680,1050
1,2,4902,1779219851.69249,1,1680,1050
1,2,4903,1779219851.71331,1,1680,1050
1,2,4904,1779219851.73413,1,1680,1050
1,2,4905,1779219851.75495,1,1680,1050
1,2,4906,1779219851.77577,1,1680,1050
1,2,4907,1779219851.79659,1,1680,1050
1,2,4908,1779219851.81741,1,1680,1050
1,2,4909,1779219851.83822,1,1680,1050
1,2,4910,1779219851.85904,1,1680,1050
1,2,4911,1779219851.87986,1,1680,1050
1,2,4912,1779219851.90068,1,1680,1050
1,2,4913,1779219851.9215,1,1680,1050
1,2,4914,1779219851.94232,1,1680,1050
1,2,4915,1779219851.96314,1,1680,1050
1,2,4916,1779219851.98396,1,1680,1050
1,2,4917,1779219852.00478,1,1680,1050
1,2,4918,1779219852.0256,1,1680,1050
1,2,4919,1779219852.04642,1,1680,1050
1,2,4920,1779219852.06724,1,1680,1050
1,2,4921,1779219852.08806,1,1680,1050
1,2,4922,1779219852.10888,2,1680,1050
1,2,4923,1779219852.1297,2,1680,1050
1,2,4924,1779219852.15052,2,1680,1050
1,2,4925,1779219852.17134,2,1680,1050
1,2,4926,1779219852.19216,2,1680,1050
1,2,4927,1779219852.21298,2,1680,1050
1,2,4928,1779219852.2338,2,1680,1050
1,2,4929,1779219852.25462,2,1680,1050
1,2,4930,1779219852.27543,2,1680,1050
1,2,4931,1779219852.29625,2,1680,1050
1,2,4932,1779219852.31707,2,1680,1050
1,2,4933,1779219852.33789,2,1680,1050
1,2,4934,1779219852.35871,2,1680,1050
1,2,4935,1779219852.37953,2,1680,1050
1,2,4936,1779219852.40035,2,1680,1050
1,2,4937,1779219852.42117,2,1680,1050
1,2,4938,1779219852.44199,2,1680,1050
1,2,4939,1779219852.46281,2,1680,1050
1,2,4940,1779219852.48363,2,1680,1050
1,2,4941,1779219852.50445,2,1680,1050
1,2,4942,1779219852.52527,2,1680,1050
1,2,4943,1779219852.54609,2,1680,1050
1,2,4944,1779219852.56691,2,1680,1050
1,2,4945,1779219852.58773,2,1680,1050
1,2,4946,1779219852.60855,2,1680,1050
1,2,4947,1779219852.62937,2,1680,1050
1,2,4948,1779219852.65019,2,1680,1050
1,2,4949,1779219852.67101,2,1680,1050
1,2,4950,1779219852.69183,2,1680,1050
1,2,4951,1779219852.71264,2,1680,1050
1,2,4952,1779219852.73346,2,1680,1050
1,2,4953,1779219852.75428,2,1680,1050
1,2,4954,1779219852.7751,2,1680,1050
1,2,4955,1779219852.79592,2,1680,1050
1,2,4956,1779219852.81674,2,1680,1050
1,2,4957,1779219852.83756,2,1680,1050
1,2,4958,1779219852.85838,2,1680,1050
1,2,4959,1779219852.8792,2,1680,1050
1,2,4960,1779219852.90002,2,1680,1050
1,2,4961,1779219852.92084,2,1680,1050
1,2,4962,1779219852.94166,2,1680,1050
1,2,4963,1779219852.96248,2,1680,1050
1,2,4964,1779219852.9833,2,1680,1050
1,2,4965,1779219853.00412,2,1680,1050
1,2,4966,1779219853.02494,2,1680,1050
1,2,4967,1779219853.04575,2,1680,1050
1,2,4968,1779219853.06658,2,1680,1050
1,2,4969,1779219853.0874,2,1680,1050
1,2,4970,1779219853.10821,2,1680,1050
1,2,4971,1779219853.12903,2,1680,1050
1,2,4972,1779219853.14985,2,1680,1050
1,2,4973,1779219853.17067,2,1680,1050
1,2,4974,1779219853.19149,2,1680,1050
1,2,4975,1779219853.21231,2,1680,1050
1,2,4976,1779219853.23313,2,1680,1050
1,2,4977,1779219853.25395,2,1680,1050
1,2,4978,1779219853.27477,2,1680,1050
1,2,4979,1779219853.29559,2,1680,1050
1,2,4980,1779219853.31641,2,1680,1050
1,2,4981,1779219853.33723,2,1680,1050
1,2,4982,1779219853.35805,2,1680,1050
1,2,4983,1779219853.37887,2,1680,1050
1,2,4984,1779219853.39969,2,1680,1050
1,2,4985,1779219853.42051,2,1680,1050
1,2,4986,1779219853.44133,2,1680,1050
1,2,4987,1779219853.46215,2,1680,1050
1,2,4988,1779219853.48297,2,1680,1050
1,2,4989,1779219853.50379,2,1680,1050
1,2,4990,1779219853.52461,2,1680,1050
1,2,4991,1779219853.54542,2,1680,1050
1,2,4992,1779219853.56624,2,1680,1050
1,2,4993,1779219853.58706,2,1680,1050
1,2,4994,1779219853.60788,2,1680,1050
1,2,4995,1779219853.6287,2,1680,1050
1,2,4996,1779219853.64952,2,1680,1050
1,2,4997,1779219853.67034,2,1680,1050
1,2,4998,1779219853.69116,2,1680,1050
1,2,4999,1779219853.71198,2,1680,1050
1,2,5000,1779219853.7328,2,1680,1050
1,2,5001,1779219853.75362,2,1680,1050
1,2,5002,1779219853.77444,2,1680,1050
1,2,5003,1779219853.79526,2,1680,1050
1,2,5004,1779219853.81608,2,1680,1050
1,2,5005,1779219853.8369,2,1680,1050
1,2,5006,1779219853.85772,2,1680,1050
1,2,5007,1779219853.87854,2,1680,1050
1,2,5008,1779219853.89936,2,1680,1050
1,2,5009,1779219853.92018,2,1680,1050
1,2,5010,1779219853.941,2,1680,1050
1,2,5011,1779219853.96181,2,1680,1050
1,2,5012,1779219853.98263,2,1680,1050
1,2,5013,1779219854.00345,2,1680,1050
1,2,5014,1779219854.02427,2,1680,1050
1,2,5015,1779219854.04509,2,1680,1050
1,2,5016,1779219854.06591,2,1680,1050
1,2,5017,1779219854.08673,2,1680,1050
1,2,5018,1779219854.10755,2,1680,1050
1,2,5019,1779219854.12837,2,1680,1050
1,2,5020,1779219854.14919,2,1680,1050
1,2,5021,1779219854.17001,2,1680,1050
1,2,5022,1779219854.19083,2,1680,1050
1,2,5023,1779219854.21165,2,1680,1050
1,2,5024,1779219854.23247,2,1680,1050
1,2,5025,1779219854.25329,2,1680,1050
1,2,5026,1779219854.27411,2,1680,1050
1,2,5027,1779219854.29493,2,1680,1050
1,2,5028,1779219854.31575,2,1680,1050
1,2,5029,1779219854.33657,2,1680,1050
1,2,5030,1779219854.35739,2,1680,1050
1,2,5031,1779219854.3782,2,1680,1050
1,2,5032,1779219854.39902,2,1680,1050
1,2,5033,1779219854.41984,2,1680,1050
1,2,5034,1779219854.44066,2,1680,1050
1,2,5035,1779219854.46148,2,1680,1050
1,2,5036,1779219854.4823,2,1680,1050
1,2,5037,1779219854.50312,2,1680,1050
1,2,5038,1779219854.52394,2,1680,1050
1,2,5039,1779219854.54476,2,1680,1050
1,2,5040,1779219854.56558,2,1680,1050
1,2,5041,1779219854.5864,2,1680,1050
1,2,5042,1779219854.6905,1,1680,1050
1,2,5043,1779219854.71132,1,1680,1050
1,2,5044,1779219854.73214,1,1680,1050
1,2,5045,1779219854.75296,1,1680,1050
1,2,5046,1779219854.77378,1,1680,1050
1,2,5047,1779219854.79459,1,1680,1050
1,2,5048,1779219854.81541,1,1680,1050
1,2,5049,1779219854.83623,1,1680,1050
1,2,5050,1779219854.85705,1,1680,1050
1,2,5051,1779219854.87787,1,1680,1050
1,2,5052,1779219854.89869,1,1680,1050
1,2,5053,1779219854.91951,1,1680,1050
1,2,5054,1779219854.94033,1,1680,1050
1,2,5055,1779219854.96115,1,1680,1050
1,2,5056,1779219854.98197,1,1680,1050
1,2,5057,1779219855.00279,1,1680,1050
1,2,5058,1779219855.02361,1,1680,1050
1,2,5059,1779219855.04443,1,1680,1050
1,2,5060,1779219855.06525,1,1680,1050
1,2,5061,1779219855.08607,1,1680,1050
1,2,5062,1779219855.10689,1,1680,1050
1,2,5063,1779219855.12771,1,1680,1050
1,2,5064,1779219855.14853,1,1680,1050
1,2,5065,1779219855.16935,1,1680,1050
1,2,5066,1779219855.19016,1,1680,1050
1,2,5067,1779219855.21098,1,1680,1050
1,2,5068,1779219855.2318,1,1680,1050
1,2,5069,1779219855.25262,1,1680,1050
1,2,5070,1779219855.27344,1,1680,1050
1,2,5071,1779219855.29426,1,1680,1050
1,2,5072,1779219855.31508,1,1680,1050
1,2,5073,1779219855.3359,1,1680,1050
1,2,5074,1779219855.35672,1,1680,1050
1,2,5075,1779219855.37754,1,1680,1050
1,2,5076,1779219855.39836,1,1680,1050
1,2,5077,1779219855.41918,1,1680,1050
1,2,5078,1779219855.44,1,1680,1050
1,2,5079,1779219855.46082,1,1680,1050
1,2,5080,1779219855.48164,1,1680,1050
1,2,5081,1779219855.50246,1,1680,1050
1,2,5082,1779219855.52328,1,1680,1050
1,2,5083,1779219855.5441,1,1680,1050
1,2,5084,1779219855.56492,1,1680,1050
1,2,5085,1779219855.58574,1,1680,1050
1,2,5086,1779219855.60656,1,1680,1050
1,2,5087,1779219855.62737,1,1680,1050
1,2,5088,1779219855.64819,1,1680,1050
1,2,5089,1779219855.66901,1,1680,1050
1,2,5090,1779219855.68983,1,1680,1050
1,2,5091,1779219855.71065,1,1680,1050
1,2,5092,1779219855.73147,1,1680,1050
1,2,5093,1779219855.75229,1,1680,1050
1,2,5094,1779219855.77311,1,1680,1050
1,2,5095,1779219855.79393,1,1680,1050
1,2,5096,1779219855.81475,1,1680,1050
1,2,5097,1779219855.83557,1,1680,1050
1,2,5098,1779219855.85639,1,1680,1050
1,2,5099,1779219855.87721,1,1680,1050
1,2,5100,1779219855.89803,1,1680,1050
1,2,5101,1779219855.91885,1,1680,1050
1,2,5102,1779219855.93967,1,1680,1050
1,2,5103,1779219855.96049,1,1680,1050
1,2,5104,1779219855.98131,1,1680,1050
1,2,5105,1779219856.00213,1,1680,1050
1,2,5106,1779219856.02294,1,1680,1050
1,2,5107,1779219856.04377,1,1680,1050
1,2,5108,1779219856.06458,1,1680,1050
1,2,5109,1779219856.0854,1,1680,1050
1,2,5110,1779219856.10622,1,1680,1050
1,2,5111,1779219856.12704,1,1680,1050
1,2,5112,1779219856.14786,1,1680,1050
1,2,5113,1779219856.16868,1,1680,1050
1,2,5114,1779219856.1895,1,1680,1050
1,2,5115,1779219856.21032,1,1680,1050
1,2,5116,1779219856.23114,1,1680,1050
1,2,5117,1779219856.25196,1,1680,1050
1,2,5118,1779219856.27278,1,1680,1050
1,2,5119,1779219856.2936,1,1680,1050
1,2,5120,1779219856.31442,1,1680,1050
1,2,5121,1779219856.33524,1,1680,1050
1,2,5122,1779219856.35606,1,1680,1050
1,2,5123,1779219856.37688,1,1680,1050
1,2,5124,1779219856.3977,1,1680,1050
1,2,5125,1779219856.41852,1,1680,1050
1,2,5126,1779219856.43934,1,1680,1050
1,2,5127,1779219856.46015,1,1680,1050
1,2,5128,1779219856.48097,1,1680,1050
1,2,5129,1779219856.50179,1,1680,1050
1,2,5130,1779219856.52261,1,1680,1050
1,2,5131,1779219856.54343,1,1680,1050
1,2,5132,1779219856.56425,1,1680,1050
1,2,5133,1779219856.58507,1,1680,1050
1,2,5134,1779219856.60589,1,1680,1050
1,2,5135,1779219856.62671,1,1680,1050
1,2,5136,1779219856.64753,1,1680,1050
1,2,5137,1779219856.66835,1,1680,1050
1,2,5138,1779219856.68917,1,1680,1050
1,2,5139,1779219856.70999,1,1680,1050
1,2,5140,1779219856.73081,1,1680,1050
1,2,5141,1779219856.75163,1,1680,1050
1,2,5142,1779219856.77245,1,1680,1050
1,2,5143,1779219856.79327,1,1680,1050
1,2,5144,1779219856.81409,1,1680,1050
1,2,5145,1779219856.83491,1,1680,1050
1,2,5146,1779219856.85573,1,1680,1050
1,2,5147,1779219856.87655,1,1680,1050
1,2,5148,1779219856.89736,1,1680,1050
1,2,5149,1779219856.91818,1,1680,1050
1,2,5150,1779219856.939,1,1680,1050
1,2,5151,1779219856.95982,1,1680,1050
1,2,5152,1779219856.98064,1,1680,1050
1,2,5153,1779219857.00146,1,1680,1050
1,2,5154,1779219857.02228,1,1680,1050
1,2,5155,1779219857.0431,1,1680,1050
1,2,5156,1779219857.06392,1,1680,1050
1,2,5157,1779219857.08474,1,1680,1050
1,2,5158,1779219857.10556,1,1680,1050
1,2,5159,1779219857.12638,1,1680,1050
1,2,5160,1779219857.1472,1,1680,1050
1,2,5161,1779219857.16802,1,1680,1050
1,2,5162,1779219857.18884,1,1680,1050
1,2,5163,1779219857.20966,1,1680,1050
1,2,5164,1779219857.23048,1,1680,1050
1,2,5165,1779219857.2513,1,1680,1050
1,2,5166,1779219857.27212,1,1680,1050
1,2,5167,1779219857.29294,1,1680,1050
1,2,5168,1779219857.31374,1,1680,1050
1,2,5169,1779219857.33457,1,1680,1050
1,2,5170,1779219857.35539,1,1680,1050
1,2,5171,1779219857.37621,1,1680,1050
1,2,5172,1779219857.39703,1,1680,1050
1,2,5173,1779219857.41785,1,1680,1050
1,2,5174,1779219857.43867,1,1680,1050
1,2,5175,1779219857.45949,1,1680,1050
1,2,5176,1779219857.48031,1,1680,1050
1,2,5177,1779219857.50113,1,1680,1050
1,2,5178,1779219857.52195,1,1680,1050
1,2,5179,1779219857.54277,1,1680,1050
1,2,5180,1779219857.56359,1,1680,1050
1,2,5181,1779219857.58441,1,1680,1050
1,2,5182,1779219857.60523,1,1680,1050
1,2,5183,1779219857.62605,1,1680,1050
1,2,5184,1779219857.64687,1,1680,1050
1,2,5185,1779219857.66769,1,1680,1050
1,2,5186,1779219857.68851,1,1680,1050
1,2,5187,1779219857.70933,1,1680,1050
1,2,5188,1779219857.73014,1,1680,1050
1,2,5189,1779219857.75096,1,1680,1050
1,2,5190,1779219857.77178,1,1680,1050
1,2,5191,1779219857.7926,1,1680,1050
1,2,5192,1779219857.81342,1,1680,1050
1,2,5193,1779219857.83424,1,1680,1050
1,2,5194,1779219857.85506,1,1680,1050
1,2,5195,1779219857.87588,1,1680,1050
1,2,5196,1779219857.8967,1,1680,1050
1,2,5197,1779219857.91752,1,1680,1050
1,2,5198,1779219857.93834,1,1680,1050
1,2,5199,1779219857.95916,1,1680,1050
1,2,5200,1779219857.97998,1,1680,1050
1,2,5201,1779219858.0008,1,1680,1050
1,2,5202,1779219858.02162,1,1680,1050
1,2,5203,1779219858.04244,1,1680,1050
1,2,5204,1779219858.06326,1,1680,1050
1,2,5205,1779219858.08408,1,1680,1050
1,2,5206,1779219858.1049,1,1680,1050
1,2,5207,1779219858.12572,1,1680,1050
1,2,5208,1779219858.14654,1,1680,1050
1,2,5209,1779219858.16735,1,1680,1050
1,2,5210,1779219858.18817,1,1680,1050
1,2,5211,1779219858.20899,1,1680,1050
1,2,5212,1779219858.22981,1,1680,1050
1,2,5213,1779219858.25063,1,1680,1050
1,2,5214,1779219858.27145,1,1680,1050
1,2,5215,1779219858.29227,1,1680,1050
1,2,5216,1779219858.31309,1,1680,1050
1,2,5217,1779219858.33391,1,1680,1050
1,2,5218,1779219858.35473,1,1680,1050
1,2,5219,1779219858.37555,1,1680,1050
1,2,5220,1779219858.39637,1,1680,1050
1,2,5221,1779219858.41719,1,1680,1050
1,2,5222,1779219858.43801,1,1680,1050
1,2,5223,1779219858.45883,1,1680,1050
1,2,5224,1779219858.47965,1,1680,1050
1,2,5225,1779219858.50047,1,1680,1050
1,2,5226,1779219858.52129,1,1680,1050
1,2,5227,1779219858.54211,1,1680,1050
1,2,5228,1779219858.56293,1,1680,1050
1,2,5229,1779219858.58374,1,1680,1050
1,2,5230,1779219858.60456,1,1680,1050
1,2,5231,1779219858.62538,1,1680,1050
1,2,5232,1779219858.6462,1,1680,1050
1,2,5233,1779219858.66702,1,1680,1050
1,2,5234,1779219858.68784,1,1680,1050
1,2,5235,1779219858.70866,1,1680,1050
1,2,5236,1779219858.72948,1,1680,1050
1,2,5237,1779219858.7503,1,1680,1050
1,2,5238,1779219858.77112,1,1680,1050
1,2,5239,1779219858.79194,1,1680,1050
1,2,5240,1779219858.81276,1,1680,1050
1,2,5241,1779219858.83358,1,1680,1050
1,2,5242,1779219858.8544,1,1680,1050
1,2,5243,1779219858.87522,1,1680,1050
1,2,5244,1779219858.89604,1,1680,1050
1,2,5245,1779219858.91686,1,1680,1050
1,2,5246,1779219858.93768,1,1680,1050
1,2,5247,1779219858.9585,1,1680,1050
1,2,5248,1779219858.97932,1,1680,1050
1,2,5249,1779219859.00013,1,1680,1050
1,2,5250,1779219859.02095,1,1680,1050
1,2,5251,1779219859.04177,1,1680,1050
1,2,5252,1779219859.06259,1,1680,1050
1,2,5253,1779219859.08341,1,1680,1050
1,2,5254,1779219859.10423,1,1680,1050
1,2,5255,1779219859.12505,1,1680,1050
1,2,5256,1779219859.14587,1,1680,1050
1,2,5257,1779219859.16669,1,1680,1050
1,2,5258,1779219859.18751,1,1680,1050
1,2,5259,1779219859.20833,1,1680,1050
1,2,5260,1779219859.22915,1,1680,1050
1,2,5261,1779219859.24997,1,1680,1050
1,2,5262,1779219859.27079,1,1680,1050
1,2,5263,1779219859.29161,1,1680,1050
1,2,5264,1779219859.31243,1,1680,1050
1,2,5265,1779219859.33325,1,1680,1050
1,2,5266,1779219859.35407,1,1680,1050
1,2,5267,1779219859.37489,1,1680,1050
1,2,5268,1779219859.39571,1,1680,1050
1,2,5269,1779219859.41652,1,1680,1050
1,2,5270,1779219859.43734,1,1680,1050
1,2,5271,1779219859.45816,1,1680,1050
1,2,5272,1779219859.47898,1,1680,1050
1,2,5273,1779219859.4998,1,1680,1050
1,2,5274,1779219859.52062,1,1680,1050
1,2,5275,1779219859.54144,1,1680,1050
1,2,5276,1779219859.56226,1,1680,1050
1,2,5277,1779219859.58308,1,1680,1050
1,2,5278,1779219859.6039,1,1680,1050
1,2,5279,1779219859.62472,1,1680,1050
1,2,5280,1779219859.64554,1,1680,1050
1,2,5281,1779219859.66636,1,1680,1050
1,2,5282,1779219859.68718,2,1680,1050
1,2,5283,1779219859.708,2,1680,1050
1,2,5284,1779219859.72882,2,1680,1050
1,2,5285,1779219859.74964,2,1680,1050
1,2,5286,1779219859.77046,2,1680,1050
1,2,5287,1779219859.79128,2,1680,1050
1,2,5288,1779219859.8121,2,1680,1050
1,2,5289,1779219859.83292,2,1680,1050
1,2,5290,1779219859.85373,2,1680,1050
1,2,5291,1779219859.87455,2,1680,1050
1,2,5292,1779219859.89537,2,1680,1050
1,2,5293,1779219859.91619,2,1680,1050
1,2,5294,1779219859.93701,2,1680,1050
1,2,5295,1779219859.95783,2,1680,1050
1,2,5296,1779219859.97865,2,1680,1050
1,2,5297,1779219859.99947,2,1680,1050
1,2,5298,1779219860.02029,2,1680,1050
1,2,5299,1779219860.04111,2,1680,1050
1,2,5300,1779219860.06193,2,1680,1050
1,2,5301,1779219860.08275,2,1680,1050
1,2,5302,1779219860.10357,2,1680,1050
1,2,5303,1779219860.12439,2,1680,1050
1,2,5304,1779219860.14521,2,1680,1050
1,2,5305,1779219860.16603,2,1680,1050
1,2,5306,1779219860.18685,2,1680,1050
1,2,5307,1779219860.20767,2,1680,1050
1,2,5308,1779219860.22849,2,1680,1050
1,2,5309,1779219860.24931,2,1680,1050
1,2,5310,1779219860.27012,2,1680,1050
1,2,5311,1779219860.29094,2,1680,1050
1,2,5312,1779219860.31176,2,1680,1050
1,2,5313,1779219860.33258,2,1680,1050
1,2,5314,1779219860.3534,2,1680,1050
1,2,5315,1779219860.37422,2,1680,1050
1,2,5316,1779219860.39504,2,1680,1050
1,2,5317,1779219860.41586,2,1680,1050
1,2,5318,1779219860.43668,2,1680,1050
1,2,5319,1779219860.4575,2,1680,1050
1,2,5320,1779219860.47832,2,1680,1050
1,2,5321,1779219860.49914,2,1680,1050
1,2,5322,1779219860.51996,2,1680,1050
1,2,5323,1779219860.54078,2,1680,1050
1,2,5324,1779219860.5616,2,1680,1050
1,2,5325,1779219860.58242,2,1680,1050
1,2,5326,1779219860.60324,2,1680,1050
1,2,5327,1779219860.62406,2,1680,1050
1,2,5328,1779219860.64488,2,1680,1050
1,2,5329,1779219860.66569,2,1680,1050
1,2,5330,1779219860.68651,2,1680,1050
1,2,5331,1779219860.70733,2,1680,1050
1,2,5332,1779219860.72815,2,1680,1050
1,2,5333,1779219860.74897,2,1680,1050
1,2,5334,1779219860.76979,2,1680,1050
1,2,5335,1779219860.79061,2,1680,1050
1,2,5336,1779219860.81143,2,1680,1050
1,2,5337,1779219860.83225,2,1680,1050
1,2,5338,1779219860.85307,2,1680,1050
1,2,5339,1779219860.87389,2,1680,1050
1,2,5340,1779219860.89471,2,1680,1050
1,2,5341,1779219860.91553,2,1680,1050
1,2,5342,1779219860.93635,2,1680,1050
1,2,5343,1779219860.95717,2,1680,1050
1,2,5344,1779219860.97799,2,1680,1050
1,2,5345,1779219860.99881,2,1680,1050
1,2,5346,1779219861.01963,2,1680,1050
1,2,5347,1779219861.04045,2,1680,1050
1,2,5348,1779219861.06127,2,1680,1050
1,2,5349,1779219861.08209,2,1680,1050
1,2,5350,1779219861.1029,2,1680,1050
1,2,5351,1779219861.12372,2,1680,1050
1,2,5352,1779219861.14454,2,1680,1050
1,2,5353,1779219861.16536,2,1680,1050
1,2,5354,1779219861.18618,2,1680,1050
1,2,5355,1779219861.207,2,1680,1050
1,2,5356,1779219861.22782,2,1680,1050
1,2,5357,1779219861.24864,2,1680,1050
1,2,5358,1779219861.26946,2,1680,1050
1,2,5359,1779219861.29028,2,1680,1050
1,2,5360,1779219861.3111,2,1680,1050
1,2,5361,1779219861.33192,2,1680,1050
1,2,5362,1779219861.35274,2,1680,1050
1,2,5363,1779219861.37356,2,1680,1050
1,2,5364,1779219861.39438,2,1680,1050
1,2,5365,1779219861.4152,2,1680,1050
1,2,5366,1779219861.43602,2,1680,1050
1,2,5367,1779219861.45684,2,1680,1050
1,2,5368,1779219861.47766,2,1680,1050
1,2,5369,1779219861.49848,2,1680,1050
1,2,5370,1779219861.51929,2,1680,1050
1,2,5371,1779219861.54011,2,1680,1050
1,2,5372,1779219861.56093,2,1680,1050
1,2,5373,1779219861.58175,2,1680,1050
1,2,5374,1779219861.60257,2,1680,1050
1,2,5375,1779219861.62339,2,1680,1050
1,2,5376,1779219861.64421,2,1680,1050
1,2,5377,1779219861.66503,2,1680,1050
1,2,5378,1779219861.68585,2,1680,1050
1,2,5379,1779219861.70667,2,1680,1050
1,2,5380,1779219861.72749,2,1680,1050
1,2,5381,1779219861.74831,2,1680,1050
1,2,5382,1779219861.76913,2,1680,1050
1,2,5383,1779219861.78995,2,1680,1050
1,2,5384,1779219861.81077,2,1680,1050
1,2,5385,1779219861.83159,2,1680,1050
1,2,5386,1779219861.85241,2,1680,1050
1,2,5387,1779219861.87323,2,1680,1050
1,2,5388,1779219861.89405,2,1680,1050
1,2,5389,1779219861.91487,2,1680,1050
1,2,5390,1779219861.93568,2,1680,1050
1,2,5391,1779219861.95651,2,1680,1050
1,2,5392,1779219861.97733,2,1680,1050
1,2,5393,1779219861.99814,2,1680,1050
1,2,5394,1779219862.01896,2,1680,1050
1,2,5395,1779219862.03978,2,1680,1050
1,2,5396,1779219862.0606,2,1680,1050
1,2,5397,1779219862.08142,2,1680,1050
1,2,5398,1779219862.10224,2,1680,1050
1,2,5399,1779219862.12306,2,1680,1050
1,2,5400,1779219862.14388,2,1680,1050
1,2,5401,1779219862.1647,2,1680,1050
1,2,5402,1779219862.18552,1,1680,1050
1,2,5403,1779219862.20634,1,1680,1050
1,2,5404,1779219862.22716,1,1680,1050
1,2,5405,1779219862.24798,1,1680,1050
1,2,5406,1779219862.2688,1,1680,1050
1,2,5407,1779219862.28962,1,1680,1050
1,2,5408,1779219862.31044,1,1680,1050
1,2,5409,1779219862.33126,1,1680,1050
1,2,5410,1779219862.35208,1,1680,1050
1,2,5411,1779219862.37289,1,1680,1050
1,2,5412,1779219862.39371,1,1680,1050
1,2,5413,1779219862.41453,1,1680,1050
1,2,5414,1779219862.43535,1,1680,1050
1,2,5415,1779219862.45617,1,1680,1050
1,2,5416,1779219862.47699,1,1680,1050
1,2,5417,1779219862.49781,1,1680,1050
1,2,5418,1779219862.51863,1,1680,1050
1,2,5419,1779219862.53945,1,1680,1050
1,2,5420,1779219862.56027,1,1680,1050
1,2,5421,1779219862.58109,1,1680,1050
1,2,5422,1779219862.60191,1,1680,1050
1,2,5423,1779219862.62273,1,1680,1050
1,2,5424,1779219862.64355,1,1680,1050
1,2,5425,1779219862.66437,1,1680,1050
1,2,5426,1779219862.68519,1,1680,1050
1,2,5427,1779219862.70601,1,1680,1050
1,2,5428,1779219862.72683,1,1680,1050
1,2,5429,1779219862.74765,1,1680,1050
1,2,5430,1779219862.76847,1,1680,1050
1,2,5431,1779219862.78928,1,1680,1050
1,2,5432,1779219862.8101,1,1680,1050
1,2,5433,1779219862.83092,1,1680,1050
1,2,5434,1779219862.85174,1,1680,1050
1,2,5435,1779219862.87256,1,1680,1050
1,2,5436,1779219862.89338,1,1680,1050
1,2,5437,1779219862.9142,1,1680,1050
1,2,5438,1779219862.93502,1,1680,1050
1,2,5439,1779219862.95584,1,1680,1050
1,2,5440,1779219862.97666,1,1680,1050
1,2,5441,1779219862.99748,1,1680,1050
1,2,5442,1779219863.0183,1,1680,1050
1,2,5443,1779219863.03912,1,1680,1050
1,2,5444,1779219863.05994,1,1680,1050
1,2,5445,1779219863.08076,1,1680,1050
1,2,5446,1779219863.10158,1,1680,1050
1,2,5447,1779219863.1224,1,1680,1050
1,2,5448,1779219863.14322,1,1680,1050
1,2,5449,1779219863.16404,1,1680,1050
1,2,5450,1779219863.18485,1,1680,1050
1,2,5451,1779219863.20567,1,1680,1050
1,2,5452,1779219863.22649,1,1680,1050
1,2,5453,1779219863.24731,1,1680,1050
1,2,5454,1779219863.26813,1,1680,1050
1,2,5455,1779219863.28895,1,1680,1050
1,2,5456,1779219863.30977,1,1680,1050
1,2,5457,1779219863.33059,1,1680,1050
1,2,5458,1779219863.35141,1,1680,1050
1,2,5459,1779219863.37223,1,1680,1050
1,2,5460,1779219863.39305,1,1680,1050
1,2,5461,1779219863.41387,1,1680,1050
1,2,5462,1779219863.43469,1,1680,1050
1,2,5463,1779219863.45551,1,1680,1050
1,2,5464,1779219863.47633,1,1680,1050
1,2,5465,1779219863.49715,1,1680,1050
1,2,5466,1779219863.51797,1,1680,1050
1,2,5467,1779219863.53879,1,1680,1050
1,2,5468,1779219863.55961,1,1680,1050
1,2,5469,1779219863.58043,1,1680,1050
1,2,5470,1779219863.60125,1,1680,1050
1,2,5471,1779219863.62206,1,1680,1050
1,2,5472,1779219863.64288,1,1680,1050
1,2,5473,1779219863.6637,1,1680,1050
1,2,5474,1779219863.68452,1,1680,1050
1,2,5475,1779219863.70534,1,1680,1050
1,2,5476,1779219863.72616,1,1680,1050
1,2,5477,1779219863.74698,1,1680,1050
1,2,5478,1779219863.7678,1,1680,1050
1,2,5479,1779219863.78862,1,1680,1050
1,2,5480,1779219863.80944,1,1680,1050
1,2,5481,1779219863.83026,1,1680,1050
1,2,5482,1779219863.85108,1,1680,1050
1,2,5483,1779219863.8719,1,1680,1050
1,2,5484,1779219863.89272,1,1680,1050
1,2,5485,1779219863.91354,1,1680,1050
1,2,5486,1779219863.93436,1,1680,1050
1,2,5487,1779219863.95518,1,1680,1050
1,2,5488,1779219863.976,1,1680,1050
1,2,5489,1779219863.99682,1,1680,1050
1,2,5490,1779219864.01764,1,1680,1050
1,2,5491,1779219864.03846,1,1680,1050
1,2,5492,1779219864.05927,1,1680,1050
1,2,5493,1779219864.08009,1,1680,1050
1,2,5494,1779219864.10091,1,1680,1050
1,2,5495,1779219864.12173,1,1680,1050
1,2,5496,1779219864.14255,1,1680,1050
1,2,5497,1779219864.16337,1,1680,1050
1,2,5498,1779219864.18419,1,1680,1050
1,2,5499,1779219864.20501,1,1680,1050
1,2,5500,1779219864.22583,1,1680,1050
1,2,5501,1779219864.24665,1,1680,1050
1,2,5502,1779219864.26747,1,1680,1050
1,2,5503,1779219864.28829,1,1680,1050
1,2,5504,1779219864.30911,1,1680,1050
1,2,5505,1779219864.32993,1,1680,1050
1,2,5506,1779219864.35075,1,1680,1050
1,2,5507,1779219864.37157,1,1680,1050
1,2,5508,1779219864.39239,1,1680,1050
1,2,5509,1779219864.41321,1,1680,1050
1,2,5510,1779219864.43403,1,1680,1050
1,2,5511,1779219864.45485,1,1680,1050
1,2,5512,1779219864.47566,1,1680,1050
1,2,5513,1779219864.49648,1,1680,1050
1,2,5514,1779219864.5173,1,1680,1050
1,2,5515,1779219864.53812,1,1680,1050
1,2,5516,1779219864.55894,1,1680,1050
1,2,5517,1779219864.57976,1,1680,1050
1,2,5518,1779219864.60058,1,1680,1050
1,2,5519,1779219864.6214,1,1680,1050
1,2,5520,1779219864.64222,1,1680,1050
1,2,5521,1779219864.66304,1,1680,1050
1,2,5522,1779219864.68386,1,1680,1050
1,2,5523,1779219864.70468,1,1680,1050
1,2,5524,1779219864.7255,1,1680,1050
1,2,5525,1779219864.74632,1,1680,1050
1,2,5526,1779219864.76714,1,1680,1050
1,2,5527,1779219864.78796,1,1680,1050
1,2,5528,1779219864.80878,1,1680,1050
1,2,5529,1779219864.8296,1,1680,1050
1,2,5530,1779219864.85042,1,1680,1050
1,2,5531,1779219864.87123,1,1680,1050
1,2,5532,1779219864.89205,1,1680,1050
1,2,5533,1779219864.91287,1,1680,1050
1,2,5534,1779219864.93369,1,1680,1050
1,2,5535,1779219864.95451,1,1680,1050
1,2,5536,1779219864.97533,1,1680,1050
1,2,5537,1779219864.99615,1,1680,1050
1,2,5538,1779219865.01697,1,1680,1050
1,2,5539,1779219865.03779,1,1680,1050
1,2,5540,1779219865.05861,1,1680,1050
1,2,5541,1779219865.07943,1,1680,1050
1,2,5542,1779219865.10025,1,1680,1050
1,2,5543,1779219865.12107,1,1680,1050
1,2,5544,1779219865.14189,1,1680,1050
1,2,5545,1779219865.16271,1,1680,1050
1,2,5546,1779219865.18353,1,1680,1050
1,2,5547,1779219865.20435,1,1680,1050
1,2,5548,1779219865.22517,1,1680,1050
1,2,5549,1779219865.24599,1,1680,1050
1,2,5550,1779219865.26681,1,1680,1050
1,2,5551,1779219865.28763,1,1680,1050
1,2,5552,1779219865.30844,1,1680,1050
1,2,5553,1779219865.32926,1,1680,1050
1,2,5554,1779219865.35008,1,1680,1050
1,2,5555,1779219865.3709,1,1680,1050
1,2,5556,1779219865.39172,1,1680,1050
1,2,5557,1779219865.41254,1,1680,1050
1,2,5558,1779219865.43336,1,1680,1050
1,2,5559,1779219865.45418,1,1680,1050
1,2,5560,1779219865.475,1,1680,1050
1,2,5561,1779219865.49582,1,1680,1050
1,2,5562,1779219865.51664,1,1680,1050
1,2,5563,1779219865.53746,1,1680,1050
1,2,5564,1779219865.55828,1,1680,1050
1,2,5565,1779219865.5791,1,1680,1050
1,2,5566,1779219865.59992,1,1680,1050
1,2,5567,1779219865.62074,1,1680,1050
1,2,5568,1779219865.64156,1,1680,1050
1,2,5569,1779219865.66238,1,1680,1050
1,2,5570,1779219865.6832,1,1680,1050
1,2,5571,1779219865.70402,1,1680,1050
1,2,5572,1779219865.72483,1,1680,1050
1,2,5573,1779219865.74565,1,1680,1050
1,2,5574,1779219865.76647,1,1680,1050
1,2,5575,1779219865.78729,1,1680,1050
1,2,5576,1779219865.80811,1,1680,1050
1,2,5577,1779219865.82893,1,1680,1050
1,2,5578,1779219865.84975,1,1680,1050
1,2,5579,1779219865.87057,1,1680,1050
1,2,5580,1779219865.89139,1,1680,1050
1,2,5581,1779219865.91221,1,1680,1050
1,2,5582,1779219865.93303,1,1680,1050
1,2,5583,1779219865.95385,1,1680,1050
1,2,5584,1779219865.97467,1,1680,1050
1,2,5585,1779219865.99549,1,1680,1050
1,2,5586,1779219866.01631,1,1680,1050
1,2,5587,1779219866.03713,1,1680,1050
1,2,5588,1779219866.05795,1,1680,1050
1,2,5589,1779219866.07877,1,1680,1050
1,2,5590,1779219866.09959,1,1680,1050
1,2,5591,1779219866.12041,1,1680,1050
1,2,5592,1779219866.14123,1,1680,1050
1,2,5593,1779219866.16204,1,1680,1050
1,2,5594,1779219866.18286,1,1680,1050
1,2,5595,1779219866.20368,1,1680,1050
1,2,5596,1779219866.2245,1,1680,1050
1,2,5597,1779219866.24532,1,1680,1050
1,2,5598,1779219866.26614,1,1680,1050
1,2,5599,1779219866.28696,1,1680,1050
1,2,5600,1779219866.30778,1,1680,1050
1,2,5601,1779219866.3286,1,1680,1050
1,2,5602,1779219866.34942,1,1680,1050
1,2,5603,1779219866.37024,1,1680,1050
1,2,5604,1779219866.39106,1,1680,1050
1,2,5605,1779219866.41188,1,1680,1050
1,2,5606,1779219866.4327,1,1680,1050
1,2,5607,1779219866.45352,1,1680,1050
1,2,5608,1779219866.47434,1,1680,1050
1,2,5609,1779219866.49516,1,1680,1050
1,2,5610,1779219866.51598,1,1680,1050
1,2,5611,1779219866.5368,1,1680,1050
1,2,5612,1779219866.55762,1,1680,1050
1,2,5613,1779219866.57843,1,1680,1050
1,2,5614,1779219866.59925,1,1680,1050
1,2,5615,1779219866.62007,1,1680,1050
1,2,5616,1779219866.64089,1,1680,1050
1,2,5617,1779219866.66171,1,1680,1050
1,2,5618,1779219866.68253,1,1680,1050
1,2,5619,1779219866.70335,1,1680,1050
1,2,5620,1779219866.72417,1,1680,1050
1,2,5621,1779219866.74499,1,1680,1050
1,2,5622,1779219866.76581,1,1680,1050
1,2,5623,1779219866.78663,1,1680,1050
1,2,5624,1779219866.80745,1,1680,1050
1,2,5625,1779219866.82827,1,1680,1050
1,2,5626,1779219866.84909,1,1680,1050
1,2,5627,1779219866.86991,1,1680,1050
1,2,5628,1779219866.89073,1,1680,1050
1,2,5629,1779219866.91155,1,1680,1050
1,2,5630,1779219866.93237,1,1680,1050
1,2,5631,1779219866.95319,1,1680,1050
1,2,5632,1779219866.97401,1,1680,1050
1,2,5633,1779219866.99482,1,1680,1050
1,2,5634,1779219867.01564,1,1680,1050
1,2,5635,1779219867.03646,1,1680,1050
1,2,5636,1779219867.05728,1,1680,1050
1,2,5637,1779219867.0781,1,1680,1050
1,2,5638,1779219867.09892,1,1680,1050
1,2,5639,1779219867.11974,1,1680,1050
1,2,5640,1779219867.14056,1,1680,1050
1,2,5641,1779219867.16138,1,1680,1050
1,2,5642,1779219867.1822,2,1680,1050
1,2,5643,1779219867.20302,2,1680,1050
1,2,5644,1779219867.22384,2,1680,1050
1,2,5645,1779219867.24466,2,1680,1050
1,2,5646,1779219867.26548,2,1680,1050
1,2,5647,1779219867.2863,2,1680,1050
1,2,5648,1779219867.30712,2,1680,1050
1,2,5649,1779219867.32794,2,1680,1050
1,2,5650,1779219867.34876,2,1680,1050
1,2,5651,1779219867.36958,2,1680,1050
1,2,5652,1779219867.3904,2,1680,1050
1,2,5653,1779219867.41122,2,1680,1050
1,2,5654,1779219867.43203,2,1680,1050
1,2,5655,1779219867.45285,2,1680,1050
1,2,5656,1779219867.47367,2,1680,1050
1,2,5657,1779219867.49449,2,1680,1050
1,2,5658,1779219867.51531,2,1680,1050
1,2,5659,1779219867.53613,2,1680,1050
1,2,5660,1779219867.55695,2,1680,1050
1,2,5661,1779219867.57777,2,1680,1050
1,2,5662,1779219867.59859,2,1680,1050
1,2,5663,1779219867.61941,2,1680,1050
1,2,5664,1779219867.64023,2,1680,1050
1,2,5665,1779219867.66105,2,1680,1050
1,2,5666,1779219867.68187,2,1680,1050
1,2,5667,1779219867.70269,2,1680,1050
1,2,5668,1779219867.72351,2,1680,1050
1,2,5669,1779219867.74433,2,1680,1050
1,2,5670,1779219867.76515,2,1680,1050
1,2,5671,1779219867.78597,2,1680,1050
1,2,5672,1779219867.80679,2,1680,1050
1,2,5673,1779219867.8276,2,1680,1050
1,2,5674,1779219867.84842,2,1680,1050
1,2,5675,1779219867.86924,2,1680,1050
1,2,5676,1779219867.89006,2,1680,1050
1,2,5677,1779219867.91088,2,1680,1050
1,2,5678,1779219867.9317,2,1680,1050
1,2,5679,1779219867.95252,2,1680,1050
1,2,5680,1779219867.97334,2,1680,1050
1,2,5681,1779219867.99416,2,1680,1050
1,2,5682,1779219868.01498,2,1680,1050
1,2,5683,1779219868.0358,2,1680,1050
1,2,5684,1779219868.05662,2,1680,1050
1,2,5685,1779219868.07744,2,1680,1050
1,2,5686,1779219868.09826,2,1680,1050
1,2,5687,1779219868.11908,2,1680,1050
1,2,5688,1779219868.1399,2,1680,1050
1,2,5689,1779219868.16072,2,1680,1050
1,2,5690,1779219868.18154,2,1680,1050
1,2,5691,1779219868.20235,2,1680,1050
1,2,5692,1779219868.22318,2,1680,1050
1,2,5693,1779219868.244,2,1680,1050
1,2,5694,1779219868.26481,2,1680,1050
1,2,5695,1779219868.28563,2,1680,1050
1,2,5696,1779219868.30645,2,1680,1050
1,2,5697,1779219868.32727,2,1680,1050
1,2,5698,1779219868.34809,2,1680,1050
1,2,5699,1779219868.36891,2,1680,1050
1,2,5700,1779219868.38973,2,1680,1050
1,2,5701,1779219868.41055,2,1680,1050
1,2,5702,1779219868.43137,2,1680,1050
1,2,5703,1779219868.45219,2,1680,1050
1,2,5704,1779219868.47301,2,1680,1050
1,2,5705,1779219868.49383,2,1680,1050
1,2,5706,1779219868.51465,2,1680,1050
1,2,5707,1779219868.53547,2,1680,1050
1,2,5708,1779219868.55629,2,1680,1050
1,2,5709,1779219868.57711,2,1680,1050
1,2,5710,1779219868.59793,2,1680,1050
1,2,5711,1779219868.61875,2,1680,1050
1,2,5712,1779219868.63957,2,1680,1050
1,2,5713,1779219868.66039,2,1680,1050
1,2,5714,1779219868.6812,2,1680,1050
1,2,5715,1779219868.70202,2,1680,1050
1,2,5716,1779219868.72284,2,1680,1050
1,2,5717,1779219868.74366,2,1680,1050
1,2,5718,1779219868.76448,2,1680,1050
1,2,5719,1779219868.7853,2,1680,1050
1,2,5720,1779219868.80612,2,1680,1050
1,2,5721,1779219868.82694,2,1680,1050
1,2,5722,1779219868.84776,2,1680,1050
1,2,5723,1779219868.86858,2,1680,1050
1,2,5724,1779219868.8894,2,1680,1050
1,2,5725,1779219868.91022,2,1680,1050
1,2,5726,1779219868.93104,2,1680,1050
1,2,5727,1779219868.95186,2,1680,1050
1,2,5728,1779219868.97268,2,1680,1050
1,2,5729,1779219868.9935,2,1680,1050
1,2,5730,1779219869.01432,2,1680,1050
1,2,5731,1779219869.03514,2,1680,1050
1,2,5732,1779219869.05596,2,1680,1050
1,2,5733,1779219869.07678,2,1680,1050
1,2,5734,1779219869.09759,2,1680,1050
1,2,5735,1779219869.11841,2,1680,1050
1,2,5736,1779219869.13923,2,1680,1050
1,2,5737,1779219869.16005,2,1680,1050
1,2,5738,1779219869.18087,2,1680,1050
1,2,5739,1779219869.20169,2,1680,1050
1,2,5740,1779219869.22251,2,1680,1050
1,2,5741,1779219869.24333,2,1680,1050
1,2,5742,1779219869.26415,2,1680,1050
1,2,5743,1779219869.28497,2,1680,1050
1,2,5744,1779219869.30579,2,1680,1050
1,2,5745,1779219869.32661,2,1680,1050
1,2,5746,1779219869.34743,2,1680,1050
1,2,5747,1779219869.36825,2,1680,1050
1,2,5748,1779219869.38907,2,1680,1050
1,2,5749,1779219869.40989,2,1680,1050
1,2,5750,1779219869.43071,2,1680,1050
1,2,5751,1779219869.45153,2,1680,1050
1,2,5752,1779219869.47235,2,1680,1050
1,2,5753,1779219869.49317,2,1680,1050
1,2,5754,1779219869.51398,2,1680,1050
1,2,5755,1779219869.5348,2,1680,1050
1,2,5756,1779219869.55562,2,1680,1050
1,2,5757,1779219869.57644,2,1680,1050
1,2,5758,1779219869.59726,2,1680,1050
1,2,5759,1779219869.61808,2,1680,1050
1,2,5760,1779219869.6389,2,1680,1050
1,2,5761,1779219869.65972,2,1680,1050
1,2,5762,1779219869.80546,1,1680,1050
1,2,5763,1779219869.82628,1,1680,1050
1,2,5764,1779219869.8471,1,1680,1050
1,2,5765,1779219869.86792,1,1680,1050
1,2,5766,1779219869.88874,1,1680,1050
1,2,5767,1779219869.90956,1,1680,1050
1,2,5768,1779219869.93037,1,1680,1050
1,2,5769,1779219869.95119,1,1680,1050
1,2,5770,1779219869.97201,1,1680,1050
1,2,5771,1779219869.99283,1,1680,1050
1,2,5772,1779219870.01365,1,1680,1050
1,2,5773,1779219870.03447,1,1680,1050
1,2,5774,1779219870.05529,1,1680,1050
1,2,5775,1779219870.07611,1,1680,1050
1,2,5776,1779219870.09693,1,1680,1050
1,2,5777,1779219870.11775,1,1680,1050
1,2,5778,1779219870.13857,1,1680,1050
1,2,5779,1779219870.15939,1,1680,1050
1,2,5780,1779219870.18021,1,1680,1050
1,2,5781,1779219870.20103,1,1680,1050
1,2,5782,1779219870.22185,1,1680,1050
1,2,5783,1779219870.24267,1,1680,1050
1,2,5784,1779219870.26349,1,1680,1050
1,2,5785,1779219870.28431,1,1680,1050
1,2,5786,1779219870.30513,1,1680,1050
1,2,5787,1779219870.32595,1,1680,1050
1,2,5788,1779219870.34677,1,1680,1050
1,2,5789,1779219870.36758,1,1680,1050
1,2,5790,1779219870.3884,1,1680,1050
1,2,5791,1779219870.40922,1,1680,1050
1,2,5792,1779219870.43004,1,1680,1050
1,2,5793,1779219870.45086,1,1680,1050
1,2,5794,1779219870.47168,1,1680,1050
1,2,5795,1779219870.4925,1,1680,1050
1,2,5796,1779219870.51332,1,1680,1050
1,2,5797,1779219870.53414,1,1680,1050
1,2,5798,1779219870.55496,1,1680,1050
1,2,5799,1779219870.57578,1,1680,1050
1,2,5800,1779219870.5966,1,1680,1050
1,2,5801,1779219870.61742,1,1680,1050
1,2,5802,1779219870.63824,1,1680,1050
1,2,5803,1779219870.65906,1,1680,1050
1,2,5804,1779219870.67988,1,1680,1050
1,2,5805,1779219870.7007,1,1680,1050
1,2,5806,1779219870.72151,1,1680,1050
1,2,5807,1779219870.74234,1,1680,1050
1,2,5808,1779219870.76315,1,1680,1050
1,2,5809,1779219870.78397,1,1680,1050
1,2,5810,1779219870.80479,1,1680,1050
1,2,5811,1779219870.82562,1,1680,1050
1,2,5812,1779219870.84643,1,1680,1050
1,2,5813,1779219870.86725,1,1680,1050
1,2,5814,1779219870.88807,1,1680,1050
1,2,5815,1779219870.90889,1,1680,1050
1,2,5816,1779219870.92971,1,1680,1050
1,2,5817,1779219870.95053,1,1680,1050
1,2,5818,1779219870.97135,1,1680,1050
1,2,5819,1779219870.99217,1,1680,1050
1,2,5820,1779219871.01299,1,1680,1050
1,2,5821,1779219871.03381,1,1680,1050
1,2,5822,1779219871.05463,1,1680,1050
1,2,5823,1779219871.07545,1,1680,1050
1,2,5824,1779219871.09627,1,1680,1050
1,2,5825,1779219871.11709,1,1680,1050
1,2,5826,1779219871.13791,1,1680,1050
1,2,5827,1779219871.15873,1,1680,1050
1,2,5828,1779219871.17955,1,1680,1050
1,2,5829,1779219871.20036,1,1680,1050
1,2,5830,1779219871.22118,1,1680,1050
1,2,5831,1779219871.242,1,1680,1050
1,2,5832,1779219871.26282,1,1680,1050
1,2,5833,1779219871.28364,1,1680,1050
1,2,5834,1779219871.30446,1,1680,1050
1,2,5835,1779219871.32528,1,1680,1050
1,2,5836,1779219871.3461,1,1680,1050
1,2,5837,1779219871.36692,1,1680,1050
1,2,5838,1779219871.38774,1,1680,1050
1,2,5839,1779219871.40856,1,1680,1050
1,2,5840,1779219871.42938,1,1680,1050
1,2,5841,1779219871.4502,1,1680,1050
1,2,5842,1779219871.47102,1,1680,1050
1,2,5843,1779219871.49184,1,1680,1050
1,2,5844,1779219871.51266,1,1680,1050
1,2,5845,1779219871.53348,1,1680,1050
1,2,5846,1779219871.5543,1,1680,1050
1,2,5847,1779219871.57512,1,1680,1050
1,2,5848,1779219871.59594,1,1680,1050
1,2,5849,1779219871.61675,1,1680,1050
1,2,5850,1779219871.63758,1,1680,1050
1,2,5851,1779219871.65839,1,1680,1050
1,2,5852,1779219871.67921,1,1680,1050
1,2,5853,1779219871.70003,1,1680,1050
1,2,5854,1779219871.72085,1,1680,1050
1,2,5855,1779219871.74167,1,1680,1050
1,2,5856,1779219871.76249,1,1680,1050
1,2,5857,1779219871.78331,1,1680,1050
1,2,5858,1779219871.80413,1,1680,1050
1,2,5859,1779219871.82495,1,1680,1050
1,2,5860,1779219871.84577,1,1680,1050
1,2,5861,1779219871.86659,1,1680,1050
1,2,5862,1779219871.88741,1,1680,1050
1,2,5863,1779219871.90823,1,1680,1050
1,2,5864,1779219871.92905,1,1680,1050
1,2,5865,1779219871.94987,1,1680,1050
1,2,5866,1779219871.97069,1,1680,1050
1,2,5867,1779219871.99151,1,1680,1050
1,2,5868,1779219872.01233,1,1680,1050
1,2,5869,1779219872.03314,1,1680,1050
1,2,5870,1779219872.05396,1,1680,1050
1,2,5871,1779219872.07478,1,1680,1050
1,2,5872,1779219872.0956,1,1680,1050
1,2,5873,1779219872.11642,1,1680,1050
1,2,5874,1779219872.13724,1,1680,1050
1,2,5875,1779219872.15806,1,1680,1050
1,2,5876,1779219872.17888,1,1680,1050
1,2,5877,1779219872.1997,1,1680,1050
1,2,5878,1779219872.22052,1,1680,1050
1,2,5879,1779219872.24134,1,1680,1050
1,2,5880,1779219872.26216,1,1680,1050
1,2,5881,1779219872.28298,1,1680,1050
1,2,5882,1779219872.3038,1,1680,1050
1,2,5883,1779219872.32462,1,1680,1050
1,2,5884,1779219872.34544,1,1680,1050
1,2,5885,1779219872.36626,1,1680,1050
1,2,5886,1779219872.38708,1,1680,1050
1,2,5887,1779219872.4079,1,1680,1050
1,2,5888,1779219872.42871,1,1680,1050
1,2,5889,1779219872.44953,1,1680,1050
1,2,5890,1779219872.47035,1,1680,1050
1,2,5891,1779219872.49117,1,1680,1050
1,2,5892,1779219872.51199,1,1680,1050
1,2,5893,1779219872.53281,1,1680,1050
1,2,5894,1779219872.55363,1,1680,1050
1,2,5895,1779219872.57445,1,1680,1050
1,2,5896,1779219872.59527,1,1680,1050
1,2,5897,1779219872.61609,1,1680,1050
1,2,5898,1779219872.63691,1,1680,1050
1,2,5899,1779219872.65773,1,1680,1050
1,2,5900,1779219872.67855,1,1680,1050
1,2,5901,1779219872.69937,1,1680,1050
1,2,5902,1779219872.72019,1,1680,1050
1,2,5903,1779219872.74101,1,1680,1050
1,2,5904,1779219872.76183,1,1680,1050
1,2,5905,1779219872.78265,1,1680,1050
1,2,5906,1779219872.80347,1,1680,1050
1,2,5907,1779219872.82429,1,1680,1050
1,2,5908,1779219872.84511,1,1680,1050
1,2,5909,1779219872.86593,1,1680,1050
1,2,5910,1779219872.88674,1,1680,1050
1,2,5911,1779219872.90756,1,1680,1050
1,2,5912,1779219872.92838,1,1680,1050
1,2,5913,1779219872.9492,1,1680,1050
1,2,5914,1779219872.97002,1,1680,1050
1,2,5915,1779219872.99084,1,1680,1050
1,2,5916,1779219873.01166,1,1680,1050
1,2,5917,1779219873.03248,1,1680,1050
1,2,5918,1779219873.0533,1,1680,1050
1,2,5919,1779219873.07412,1,1680,1050
1,2,5920,1779219873.09494,1,1680,1050
1,2,5921,1779219873.11576,1,1680,1050
1,2,5922,1779219873.13658,1,1680,1050
1,2,5923,1779219873.1574,1,1680,1050
1,2,5924,1779219873.17822,1,1680,1050
1,2,5925,1779219873.19904,1,1680,1050
1,2,5926,1779219873.21986,1,1680,1050
1,2,5927,1779219873.24068,1,1680,1050
1,2,5928,1779219873.2615,1,1680,1050
1,2,5929,1779219873.28232,1,1680,1050
1,2,5930,1779219873.30313,1,1680,1050
1,2,5931,1779219873.32395,1,1680,1050
1,2,5932,1779219873.34477,1,1680,1050
1,2,5933,1779219873.36559,1,1680,1050
1,2,5934,1779219873.38641,1,1680,1050
1,2,5935,1779219873.40723,1,1680,1050
1,2,5936,1779219873.42805,1,1680,1050
1,2,5937,1779219873.44887,1,1680,1050
1,2,5938,1779219873.46969,1,1680,1050
1,2,5939,1779219873.49051,1,1680,1050
1,2,5940,1779219873.51133,1,1680,1050
1,2,5941,1779219873.53215,1,1680,1050
1,2,5942,1779219873.55297,1,1680,1050
1,2,5943,1779219873.57379,1,1680,1050
1,2,5944,1779219873.59461,1,1680,1050
1,2,5945,1779219873.61543,1,1680,1050
1,2,5946,1779219873.63625,1,1680,1050
1,2,5947,1779219873.65707,1,1680,1050
1,2,5948,1779219873.67788,1,1680,1050
1,2,5949,1779219873.69871,1,1680,1050
1,2,5950,1779219873.71952,1,1680,1050
1,2,5951,1779219873.74034,1,1680,1050
1,2,5952,1779219873.76116,1,1680,1050
1,2,5953,1779219873.78198,1,1680,1050
1,2,5954,1779219873.8028,1,1680,1050
1,2,5955,1779219873.82362,1,1680,1050
1,2,5956,1779219873.84444,1,1680,1050
1,2,5957,1779219873.86526,1,1680,1050
1,2,5958,1779219873.88608,1,1680,1050
1,2,5959,1779219873.9069,1,1680,1050
1,2,5960,1779219873.92772,1,1680,1050
1,2,5961,1779219873.94854,1,1680,1050
1,2,5962,1779219873.96936,1,1680,1050
1,2,5963,1779219873.99018,1,1680,1050
1,2,5964,1779219874.011,1,1680,1050
1,2,5965,1779219874.03182,1,1680,1050
1,2,5966,1779219874.05264,1,1680,1050
1,2,5967,1779219874.07346,1,1680,1050
1,2,5968,1779219874.09428,1,1680,1050
1,2,5969,1779219874.1151,1,1680,1050
1,2,5970,1779219874.13591,1,1680,1050
1,2,5971,1779219874.15673,1,1680,1050
1,2,5972,1779219874.17755,1,1680,1050
1,2,5973,1779219874.19837,1,1680,1050
1,2,5974,1779219874.21919,1,1680,1050
1,2,5975,1779219874.24001,1,1680,1050
1,2,5976,1779219874.26083,1,1680,1050
1,2,5977,1779219874.28165,1,1680,1050
1,2,5978,1779219874.30247,1,1680,1050
1,2,5979,1779219874.32329,1,1680,1050
1,2,5980,1779219874.34411,1,1680,1050
1,2,5981,1779219874.36493,1,1680,1050
1,2,5982,1779219874.38575,1,1680,1050
1,2,5983,1779219874.40657,1,1680,1050
1,2,5984,1779219874.42739,1,1680,1050
1,2,5985,1779219874.44821,1,1680,1050
1,2,5986,1779219874.46903,1,1680,1050
1,2,5987,1779219874.48985,1,1680,1050
1,2,5988,1779219874.51067,1,1680,1050
1,2,5989,1779219874.53149,1,1680,1050
1,2,5990,1779219874.5523,1,1680,1050
1,2,5991,1779219874.57312,1,1680,1050
1,2,5992,1779219874.59394,1,1680,1050
1,2,5993,1779219874.61476,1,1680,1050
1,2,5994,1779219874.63558,1,1680,1050
1,2,5995,1779219874.6564,1,1680,1050
1,2,5996,1779219874.67722,1,1680,1050
1,2,5997,1779219874.69804,1,1680,1050
1,2,5998,1779219874.71886,1,1680,1050
1,2,5999,1779219874.73968,1,1680,1050
1,2,6000,1779219874.7605,1,1680,1050
1,2,6001,1779219874.78132,1,1680,1050
1,2,6002,1779219874.80214,2,1680,1050
1,2,6003,1779219874.82296,2,1680,1050
1,2,6004,1779219874.84378,2,1680,1050
1,2,6005,1779219874.8646,2,1680,1050
1,2,6006,1779219874.88542,2,1680,1050
1,2,6007,1779219874.90624,2,1680,1050
1,2,6008,1779219874.92706,2,1680,1050
1,2,6009,1779219874.94788,2,1680,1050
1,2,6010,1779219874.9687,2,1680,1050
1,2,6011,1779219874.98951,2,1680,1050
1,2,6012,1779219875.01033,2,1680,1050
1,2,6013,1779219875.03115,2,1680,1050
1,2,6014,1779219875.05197,2,1680,1050
1,2,6015,1779219875.07279,2,1680,1050
1,2,6016,1779219875.09361,2,1680,1050
1,2,6017,1779219875.11443,2,1680,1050
1,2,6018,1779219875.13525,2,1680,1050
1,2,6019,1779219875.15607,2,1680,1050
1,2,6020,1779219875.17689,2,1680,1050
1,2,6021,1779219875.19771,2,1680,1050
1,2,6022,1779219875.21853,2,1680,1050
1,2,6023,1779219875.23935,2,1680,1050
1,2,6024,1779219875.26017,2,1680,1050
1,2,6025,1779219875.28099,2,1680,1050
1,2,6026,1779219875.30181,2,1680,1050
1,2,6027,1779219875.32263,2,1680,1050
1,2,6028,1779219875.34345,2,1680,1050
1,2,6029,1779219875.36427,2,1680,1050
1,2,6030,1779219875.38508,2,1680,1050
1,2,6031,1779219875.4059,2,1680,1050
1,2,6032,1779219875.42672,2,1680,1050
1,2,6033,1779219875.44754,2,1680,1050
1,2,6034,1779219875.46836,2,1680,1050
1,2,6035,1779219875.48918,2,1680,1050
1,2,6036,1779219875.51,2,1680,1050
1,2,6037,1779219875.53082,2,1680,1050
1,2,6038,1779219875.55164,2,1680,1050
1,2,6039,1779219875.57246,2,1680,1050
1,2,6040,1779219875.59328,2,1680,1050
1,2,6041,1779219875.6141,2,1680,1050
1,2,6042,1779219875.63492,2,1680,1050
1,2,6043,1779219875.65574,2,1680,1050
1,2,6044,1779219875.67656,2,1680,1050
1,2,6045,1779219875.69738,2,1680,1050
1,2,6046,1779219875.7182,2,1680,1050
1,2,6047,1779219875.73902,2,1680,1050
1,2,6048,1779219875.75984,2,1680,1050
1,2,6049,1779219875.78066,2,1680,1050
1,2,6050,1779219875.80148,2,1680,1050
1,2,6051,1779219875.82229,2,1680,1050
1,2,6052,1779219875.84311,2,1680,1050
1,2,6053,1779219875.86393,2,1680,1050
1,2,6054,1779219875.88475,2,1680,1050
1,2,6055,1779219875.90557,2,1680,1050
1,2,6056,1779219875.92639,2,1680,1050
1,2,6057,1779219875.94721,2,1680,1050
1,2,6058,1779219875.96803,2,1680,1050
1,2,6059,1779219875.98885,2,1680,1050
1,2,6060,1779219876.00967,2,1680,1050
1,2,6061,1779219876.03049,2,1680,1050
1,2,6062,1779219876.05131,2,1680,1050
1,2,6063,1779219876.07213,2,1680,1050
1,2,6064,1779219876.09295,2,1680,1050
1,2,6065,1779219876.11377,2,1680,1050
1,2,6066,1779219876.13459,2,1680,1050
1,2,6067,1779219876.15541,2,1680,1050
1,2,6068,1779219876.17623,2,1680,1050
1,2,6069,1779219876.19704,2,1680,1050
1,2,6070,1779219876.21787,2,1680,1050
1,2,6071,1779219876.23868,2,1680,1050
1,2,6072,1779219876.2595,2,1680,1050
1,2,6073,1779219876.28032,2,1680,1050
1,2,6074,1779219876.30114,2,1680,1050
1,2,6075,1779219876.32196,2,1680,1050
1,2,6076,1779219876.34278,2,1680,1050
1,2,6077,1779219876.3636,2,1680,1050
1,2,6078,1779219876.38442,2,1680,1050
1,2,6079,1779219876.40524,2,1680,1050
1,2,6080,1779219876.42606,2,1680,1050
1,2,6081,1779219876.44688,2,1680,1050
1,2,6082,1779219876.4677,2,1680,1050
1,2,6083,1779219876.48852,2,1680,1050
1,2,6084,1779219876.50934,2,1680,1050
1,2,6085,1779219876.53016,2,1680,1050
1,2,6086,1779219876.55098,2,1680,1050
1,2,6087,1779219876.5718,2,1680,1050
1,2,6088,1779219876.59262,2,1680,1050
1,2,6089,1779219876.61344,2,1680,1050
1,2,6090,1779219876.63426,2,1680,1050
1,2,6091,1779219876.65507,2,1680,1050
1,2,6092,1779219876.67589,2,1680,1050
1,2,6093,1779219876.69671,2,1680,1050
1,2,6094,1779219876.71753,2,1680,1050
1,2,6095,1779219876.73835,2,1680,1050
1,2,6096,1779219876.75917,2,1680,1050
1,2,6097,1779219876.77999,2,1680,1050
1,2,6098,1779219876.80081,2,1680,1050
1,2,6099,1779219876.82163,2,1680,1050
1,2,6100,1779219876.84245,2,1680,1050
1,2,6101,1779219876.86327,2,1680,1050
1,2,6102,1779219876.88409,2,1680,1050
1,2,6103,1779219876.90491,2,1680,1050
1,2,6104,1779219876.92573,2,1680,1050
1,2,6105,1779219876.94655,2,1680,1050
1,2,6106,1779219876.96737,2,1680,1050
1,2,6107,1779219876.98819,2,1680,1050
1,2,6108,1779219877.00901,2,1680,1050
1,2,6109,1779219877.02983,2,1680,1050
1,2,6110,1779219877.05065,2,1680,1050
1,2,6111,1779219877.07147,2,1680,1050
1,2,6112,1779219877.09228,2,1680,1050
1,2,6113,1779219877.1131,2,1680,1050
1,2,6114,1779219877.13392,2,1680,1050
1,2,6115,1779219877.15474,2,1680,1050
1,2,6116,1779219877.17556,2,1680,1050
1,2,6117,1779219877.19638,2,1680,1050
1,2,6118,1779219877.2172,2,1680,1050
1,2,6119,1779219877.23802,2,1680,1050
1,2,6120,1779219877.25884,2,1680,1050
1,2,6121,1779219877.27966,2,1680,1050
1,2,6122,1779219877.30048,1,1680,1050
1,2,6123,1779219877.3213,1,1680,1050
1,2,6124,1779219877.34212,1,1680,1050
1,2,6125,1779219877.36294,1,1680,1050
1,2,6126,1779219877.38376,1,1680,1050
1,2,6127,1779219877.40458,1,1680,1050
1,2,6128,1779219877.4254,1,1680,1050
1,2,6129,1779219877.44622,1,1680,1050
1,2,6130,1779219877.46704,1,1680,1050
1,2,6131,1779219877.48786,1,1680,1050
1,2,6132,1779219877.50867,1,1680,1050
1,2,6133,1779219877.52949,1,1680,1050
1,2,6134,1779219877.55031,1,1680,1050
1,2,6135,1779219877.57113,1,1680,1050
1,2,6136,1779219877.59195,1,1680,1050
1,2,6137,1779219877.61277,1,1680,1050
1,2,6138,1779219877.63359,1,1680,1050
1,2,6139,1779219877.65441,1,1680,1050
1,2,6140,1779219877.67523,1,1680,1050
1,2,6141,1779219877.69605,1,1680,1050
1,2,6142,1779219877.71687,1,1680,1050
1,2,6143,1779219877.73769,1,1680,1050
1,2,6144,1779219877.75851,1,1680,1050
1,2,6145,1779219877.77933,1,1680,1050
1,2,6146,1779219877.80015,1,1680,1050
1,2,6147,1779219877.82097,1,1680,1050
1,2,6148,1779219877.84179,1,1680,1050
1,2,6149,1779219877.86261,1,1680,1050
1,2,6150,1779219877.88343,1,1680,1050
1,2,6151,1779219877.90424,1,1680,1050
1,2,6152,1779219877.92506,1,1680,1050
1,2,6153,1779219877.94588,1,1680,1050
1,2,6154,1779219877.9667,1,1680,1050
1,2,6155,1779219877.98752,1,1680,1050
1,2,6156,1779219878.00834,1,1680,1050
1,2,6157,1779219878.02916,1,1680,1050
1,2,6158,1779219878.04998,1,1680,1050
1,2,6159,1779219878.0708,1,1680,1050
1,2,6160,1779219878.09162,1,1680,1050
1,2,6161,1779219878.11244,1,1680,1050
1,2,6162,1779219878.13326,1,1680,1050
1,2,6163,1779219878.15408,1,1680,1050
1,2,6164,1779219878.1749,1,1680,1050
1,2,6165,1779219878.19572,1,1680,1050
1,2,6166,1779219878.21654,1,1680,1050
1,2,6167,1779219878.23736,1,1680,1050
1,2,6168,1779219878.25818,1,1680,1050
1,2,6169,1779219878.279,1,1680,1050
1,2,6170,1779219878.29982,1,1680,1050
1,2,6171,1779219878.32064,1,1680,1050
1,2,6172,1779219878.34146,1,1680,1050
1,2,6173,1779219878.36227,1,1680,1050
1,2,6174,1779219878.38309,1,1680,1050
1,2,6175,1779219878.40391,1,1680,1050
1,2,6176,1779219878.42473,1,1680,1050
1,2,6177,1779219878.44555,1,1680,1050
1,2,6178,1779219878.46637,1,1680,1050
1,2,6179,1779219878.48719,1,1680,1050
1,2,6180,1779219878.50801,1,1680,1050
1,2,6181,1779219878.52883,1,1680,1050
1,2,6182,1779219878.54965,1,1680,1050
1,2,6183,1779219878.57047,1,1680,1050
1,2,6184,1779219878.59129,1,1680,1050
1,2,6185,1779219878.61211,1,1680,1050
1,2,6186,1779219878.63293,1,1680,1050
1,2,6187,1779219878.65375,1,1680,1050
1,2,6188,1779219878.67457,1,1680,1050
1,2,6189,1779219878.69539,1,1680,1050
1,2,6190,1779219878.71621,1,1680,1050
1,2,6191,1779219878.73703,1,1680,1050
1,2,6192,1779219878.75785,1,1680,1050
1,2,6193,1779219878.77866,1,1680,1050
1,2,6194,1779219878.79948,1,1680,1050
1,2,6195,1779219878.8203,1,1680,1050
1,2,6196,1779219878.84112,1,1680,1050
1,2,6197,1779219878.86194,1,1680,1050
1,2,6198,1779219878.88276,1,1680,1050
1,2,6199,1779219878.90358,1,1680,1050
1,2,6200,1779219878.9244,1,1680,1050
1,2,6201,1779219878.94522,1,1680,1050
1,2,6202,1779219878.96604,1,1680,1050
1,2,6203,1779219878.98686,1,1680,1050
1,2,6204,1779219879.00768,1,1680,1050
1,2,6205,1779219879.0285,1,1680,1050
1,2,6206,1779219879.04932,1,1680,1050
1,2,6207,1779219879.07014,1,1680,1050
1,2,6208,1779219879.09096,1,1680,1050
1,2,6209,1779219879.11178,1,1680,1050
1,2,6210,1779219879.1326,1,1680,1050
1,2,6211,1779219879.15342,1,1680,1050
1,2,6212,1779219879.17424,1,1680,1050
1,2,6213,1779219879.19505,1,1680,1050
1,2,6214,1779219879.21587,1,1680,1050
1,2,6215,1779219879.23669,1,1680,1050
1,2,6216,1779219879.25751,1,1680,1050
1,2,6217,1779219879.27833,1,1680,1050
1,2,6218,1779219879.29915,1,1680,1050
1,2,6219,1779219879.31997,1,1680,1050
1,2,6220,1779219879.34079,1,1680,1050
1,2,6221,1779219879.36161,1,1680,1050
1,2,6222,1779219879.38243,1,1680,1050
1,2,6223,1779219879.40325,1,1680,1050
1,2,6224,1779219879.42407,1,1680,1050
1,2,6225,1779219879.44489,1,1680,1050
1,2,6226,1779219879.46571,1,1680,1050
1,2,6227,1779219879.48653,1,1680,1050
1,2,6228,1779219879.50735,1,1680,1050
1,2,6229,1779219879.52817,1,1680,1050
1,2,6230,1779219879.54899,1,1680,1050
1,2,6231,1779219879.56981,1,1680,1050
1,2,6232,1779219879.59063,1,1680,1050
1,2,6233,1779219879.61144,1,1680,1050
1,2,6234,1779219879.63226,1,1680,1050
1,2,6235,1779219879.65308,1,1680,1050
1,2,6236,1779219879.6739,1,1680,1050
1,2,6237,1779219879.69472,1,1680,1050
1,2,6238,1779219879.71554,1,1680,1050
1,2,6239,1779219879.73636,1,1680,1050
1,2,6240,1779219879.75718,1,1680,1050
1,2,6241,1779219879.778,1,1680,1050
1,2,6242,1779219879.79882,1,1680,1050
1,2,6243,1779219879.81964,1,1680,1050
1,2,6244,1779219879.84046,1,1680,1050
1,2,6245,1779219879.86128,1,1680,1050
1,2,6246,1779219879.8821,1,1680,1050
1,2,6247,1779219879.90292,1,1680,1050
1,2,6248,1779219879.92374,1,1680,1050
1,2,6249,1779219879.94456,1,1680,1050
1,2,6250,1779219879.96538,1,1680,1050
1,2,6251,1779219879.9862,1,1680,1050
1,2,6252,1779219880.00701,1,1680,1050
1,2,6253,1779219880.02783,1,1680,1050
1,2,6254,1779219880.04865,1,1680,1050
1,2,6255,1779219880.06947,1,1680,1050
1,2,6256,1779219880.09029,1,1680,1050
1,2,6257,1779219880.11111,1,1680,1050
1,2,6258,1779219880.13193,1,1680,1050
1,2,6259,1779219880.15275,1,1680,1050
1,2,6260,1779219880.17357,1,1680,1050
1,2,6261,1779219880.19439,1,1680,1050
1,2,6262,1779219880.21521,1,1680,1050
1,2,6263,1779219880.23603,1,1680,1050
1,2,6264,1779219880.25685,1,1680,1050
1,2,6265,1779219880.27767,1,1680,1050
1,2,6266,1779219880.29849,1,1680,1050
1,2,6267,1779219880.31931,1,1680,1050
1,2,6268,1779219880.34013,1,1680,1050
1,2,6269,1779219880.36095,1,1680,1050
1,2,6270,1779219880.38177,1,1680,1050
1,2,6271,1779219880.40259,1,1680,1050
1,2,6272,1779219880.42341,1,1680,1050
1,2,6273,1779219880.44423,1,1680,1050
1,2,6274,1779219880.46504,1,1680,1050
1,2,6275,1779219880.48586,1,1680,1050
1,2,6276,1779219880.50668,1,1680,1050
1,2,6277,1779219880.5275,1,1680,1050
1,2,6278,1779219880.54832,1,1680,1050
1,2,6279,1779219880.56914,1,1680,1050
1,2,6280,1779219880.58996,1,1680,1050
1,2,6281,1779219880.61078,1,1680,1050
1,2,6282,1779219880.6316,1,1680,1050
1,2,6283,1779219880.65242,1,1680,1050
1,2,6284,1779219880.67324,1,1680,1050
1,2,6285,1779219880.69406,1,1680,1050
1,2,6286,1779219880.71488,1,1680,1050
1,2,6287,1779219880.7357,1,1680,1050
1,2,6288,1779219880.75652,1,1680,1050
1,2,6289,1779219880.77734,1,1680,1050
1,2,6290,1779219880.79816,1,1680,1050
1,2,6291,1779219880.81898,1,1680,1050
1,2,6292,1779219880.8398,1,1680,1050
1,2,6293,1779219880.86061,1,1680,1050
1,2,6294,1779219880.88143,1,1680,1050
1,2,6295,1779219880.90225,1,1680,1050
1,2,6296,1779219880.92307,1,1680,1050
1,2,6297,1779219880.94389,1,1680,1050
1,2,6298,1779219880.96471,1,1680,1050
1,2,6299,1779219880.98553,1,1680,1050
1,2,6300,1779219881.00635,1,1680,1050
1,2,6301,1779219881.02717,1,1680,1050
1,2,6302,1779219881.04799,1,1680,1050
1,2,6303,1779219881.06881,1,1680,1050
1,2,6304,1779219881.08963,1,1680,1050
1,2,6305,1779219881.11045,1,1680,1050
1,2,6306,1779219881.13127,1,1680,1050
1,2,6307,1779219881.15209,1,1680,1050
1,2,6308,1779219881.17291,1,1680,1050
1,2,6309,1779219881.19373,1,1680,1050
1,2,6310,1779219881.21455,1,1680,1050
1,2,6311,1779219881.23537,1,1680,1050
1,2,6312,1779219881.25619,1,1680,1050
1,2,6313,1779219881.27701,1,1680,1050
1,2,6314,1779219881.29782,1,1680,1050
1,2,6315,1779219881.31864,1,1680,1050
1,2,6316,1779219881.33946,1,1680,1050
1,2,6317,1779219881.36028,1,1680,1050
1,2,6318,1779219881.3811,1,1680,1050
1,2,6319,1779219881.40192,1,1680,1050
1,2,6320,1779219881.42274,1,1680,1050
1,2,6321,1779219881.44356,1,1680,1050
1,2,6322,1779219881.46438,1,1680,1050
1,2,6323,1779219881.4852,1,1680,1050
1,2,6324,1779219881.50602,1,1680,1050
1,2,6325,1779219881.52684,1,1680,1050
1,2,6326,1779219881.54766,1,1680,1050
1,2,6327,1779219881.56848,1,1680,1050
1,2,6328,1779219881.5893,1,1680,1050
1,2,6329,1779219881.61012,1,1680,1050
1,2,6330,1779219881.63094,1,1680,1050
1,2,6331,1779219881.65176,1,1680,1050
1,2,6332,1779219881.67257,1,1680,1050
1,2,6333,1779219881.69339,1,1680,1050
1,2,6334,1779219881.71421,1,1680,1050
1,2,6335,1779219881.73503,1,1680,1050
1,2,6336,1779219881.75585,1,1680,1050
1,2,6337,1779219881.77667,1,1680,1050
1,2,6338,1779219881.79749,1,1680,1050
1,2,6339,1779219881.81831,1,1680,1050
1,2,6340,1779219881.83913,1,1680,1050
1,2,6341,1779219881.85995,1,1680,1050
1,2,6342,1779219881.88077,1,1680,1050
1,2,6343,1779219881.90159,1,1680,1050
1,2,6344,1779219881.92241,1,1680,1050
1,2,6345,1779219881.94323,1,1680,1050
1,2,6346,1779219881.96405,1,1680,1050
1,2,6347,1779219881.98487,1,1680,1050
1,2,6348,1779219882.00569,1,1680,1050
1,2,6349,1779219882.02651,1,1680,1050
1,2,6350,1779219882.04733,1,1680,1050
1,2,6351,1779219882.06815,1,1680,1050
1,2,6352,1779219882.08897,1,1680,1050
1,2,6353,1779219882.10979,1,1680,1050
1,2,6354,1779219882.1306,1,1680,1050
1,2,6355,1779219882.15142,1,1680,1050
1,2,6356,1779219882.17224,1,1680,1050
1,2,6357,1779219882.19306,1,1680,1050
1,2,6358,1779219882.21388,1,1680,1050
1,2,6359,1779219882.2347,1,1680,1050
1,2,6360,1779219882.25552,1,1680,1050
1,2,6361,1779219882.27634,1,1680,1050
1,2,6362,1779219882.29716,2,1680,1050
1,2,6363,1779219882.31798,2,1680,1050
1,2,6364,1779219882.3388,2,1680,1050
1,2,6365,1779219882.35962,2,1680,1050
1,2,6366,1779219882.38044,2,1680,1050
1,2,6367,1779219882.40126,2,1680,1050
1,2,6368,1779219882.42208,2,1680,1050
1,2,6369,1779219882.4429,2,1680,1050
1,2,6370,1779219882.46372,2,1680,1050
1,2,6371,1779219882.48454,2,1680,1050
1,2,6372,1779219882.50536,2,1680,1050
1,2,6373,1779219882.52618,2,1680,1050
1,2,6374,1779219882.54699,2,1680,1050
1,2,6375,1779219882.56781,2,1680,1050
1,2,6376,1779219882.58863,2,1680,1050
1,2,6377,1779219882.60945,2,1680,1050
1,2,6378,1779219882.63027,2,1680,1050
1,2,6379,1779219882.65109,2,1680,1050
1,2,6380,1779219882.67191,2,1680,1050
1,2,6381,1779219882.69273,2,1680,1050
1,2,6382,1779219882.71355,2,1680,1050
1,2,6383,1779219882.73437,2,1680,1050
1,2,6384,1779219882.75519,2,1680,1050
1,2,6385,1779219882.77601,2,1680,1050
1,2,6386,1779219882.79683,2,1680,1050
1,2,6387,1779219882.81765,2,1680,1050
1,2,6388,1779219882.83847,2,1680,1050
1,2,6389,1779219882.85929,2,1680,1050
1,2,6390,1779219882.88011,2,1680,1050
1,2,6391,1779219882.90093,2,1680,1050
1,2,6392,1779219882.92175,2,1680,1050
1,2,6393,1779219882.94257,2,1680,1050
1,2,6394,1779219882.96339,2,1680,1050
1,2,6395,1779219882.9842,2,1680,1050
1,2,6396,1779219883.00502,2,1680,1050
1,2,6397,1779219883.02584,2,1680,1050
1,2,6398,1779219883.04666,2,1680,1050
1,2,6399,1779219883.06748,2,1680,1050
1,2,6400,1779219883.0883,2,1680,1050
1,2,6401,1779219883.10912,2,1680,1050
1,2,6402,1779219883.12994,2,1680,1050
1,2,6403,1779219883.15076,2,1680,1050
1,2,6404,1779219883.17158,2,1680,1050
1,2,6405,1779219883.1924,2,1680,1050
1,2,6406,1779219883.21322,2,1680,1050
1,2,6407,1779219883.23404,2,1680,1050
1,2,6408,1779219883.25486,2,1680,1050
1,2,6409,1779219883.27568,2,1680,1050
1,2,6410,1779219883.2965,2,1680,1050
1,2,6411,1779219883.31732,2,1680,1050
1,2,6412,1779219883.33814,2,1680,1050
1,2,6413,1779219883.35895,2,1680,1050
1,2,6414,1779219883.37978,2,1680,1050
1,2,6415,1779219883.40059,2,1680,1050
1,2,6416,1779219883.42141,2,1680,1050
1,2,6417,1779219883.44223,2,1680,1050
1,2,6418,1779219883.46305,2,1680,1050
1,2,6419,1779219883.48387,2,1680,1050
1,2,6420,1779219883.50469,2,1680,1050
1,2,6421,1779219883.52551,2,1680,1050
1,2,6422,1779219883.54633,2,1680,1050
1,2,6423,1779219883.56715,2,1680,1050
1,2,6424,1779219883.58797,2,1680,1050
1,2,6425,1779219883.60879,2,1680,1050
1,2,6426,1779219883.62961,2,1680,1050
1,2,6427,1779219883.65043,2,1680,1050
1,2,6428,1779219883.67125,2,1680,1050
1,2,6429,1779219883.69207,2,1680,1050
1,2,6430,1779219883.71289,2,1680,1050
1,2,6431,1779219883.73371,2,1680,1050
1,2,6432,1779219883.75453,2,1680,1050
1,2,6433,1779219883.77535,2,1680,1050
1,2,6434,1779219883.79616,2,1680,1050
1,2,6435,1779219883.81698,2,1680,1050
1,2,6436,1779219883.8378,2,1680,1050
1,2,6437,1779219883.85862,2,1680,1050
1,2,6438,1779219883.87944,2,1680,1050
1,2,6439,1779219883.90026,2,1680,1050
1,2,6440,1779219883.92108,2,1680,1050
1,2,6441,1779219883.9419,2,1680,1050
1,2,6442,1779219883.96272,2,1680,1050
1,2,6443,1779219883.98354,2,1680,1050
1,2,6444,1779219884.00436,2,1680,1050
1,2,6445,1779219884.02518,2,1680,1050
1,2,6446,1779219884.046,2,1680,1050
1,2,6447,1779219884.06682,2,1680,1050
1,2,6448,1779219884.08764,2,1680,1050
1,2,6449,1779219884.10846,2,1680,1050
1,2,6450,1779219884.12928,2,1680,1050
1,2,6451,1779219884.1501,2,1680,1050
1,2,6452,1779219884.17092,2,1680,1050
1,2,6453,1779219884.19174,2,1680,1050
1,2,6454,1779219884.21256,2,1680,1050
1,2,6455,1779219884.23337,2,1680,1050
1,2,6456,1779219884.25419,2,1680,1050
1,2,6457,1779219884.27501,2,1680,1050
1,2,6458,1779219884.29583,2,1680,1050
1,2,6459,1779219884.31665,2,1680,1050
1,2,6460,1779219884.33747,2,1680,1050
1,2,6461,1779219884.35829,2,1680,1050
1,2,6462,1779219884.37911,2,1680,1050
1,2,6463,1779219884.39993,2,1680,1050
1,2,6464,1779219884.42075,2,1680,1050
1,2,6465,1779219884.44157,2,1680,1050
1,2,6466,1779219884.46239,2,1680,1050
1,2,6467,1779219884.48321,2,1680,1050
1,2,6468,1779219884.50403,2,1680,1050
1,2,6469,1779219884.52485,2,1680,1050
1,2,6470,1779219884.54567,2,1680,1050
1,2,6471,1779219884.56649,2,1680,1050
1,2,6472,1779219884.58731,2,1680,1050
1,2,6473,1779219884.60813,2,1680,1050
1,2,6474,1779219884.62895,2,1680,1050
1,2,6475,1779219884.64976,2,1680,1050
1,2,6476,1779219884.67058,2,1680,1050
1,2,6477,1779219884.6914,2,1680,1050
1,2,6478,1779219884.71222,2,1680,1050
1,2,6479,1779219884.73306,2,1680,1050
1,2,6480,1779219884.75386,2,1680,1050
1,2,6481,1779219884.77468,2,1680,1050
1,2,6482,1779219884.94124,1,1680,1050
1,2,6483,1779219884.96206,1,1680,1050
1,2,6484,1779219884.98288,1,1680,1050
1,2,6485,1779219885.0037,1,1680,1050
1,2,6486,1779219885.02452,1,1680,1050
1,2,6487,1779219885.04534,1,1680,1050
1,2,6488,1779219885.06615,1,1680,1050
1,2,6489,1779219885.08697,1,1680,1050
1,2,6490,1779219885.10779,1,1680,1050
1,2,6491,1779219885.12861,1,1680,1050
1,2,6492,1779219885.14943,1,1680,1050
1,2,6493,1779219885.17025,1,1680,1050
1,2,6494,1779219885.19107,1,1680,1050
1,2,6495,1779219885.21189,1,1680,1050
1,2,6496,1779219885.23271,1,1680,1050
1,2,6497,1779219885.25353,1,1680,1050
1,2,6498,1779219885.27435,1,1680,1050
1,2,6499,1779219885.29517,1,1680,1050
1,2,6500,1779219885.31599,1,1680,1050
1,2,6501,1779219885.33681,1,1680,1050
1,2,6502,1779219885.35763,1,1680,1050
1,2,6503,1779219885.37845,1,1680,1050
1,2,6504,1779219885.39927,1,1680,1050
1,2,6505,1779219885.42009,1,1680,1050
1,2,6506,1779219885.44091,1,1680,1050
1,2,6507,1779219885.46173,1,1680,1050
1,2,6508,1779219885.48254,1,1680,1050
1,2,6509,1779219885.50336,1,1680,1050
1,2,6510,1779219885.52418,1,1680,1050
1,2,6511,1779219885.545,1,1680,1050
1,2,6512,1779219885.56582,1,1680,1050
1,2,6513,1779219885.58664,1,1680,1050
1,2,6514,1779219885.60746,1,1680,1050
1,2,6515,1779219885.62828,1,1680,1050
1,2,6516,1779219885.6491,1,1680,1050
1,2,6517,1779219885.66992,1,1680,1050
1,2,6518,1779219885.69074,1,1680,1050
1,2,6519,1779219885.71156,1,1680,1050
1,2,6520,1779219885.73238,1,1680,1050
1,2,6521,1779219885.7532,1,1680,1050
1,2,6522,1779219885.77402,1,1680,1050
1,2,6523,1779219885.79484,1,1680,1050
1,2,6524,1779219885.81566,1,1680,1050
1,2,6525,1779219885.83648,1,1680,1050
1,2,6526,1779219885.8573,1,1680,1050
1,2,6527,1779219885.87812,1,1680,1050
1,2,6528,1779219885.89894,1,1680,1050
1,2,6529,1779219885.91975,1,1680,1050
1,2,6530,1779219885.94057,1,1680,1050
1,2,6531,1779219885.96139,1,1680,1050
1,2,6532,1779219885.98221,1,1680,1050
1,2,6533,1779219886.00303,1,1680,1050
1,2,6534,1779219886.02385,1,1680,1050
1,2,6535,1779219886.04467,1,1680,1050
1,2,6536,1779219886.0655,1,1680,1050
1,2,6537,1779219886.08631,1,1680,1050
1,2,6538,1779219886.10713,1,1680,1050
1,2,6539,1779219886.12795,1,1680,1050
1,2,6540,1779219886.14877,1,1680,1050
1,2,6541,1779219886.16959,1,1680,1050
1,2,6542,1779219886.19041,1,1680,1050
1,2,6543,1779219886.21123,1,1680,1050
1,2,6544,1779219886.23205,1,1680,1050
1,2,6545,1779219886.25287,1,1680,1050
1,2,6546,1779219886.27369,1,1680,1050
1,2,6547,1779219886.29451,1,1680,1050
1,2,6548,1779219886.31533,1,1680,1050
1,2,6549,1779219886.33615,1,1680,1050
1,2,6550,1779219886.35696,1,1680,1050
1,2,6551,1779219886.37778,1,1680,1050
1,2,6552,1779219886.3986,1,1680,1050
1,2,6553,1779219886.41942,1,1680,1050
1,2,6554,1779219886.44024,1,1680,1050
1,2,6555,1779219886.46106,1,1680,1050
1,2,6556,1779219886.48188,1,1680,1050
1,2,6557,1779219886.5027,1,1680,1050
1,2,6558,1779219886.52352,1,1680,1050
1,2,6559,1779219886.54434,1,1680,1050
1,2,6560,1779219886.56516,1,1680,1050
1,2,6561,1779219886.58598,1,1680,1050
1,2,6562,1779219886.6068,1,1680,1050
1,2,6563,1779219886.62762,1,1680,1050
1,2,6564,1779219886.64844,1,1680,1050
1,2,6565,1779219886.66926,1,1680,1050
1,2,6566,1779219886.69008,1,1680,1050
1,2,6567,1779219886.71089,1,1680,1050
1,2,6568,1779219886.73172,1,1680,1050
1,2,6569,1779219886.75253,1,1680,1050
1,2,6570,1779219886.77335,1,1680,1050
1,2,6571,1779219886.79417,1,1680,1050
1,2,6572,1779219886.81499,1,1680,1050
1,2,6573,1779219886.83581,1,1680,1050
1,2,6574,1779219886.85663,1,1680,1050
1,2,6575,1779219886.87745,1,1680,1050
1,2,6576,1779219886.89827,1,1680,1050
1,2,6577,1779219886.91909,1,1680,1050
1,2,6578,1779219886.93991,1,1680,1050
1,2,6579,1779219886.96073,1,1680,1050
1,2,6580,1779219886.98155,1,1680,1050
1,2,6581,1779219887.00237,1,1680,1050
1,2,6582,1779219887.02319,1,1680,1050
1,2,6583,1779219887.04401,1,1680,1050
1,2,6584,1779219887.06483,1,1680,1050
1,2,6585,1779219887.08565,1,1680,1050
1,2,6586,1779219887.10647,1,1680,1050
1,2,6587,1779219887.12729,1,1680,1050
1,2,6588,1779219887.14811,1,1680,1050
1,2,6589,1779219887.16893,1,1680,1050
1,2,6590,1779219887.18974,1,1680,1050
1,2,6591,1779219887.21056,1,1680,1050
1,2,6592,1779219887.23138,1,1680,1050
1,2,6593,1779219887.2522,1,1680,1050
1,2,6594,1779219887.27302,1,1680,1050
1,2,6595,1779219887.29384,1,1680,1050
1,2,6596,1779219887.31466,1,1680,1050
1,2,6597,1779219887.33548,1,1680,1050
1,2,6598,1779219887.3563,1,1680,1050
1,2,6599,1779219887.37712,1,1680,1050
1,2,6600,1779219887.39794,1,1680,1050
1,2,6601,1779219887.41876,1,1680,1050
1,2,6602,1779219887.43958,1,1680,1050
1,2,6603,1779219887.4604,1,1680,1050
1,2,6604,1779219887.48122,1,1680,1050
1,2,6605,1779219887.50204,1,1680,1050
1,2,6606,1779219887.52286,1,1680,1050
1,2,6607,1779219887.54368,1,1680,1050
1,2,6608,1779219887.5645,1,1680,1050
1,2,6609,1779219887.58532,1,1680,1050
1,2,6610,1779219887.60613,1,1680,1050
1,2,6611,1779219887.62695,1,1680,1050
1,2,6612,1779219887.64777,1,1680,1050
1,2,6613,1779219887.66859,1,1680,1050
1,2,6614,1779219887.68941,1,1680,1050
1,2,6615,1779219887.71023,1,1680,1050
1,2,6616,1779219887.73105,1,1680,1050
1,2,6617,1779219887.75187,1,1680,1050
1,2,6618,1779219887.77269,1,1680,1050
1,2,6619,1779219887.79351,1,1680,1050
1,2,6620,1779219887.81433,1,1680,1050
1,2,6621,1779219887.83515,1,1680,1050
1,2,6622,1779219887.85597,1,1680,1050
1,2,6623,1779219887.87679,1,1680,1050
1,2,6624,1779219887.89761,1,1680,1050
1,2,6625,1779219887.91843,1,1680,1050
1,2,6626,1779219887.93925,1,1680,1050
1,2,6627,1779219887.96007,1,1680,1050
1,2,6628,1779219887.98089,1,1680,1050
1,2,6629,1779219888.00171,1,1680,1050
1,2,6630,1779219888.02252,1,1680,1050
1,2,6631,1779219888.04334,1,1680,1050
1,2,6632,1779219888.06416,1,1680,1050
1,2,6633,1779219888.08498,1,1680,1050
1,2,6634,1779219888.1058,1,1680,1050
1,2,6635,1779219888.12662,1,1680,1050
1,2,6636,1779219888.14744,1,1680,1050
1,2,6637,1779219888.16826,1,1680,1050
1,2,6638,1779219888.18908,1,1680,1050
1,2,6639,1779219888.2099,1,1680,1050
1,2,6640,1779219888.23072,1,1680,1050
1,2,6641,1779219888.25154,1,1680,1050
1,2,6642,1779219888.27236,1,1680,1050
1,2,6643,1779219888.29318,1,1680,1050
1,2,6644,1779219888.314,1,1680,1050
1,2,6645,1779219888.33482,1,1680,1050
1,2,6646,1779219888.35564,1,1680,1050
1,2,6647,1779219888.37646,1,1680,1050
1,2,6648,1779219888.39728,1,1680,1050
1,2,6649,1779219888.4181,1,1680,1050
1,2,6650,1779219888.43891,1,1680,1050
1,2,6651,1779219888.45973,1,1680,1050
1,2,6652,1779219888.48055,1,1680,1050
1,2,6653,1779219888.50137,1,1680,1050
1,2,6654,1779219888.52219,1,1680,1050
1,2,6655,1779219888.54301,1,1680,1050
1,2,6656,1779219888.56383,1,1680,1050
1,2,6657,1779219888.58465,1,1680,1050
1,2,6658,1779219888.60547,1,1680,1050
1,2,6659,1779219888.62629,1,1680,1050
1,2,6660,1779219888.64711,1,1680,1050
1,2,6661,1779219888.66793,1,1680,1050
1,2,6662,1779219888.68875,1,1680,1050
1,2,6663,1779219888.70957,1,1680,1050
1,2,6664,1779219888.73039,1,1680,1050
1,2,6665,1779219888.75121,1,1680,1050
1,2,6666,1779219888.77203,1,1680,1050
1,2,6667,1779219888.79285,1,1680,1050
1,2,6668,1779219888.81367,1,1680,1050
1,2,6669,1779219888.83449,1,1680,1050
1,2,6670,1779219888.8553,1,1680,1050
1,2,6671,1779219888.87612,1,1680,1050
1,2,6672,1779219888.89694,1,1680,1050
1,2,6673,1779219888.91776,1,1680,1050
1,2,6674,1779219888.93858,1,1680,1050
1,2,6675,1779219888.9594,1,1680,1050
1,2,6676,1779219888.98022,1,1680,1050
1,2,6677,1779219889.00104,1,1680,1050
1,2,6678,1779219889.02186,1,1680,1050
1,2,6679,1779219889.04268,1,1680,1050
1,2,6680,1779219889.0635,1,1680,1050
1,2,6681,1779219889.08432,1,1680,1050
1,2,6682,1779219889.10514,1,1680,1050
1,2,6683,1779219889.12596,1,1680,1050
1,2,6684,1779219889.14678,1,1680,1050
1,2,6685,1779219889.1676,1,1680,1050
1,2,6686,1779219889.18842,1,1680,1050
1,2,6687,1779219889.20923,1,1680,1050
1,2,6688,1779219889.23006,1,1680,1050
1,2,6689,1779219889.25088,1,1680,1050
1,2,6690,1779219889.27169,1,1680,1050
1,2,6691,1779219889.29251,1,1680,1050
1,2,6692,1779219889.31333,1,1680,1050
1,2,6693,1779219889.33415,1,1680,1050
1,2,6694,1779219889.35497,1,1680,1050
1,2,6695,1779219889.37579,1,1680,1050
1,2,6696,1779219889.39661,1,1680,1050
1,2,6697,1779219889.41743,1,1680,1050
1,2,6698,1779219889.43825,1,1680,1050
1,2,6699,1779219889.45907,1,1680,1050
1,2,6700,1779219889.47989,1,1680,1050
1,2,6701,1779219889.50071,1,1680,1050
1,2,6702,1779219889.52153,1,1680,1050
1,2,6703,1779219889.54235,1,1680,1050
1,2,6704,1779219889.56317,1,1680,1050
1,2,6705,1779219889.58399,1,1680,1050
1,2,6706,1779219889.60481,1,1680,1050
1,2,6707,1779219889.62563,1,1680,1050
1,2,6708,1779219889.64645,1,1680,1050
1,2,6709,1779219889.66727,1,1680,1050
1,2,6710,1779219889.68808,1,1680,1050
1,2,6711,1779219889.7089,1,1680,1050
1,2,6712,1779219889.72972,1,1680,1050
1,2,6713,1779219889.75054,1,1680,1050
1,2,6714,1779219889.77136,1,1680,1050
1,2,6715,1779219889.79218,1,1680,1050
1,2,6716,1779219889.813,1,1680,1050
1,2,6717,1779219889.83382,1,1680,1050
1,2,6718,1779219889.85464,1,1680,1050
1,2,6719,1779219889.87546,1,1680,1050
1,2,6720,1779219889.89628,1,1680,1050
1,2,6721,1779219889.9171,1,1680,1050
1,2,6722,1779219889.93792,2,1680,1050
1,2,6723,1779219889.95874,2,1680,1050
1,2,6724,1779219889.97956,2,1680,1050
1,2,6725,1779219890.00038,2,1680,1050
1,2,6726,1779219890.0212,2,1680,1050
1,2,6727,1779219890.04202,2,1680,1050
1,2,6728,1779219890.06284,2,1680,1050
1,2,6729,1779219890.08366,2,1680,1050
1,2,6730,1779219890.10448,2,1680,1050
1,2,6731,1779219890.12529,2,1680,1050
1,2,6732,1779219890.14611,2,1680,1050
1,2,6733,1779219890.16693,2,1680,1050
1,2,6734,1779219890.18775,2,1680,1050
1,2,6735,1779219890.20857,2,1680,1050
1,2,6736,1779219890.22939,2,1680,1050
1,2,6737,1779219890.25021,2,1680,1050
1,2,6738,1779219890.27103,2,1680,1050
1,2,6739,1779219890.29185,2,1680,1050
1,2,6740,1779219890.31267,2,1680,1050
1,2,6741,1779219890.33349,2,1680,1050
1,2,6742,1779219890.35431,2,1680,1050
1,2,6743,1779219890.37513,2,1680,1050
1,2,6744,1779219890.39595,2,1680,1050
1,2,6745,1779219890.41677,2,1680,1050
1,2,6746,1779219890.43759,2,1680,1050
1,2,6747,1779219890.45841,2,1680,1050
1,2,6748,1779219890.47923,2,1680,1050
1,2,6749,1779219890.50004,2,1680,1050
1,2,6750,1779219890.52086,2,1680,1050
1,2,6751,1779219890.54168,2,1680,1050
1,2,6752,1779219890.5625,2,1680,1050
1,2,6753,1779219890.58332,2,1680,1050
1,2,6754,1779219890.60414,2,1680,1050
1,2,6755,1779219890.62496,2,1680,1050
1,2,6756,1779219890.64578,2,1680,1050
1,2,6757,1779219890.6666,2,1680,1050
1,2,6758,1779219890.68742,2,1680,1050
1,2,6759,1779219890.70824,2,1680,1050
1,2,6760,1779219890.72906,2,1680,1050
1,2,6761,1779219890.74988,2,1680,1050
1,2,6762,1779219890.7707,2,1680,1050
1,2,6763,1779219890.79152,2,1680,1050
1,2,6764,1779219890.81234,2,1680,1050
1,2,6765,1779219890.83316,2,1680,1050
1,2,6766,1779219890.85398,2,1680,1050
1,2,6767,1779219890.8748,2,1680,1050
1,2,6768,1779219890.89562,2,1680,1050
1,2,6769,1779219890.91644,2,1680,1050
1,2,6770,1779219890.93726,2,1680,1050
1,2,6771,1779219890.95807,2,1680,1050
1,2,6772,1779219890.97889,2,1680,1050
1,2,6773,1779219890.99971,2,1680,1050
1,2,6774,1779219891.02053,2,1680,1050
1,2,6775,1779219891.04135,2,1680,1050
1,2,6776,1779219891.06217,2,1680,1050
1,2,6777,1779219891.08299,2,1680,1050
1,2,6778,1779219891.10381,2,1680,1050
1,2,6779,1779219891.12463,2,1680,1050
1,2,6780,1779219891.14545,2,1680,1050
1,2,6781,1779219891.16627,2,1680,1050
1,2,6782,1779219891.18709,2,1680,1050
1,2,6783,1779219891.20791,2,1680,1050
1,2,6784,1779219891.22873,2,1680,1050
1,2,6785,1779219891.24955,2,1680,1050
1,2,6786,1779219891.27037,2,1680,1050
1,2,6787,1779219891.29119,2,1680,1050
1,2,6788,1779219891.31201,2,1680,1050
1,2,6789,1779219891.33283,2,1680,1050
1,2,6790,1779219891.35365,2,1680,1050
1,2,6791,1779219891.37446,2,1680,1050
1,2,6792,1779219891.39528,2,1680,1050
1,2,6793,1779219891.4161,2,1680,1050
1,2,6794,1779219891.43692,2,1680,1050
1,2,6795,1779219891.45774,2,1680,1050
1,2,6796,1779219891.47856,2,1680,1050
1,2,6797,1779219891.49938,2,1680,1050
1,2,6798,1779219891.5202,2,1680,1050
1,2,6799,1779219891.54102,2,1680,1050
1,2,6800,1779219891.56184,2,1680,1050
1,2,6801,1779219891.58266,2,1680,1050
1,2,6802,1779219891.60348,2,1680,1050
1,2,6803,1779219891.6243,2,1680,1050
1,2,6804,1779219891.64512,2,1680,1050
1,2,6805,1779219891.66594,2,1680,1050
1,2,6806,1779219891.68676,2,1680,1050
1,2,6807,1779219891.70758,2,1680,1050
1,2,6808,1779219891.7284,2,1680,1050
1,2,6809,1779219891.74922,2,1680,1050
1,2,6810,1779219891.77004,2,1680,1050
1,2,6811,1779219891.79085,2,1680,1050
1,2,6812,1779219891.81167,2,1680,1050
1,2,6813,1779219891.83249,2,1680,1050
1,2,6814,1779219891.85331,2,1680,1050
1,2,6815,1779219891.87413,2,1680,1050
1,2,6816,1779219891.89495,2,1680,1050
1,2,6817,1779219891.91577,2,1680,1050
1,2,6818,1779219891.93659,2,1680,1050
1,2,6819,1779219891.95741,2,1680,1050
1,2,6820,1779219891.97823,2,1680,1050
1,2,6821,1779219891.99905,2,1680,1050
1,2,6822,1779219892.01987,2,1680,1050
1,2,6823,1779219892.04069,2,1680,1050
1,2,6824,1779219892.06151,2,1680,1050
1,2,6825,1779219892.08233,2,1680,1050
1,2,6826,1779219892.10315,2,1680,1050
1,2,6827,1779219892.12397,2,1680,1050
1,2,6828,1779219892.14479,2,1680,1050
1,2,6829,1779219892.1656,2,1680,1050
1,2,6830,1779219892.18643,2,1680,1050
1,2,6831,1779219892.20724,2,1680,1050
1,2,6832,1779219892.22806,2,1680,1050
1,2,6833,1779219892.24888,2,1680,1050
1,2,6834,1779219892.2697,2,1680,1050
1,2,6835,1779219892.29052,2,1680,1050
1,2,6836,1779219892.31134,2,1680,1050
1,2,6837,1779219892.33216,2,1680,1050
1,2,6838,1779219892.35298,2,1680,1050
1,2,6839,1779219892.3738,2,1680,1050
1,2,6840,1779219892.39462,2,1680,1050
1,2,6841,1779219892.41544,2,1680,1050
1,2,6842,1779219892.43626,1,1680,1050
1,2,6843,1779219892.45708,1,1680,1050
1,2,6844,1779219892.4779,1,1680,1050
1,2,6845,1779219892.49872,1,1680,1050
1,2,6846,1779219892.51954,1,1680,1050
1,2,6847,1779219892.54036,1,1680,1050
1,2,6848,1779219892.56118,1,1680,1050
1,2,6849,1779219892.582,1,1680,1050
1,2,6850,1779219892.60282,1,1680,1050
1,2,6851,1779219892.62364,1,1680,1050
1,2,6852,1779219892.64445,1,1680,1050
1,2,6853,1779219892.66527,1,1680,1050
1,2,6854,1779219892.68609,1,1680,1050
1,2,6855,1779219892.70691,1,1680,1050
1,2,6856,1779219892.72773,1,1680,1050
1,2,6857,1779219892.74855,1,1680,1050
1,2,6858,1779219892.76937,1,1680,1050
1,2,6859,1779219892.79019,1,1680,1050
1,2,6860,1779219892.81101,1,1680,1050
1,2,6861,1779219892.83183,1,1680,1050
1,2,6862,1779219892.85265,1,1680,1050
1,2,6863,1779219892.87347,1,1680,1050
1,2,6864,1779219892.89429,1,1680,1050
1,2,6865,1779219892.91511,1,1680,1050
1,2,6866,1779219892.93593,1,1680,1050
1,2,6867,1779219892.95675,1,1680,1050
1,2,6868,1779219892.97757,1,1680,1050
1,2,6869,1779219892.99839,1,1680,1050
1,2,6870,1779219893.01921,1,1680,1050
1,2,6871,1779219893.04003,1,1680,1050
1,2,6872,1779219893.06084,1,1680,1050
1,2,6873,1779219893.08166,1,1680,1050
1,2,6874,1779219893.10248,1,1680,1050
1,2,6875,1779219893.1233,1,1680,1050
1,2,6876,1779219893.14412,1,1680,1050
1,2,6877,1779219893.16494,1,1680,1050
1,2,6878,1779219893.18576,1,1680,1050
1,2,6879,1779219893.20658,1,1680,1050
1,2,6880,1779219893.2274,1,1680,1050
1,2,6881,1779219893.24822,1,1680,1050
1,2,6882,1779219893.26904,1,1680,1050
1,2,6883,1779219893.28986,1,1680,1050
1,2,6884,1779219893.31068,1,1680,1050
1,2,6885,1779219893.3315,1,1680,1050
1,2,6886,1779219893.35232,1,1680,1050
1,2,6887,1779219893.37314,1,1680,1050
1,2,6888,1779219893.39396,1,1680,1050
1,2,6889,1779219893.41478,1,1680,1050
1,2,6890,1779219893.4356,1,1680,1050
1,2,6891,1779219893.45642,1,1680,1050
1,2,6892,1779219893.47723,1,1680,1050
1,2,6893,1779219893.49805,1,1680,1050
1,2,6894,1779219893.51887,1,1680,1050
1,2,6895,1779219893.53969,1,1680,1050
1,2,6896,1779219893.56051,1,1680,1050
1,2,6897,1779219893.58133,1,1680,1050
1,2,6898,1779219893.60215,1,1680,1050
1,2,6899,1779219893.62297,1,1680,1050
1,2,6900,1779219893.64379,1,1680,1050
1,2,6901,1779219893.66461,1,1680,1050
1,2,6902,1779219893.68543,1,1680,1050
1,2,6903,1779219893.70625,1,1680,1050
1,2,6904,1779219893.72707,1,1680,1050
1,2,6905,1779219893.74789,1,1680,1050
1,2,6906,1779219893.76871,1,1680,1050
1,2,6907,1779219893.78953,1,1680,1050
1,2,6908,1779219893.81035,1,1680,1050
1,2,6909,1779219893.83117,1,1680,1050
1,2,6910,1779219893.85199,1,1680,1050
1,2,6911,1779219893.87281,1,1680,1050
1,2,6912,1779219893.89362,1,1680,1050
1,2,6913,1779219893.91444,1,1680,1050
1,2,6914,1779219893.93526,1,1680,1050
1,2,6915,1779219893.95608,1,1680,1050
1,2,6916,1779219893.9769,1,1680,1050
1,2,6917,1779219893.99772,1,1680,1050
1,2,6918,1779219894.01854,1,1680,1050
1,2,6919,1779219894.03936,1,1680,1050
1,2,6920,1779219894.06018,1,1680,1050
1,2,6921,1779219894.081,1,1680,1050
1,2,6922,1779219894.10182,1,1680,1050
1,2,6923,1779219894.12264,1,1680,1050
1,2,6924,1779219894.14346,1,1680,1050
1,2,6925,1779219894.16428,1,1680,1050
1,2,6926,1779219894.1851,1,1680,1050
1,2,6927,1779219894.20592,1,1680,1050
1,2,6928,1779219894.22674,1,1680,1050
1,2,6929,1779219894.24756,1,1680,1050
1,2,6930,1779219894.26838,1,1680,1050
1,2,6931,1779219894.28919,1,1680,1050
1,2,6932,1779219894.31002,1,1680,1050
1,2,6933,1779219894.33083,1,1680,1050
1,2,6934,1779219894.35165,1,1680,1050
1,2,6935,1779219894.37247,1,1680,1050
1,2,6936,1779219894.39329,1,1680,1050
1,2,6937,1779219894.41411,1,1680,1050
1,2,6938,1779219894.43493,1,1680,1050
1,2,6939,1779219894.45575,1,1680,1050
1,2,6940,1779219894.47657,1,1680,1050
1,2,6941,1779219894.49739,1,1680,1050
1,2,6942,1779219894.51821,1,1680,1050
1,2,6943,1779219894.53903,1,1680,1050
1,2,6944,1779219894.55985,1,1680,1050
1,2,6945,1779219894.58067,1,1680,1050
1,2,6946,1779219894.60149,1,1680,1050
1,2,6947,1779219894.62231,1,1680,1050
1,2,6948,1779219894.64313,1,1680,1050
1,2,6949,1779219894.66395,1,1680,1050
1,2,6950,1779219894.68477,1,1680,1050
1,2,6951,1779219894.70559,1,1680,1050
1,2,6952,1779219894.72641,1,1680,1050
1,2,6953,1779219894.74722,1,1680,1050
1,2,6954,1779219894.76804,1,1680,1050
1,2,6955,1779219894.78886,1,1680,1050
1,2,6956,1779219894.80968,1,1680,1050
1,2,6957,1779219894.8305,1,1680,1050
1,2,6958,1779219894.85132,1,1680,1050
1,2,6959,1779219894.87214,1,1680,1050
1,2,6960,1779219894.89296,1,1680,1050
1,2,6961,1779219894.91378,1,1680,1050
1,2,6962,1779219894.9346,1,1680,1050
1,2,6963,1779219894.95542,1,1680,1050
1,2,6964,1779219894.97624,1,1680,1050
1,2,6965,1779219894.99706,1,1680,1050
1,2,6966,1779219895.01788,1,1680,1050
1,2,6967,1779219895.0387,1,1680,1050
1,2,6968,1779219895.05952,1,1680,1050
1,2,6969,1779219895.08034,1,1680,1050
1,2,6970,1779219895.10116,1,1680,1050
1,2,6971,1779219895.12198,1,1680,1050
1,2,6972,1779219895.1428,1,1680,1050
1,2,6973,1779219895.16361,1,1680,1050
1,2,6974,1779219895.18443,1,1680,1050
1,2,6975,1779219895.20525,1,1680,1050
1,2,6976,1779219895.22607,1,1680,1050
1,2,6977,1779219895.24689,1,1680,1050
1,2,6978,1779219895.26771,1,1680,1050
1,2,6979,1779219895.28853,1,1680,1050
1,2,6980,1779219895.30935,1,1680,1050
1,2,6981,1779219895.33017,1,1680,1050
1,2,6982,1779219895.35099,1,1680,1050
1,2,6983,1779219895.37181,1,1680,1050
1,2,6984,1779219895.39263,1,1680,1050
1,2,6985,1779219895.41345,1,1680,1050
1,2,6986,1779219895.43427,1,1680,1050
1,2,6987,1779219895.45509,1,1680,1050
1,2,6988,1779219895.47591,1,1680,1050
1,2,6989,1779219895.49673,1,1680,1050
1,2,6990,1779219895.51755,1,1680,1050
1,2,6991,1779219895.53837,1,1680,1050
1,2,6992,1779219895.55919,1,1680,1050
1,2,6993,1779219895.58,1,1680,1050
1,2,6994,1779219895.60082,1,1680,1050
1,2,6995,1779219895.62164,1,1680,1050
1,2,6996,1779219895.64246,1,1680,1050
1,2,6997,1779219895.66328,1,1680,1050
1,2,6998,1779219895.6841,1,1680,1050
1,2,6999,1779219895.70492,1,1680,1050
1,2,7000,1779219895.72574,1,1680,1050
1,2,7001,1779219895.74656,1,1680,1050
1,2,7002,1779219895.76738,1,1680,1050
1,2,7003,1779219895.7882,1,1680,1050
1,2,7004,1779219895.80902,1,1680,1050
1,2,7005,1779219895.82984,1,1680,1050
1,2,7006,1779219895.85066,1,1680,1050
1,2,7007,1779219895.87148,1,1680,1050
1,2,7008,1779219895.8923,1,1680,1050
1,2,7009,1779219895.91312,1,1680,1050
1,2,7010,1779219895.93394,1,1680,1050
1,2,7011,1779219895.95476,1,1680,1050
1,2,7012,1779219895.97558,1,1680,1050
1,2,7013,1779219895.99639,1,1680,1050
1,2,7014,1779219896.01721,1,1680,1050
1,2,7015,1779219896.03803,1,1680,1050
1,2,7016,1779219896.05885,1,1680,1050
1,2,7017,1779219896.07967,1,1680,1050
1,2,7018,1779219896.10049,1,1680,1050
1,2,7019,1779219896.12131,1,1680,1050
1,2,7020,1779219896.14213,1,1680,1050
1,2,7021,1779219896.16295,1,1680,1050
1,2,7022,1779219896.18377,1,1680,1050
1,2,7023,1779219896.20459,1,1680,1050
1,2,7024,1779219896.22541,1,1680,1050
1,2,7025,1779219896.24623,1,1680,1050
1,2,7026,1779219896.26705,1,1680,1050
1,2,7027,1779219896.28787,1,1680,1050
1,2,7028,1779219896.30869,1,1680,1050
1,2,7029,1779219896.32951,1,1680,1050
1,2,7030,1779219896.35033,1,1680,1050
1,2,7031,1779219896.37115,1,1680,1050
1,2,7032,1779219896.39197,1,1680,1050
1,2,7033,1779219896.41278,1,1680,1050
1,2,7034,1779219896.4336,1,1680,1050
1,2,7035,1779219896.45442,1,1680,1050
1,2,7036,1779219896.47524,1,1680,1050
1,2,7037,1779219896.49606,1,1680,1050
1,2,7038,1779219896.51688,1,1680,1050
1,2,7039,1779219896.5377,1,1680,1050
1,2,7040,1779219896.55852,1,1680,1050
1,2,7041,1779219896.57934,1,1680,1050
1,2,7042,1779219896.60016,1,1680,1050
1,2,7043,1779219896.62098,1,1680,1050
1,2,7044,1779219896.6418,1,1680,1050
1,2,7045,1779219896.66262,1,1680,1050
1,2,7046,1779219896.68344,1,1680,1050
1,2,7047,1779219896.70426,1,1680,1050
1,2,7048,1779219896.72508,1,1680,1050
1,2,7049,1779219896.7459,1,1680,1050
1,2,7050,1779219896.76672,1,1680,1050
1,2,7051,1779219896.78754,1,1680,1050
1,2,7052,1779219896.80836,1,1680,1050
1,2,7053,1779219896.82917,1,1680,1050
1,2,7054,1779219896.84999,1,1680,1050
1,2,7055,1779219896.87081,1,1680,1050
1,2,7056,1779219896.89163,1,1680,1050
1,2,7057,1779219896.91245,1,1680,1050
1,2,7058,1779219896.93327,1,1680,1050
1,2,7059,1779219896.95409,1,1680,1050
1,2,7060,1779219896.97491,1,1680,1050
1,2,7061,1779219896.99573,1,1680,1050
1,2,7062,1779219897.01655,1,1680,1050
1,2,7063,1779219897.03737,1,1680,1050
1,2,7064,1779219897.05819,1,1680,1050
1,2,7065,1779219897.07901,1,1680,1050
1,2,7066,1779219897.09983,1,1680,1050
1,2,7067,1779219897.12065,1,1680,1050
1,2,7068,1779219897.14147,1,1680,1050
1,2,7069,1779219897.16229,1,1680,1050
1,2,7070,1779219897.18311,1,1680,1050
1,2,7071,1779219897.20393,1,1680,1050
1,2,7072,1779219897.22475,1,1680,1050
1,2,7073,1779219897.24556,1,1680,1050
1,2,7074,1779219897.26638,1,1680,1050
1,2,7075,1779219897.2872,1,1680,1050
1,2,7076,1779219897.30802,1,1680,1050
1,2,7077,1779219897.32884,1,1680,1050
1,2,7078,1779219897.34966,1,1680,1050
1,2,7079,1779219897.37048,1,1680,1050
1,2,7080,1779219897.3913,1,1680,1050
1,2,7081,1779219897.41212,1,1680,1050
1,2,7082,1779219897.43294,2,1680,1050
1,2,7083,1779219897.45376,2,1680,1050
1,2,7084,1779219897.47458,2,1680,1050
1,2,7085,1779219897.4954,2,1680,1050
1,2,7086,1779219897.51622,2,1680,1050
1,2,7087,1779219897.53704,2,1680,1050
1,2,7088,1779219897.55786,2,1680,1050
1,2,7089,1779219897.57868,2,1680,1050
1,2,7090,1779219897.5995,2,1680,1050
1,2,7091,1779219897.62032,2,1680,1050
1,2,7092,1779219897.64113,2,1680,1050
1,2,7093,1779219897.66196,2,1680,1050
1,2,7094,1779219897.68277,2,1680,1050
1,2,7095,1779219897.70359,2,1680,1050
1,2,7096,1779219897.72441,2,1680,1050
1,2,7097,1779219897.74523,2,1680,1050
1,2,7098,1779219897.76605,2,1680,1050
1,2,7099,1779219897.78687,2,1680,1050
1,2,7100,1779219897.80769,2,1680,1050
1,2,7101,1779219897.82851,2,1680,1050
1,2,7102,1779219897.84933,2,1680,1050
1,2,7103,1779219897.87015,2,1680,1050
1,2,7104,1779219897.89097,2,1680,1050
1,2,7105,1779219897.91179,2,1680,1050
1,2,7106,1779219897.93261,2,1680,1050
1,2,7107,1779219897.95343,2,1680,1050
1,2,7108,1779219897.97425,2,1680,1050
1,2,7109,1779219897.99507,2,1680,1050
1,2,7110,1779219898.01589,2,1680,1050
1,2,7111,1779219898.03671,2,1680,1050
1,2,7112,1779219898.05753,2,1680,1050
1,2,7113,1779219898.07834,2,1680,1050
1,2,7114,1779219898.09916,2,1680,1050
1,2,7115,1779219898.11998,2,1680,1050
1,2,7116,1779219898.1408,2,1680,1050
1,2,7117,1779219898.16162,2,1680,1050
1,2,7118,1779219898.18244,2,1680,1050
1,2,7119,1779219898.20326,2,1680,1050
1,2,7120,1779219898.22408,2,1680,1050
1,2,7121,1779219898.2449,2,1680,1050
1,2,7122,1779219898.26572,2,1680,1050
1,2,7123,1779219898.28654,2,1680,1050
1,2,7124,1779219898.30736,2,1680,1050
1,2,7125,1779219898.32818,2,1680,1050
1,2,7126,1779219898.349,2,1680,1050
1,2,7127,1779219898.36982,2,1680,1050
1,2,7128,1779219898.39064,2,1680,1050
1,2,7129,1779219898.41146,2,1680,1050
1,2,7130,1779219898.43228,2,1680,1050
1,2,7131,1779219898.4531,2,1680,1050
1,2,7132,1779219898.47392,2,1680,1050
1,2,7133,1779219898.49473,2,1680,1050
1,2,7134,1779219898.51555,2,1680,1050
1,2,7135,1779219898.53637,2,1680,1050
1,2,7136,1779219898.55719,2,1680,1050
1,2,7137,1779219898.57801,2,1680,1050
1,2,7138,1779219898.59883,2,1680,1050
1,2,7139,1779219898.61965,2,1680,1050
1,2,7140,1779219898.64047,2,1680,1050
1,2,7141,1779219898.66129,2,1680,1050
1,2,7142,1779219898.68211,2,1680,1050
1,2,7143,1779219898.70293,2,1680,1050
1,2,7144,1779219898.72375,2,1680,1050
1,2,7145,1779219898.74457,2,1680,1050
1,2,7146,1779219898.76539,2,1680,1050
1,2,7147,1779219898.78621,2,1680,1050
1,2,7148,1779219898.80703,2,1680,1050
1,2,7149,1779219898.82785,2,1680,1050
1,2,7150,1779219898.84867,2,1680,1050
1,2,7151,1779219898.86949,2,1680,1050
1,2,7152,1779219898.89031,2,1680,1050
1,2,7153,1779219898.91113,2,1680,1050
1,2,7154,1779219898.93194,2,1680,1050
1,2,7155,1779219898.95276,2,1680,1050
1,2,7156,1779219898.97358,2,1680,1050
1,2,7157,1779219898.9944,2,1680,1050
1,2,7158,1779219899.01522,2,1680,1050
1,2,7159,1779219899.03604,2,1680,1050
1,2,7160,1779219899.05686,2,1680,1050
1,2,7161,1779219899.07768,2,1680,1050
1,2,7162,1779219899.0985,2,1680,1050
1,2,7163,1779219899.11932,2,1680,1050
1,2,7164,1779219899.14014,2,1680,1050
1,2,7165,1779219899.16096,2,1680,1050
1,2,7166,1779219899.18178,2,1680,1050
1,2,7167,1779219899.2026,2,1680,1050
1,2,7168,1779219899.22342,2,1680,1050
1,2,7169,1779219899.24424,2,1680,1050
1,2,7170,1779219899.26506,2,1680,1050
1,2,7171,1779219899.28588,2,1680,1050
1,2,7172,1779219899.3067,2,1680,1050
1,2,7173,1779219899.32752,2,1680,1050
1,2,7174,1779219899.34834,2,1680,1050
1,2,7175,1779219899.36915,2,1680,1050
1,2,7176,1779219899.38997,2,1680,1050
1,2,7177,1779219899.41079,2,1680,1050
1,2,7178,1779219899.43161,2,1680,1050
1,2,7179,1779219899.45243,2,1680,1050
1,2,7180,1779219899.47325,2,1680,1050
1,2,7181,1779219899.49407,2,1680,1050
1,2,7182,1779219899.51489,2,1680,1050
1,2,7183,1779219899.53571,2,1680,1050
1,2,7184,1779219899.55653,2,1680,1050
1,2,7185,1779219899.57735,2,1680,1050
1,2,7186,1779219899.59817,2,1680,1050
1,2,7187,1779219899.61899,2,1680,1050
1,2,7188,1779219899.63981,2,1680,1050
1,2,7189,1779219899.66063,2,1680,1050
1,2,7190,1779219899.68145,2,1680,1050
1,2,7191,1779219899.70227,2,1680,1050
1,2,7192,1779219899.72309,2,1680,1050
1,2,7193,1779219899.74391,2,1680,1050
1,2,7194,1779219899.76472,2,1680,1050
1,2,7195,1779219899.78554,2,1680,1050
1,2,7196,1779219899.80636,2,1680,1050
1,2,7197,1779219899.82718,2,1680,1050
1,2,7198,1779219899.848,2,1680,1050
1,2,7199,1779219899.86882,2,1680,1050
1,2,7200,1779219899.88964,2,1680,1050
1,2,7201,1779219899.91046,2,1680,1050
1,2,7202,1779219900.0562,1,1680,1050
1,2,7203,1779219900.07702,1,1680,1050
1,2,7204,1779219900.09784,1,1680,1050
1,2,7205,1779219900.11866,1,1680,1050
1,2,7206,1779219900.13948,1,1680,1050
1,2,7207,1779219900.1603,1,1680,1050
1,2,7208,1779219900.18111,1,1680,1050
1,2,7209,1779219900.20193,1,1680,1050
1,2,7210,1779219900.22275,1,1680,1050
1,2,7211,1779219900.24357,1,1680,1050
1,2,7212,1779219900.26439,1,1680,1050
1,2,7213,1779219900.28521,1,1680,1050
1,2,7214,1779219900.30603,1,1680,1050
1,2,7215,1779219900.32685,1,1680,1050
1,2,7216,1779219900.34767,1,1680,1050
1,2,7217,1779219900.36849,1,1680,1050
1,2,7218,1779219900.38931,1,1680,1050
1,2,7219,1779219900.41013,1,1680,1050
1,2,7220,1779219900.43095,1,1680,1050
1,2,7221,1779219900.45177,1,1680,1050
1,2,7222,1779219900.47259,1,1680,1050
1,2,7223,1779219900.49341,1,1680,1050
1,2,7224,1779219900.51423,1,1680,1050
1,2,7225,1779219900.53505,1,1680,1050
1,2,7226,1779219900.55587,1,1680,1050
1,2,7227,1779219900.57669,1,1680,1050
1,2,7228,1779219900.59751,1,1680,1050
1,2,7229,1779219900.61832,1,1680,1050
1,2,7230,1779219900.63914,1,1680,1050
1,2,7231,1779219900.65996,1,1680,1050
1,2,7232,1779219900.68078,1,1680,1050
1,2,7233,1779219900.7016,1,1680,1050
1,2,7234,1779219900.72242,1,1680,1050
1,2,7235,1779219900.74324,1,1680,1050
1,2,7236,1779219900.76406,1,1680,1050
1,2,7237,1779219900.78488,1,1680,1050
1,2,7238,1779219900.8057,1,1680,1050
1,2,7239,1779219900.82652,1,1680,1050
1,2,7240,1779219900.84734,1,1680,1050
1,2,7241,1779219900.86816,1,1680,1050
1,2,7242,1779219900.88898,1,1680,1050
1,2,7243,1779219900.9098,1,1680,1050
1,2,7244,1779219900.93062,1,1680,1050
1,2,7245,1779219900.95144,1,1680,1050
1,2,7246,1779219900.97226,1,1680,1050
1,2,7247,1779219900.99308,1,1680,1050
1,2,7248,1779219901.0139,1,1680,1050
1,2,7249,1779219901.03471,1,1680,1050
1,2,7250,1779219901.05553,1,1680,1050
1,2,7251,1779219901.07635,1,1680,1050
1,2,7252,1779219901.09717,1,1680,1050
1,2,7253,1779219901.11799,1,1680,1050
1,2,7254,1779219901.13881,1,1680,1050
1,2,7255,1779219901.15963,1,1680,1050
1,2,7256,1779219901.18045,1,1680,1050
1,2,7257,1779219901.20127,1,1680,1050
1,2,7258,1779219901.22209,1,1680,1050
1,2,7259,1779219901.24291,1,1680,1050
1,2,7260,1779219901.26373,1,1680,1050
1,2,7261,1779219901.28455,1,1680,1050
1,2,7262,1779219901.30537,1,1680,1050
1,2,7263,1779219901.32619,1,1680,1050
1,2,7264,1779219901.34701,1,1680,1050
1,2,7265,1779219901.36783,1,1680,1050
1,2,7266,1779219901.38865,1,1680,1050
1,2,7267,1779219901.40947,1,1680,1050
1,2,7268,1779219901.43029,1,1680,1050
1,2,7269,1779219901.45111,1,1680,1050
1,2,7270,1779219901.47192,1,1680,1050
1,2,7271,1779219901.49274,1,1680,1050
1,2,7272,1779219901.51356,1,1680,1050
1,2,7273,1779219901.53438,1,1680,1050
1,2,7274,1779219901.5552,1,1680,1050
1,2,7275,1779219901.57602,1,1680,1050
1,2,7276,1779219901.59684,1,1680,1050
1,2,7277,1779219901.61766,1,1680,1050
1,2,7278,1779219901.63848,1,1680,1050
1,2,7279,1779219901.6593,1,1680,1050
1,2,7280,1779219901.68012,1,1680,1050
1,2,7281,1779219901.70094,1,1680,1050
1,2,7282,1779219901.72176,1,1680,1050
1,2,7283,1779219901.74258,1,1680,1050
1,2,7284,1779219901.7634,1,1680,1050
1,2,7285,1779219901.78422,1,1680,1050
1,2,7286,1779219901.80504,1,1680,1050
1,2,7287,1779219901.82586,1,1680,1050
1,2,7288,1779219901.84668,1,1680,1050
1,2,7289,1779219901.8675,1,1680,1050
1,2,7290,1779219901.88831,1,1680,1050
1,2,7291,1779219901.90913,1,1680,1050
1,2,7292,1779219901.92995,1,1680,1050
1,2,7293,1779219901.95077,1,1680,1050
1,2,7294,1779219901.97159,1,1680,1050
1,2,7295,1779219901.99241,1,1680,1050
1,2,7296,1779219902.01323,1,1680,1050
1,2,7297,1779219902.03405,1,1680,1050
1,2,7298,1779219902.05487,1,1680,1050
1,2,7299,1779219902.07569,1,1680,1050
1,2,7300,1779219902.09651,1,1680,1050
1,2,7301,1779219902.11733,1,1680,1050
1,2,7302,1779219902.13815,1,1680,1050
1,2,7303,1779219902.15897,1,1680,1050
1,2,7304,1779219902.17979,1,1680,1050
1,2,7305,1779219902.20061,1,1680,1050
1,2,7306,1779219902.22143,1,1680,1050
1,2,7307,1779219902.24225,1,1680,1050
1,2,7308,1779219902.26307,1,1680,1050
1,2,7309,1779219902.28388,1,1680,1050
1,2,7310,1779219902.3047,1,1680,1050
1,2,7311,1779219902.32553,1,1680,1050
1,2,7312,1779219902.34634,1,1680,1050
1,2,7313,1779219902.36716,1,1680,1050
1,2,7314,1779219902.38798,1,1680,1050
1,2,7315,1779219902.4088,1,1680,1050
1,2,7316,1779219902.42962,1,1680,1050
1,2,7317,1779219902.45044,1,1680,1050
1,2,7318,1779219902.47126,1,1680,1050
1,2,7319,1779219902.49208,1,1680,1050
1,2,7320,1779219902.5129,1,1680,1050
1,2,7321,1779219902.53372,1,1680,1050
1,2,7322,1779219902.55454,1,1680,1050
1,2,7323,1779219902.57536,1,1680,1050
1,2,7324,1779219902.59618,1,1680,1050
1,2,7325,1779219902.617,1,1680,1050
1,2,7326,1779219902.63782,1,1680,1050
1,2,7327,1779219902.65864,1,1680,1050
1,2,7328,1779219902.67946,1,1680,1050
1,2,7329,1779219902.70028,1,1680,1050
1,2,7330,1779219902.72109,1,1680,1050
1,2,7331,1779219902.74191,1,1680,1050
1,2,7332,1779219902.76273,1,1680,1050
1,2,7333,1779219902.78355,1,1680,1050
1,2,7334,1779219902.80437,1,1680,1050
1,2,7335,1779219902.82519,1,1680,1050
1,2,7336,1779219902.84601,1,1680,1050
1,2,7337,1779219902.86683,1,1680,1050
1,2,7338,1779219902.88765,1,1680,1050
1,2,7339,1779219902.90847,1,1680,1050
1,2,7340,1779219902.92929,1,1680,1050
1,2,7341,1779219902.95011,1,1680,1050
1,2,7342,1779219902.97093,1,1680,1050
1,2,7343,1779219902.99175,1,1680,1050
1,2,7344,1779219903.01257,1,1680,1050
1,2,7345,1779219903.03339,1,1680,1050
1,2,7346,1779219903.05421,1,1680,1050
1,2,7347,1779219903.07503,1,1680,1050
1,2,7348,1779219903.09585,1,1680,1050
1,2,7349,1779219903.11667,1,1680,1050
1,2,7350,1779219903.13749,1,1680,1050
1,2,7351,1779219903.1583,1,1680,1050
1,2,7352,1779219903.17912,1,1680,1050
1,2,7353,1779219903.19994,1,1680,1050
1,2,7354,1779219903.22076,1,1680,1050
1,2,7355,1779219903.24158,1,1680,1050
1,2,7356,1779219903.2624,1,1680,1050
1,2,7357,1779219903.28322,1,1680,1050
1,2,7358,1779219903.30404,1,1680,1050
1,2,7359,1779219903.32486,1,1680,1050
1,2,7360,1779219903.34568,1,1680,1050
1,2,7361,1779219903.3665,1,1680,1050
1,2,7362,1779219903.38732,1,1680,1050
1,2,7363,1779219903.40814,1,1680,1050
1,2,7364,1779219903.42896,1,1680,1050
1,2,7365,1779219903.44978,1,1680,1050
1,2,7366,1779219903.4706,1,1680,1050
1,2,7367,1779219903.49142,1,1680,1050
1,2,7368,1779219903.51224,1,1680,1050
1,2,7369,1779219903.53306,1,1680,1050
1,2,7370,1779219903.55387,1,1680,1050
1,2,7371,1779219903.57469,1,1680,1050
1,2,7372,1779219903.59551,1,1680,1050
1,2,7373,1779219903.61633,1,1680,1050
1,2,7374,1779219903.63715,1,1680,1050
1,2,7375,1779219903.65797,1,1680,1050
1,2,7376,1779219903.67879,1,1680,1050
1,2,7377,1779219903.69961,1,1680,1050
1,2,7378,1779219903.72043,1,1680,1050
1,2,7379,1779219903.74125,1,1680,1050
1,2,7380,1779219903.76207,1,1680,1050
1,2,7381,1779219903.78289,1,1680,1050
1,2,7382,1779219903.80371,1,1680,1050
1,2,7383,1779219903.82453,1,1680,1050
1,2,7384,1779219903.84535,1,1680,1050
1,2,7385,1779219903.86617,1,1680,1050
1,2,7386,1779219903.88699,1,1680,1050
1,2,7387,1779219903.90781,1,1680,1050
1,2,7388,1779219903.92863,1,1680,1050
1,2,7389,1779219903.94945,1,1680,1050
1,2,7390,1779219903.97026,1,1680,1050
1,2,7391,1779219903.99109,1,1680,1050
1,2,7392,1779219904.0119,1,1680,1050
1,2,7393,1779219904.03272,1,1680,1050
1,2,7394,1779219904.05354,1,1680,1050
1,2,7395,1779219904.07436,1,1680,1050
1,2,7396,1779219904.09518,1,1680,1050
1,2,7397,1779219904.116,1,1680,1050
1,2,7398,1779219904.13682,1,1680,1050
1,2,7399,1779219904.15764,1,1680,1050
1,2,7400,1779219904.17846,1,1680,1050
1,2,7401,1779219904.19928,1,1680,1050
1,2,7402,1779219904.2201,1,1680,1050
1,2,7403,1779219904.24092,1,1680,1050
1,2,7404,1779219904.26174,1,1680,1050
1,2,7405,1779219904.28256,1,1680,1050
1,2,7406,1779219904.30338,1,1680,1050
1,2,7407,1779219904.3242,1,1680,1050
1,2,7408,1779219904.34502,1,1680,1050
1,2,7409,1779219904.36584,1,1680,1050
1,2,7410,1779219904.38665,1,1680,1050
1,2,7411,1779219904.40747,1,1680,1050
1,2,7412,1779219904.42829,1,1680,1050
1,2,7413,1779219904.44911,1,1680,1050
1,2,7414,1779219904.46993,1,1680,1050
1,2,7415,1779219904.49075,1,1680,1050
1,2,7416,1779219904.51157,1,1680,1050
1,2,7417,1779219904.53239,1,1680,1050
1,2,7418,1779219904.55321,1,1680,1050
1,2,7419,1779219904.57403,1,1680,1050
1,2,7420,1779219904.59485,1,1680,1050
1,2,7421,1779219904.61567,1,1680,1050
1,2,7422,1779219904.63649,1,1680,1050
1,2,7423,1779219904.65731,1,1680,1050
1,2,7424,1779219904.67813,1,1680,1050
1,2,7425,1779219904.69895,1,1680,1050
1,2,7426,1779219904.71977,1,1680,1050
1,2,7427,1779219904.74059,1,1680,1050
1,2,7428,1779219904.76141,1,1680,1050
1,2,7429,1779219904.78223,1,1680,1050
1,2,7430,1779219904.80305,1,1680,1050
1,2,7431,1779219904.82386,1,1680,1050
1,2,7432,1779219904.84468,1,1680,1050
1,2,7433,1779219904.8655,1,1680,1050
1,2,7434,1779219904.88632,1,1680,1050
1,2,7435,1779219904.90714,1,1680,1050
1,2,7436,1779219904.92796,1,1680,1050
1,2,7437,1779219904.94878,1,1680,1050
1,2,7438,1779219904.9696,1,1680,1050
1,2,7439,1779219904.99042,1,1680,1050
1,2,7440,1779219905.01124,1,1680,1050
1,2,7441,1779219905.03206,1,1680,1050
1,2,7442,1779219905.05288,2,1680,1050
1,2,7443,1779219905.0737,2,1680,1050
1,2,7444,1779219905.09452,2,1680,1050
1,2,7445,1779219905.11534,2,1680,1050
1,2,7446,1779219905.13616,2,1680,1050
1,2,7447,1779219905.15698,2,1680,1050
1,2,7448,1779219905.1778,2,1680,1050
1,2,7449,1779219905.19862,2,1680,1050
1,2,7450,1779219905.21943,2,1680,1050
1,2,7451,1779219905.24025,2,1680,1050
1,2,7452,1779219905.26107,2,1680,1050
1,2,7453,1779219905.28189,2,1680,1050
1,2,7454,1779219905.30271,2,1680,1050
1,2,7455,1779219905.32353,2,1680,1050
1,2,7456,1779219905.34435,2,1680,1050
1,2,7457,1779219905.36517,2,1680,1050
1,2,7458,1779219905.38599,2,1680,1050
1,2,7459,1779219905.40681,2,1680,1050
1,2,7460,1779219905.42763,2,1680,1050
1,2,7461,1779219905.44845,2,1680,1050
1,2,7462,1779219905.46927,2,1680,1050
1,2,7463,1779219905.49009,2,1680,1050
1,2,7464,1779219905.51091,2,1680,1050
1,2,7465,1779219905.53173,2,1680,1050
1,2,7466,1779219905.55255,2,1680,1050
1,2,7467,1779219905.57337,2,1680,1050
1,2,7468,1779219905.59419,2,1680,1050
1,2,7469,1779219905.61501,2,1680,1050
1,2,7470,1779219905.63583,2,1680,1050
1,2,7471,1779219905.65664,2,1680,1050
1,2,7472,1779219905.67746,2,1680,1050
1,2,7473,1779219905.69828,2,1680,1050
1,2,7474,1779219905.7191,2,1680,1050
1,2,7475,1779219905.73992,2,1680,1050
1,2,7476,1779219905.76074,2,1680,1050
1,2,7477,1779219905.78156,2,1680,1050
1,2,7478,1779219905.80238,2,1680,1050
1,2,7479,1779219905.8232,2,1680,1050
1,2,7480,1779219905.84402,2,1680,1050
1,2,7481,1779219905.86484,2,1680,1050
1,2,7482,1779219905.88566,2,1680,1050
1,2,7483,1779219905.90648,2,1680,1050
1,2,7484,1779219905.9273,2,1680,1050
1,2,7485,1779219905.94812,2,1680,1050
1,2,7486,1779219905.96894,2,1680,1050
1,2,7487,1779219905.98976,2,1680,1050
1,2,7488,1779219906.01058,2,1680,1050
1,2,7489,1779219906.0314,2,1680,1050
1,2,7490,1779219906.05221,2,1680,1050
1,2,7491,1779219906.07303,2,1680,1050
1,2,7492,1779219906.09385,2,1680,1050
1,2,7493,1779219906.11467,2,1680,1050
1,2,7494,1779219906.13549,2,1680,1050
1,2,7495,1779219906.15631,2,1680,1050
1,2,7496,1779219906.17713,2,1680,1050
1,2,7497,1779219906.19795,2,1680,1050
1,2,7498,1779219906.21877,2,1680,1050
1,2,7499,1779219906.23959,2,1680,1050
1,2,7500,1779219906.26041,2,1680,1050
1,2,7501,1779219906.28123,2,1680,1050
1,2,7502,1779219906.30205,2,1680,1050
1,2,7503,1779219906.32287,2,1680,1050
1,2,7504,1779219906.34369,2,1680,1050
1,2,7505,1779219906.36451,2,1680,1050
1,2,7506,1779219906.38533,2,1680,1050
1,2,7507,1779219906.40615,2,1680,1050
1,2,7508,1779219906.42697,2,1680,1050
1,2,7509,1779219906.44779,2,1680,1050
1,2,7510,1779219906.46861,2,1680,1050
1,2,7511,1779219906.48942,2,1680,1050
1,2,7512,1779219906.51025,2,1680,1050
1,2,7513,1779219906.53106,2,1680,1050
1,2,7514,1779219906.55188,2,1680,1050
1,2,7515,1779219906.5727,2,1680,1050
1,2,7516,1779219906.59352,2,1680,1050
1,2,7517,1779219906.61434,2,1680,1050
1,2,7518,1779219906.63516,2,1680,1050
1,2,7519,1779219906.65598,2,1680,1050
1,2,7520,1779219906.6768,2,1680,1050
1,2,7521,1779219906.69762,2,1680,1050
1,2,7522,1779219906.71844,2,1680,1050
1,2,7523,1779219906.73926,2,1680,1050
1,2,7524,1779219906.76008,2,1680,1050
1,2,7525,1779219906.7809,2,1680,1050
1,2,7526,1779219906.80172,2,1680,1050
1,2,7527,1779219906.82254,2,1680,1050
1,2,7528,1779219906.84336,2,1680,1050
1,2,7529,1779219906.86418,2,1680,1050
1,2,7530,1779219906.885,2,1680,1050
1,2,7531,1779219906.90581,2,1680,1050
1,2,7532,1779219906.92663,2,1680,1050
1,2,7533,1779219906.94745,2,1680,1050
1,2,7534,1779219906.96827,2,1680,1050
1,2,7535,1779219906.98909,2,1680,1050
1,2,7536,1779219907.00991,2,1680,1050
1,2,7537,1779219907.03073,2,1680,1050
1,2,7538,1779219907.05155,2,1680,1050
1,2,7539,1779219907.07237,2,1680,1050
1,2,7540,1779219907.09319,2,1680,1050
1,2,7541,1779219907.11401,2,1680,1050
1,2,7542,1779219907.13483,2,1680,1050
1,2,7543,1779219907.15565,2,1680,1050
1,2,7544,1779219907.17647,2,1680,1050
1,2,7545,1779219907.19729,2,1680,1050
1,2,7546,1779219907.21811,2,1680,1050
1,2,7547,1779219907.23893,2,1680,1050
1,2,7548,1779219907.25975,2,1680,1050
1,2,7549,1779219907.28057,2,1680,1050
1,2,7550,1779219907.30139,2,1680,1050
1,2,7551,1779219907.32221,2,1680,1050
1,2,7552,1779219907.34302,2,1680,1050
1,2,7553,1779219907.36384,2,1680,1050
1,2,7554,1779219907.38466,2,1680,1050
1,2,7555,1779219907.40548,2,1680,1050
1,2,7556,1779219907.4263,2,1680,1050
1,2,7557,1779219907.44712,2,1680,1050
1,2,7558,1779219907.46794,2,1680,1050
1,2,7559,1779219907.48876,2,1680,1050
1,2,7560,1779219907.50958,2,1680,1050
1,2,7561,1779219907.5304,2,1680,1050
1,2,7562,1779219907.55122,1,1680,1050
1,2,7563,1779219907.57204,1,1680,1050
1,2,7564,1779219907.59286,1,1680,1050
1,2,7565,1779219907.61368,1,1680,1050
1,2,7566,1779219907.6345,1,1680,1050
1,2,7567,1779219907.65532,1,1680,1050
1,2,7568,1779219907.67614,1,1680,1050
1,2,7569,1779219907.69696,1,1680,1050
1,2,7570,1779219907.71778,1,1680,1050
1,2,7571,1779219907.73859,1,1680,1050
1,2,7572,1779219907.75941,1,1680,1050
1,2,7573,1779219907.78023,1,1680,1050
1,2,7574,1779219907.80105,1,1680,1050
1,2,7575,1779219907.82187,1,1680,1050
1,2,7576,1779219907.84269,1,1680,1050
1,2,7577,1779219907.86351,1,1680,1050
1,2,7578,1779219907.88433,1,1680,1050
1,2,7579,1779219907.90515,1,1680,1050
1,2,7580,1779219907.92597,1,1680,1050
1,2,7581,1779219907.94679,1,1680,1050
1,2,7582,1779219907.96761,1,1680,1050
1,2,7583,1779219907.98843,1,1680,1050
1,2,7584,1779219908.00925,1,1680,1050
1,2,7585,1779219908.03007,1,1680,1050
1,2,7586,1779219908.05089,1,1680,1050
1,2,7587,1779219908.07171,1,1680,1050
1,2,7588,1779219908.09253,1,1680,1050
1,2,7589,1779219908.11335,1,1680,1050
1,2,7590,1779219908.13417,1,1680,1050
1,2,7591,1779219908.15499,1,1680,1050
1,2,7592,1779219908.1758,1,1680,1050
1,2,7593,1779219908.19662,1,1680,1050
1,2,7594,1779219908.21744,1,1680,1050
1,2,7595,1779219908.23826,1,1680,1050
1,2,7596,1779219908.25908,1,1680,1050
1,2,7597,1779219908.2799,1,1680,1050
1,2,7598,1779219908.30072,1,1680,1050
1,2,7599,1779219908.32154,1,1680,1050
1,2,7600,1779219908.34236,1,1680,1050
1,2,7601,1779219908.36318,1,1680,1050
1,2,7602,1779219908.384,1,1680,1050
1,2,7603,1779219908.40482,1,1680,1050
1,2,7604,1779219908.42564,1,1680,1050
1,2,7605,1779219908.44646,1,1680,1050
1,2,7606,1779219908.46728,1,1680,1050
1,2,7607,1779219908.4881,1,1680,1050
1,2,7608,1779219908.50892,1,1680,1050
1,2,7609,1779219908.52974,1,1680,1050
1,2,7610,1779219908.55056,1,1680,1050
1,2,7611,1779219908.57138,1,1680,1050
1,2,7612,1779219908.59219,1,1680,1050
1,2,7613,1779219908.61301,1,1680,1050
1,2,7614,1779219908.63383,1,1680,1050
1,2,7615,1779219908.65465,1,1680,1050
1,2,7616,1779219908.67547,1,1680,1050
1,2,7617,1779219908.69629,1,1680,1050
1,2,7618,1779219908.71711,1,1680,1050
1,2,7619,1779219908.73794,1,1680,1050
1,2,7620,1779219908.75875,1,1680,1050
1,2,7621,1779219908.77957,1,1680,1050
1,2,7622,1779219908.80039,1,1680,1050
1,2,7623,1779219908.82121,1,1680,1050
1,2,7624,1779219908.84203,1,1680,1050
1,2,7625,1779219908.86285,1,1680,1050
1,2,7626,1779219908.88367,1,1680,1050
1,2,7627,1779219908.90449,1,1680,1050
1,2,7628,1779219908.92531,1,1680,1050
1,2,7629,1779219908.94613,1,1680,1050
1,2,7630,1779219908.96695,1,1680,1050
1,2,7631,1779219908.98777,1,1680,1050
1,2,7632,1779219909.00858,1,1680,1050
1,2,7633,1779219909.02941,1,1680,1050
1,2,7634,1779219909.05022,1,1680,1050
1,2,7635,1779219909.07104,1,1680,1050
1,2,7636,1779219909.09186,1,1680,1050
1,2,7637,1779219909.11268,1,1680,1050
1,2,7638,1779219909.1335,1,1680,1050
1,2,7639,1779219909.15432,1,1680,1050
1,2,7640,1779219909.17514,1,1680,1050
1,2,7641,1779219909.19596,1,1680,1050
1,2,7642,1779219909.21678,1,1680,1050
1,2,7643,1779219909.2376,1,1680,1050
1,2,7644,1779219909.25842,1,1680,1050
1,2,7645,1779219909.27924,1,1680,1050
1,2,7646,1779219909.30006,1,1680,1050
1,2,7647,1779219909.32088,1,1680,1050
1,2,7648,1779219909.3417,1,1680,1050
1,2,7649,1779219909.36252,1,1680,1050
1,2,7650,1779219909.38334,1,1680,1050
1,2,7651,1779219909.40416,1,1680,1050
1,2,7652,1779219909.42497,1,1680,1050
1,2,7653,1779219909.44579,1,1680,1050
1,2,7654,1779219909.46661,1,1680,1050
1,2,7655,1779219909.48743,1,1680,1050
1,2,7656,1779219909.50825,1,1680,1050
1,2,7657,1779219909.52907,1,1680,1050
1,2,7658,1779219909.54989,1,1680,1050
1,2,7659,1779219909.57071,1,1680,1050
1,2,7660,1779219909.59153,1,1680,1050
1,2,7661,1779219909.61235,1,1680,1050
1,2,7662,1779219909.63317,1,1680,1050
1,2,7663,1779219909.65399,1,1680,1050
1,2,7664,1779219909.67481,1,1680,1050
1,2,7665,1779219909.69563,1,1680,1050
1,2,7666,1779219909.71645,1,1680,1050
1,2,7667,1779219909.73727,1,1680,1050
1,2,7668,1779219909.75809,1,1680,1050
1,2,7669,1779219909.77891,1,1680,1050
1,2,7670,1779219909.79973,1,1680,1050
1,2,7671,1779219909.82055,1,1680,1050
1,2,7672,1779219909.84137,1,1680,1050
1,2,7673,1779219909.86218,1,1680,1050
1,2,7674,1779219909.88301,1,1680,1050
1,2,7675,1779219909.90382,1,1680,1050
1,2,7676,1779219909.92464,1,1680,1050
1,2,7677,1779219909.94546,1,1680,1050
1,2,7678,1779219909.96628,1,1680,1050
1,2,7679,1779219909.9871,1,1680,1050
1,2,7680,1779219910.00792,1,1680,1050
1,2,7681,1779219910.02874,1,1680,1050
1,2,7682,1779219910.04956,1,1680,1050
1,2,7683,1779219910.07038,1,1680,1050
1,2,7684,1779219910.0912,1,1680,1050
1,2,7685,1779219910.11202,1,1680,1050
1,2,7686,1779219910.13284,1,1680,1050
1,2,7687,1779219910.15366,1,1680,1050
1,2,7688,1779219910.17448,1,1680,1050
1,2,7689,1779219910.1953,1,1680,1050
1,2,7690,1779219910.21612,1,1680,1050
1,2,7691,1779219910.23694,1,1680,1050
1,2,7692,1779219910.25776,1,1680,1050
1,2,7693,1779219910.27857,1,1680,1050
1,2,7694,1779219910.29939,1,1680,1050
1,2,7695,1779219910.32021,1,1680,1050
1,2,7696,1779219910.34103,1,1680,1050
1,2,7697,1779219910.36185,1,1680,1050
1,2,7698,1779219910.38267,1,1680,1050
1,2,7699,1779219910.40349,1,1680,1050
1,2,7700,1779219910.42431,1,1680,1050
1,2,7701,1779219910.44513,1,1680,1050
1,2,7702,1779219910.46595,1,1680,1050
1,2,7703,1779219910.48677,1,1680,1050
1,2,7704,1779219910.50759,1,1680,1050
1,2,7705,1779219910.52841,1,1680,1050
1,2,7706,1779219910.54923,1,1680,1050
1,2,7707,1779219910.57005,1,1680,1050
1,2,7708,1779219910.59087,1,1680,1050
1,2,7709,1779219910.61169,1,1680,1050
1,2,7710,1779219910.63251,1,1680,1050
1,2,7711,1779219910.65333,1,1680,1050
1,2,7712,1779219910.67415,1,1680,1050
1,2,7713,1779219910.69497,1,1680,1050
1,2,7714,1779219910.71579,1,1680,1050
1,2,7715,1779219910.7366,1,1680,1050
1,2,7716,1779219910.75742,1,1680,1050
1,2,7717,1779219910.77824,1,1680,1050
1,2,7718,1779219910.79906,1,1680,1050
1,2,7719,1779219910.81988,1,1680,1050
1,2,7720,1779219910.8407,1,1680,1050
1,2,7721,1779219910.86152,1,1680,1050
1,2,7722,1779219910.88234,1,1680,1050
1,2,7723,1779219910.90316,1,1680,1050
1,2,7724,1779219910.92398,1,1680,1050
1,2,7725,1779219910.9448,1,1680,1050
1,2,7726,1779219910.96562,1,1680,1050
1,2,7727,1779219910.98644,1,1680,1050
1,2,7728,1779219911.00726,1,1680,1050
1,2,7729,1779219911.02808,1,1680,1050
1,2,7730,1779219911.0489,1,1680,1050
1,2,7731,1779219911.06972,1,1680,1050
1,2,7732,1779219911.09054,1,1680,1050
1,2,7733,1779219911.11135,1,1680,1050
1,2,7734,1779219911.13217,1,1680,1050
1,2,7735,1779219911.15299,1,1680,1050
1,2,7736,1779219911.17381,1,1680,1050
1,2,7737,1779219911.19463,1,1680,1050
1,2,7738,1779219911.21545,1,1680,1050
1,2,7739,1779219911.23627,1,1680,1050
1,2,7740,1779219911.25709,1,1680,1050
1,2,7741,1779219911.27791,1,1680,1050
1,2,7742,1779219911.29873,1,1680,1050
1,2,7743,1779219911.31955,1,1680,1050
1,2,7744,1779219911.34037,1,1680,1050
1,2,7745,1779219911.36119,1,1680,1050
1,2,7746,1779219911.38201,1,1680,1050
1,2,7747,1779219911.40283,1,1680,1050
1,2,7748,1779219911.42365,1,1680,1050
1,2,7749,1779219911.44447,1,1680,1050
1,2,7750,1779219911.46529,1,1680,1050
1,2,7751,1779219911.48611,1,1680,1050
1,2,7752,1779219911.50693,1,1680,1050
1,2,7753,1779219911.52775,1,1680,1050
1,2,7754,1779219911.54856,1,1680,1050
1,2,7755,1779219911.56938,1,1680,1050
1,2,7756,1779219911.5902,1,1680,1050
1,2,7757,1779219911.61102,1,1680,1050
1,2,7758,1779219911.63184,1,1680,1050
1,2,7759,1779219911.65266,1,1680,1050
1,2,7760,1779219911.67348,1,1680,1050
1,2,7761,1779219911.6943,1,1680,1050
1,2,7762,1779219911.71512,1,1680,1050
1,2,7763,1779219911.73594,1,1680,1050
1,2,7764,1779219911.75676,1,1680,1050
1,2,7765,1779219911.77758,1,1680,1050
1,2,7766,1779219911.7984,1,1680,1050
1,2,7767,1779219911.81922,1,1680,1050
1,2,7768,1779219911.84004,1,1680,1050
1,2,7769,1779219911.86086,1,1680,1050
1,2,7770,1779219911.88168,1,1680,1050
1,2,7771,1779219911.9025,1,1680,1050
1,2,7772,1779219911.92332,1,1680,1050
1,2,7773,1779219911.94414,1,1680,1050
1,2,7774,1779219911.96495,1,1680,1050
1,2,7775,1779219911.98577,1,1680,1050
1,2,7776,1779219912.00659,1,1680,1050
1,2,7777,1779219912.02741,1,1680,1050
1,2,7778,1779219912.04823,1,1680,1050
1,2,7779,1779219912.06905,1,1680,1050
1,2,7780,1779219912.08987,1,1680,1050
1,2,7781,1779219912.11069,1,1680,1050
1,2,7782,1779219912.13151,1,1680,1050
1,2,7783,1779219912.15233,1,1680,1050
1,2,7784,1779219912.17315,1,1680,1050
1,2,7785,1779219912.19397,1,1680,1050
1,2,7786,1779219912.21479,1,1680,1050
1,2,7787,1779219912.23561,1,1680,1050
1,2,7788,1779219912.25643,1,1680,1050
1,2,7789,1779219912.27725,1,1680,1050
1,2,7790,1779219912.29807,1,1680,1050
1,2,7791,1779219912.31889,1,1680,1050
1,2,7792,1779219912.33971,1,1680,1050
1,2,7793,1779219912.36053,1,1680,1050
1,2,7794,1779219912.38134,1,1680,1050
1,2,7795,1779219912.40216,1,1680,1050
1,2,7796,1779219912.42298,1,1680,1050
1,2,7797,1779219912.4438,1,1680,1050
1,2,7798,1779219912.46462,1,1680,1050
1,2,7799,1779219912.48544,1,1680,1050
1,2,7800,1779219912.50626,1,1680,1050
1,2,7801,1779219912.52708,1,1680,1050
1,2,7802,1779219912.5479,2,1680,1050
1,2,7803,1779219912.56872,2,1680,1050
1,2,7804,1779219912.58954,2,1680,1050
1,2,7805,1779219912.61036,2,1680,1050
1,2,7806,1779219912.63118,2,1680,1050
1,2,7807,1779219912.652,2,1680,1050
1,2,7808,1779219912.67282,2,1680,1050
1,2,7809,1779219912.69364,2,1680,1050
1,2,7810,1779219912.71446,2,1680,1050
1,2,7811,1779219912.73528,2,1680,1050
1,2,7812,1779219912.7561,2,1680,1050
1,2,7813,1779219912.77692,2,1680,1050
1,2,7814,1779219912.79774,2,1680,1050
1,2,7815,1779219912.81855,2,1680,1050
1,2,7816,1779219912.83937,2,1680,1050
1,2,7817,1779219912.86019,2,1680,1050
1,2,7818,1779219912.88101,2,1680,1050
1,2,7819,1779219912.90183,2,1680,1050
1,2,7820,1779219912.92265,2,1680,1050
1,2,7821,1779219912.94347,2,1680,1050
1,2,7822,1779219912.96429,2,1680,1050
1,2,7823,1779219912.98511,2,1680,1050
1,2,7824,1779219913.00593,2,1680,1050
1,2,7825,1779219913.02675,2,1680,1050
1,2,7826,1779219913.04757,2,1680,1050
1,2,7827,1779219913.06839,2,1680,1050
1,2,7828,1779219913.08921,2,1680,1050
1,2,7829,1779219913.11003,2,1680,1050
1,2,7830,1779219913.13085,2,1680,1050
1,2,7831,1779219913.15167,2,1680,1050
1,2,7832,1779219913.17249,2,1680,1050
1,2,7833,1779219913.19331,2,1680,1050
1,2,7834,1779219913.21412,2,1680,1050
1,2,7835,1779219913.23494,2,1680,1050
1,2,7836,1779219913.25576,2,1680,1050
1,2,7837,1779219913.27658,2,1680,1050
1,2,7838,1779219913.2974,2,1680,1050
1,2,7839,1779219913.31822,2,1680,1050
1,2,7840,1779219913.33904,2,1680,1050
1,2,7841,1779219913.35986,2,1680,1050
1,2,7842,1779219913.38068,2,1680,1050
1,2,7843,1779219913.4015,2,1680,1050
1,2,7844,1779219913.42232,2,1680,1050
1,2,7845,1779219913.44314,2,1680,1050
1,2,7846,1779219913.46396,2,1680,1050
1,2,7847,1779219913.48478,2,1680,1050
1,2,7848,1779219913.5056,2,1680,1050
1,2,7849,1779219913.52642,2,1680,1050
1,2,7850,1779219913.54724,2,1680,1050
1,2,7851,1779219913.56806,2,1680,1050
1,2,7852,1779219913.58888,2,1680,1050
1,2,7853,1779219913.6097,2,1680,1050
1,2,7854,1779219913.63051,2,1680,1050
1,2,7855,1779219913.65133,2,1680,1050
1,2,7856,1779219913.67215,2,1680,1050
1,2,7857,1779219913.69297,2,1680,1050
1,2,7858,1779219913.71379,2,1680,1050
1,2,7859,1779219913.73461,2,1680,1050
1,2,7860,1779219913.75543,2,1680,1050
1,2,7861,1779219913.77625,2,1680,1050
1,2,7862,1779219913.79707,2,1680,1050
1,2,7863,1779219913.81789,2,1680,1050
1,2,7864,1779219913.83871,2,1680,1050
1,2,7865,1779219913.85953,2,1680,1050
1,2,7866,1779219913.88035,2,1680,1050
1,2,7867,1779219913.90117,2,1680,1050
1,2,7868,1779219913.92199,2,1680,1050
1,2,7869,1779219913.94281,2,1680,1050
1,2,7870,1779219913.96363,2,1680,1050
1,2,7871,1779219913.98445,2,1680,1050
1,2,7872,1779219914.00526,2,1680,1050
1,2,7873,1779219914.02609,2,1680,1050
1,2,7874,1779219914.04691,2,1680,1050
1,2,7875,1779219914.06772,2,1680,1050
1,2,7876,1779219914.08854,2,1680,1050
1,2,7877,1779219914.10937,2,1680,1050
1,2,7878,1779219914.13018,2,1680,1050
1,2,7879,1779219914.151,2,1680,1050
1,2,7880,1779219914.17182,2,1680,1050
1,2,7881,1779219914.19264,2,1680,1050
1,2,7882,1779219914.21346,2,1680,1050
1,2,7883,1779219914.23428,2,1680,1050
1,2,7884,1779219914.2551,2,1680,1050
1,2,7885,1779219914.27592,2,1680,1050
1,2,7886,1779219914.29674,2,1680,1050
1,2,7887,1779219914.31756,2,1680,1050
1,2,7888,1779219914.33838,2,1680,1050
1,2,7889,1779219914.3592,2,1680,1050
1,2,7890,1779219914.38002,2,1680,1050
1,2,7891,1779219914.40084,2,1680,1050
1,2,7892,1779219914.42166,2,1680,1050
1,2,7893,1779219914.44248,2,1680,1050
1,2,7894,1779219914.46329,2,1680,1050
1,2,7895,1779219914.48411,2,1680,1050
1,2,7896,1779219914.50493,2,1680,1050
1,2,7897,1779219914.52575,2,1680,1050
1,2,7898,1779219914.54657,2,1680,1050
1,2,7899,1779219914.56739,2,1680,1050
1,2,7900,1779219914.58821,2,1680,1050
1,2,7901,1779219914.60903,2,1680,1050
1,2,7902,1779219914.62985,2,1680,1050
1,2,7903,1779219914.65067,2,1680,1050
1,2,7904,1779219914.67149,2,1680,1050
1,2,7905,1779219914.69231,2,1680,1050
1,2,7906,1779219914.71313,2,1680,1050
1,2,7907,1779219914.73395,2,1680,1050
1,2,7908,1779219914.75477,2,1680,1050
1,2,7909,1779219914.77559,2,1680,1050
1,2,7910,1779219914.79641,2,1680,1050
1,2,7911,1779219914.81723,2,1680,1050
1,2,7912,1779219914.83805,2,1680,1050
1,2,7913,1779219914.85887,2,1680,1050
1,2,7914,1779219914.87968,2,1680,1050
1,2,7915,1779219914.9005,2,1680,1050
1,2,7916,1779219914.92132,2,1680,1050
1,2,7917,1779219914.94214,2,1680,1050
1,2,7918,1779219914.96296,2,1680,1050
1,2,7919,1779219914.98378,2,1680,1050
1,2,7920,1779219915.0046,2,1680,1050
1,2,7921,1779219915.02542,2,1680,1050
1,2,7922,1779219915.17116,-1,1680,1050
1,2,7923,1779219915.19198,-1,1680,1050
1,2,7924,1779219915.2128,-1,1680,1050
1,2,7925,1779219915.23362,-1,1680,1050
1,2,7926,1779219915.25444,-1,1680,1050
1,2,7927,1779219915.27526,-1,1680,1050
1,2,7928,1779219915.29608,-1,1680,1050
1,2,7929,1779219915.31689,-1,1680,1050
1,2,7930,1779219915.33771,-1,1680,1050
1,2,7931,1779219915.35853,-1,1680,1050
1,2,7932,1779219915.37935,-1,1680,1050
1,2,7933,1779219915.40017,-1,1680,1050
1,2,7934,1779219915.42099,-1,1680,1050
1,2,7935,1779219915.44181,-1,1680,1050
1,2,7936,1779219915.46263,-1,1680,1050
1,2,7937,1779219915.48345,-1,1680,1050
1,2,7938,1779219915.50427,-1,1680,1050
1,2,7939,1779219915.52509,-1,1680,1050
1,2,7940,1779219915.54591,-1,1680,1050
1,2,7941,1779219915.56673,-1,1680,1050
1,2,7942,1779219915.58755,-1,1680,1050
1,2,7943,1779219915.60837,-1,1680,1050
1,2,7944,1779219915.62919,-1,1680,1050
1,2,7945,1779219915.65001,-1,1680,1050
1,2,7946,1779219915.67083,-1,1680,1050
1,2,7947,1779219915.69165,-1,1680,1050
1,2,7948,1779219915.71247,-1,1680,1050
1,2,7949,1779219915.73328,-1,1680,1050
1,2,7950,1779219915.7541,-1,1680,1050
1,2,7951,1779219915.77492,-1,1680,1050
1,2,7952,1779219915.79574,-1,1680,1050
1,2,7953,1779219915.81656,-1,1680,1050
1,2,7954,1779219915.83738,-1,1680,1050
1,2,7955,1779219915.8582,-1,1680,1050
1,2,7956,1779219915.87902,-1,1680,1050
1,2,7957,1779219915.89984,-1,1680,1050
1,2,7958,1779219915.92066,-1,1680,1050
1,2,7959,1779219915.94148,-1,1680,1050
1,2,7960,1779219915.9623,-1,1680,1050
1,2,7961,1779219915.98312,-1,1680,1050
1,2,7962,1779219916.00394,-1,1680,1050
1,2,7963,1779219916.02476,-1,1680,1050
1,2,7964,1779219916.04558,-1,1680,1050
1,2,7965,1779219916.0664,-1,1680,1050
1,2,7966,1779219916.08722,-1,1680,1050
1,2,7967,1779219916.10804,-1,1680,1050
1,2,7968,1779219916.12886,-1,1680,1050
1,2,7969,1779219916.14968,-1,1680,1050
1,2,7970,1779219916.17049,-1,1680,1050
1,2,7971,1779219916.19131,-1,1680,1050
1,2,7972,1779219916.21213,-1,1680,1050
1,2,7973,1779219916.23295,-1,1680,1050
1,2,7974,1779219916.25377,-1,1680,1050
1,2,7975,1779219916.27459,-1,1680,1050
1,2,7976,1779219916.29541,-1,1680,1050
1,2,7977,1779219916.31623,-1,1680,1050
1,2,7978,1779219916.33705,-1,1680,1050
1,2,7979,1779219916.35787,-1,1680,1050
1,2,7980,1779219916.37869,-1,1680,1050
1,2,7981,1779219916.39951,-1,1680,1050
1,2,7982,1779219916.42033,-1,1680,1050
1,2,7983,1779219916.44115,-1,1680,1050
1,2,7984,1779219916.46197,-1,1680,1050
1,2,7985,1779219916.48279,-1,1680,1050
1,2,7986,1779219916.50361,-1,1680,1050
1,2,7987,1779219916.52443,-1,1680,1050
1,2,7988,1779219916.54525,-1,1680,1050
1,2,7989,1779219916.56607,-1,1680,1050
1,2,7990,1779219916.58688,-1,1680,1050
1,2,7991,1779219916.6077,-1,1680,1050
1,2,7992,1779219916.62852,-1,1680,1050
1,2,7993,1779219916.64934,-1,1680,1050
1,2,7994,1779219916.67016,-1,1680,1050
1,2,7995,1779219916.69098,-1,1680,1050
1,2,7996,1779219916.7118,-1,1680,1050
1,2,7997,1779219916.73262,-1,1680,1050
1,2,7998,1779219916.75344,-1,1680,1050
1,2,7999,1779219916.77426,-1,1680,1050
1,2,8000,1779219916.79508,-1,1680,1050
1,2,8001,1779219916.8159,-1,1680,1050
1,2,8002,1779219916.83672,-1,1680,1050
1,2,8003,1779219916.85754,-1,1680,1050
1,2,8004,1779219916.87836,-1,1680,1050
1,2,8005,1779219916.89918,-1,1680,1050
1,2,8006,1779219916.92,-1,1680,1050
1,2,8007,1779219916.94082,-1,1680,1050
1,2,8008,1779219916.96164,-1,1680,1050
1,2,8009,1779219916.98245,-1,1680,1050
1,2,8010,1779219917.00327,-1,1680,1050
1,2,8011,1779219917.02409,-1,1680,1050
1,2,8012,1779219917.04491,-1,1680,1050
1,2,8013,1779219917.06573,-1,1680,1050
1,2,8014,1779219917.08655,-1,1680,1050
1,2,8015,1779219917.10737,-1,1680,1050
1,2,8016,1779219917.12819,-1,1680,1050
1,2,8017,1779219917.14901,-1,1680,1050
1,2,8018,1779219917.16983,-1,1680,1050
1,2,8019,1779219917.19065,-1,1680,1050
1,2,8020,1779219917.21147,-1,1680,1050
1,2,8021,1779219917.23229,-1,1680,1050
1,2,8022,1779219917.25311,-1,1680,1050
1,2,8023,1779219917.27393,-1,1680,1050
1,2,8024,1779219917.29475,-1,1680,1050
1,2,8025,1779219917.31557,-1,1680,1050
1,2,8026,1779219917.33639,-1,1680,1050
1,2,8027,1779219917.35721,-1,1680,1050
1,2,8028,1779219917.37803,-1,1680,1050
1,2,8029,1779219917.39884,-1,1680,1050
1,2,8030,1779219917.41966,-1,1680,1050
1,2,8031,1779219917.44048,-1,1680,1050
1,2,8032,1779219917.4613,-1,1680,1050
1,2,8033,1779219917.48212,-1,1680,1050
1,2,8034,1779219917.50294,-1,1680,1050
1,2,8035,1779219917.52376,-1,1680,1050
1,2,8036,1779219917.54458,-1,1680,1050
1,2,8037,1779219917.5654,-1,1680,1050
1,2,8038,1779219917.58622,-1,1680,1050
1,2,8039,1779219917.60704,-1,1680,1050
1,2,8040,1779219917.62786,-1,1680,1050
1,2,8041,1779219917.64868,-1,1680,1050
1,2,8042,1779219917.6695,-1,1680,1050
1,2,8043,1779219917.69032,-1,1680,1050
1,2,8044,1779219917.71114,-1,1680,1050
1,2,8045,1779219917.73196,-1,1680,1050
1,2,8046,1779219917.75278,-1,1680,1050
1,2,8047,1779219917.7736,-1,1680,1050
1,2,8048,1779219917.79442,-1,1680,1050
1,2,8049,1779219917.81524,-1,1680,1050
1,2,8050,1779219917.83605,-1,1680,1050
1,2,8051,1779219917.85687,-1,1680,1050
1,2,8052,1779219917.87769,-1,1680,1050
1,2,8053,1779219917.89851,-1,1680,1050
1,2,8054,1779219917.91933,-1,1680,1050
1,2,8055,1779219917.94015,-1,1680,1050
1,2,8056,1779219917.96097,-1,1680,1050
1,2,8057,1779219917.98179,-1,1680,1050
1,2,8058,1779219918.00261,-1,1680,1050
1,2,8059,1779219918.02343,-1,1680,1050
1,2,8060,1779219918.04425,-1,1680,1050
1,2,8061,1779219918.06507,-1,1680,1050
1,2,8062,1779219918.08589,-1,1680,1050
1,2,8063,1779219918.10671,-1,1680,1050
1,2,8064,1779219918.12753,-1,1680,1050
1,2,8065,1779219918.14835,-1,1680,1050
1,2,8066,1779219918.16917,-1,1680,1050
1,2,8067,1779219918.18999,-1,1680,1050
1,2,8068,1779219918.21081,-1,1680,1050
1,2,8069,1779219918.23163,-1,1680,1050
1,2,8070,1779219918.25244,-1,1680,1050
1,2,8071,1779219918.27326,-1,1680,1050
1,2,8072,1779219918.29408,-1,1680,1050
1,2,8073,1779219918.3149,-1,1680,1050
1,2,8074,1779219918.33572,-1,1680,1050
1,2,8075,1779219918.35654,-1,1680,1050
1,2,8076,1779219918.37736,-1,1680,1050
1,2,8077,1779219918.39818,-1,1680,1050
1,2,8078,1779219918.419,-1,1680,1050
1,2,8079,1779219918.43982,-1,1680,1050
1,2,8080,1779219918.46064,-1,1680,1050
1,2,8081,1779219918.48146,-1,1680,1050
1,2,8082,1779219918.50228,-1,1680,1050
1,2,8083,1779219918.5231,-1,1680,1050
1,2,8084,1779219918.54392,-1,1680,1050
1,2,8085,1779219918.56474,-1,1680,1050
1,2,8086,1779219918.58556,-1,1680,1050
1,2,8087,1779219918.60638,-1,1680,1050
1,2,8088,1779219918.6272,-1,1680,1050
1,2,8089,1779219918.64802,-1,1680,1050
1,2,8090,1779219918.66883,-1,1680,1050
1,2,8091,1779219918.68965,-1,1680,1050
1,2,8092,1779219918.71047,-1,1680,1050
1,2,8093,1779219918.73129,-1,1680,1050
1,2,8094,1779219918.75211,-1,1680,1050
1,2,8095,1779219918.77293,-1,1680,1050
1,2,8096,1779219918.79375,-1,1680,1050
1,2,8097,1779219918.81457,-1,1680,1050
1,2,8098,1779219918.83539,-1,1680,1050
1,2,8099,1779219918.85621,-1,1680,1050
1,2,8100,1779219918.87703,-1,1680,1050
1,2,8101,1779219918.89785,-1,1680,1050
1,2,8102,1779219918.91867,1,1680,1050
1,2,8103,1779219918.93949,1,1680,1050
1,2,8104,1779219918.96031,1,1680,1050
1,2,8105,1779219918.98113,1,1680,1050
1,2,8106,1779219919.00195,1,1680,1050
1,2,8107,1779219919.02277,1,1680,1050
1,2,8108,1779219919.04359,1,1680,1050
1,2,8109,1779219919.06441,1,1680,1050
1,2,8110,1779219919.08522,1,1680,1050
1,2,8111,1779219919.10604,1,1680,1050
1,2,8112,1779219919.12686,1,1680,1050
1,2,8113,1779219919.14768,1,1680,1050
1,2,8114,1779219919.1685,1,1680,1050
1,2,8115,1779219919.18932,1,1680,1050
1,2,8116,1779219919.21014,1,1680,1050
1,2,8117,1779219919.23096,1,1680,1050
1,2,8118,1779219919.25178,1,1680,1050
1,2,8119,1779219919.2726,1,1680,1050
1,2,8120,1779219919.29342,1,1680,1050
1,2,8121,1779219919.31424,1,1680,1050
1,2,8122,1779219919.33506,1,1680,1050
1,2,8123,1779219919.35588,1,1680,1050
1,2,8124,1779219919.3767,1,1680,1050
1,2,8125,1779219919.39752,1,1680,1050
1,2,8126,1779219919.41834,1,1680,1050
1,2,8127,1779219919.43916,1,1680,1050
1,2,8128,1779219919.45998,1,1680,1050
1,2,8129,1779219919.4808,1,1680,1050
1,2,8130,1779219919.50162,1,1680,1050
1,2,8131,1779219919.52243,1,1680,1050
1,2,8132,1779219919.54325,1,1680,1050
1,2,8133,1779219919.56407,1,1680,1050
1,2,8134,1779219919.58489,1,1680,1050
1,2,8135,1779219919.60571,1,1680,1050
1,2,8136,1779219919.62653,1,1680,1050
1,2,8137,1779219919.64735,1,1680,1050
1,2,8138,1779219919.66817,1,1680,1050
1,2,8139,1779219919.68899,1,1680,1050
1,2,8140,1779219919.70981,1,1680,1050
1,2,8141,1779219919.73063,1,1680,1050
1,2,8142,1779219919.75145,1,1680,1050
1,2,8143,1779219919.77227,1,1680,1050
1,2,8144,1779219919.79309,1,1680,1050
1,2,8145,1779219919.81391,1,1680,1050
1,2,8146,1779219919.83473,1,1680,1050
1,2,8147,1779219919.85555,1,1680,1050
1,2,8148,1779219919.87637,1,1680,1050
1,2,8149,1779219919.89719,1,1680,1050
1,2,8150,1779219919.918,1,1680,1050
1,2,8151,1779219919.93882,1,1680,1050
1,2,8152,1779219919.95964,1,1680,1050
1,2,8153,1779219919.98046,1,1680,1050
1,2,8154,1779219920.00128,1,1680,1050
1,2,8155,1779219920.0221,1,1680,1050
1,2,8156,1779219920.04292,1,1680,1050
1,2,8157,1779219920.06374,1,1680,1050
1,2,8158,1779219920.08456,1,1680,1050
1,2,8159,1779219920.10538,1,1680,1050
1,2,8160,1779219920.1262,1,1680,1050
1,2,8161,1779219920.14702,1,1680,1050
1,2,8162,1779219920.16784,1,1680,1050
1,2,8163,1779219920.18866,1,1680,1050
1,2,8164,1779219920.20948,1,1680,1050
1,2,8165,1779219920.2303,1,1680,1050
1,2,8166,1779219920.25112,1,1680,1050
1,2,8167,1779219920.27194,1,1680,1050
1,2,8168,1779219920.29276,1,1680,1050
1,2,8169,1779219920.31358,1,1680,1050
1,2,8170,1779219920.3344,1,1680,1050
1,2,8171,1779219920.35521,1,1680,1050
1,2,8172,1779219920.37603,1,1680,1050
1,2,8173,1779219920.39685,1,1680,1050
1,2,8174,1779219920.41767,1,1680,1050
1,2,8175,1779219920.43849,1,1680,1050
1,2,8176,1779219920.45931,1,1680,1050
1,2,8177,1779219920.48013,1,1680,1050
1,2,8178,1779219920.50095,1,1680,1050
1,2,8179,1779219920.52177,1,1680,1050
1,2,8180,1779219920.54259,1,1680,1050
1,2,8181,1779219920.56341,1,1680,1050
1,2,8182,1779219920.58423,1,1680,1050
1,2,8183,1779219920.60505,1,1680,1050
1,2,8184,1779219920.62587,1,1680,1050
1,2,8185,1779219920.64669,1,1680,1050
1,2,8186,1779219920.66751,1,1680,1050
1,2,8187,1779219920.68833,1,1680,1050
1,2,8188,1779219920.70915,1,1680,1050
1,2,8189,1779219920.72997,1,1680,1050
1,2,8190,1779219920.75079,1,1680,1050
1,2,8191,1779219920.7716,1,1680,1050
1,2,8192,1779219920.79242,1,1680,1050
1,2,8193,1779219920.81324,1,1680,1050
1,2,8194,1779219920.83406,1,1680,1050
1,2,8195,1779219920.85488,1,1680,1050
1,2,8196,1779219920.8757,1,1680,1050
1,2,8197,1779219920.89652,1,1680,1050
1,2,8198,1779219920.91734,1,1680,1050
1,2,8199,1779219920.93816,1,1680,1050
1,2,8200,1779219920.95898,1,1680,1050
1,2,8201,1779219920.9798,1,1680,1050
1,2,8202,1779219921.00062,1,1680,1050
1,2,8203,1779219921.02144,1,1680,1050
1,2,8204,1779219921.04226,1,1680,1050
1,2,8205,1779219921.06308,1,1680,1050
1,2,8206,1779219921.0839,1,1680,1050
1,2,8207,1779219921.10472,1,1680,1050
1,2,8208,1779219921.12554,1,1680,1050
1,2,8209,1779219921.14636,1,1680,1050
1,2,8210,1779219921.16717,1,1680,1050
1,2,8211,1779219921.18799,1,1680,1050
1,2,8212,1779219921.20881,1,1680,1050
1,2,8213,1779219921.22963,1,1680,1050
1,2,8214,1779219921.25045,1,1680,1050
1,2,8215,1779219921.27127,1,1680,1050
1,2,8216,1779219921.29209,1,1680,1050
1,2,8217,1779219921.31291,1,1680,1050
1,2,8218,1779219921.33373,1,1680,1050
1,2,8219,1779219921.35455,1,1680,1050
1,2,8220,1779219921.37537,1,1680,1050
1,2,8221,1779219921.39619,1,1680,1050
1,2,8222,1779219921.41701,1,1680,1050
1,2,8223,1779219921.43783,1,1680,1050
1,2,8224,1779219921.45865,1,1680,1050
1,2,8225,1779219921.47947,1,1680,1050
1,2,8226,1779219921.50029,1,1680,1050
1,2,8227,1779219921.52111,1,1680,1050
1,2,8228,1779219921.54193,1,1680,1050
1,2,8229,1779219921.56275,1,1680,1050
1,2,8230,1779219921.58357,1,1680,1050
1,2,8231,1779219921.60439,1,1680,1050
1,2,8232,1779219921.6252,1,1680,1050
1,2,8233,1779219921.64602,1,1680,1050
1,2,8234,1779219921.66684,1,1680,1050
1,2,8235,1779219921.68766,1,1680,1050
1,2,8236,1779219921.70848,1,1680,1050
1,2,8237,1779219921.7293,1,1680,1050
1,2,8238,1779219921.75012,1,1680,1050
1,2,8239,1779219921.77094,1,1680,1050
1,2,8240,1779219921.79176,1,1680,1050
1,2,8241,1779219921.81258,1,1680,1050
1,2,8242,1779219921.8334,1,1680,1050
1,2,8243,1779219921.85422,1,1680,1050
1,2,8244,1779219921.87504,1,1680,1050
1,2,8245,1779219921.89586,1,1680,1050
1,2,8246,1779219921.91668,1,1680,1050
1,2,8247,1779219921.9375,1,1680,1050
1,2,8248,1779219921.95832,1,1680,1050
1,2,8249,1779219921.97914,1,1680,1050
1,2,8250,1779219921.99996,1,1680,1050
1,2,8251,1779219922.02078,1,1680,1050
1,2,8252,1779219922.04159,1,1680,1050
1,2,8253,1779219922.06241,1,1680,1050
1,2,8254,1779219922.08323,1,1680,1050
1,2,8255,1779219922.10405,1,1680,1050
1,2,8256,1779219922.12487,1,1680,1050
1,2,8257,1779219922.14569,1,1680,1050
1,2,8258,1779219922.16651,1,1680,1050
1,2,8259,1779219922.18733,1,1680,1050
1,2,8260,1779219922.20815,1,1680,1050
1,2,8261,1779219922.22897,1,1680,1050
1,2,8262,1779219922.24979,1,1680,1050
1,2,8263,1779219922.27061,1,1680,1050
1,2,8264,1779219922.29143,1,1680,1050
1,2,8265,1779219922.31225,1,1680,1050
1,2,8266,1779219922.33307,1,1680,1050
1,2,8267,1779219922.35389,1,1680,1050
1,2,8268,1779219922.37471,1,1680,1050
1,2,8269,1779219922.39553,1,1680,1050
1,2,8270,1779219922.41634,1,1680,1050
1,2,8271,1779219922.43717,1,1680,1050
1,2,8272,1779219922.45798,1,1680,1050
1,2,8273,1779219922.4788,1,1680,1050
1,2,8274,1779219922.49962,1,1680,1050
1,2,8275,1779219922.52044,1,1680,1050
1,2,8276,1779219922.54126,1,1680,1050
1,2,8277,1779219922.56208,1,1680,1050
1,2,8278,1779219922.5829,1,1680,1050
1,2,8279,1779219922.60372,1,1680,1050
1,2,8280,1779219922.62454,1,1680,1050
1,2,8281,1779219922.64536,1,1680,1050
1,2,8282,1779219922.66618,1,1680,1050
1,2,8283,1779219922.687,1,1680,1050
1,2,8284,1779219922.70782,1,1680,1050
1,2,8285,1779219922.72864,1,1680,1050
1,2,8286,1779219922.74946,1,1680,1050
1,2,8287,1779219922.77028,1,1680,1050
1,2,8288,1779219922.7911,1,1680,1050
1,2,8289,1779219922.81192,1,1680,1050
1,2,8290,1779219922.83274,1,1680,1050
1,2,8291,1779219922.85355,1,1680,1050
1,2,8292,1779219922.87437,1,1680,1050
1,2,8293,1779219922.89519,1,1680,1050
1,2,8294,1779219922.91601,1,1680,1050
1,2,8295,1779219922.93683,1,1680,1050
1,2,8296,1779219922.95765,1,1680,1050
1,2,8297,1779219922.97847,1,1680,1050
1,2,8298,1779219922.99929,1,1680,1050
1,2,8299,1779219923.02011,1,1680,1050
1,2,8300,1779219923.04093,1,1680,1050
1,2,8301,1779219923.06175,1,1680,1050
1,2,8302,1779219923.08257,1,1680,1050
1,2,8303,1779219923.10339,1,1680,1050
1,2,8304,1779219923.12421,1,1680,1050
1,2,8305,1779219923.14503,1,1680,1050
1,2,8306,1779219923.16585,1,1680,1050
1,2,8307,1779219923.18667,1,1680,1050
1,2,8308,1779219923.20749,1,1680,1050
1,2,8309,1779219923.22831,1,1680,1050
1,2,8310,1779219923.24913,1,1680,1050
1,2,8311,1779219923.26995,1,1680,1050
1,2,8312,1779219923.29076,1,1680,1050
1,2,8313,1779219923.31158,1,1680,1050
1,2,8314,1779219923.3324,1,1680,1050
1,2,8315,1779219923.35322,1,1680,1050
1,2,8316,1779219923.37404,1,1680,1050
1,2,8317,1779219923.39486,1,1680,1050
1,2,8318,1779219923.41568,1,1680,1050
1,2,8319,1779219923.4365,1,1680,1050
1,2,8320,1779219923.45732,1,1680,1050
1,2,8321,1779219923.47814,1,1680,1050
1,2,8322,1779219923.49896,1,1680,1050
1,2,8323,1779219923.51978,1,1680,1050
1,2,8324,1779219923.5406,1,1680,1050
1,2,8325,1779219923.56142,1,1680,1050
1,2,8326,1779219923.58224,1,1680,1050
1,2,8327,1779219923.60306,1,1680,1050
1,2,8328,1779219923.62388,1,1680,1050
1,2,8329,1779219923.6447,1,1680,1050
1,2,8330,1779219923.66552,1,1680,1050
1,2,8331,1779219923.68634,1,1680,1050
1,2,8332,1779219923.70715,1,1680,1050
1,2,8333,1779219923.72797,1,1680,1050
1,2,8334,1779219923.74879,1,1680,1050
1,2,8335,1779219923.76961,1,1680,1050
1,2,8336,1779219923.79043,1,1680,1050
1,2,8337,1779219923.81125,1,1680,1050
1,2,8338,1779219923.83207,1,1680,1050
1,2,8339,1779219923.85289,1,1680,1050
1,2,8340,1779219923.87371,1,1680,1050
1,2,8341,1779219923.89453,1,1680,1050
1,2,8342,1779219923.91535,2,1680,1050
1,2,8343,1779219923.93617,2,1680,1050
1,2,8344,1779219923.95699,2,1680,1050
1,2,8345,1779219923.97781,2,1680,1050
1,2,8346,1779219923.99863,2,1680,1050
1,2,8347,1779219924.01945,2,1680,1050
1,2,8348,1779219924.04027,2,1680,1050
1,2,8349,1779219924.06109,2,1680,1050
1,2,8350,1779219924.08191,2,1680,1050
1,2,8351,1779219924.10273,2,1680,1050
1,2,8352,1779219924.12354,2,1680,1050
1,2,8353,1779219924.14437,2,1680,1050
1,2,8354,1779219924.16518,2,1680,1050
1,2,8355,1779219924.186,2,1680,1050
1,2,8356,1779219924.20682,2,1680,1050
1,2,8357,1779219924.22764,2,1680,1050
1,2,8358,1779219924.24846,2,1680,1050
1,2,8359,1779219924.26928,2,1680,1050
1,2,8360,1779219924.2901,2,1680,1050
1,2,8361,1779219924.31092,2,1680,1050
1,2,8362,1779219924.33174,2,1680,1050
1,2,8363,1779219924.35256,2,1680,1050
1,2,8364,1779219924.37338,2,1680,1050
1,2,8365,1779219924.3942,2,1680,1050
1,2,8366,1779219924.41502,2,1680,1050
1,2,8367,1779219924.43584,2,1680,1050
1,2,8368,1779219924.45666,2,1680,1050
1,2,8369,1779219924.47748,2,1680,1050
1,2,8370,1779219924.4983,2,1680,1050
1,2,8371,1779219924.51912,2,1680,1050
1,2,8372,1779219924.53994,2,1680,1050
1,2,8373,1779219924.56075,2,1680,1050
1,2,8374,1779219924.58157,2,1680,1050
1,2,8375,1779219924.60239,2,1680,1050
1,2,8376,1779219924.62321,2,1680,1050
1,2,8377,1779219924.64403,2,1680,1050
1,2,8378,1779219924.66485,2,1680,1050
1,2,8379,1779219924.68567,2,1680,1050
1,2,8380,1779219924.70649,2,1680,1050
1,2,8381,1779219924.72731,2,1680,1050
1,2,8382,1779219924.74813,2,1680,1050
1,2,8383,1779219924.76895,2,1680,1050
1,2,8384,1779219924.78977,2,1680,1050
1,2,8385,1779219924.81059,2,1680,1050
1,2,8386,1779219924.83141,2,1680,1050
1,2,8387,1779219924.85223,2,1680,1050
1,2,8388,1779219924.87305,2,1680,1050
1,2,8389,1779219924.89387,2,1680,1050
1,2,8390,1779219924.91469,2,1680,1050
1,2,8391,1779219924.93551,2,1680,1050
1,2,8392,1779219924.95633,2,1680,1050
1,2,8393,1779219924.97714,2,1680,1050
1,2,8394,1779219924.99796,2,1680,1050
1,2,8395,1779219925.01878,2,1680,1050
1,2,8396,1779219925.0396,2,1680,1050
1,2,8397,1779219925.06042,2,1680,1050
1,2,8398,1779219925.08124,2,1680,1050
1,2,8399,1779219925.10206,2,1680,1050
1,2,8400,1779219925.12288,2,1680,1050
1,2,8401,1779219925.1437,2,1680,1050
1,2,8402,1779219925.16452,2,1680,1050
1,2,8403,1779219925.18534,2,1680,1050
1,2,8404,1779219925.20616,2,1680,1050
1,2,8405,1779219925.22698,2,1680,1050
1,2,8406,1779219925.2478,2,1680,1050
1,2,8407,1779219925.26862,2,1680,1050
1,2,8408,1779219925.28944,2,1680,1050
1,2,8409,1779219925.31026,2,1680,1050
1,2,8410,1779219925.33108,2,1680,1050
1,2,8411,1779219925.3519,2,1680,1050
1,2,8412,1779219925.37272,2,1680,1050
1,2,8413,1779219925.39353,2,1680,1050
1,2,8414,1779219925.41435,2,1680,1050
1,2,8415,1779219925.43517,2,1680,1050
1,2,8416,1779219925.45599,2,1680,1050
1,2,8417,1779219925.47681,2,1680,1050
1,2,8418,1779219925.49763,2,1680,1050
1,2,8419,1779219925.51845,2,1680,1050
1,2,8420,1779219925.53927,2,1680,1050
1,2,8421,1779219925.56009,2,1680,1050
1,2,8422,1779219925.58091,2,1680,1050
1,2,8423,1779219925.60173,2,1680,1050
1,2,8424,1779219925.62255,2,1680,1050
1,2,8425,1779219925.64337,2,1680,1050
1,2,8426,1779219925.66419,2,1680,1050
1,2,8427,1779219925.68501,2,1680,1050
1,2,8428,1779219925.70583,2,1680,1050
1,2,8429,1779219925.72665,2,1680,1050
1,2,8430,1779219925.74747,2,1680,1050
1,2,8431,1779219925.76828,2,1680,1050
1,2,8432,1779219925.78911,2,1680,1050
1,2,8433,1779219925.80992,2,1680,1050
1,2,8434,1779219925.83074,2,1680,1050
1,2,8435,1779219925.85156,2,1680,1050
1,2,8436,1779219925.87238,2,1680,1050
1,2,8437,1779219925.8932,2,1680,1050
1,2,8438,1779219925.91402,2,1680,1050
1,2,8439,1779219925.93484,2,1680,1050
1,2,8440,1779219925.95566,2,1680,1050
1,2,8441,1779219925.97648,2,1680,1050
1,2,8442,1779219925.9973,2,1680,1050
1,2,8443,1779219926.01812,2,1680,1050
1,2,8444,1779219926.03894,2,1680,1050
1,2,8445,1779219926.05976,2,1680,1050
1,2,8446,1779219926.08058,2,1680,1050
1,2,8447,1779219926.1014,2,1680,1050
1,2,8448,1779219926.12222,2,1680,1050
1,2,8449,1779219926.14304,2,1680,1050
1,2,8450,1779219926.16386,2,1680,1050
1,2,8451,1779219926.18468,2,1680,1050
1,2,8452,1779219926.2055,2,1680,1050
1,2,8453,1779219926.22632,2,1680,1050
1,2,8454,1779219926.24713,2,1680,1050
1,2,8455,1779219926.26795,2,1680,1050
1,2,8456,1779219926.28877,2,1680,1050
1,2,8457,1779219926.30959,2,1680,1050
1,2,8458,1779219926.33041,2,1680,1050
1,2,8459,1779219926.35123,2,1680,1050
1,2,8460,1779219926.37205,2,1680,1050
1,2,8461,1779219926.39288,2,1680,1050
1,2,8462,1779219926.41369,1,1680,1050
1,2,8463,1779219926.43451,1,1680,1050
1,2,8464,1779219926.45533,1,1680,1050
1,2,8465,1779219926.47615,1,1680,1050
1,2,8466,1779219926.49697,1,1680,1050
1,2,8467,1779219926.51779,1,1680,1050
1,2,8468,1779219926.53861,1,1680,1050
1,2,8469,1779219926.55943,1,1680,1050
1,2,8470,1779219926.58025,1,1680,1050
1,2,8471,1779219926.60107,1,1680,1050
1,2,8472,1779219926.62189,1,1680,1050
1,2,8473,1779219926.6427,1,1680,1050
1,2,8474,1779219926.66352,1,1680,1050
1,2,8475,1779219926.68434,1,1680,1050
1,2,8476,1779219926.70516,1,1680,1050
1,2,8477,1779219926.72598,1,1680,1050
1,2,8478,1779219926.7468,1,1680,1050
1,2,8479,1779219926.76762,1,1680,1050
1,2,8480,1779219926.78844,1,1680,1050
1,2,8481,1779219926.80926,1,1680,1050
1,2,8482,1779219926.83008,1,1680,1050
1,2,8483,1779219926.8509,1,1680,1050
1,2,8484,1779219926.87172,1,1680,1050
1,2,8485,1779219926.89254,1,1680,1050
1,2,8486,1779219926.91336,1,1680,1050
1,2,8487,1779219926.93418,1,1680,1050
1,2,8488,1779219926.955,1,1680,1050
1,2,8489,1779219926.97582,1,1680,1050
1,2,8490,1779219926.99664,1,1680,1050
1,2,8491,1779219927.01746,1,1680,1050
1,2,8492,1779219927.03827,1,1680,1050
1,2,8493,1779219927.05909,1,1680,1050
1,2,8494,1779219927.07991,1,1680,1050
1,2,8495,1779219927.10073,1,1680,1050
1,2,8496,1779219927.12155,1,1680,1050
1,2,8497,1779219927.14237,1,1680,1050
1,2,8498,1779219927.16319,1,1680,1050
1,2,8499,1779219927.18401,1,1680,1050
1,2,8500,1779219927.20483,1,1680,1050
1,2,8501,1779219927.22565,1,1680,1050
1,2,8502,1779219927.24647,1,1680,1050
1,2,8503,1779219927.26729,1,1680,1050
1,2,8504,1779219927.28811,1,1680,1050
1,2,8505,1779219927.30893,1,1680,1050
1,2,8506,1779219927.32975,1,1680,1050
1,2,8507,1779219927.35057,1,1680,1050
1,2,8508,1779219927.37139,1,1680,1050
1,2,8509,1779219927.39221,1,1680,1050
1,2,8510,1779219927.41303,1,1680,1050
1,2,8511,1779219927.43385,1,1680,1050
1,2,8512,1779219927.45467,1,1680,1050
1,2,8513,1779219927.47548,1,1680,1050
1,2,8514,1779219927.4963,1,1680,1050
1,2,8515,1779219927.51712,1,1680,1050
1,2,8516,1779219927.53794,1,1680,1050
1,2,8517,1779219927.55876,1,1680,1050
1,2,8518,1779219927.57958,1,1680,1050
1,2,8519,1779219927.6004,1,1680,1050
1,2,8520,1779219927.62122,1,1680,1050
1,2,8521,1779219927.64204,1,1680,1050
1,2,8522,1779219927.66286,1,1680,1050
1,2,8523,1779219927.68368,1,1680,1050
1,2,8524,1779219927.7045,1,1680,1050
1,2,8525,1779219927.72532,1,1680,1050
1,2,8526,1779219927.74614,1,1680,1050
1,2,8527,1779219927.76696,1,1680,1050
1,2,8528,1779219927.78778,1,1680,1050
1,2,8529,1779219927.8086,1,1680,1050
1,2,8530,1779219927.82942,1,1680,1050
1,2,8531,1779219927.85024,1,1680,1050
1,2,8532,1779219927.87106,1,1680,1050
1,2,8533,1779219927.89188,1,1680,1050
1,2,8534,1779219927.9127,1,1680,1050
1,2,8535,1779219927.93351,1,1680,1050
1,2,8536,1779219927.95433,1,1680,1050
1,2,8537,1779219927.97515,1,1680,1050
1,2,8538,1779219927.99597,1,1680,1050
1,2,8539,1779219928.01679,1,1680,1050
1,2,8540,1779219928.03762,1,1680,1050
1,2,8541,1779219928.05843,1,1680,1050
1,2,8542,1779219928.07925,1,1680,1050
1,2,8543,1779219928.10007,1,1680,1050
1,2,8544,1779219928.12089,1,1680,1050
1,2,8545,1779219928.14171,1,1680,1050
1,2,8546,1779219928.16253,1,1680,1050
1,2,8547,1779219928.18335,1,1680,1050
1,2,8548,1779219928.20417,1,1680,1050
1,2,8549,1779219928.22499,1,1680,1050
1,2,8550,1779219928.24581,1,1680,1050
1,2,8551,1779219928.26663,1,1680,1050
1,2,8552,1779219928.28745,1,1680,1050
1,2,8553,1779219928.30827,1,1680,1050
1,2,8554,1779219928.32908,1,1680,1050
1,2,8555,1779219928.3499,1,1680,1050
1,2,8556,1779219928.37072,1,1680,1050
1,2,8557,1779219928.39154,1,1680,1050
1,2,8558,1779219928.41236,1,1680,1050
1,2,8559,1779219928.43318,1,1680,1050
1,2,8560,1779219928.454,1,1680,1050
1,2,8561,1779219928.47482,1,1680,1050
1,2,8562,1779219928.49564,1,1680,1050
1,2,8563,1779219928.51646,1,1680,1050
1,2,8564,1779219928.53728,1,1680,1050
1,2,8565,1779219928.5581,1,1680,1050
1,2,8566,1779219928.57892,1,1680,1050
1,2,8567,1779219928.59974,1,1680,1050
1,2,8568,1779219928.62056,1,1680,1050
1,2,8569,1779219928.64138,1,1680,1050
1,2,8570,1779219928.6622,1,1680,1050
1,2,8571,1779219928.68302,1,1680,1050
1,2,8572,1779219928.70384,1,1680,1050
1,2,8573,1779219928.72466,1,1680,1050
1,2,8574,1779219928.74548,1,1680,1050
1,2,8575,1779219928.76629,1,1680,1050
1,2,8576,1779219928.78711,1,1680,1050
1,2,8577,1779219928.80793,1,1680,1050
1,2,8578,1779219928.82875,1,1680,1050
1,2,8579,1779219928.84957,1,1680,1050
1,2,8580,1779219928.87039,1,1680,1050
1,2,8581,1779219928.89121,1,1680,1050
1,2,8582,1779219928.91203,1,1680,1050
1,2,8583,1779219928.93285,1,1680,1050
1,2,8584,1779219928.95367,1,1680,1050
1,2,8585,1779219928.97449,1,1680,1050
1,2,8586,1779219928.99531,1,1680,1050
1,2,8587,1779219929.01613,1,1680,1050
1,2,8588,1779219929.03695,1,1680,1050
1,2,8589,1779219929.05777,1,1680,1050
1,2,8590,1779219929.07859,1,1680,1050
1,2,8591,1779219929.09941,1,1680,1050
1,2,8592,1779219929.12023,1,1680,1050
1,2,8593,1779219929.14105,1,1680,1050
1,2,8594,1779219929.16186,1,1680,1050
1,2,8595,1779219929.18268,1,1680,1050
1,2,8596,1779219929.2035,1,1680,1050
1,2,8597,1779219929.22432,1,1680,1050
1,2,8598,1779219929.24514,1,1680,1050
1,2,8599,1779219929.26596,1,1680,1050
1,2,8600,1779219929.28678,1,1680,1050
1,2,8601,1779219929.3076,1,1680,1050
1,2,8602,1779219929.32842,1,1680,1050
1,2,8603,1779219929.34924,1,1680,1050
1,2,8604,1779219929.37006,1,1680,1050
1,2,8605,1779219929.39088,1,1680,1050
1,2,8606,1779219929.4117,1,1680,1050
1,2,8607,1779219929.43252,1,1680,1050
1,2,8608,1779219929.45334,1,1680,1050
1,2,8609,1779219929.47416,1,1680,1050
1,2,8610,1779219929.49498,1,1680,1050
1,2,8611,1779219929.5158,1,1680,1050
1,2,8612,1779219929.53662,1,1680,1050
1,2,8613,1779219929.55743,1,1680,1050
1,2,8614,1779219929.57826,1,1680,1050
1,2,8615,1779219929.59907,1,1680,1050
1,2,8616,1779219929.61989,1,1680,1050
1,2,8617,1779219929.64071,1,1680,1050
1,2,8618,1779219929.66153,1,1680,1050
1,2,8619,1779219929.68235,1,1680,1050
1,2,8620,1779219929.70317,1,1680,1050
1,2,8621,1779219929.72399,1,1680,1050
1,2,8622,1779219929.74481,1,1680,1050
1,2,8623,1779219929.76563,1,1680,1050
1,2,8624,1779219929.78645,1,1680,1050
1,2,8625,1779219929.80727,1,1680,1050
1,2,8626,1779219929.82809,1,1680,1050
1,2,8627,1779219929.84891,1,1680,1050
1,2,8628,1779219929.86973,1,1680,1050
1,2,8629,1779219929.89055,1,1680,1050
1,2,8630,1779219929.91137,1,1680,1050
1,2,8631,1779219929.93219,1,1680,1050
1,2,8632,1779219929.95301,1,1680,1050
1,2,8633,1779219929.97383,1,1680,1050
1,2,8634,1779219929.99464,1,1680,1050
1,2,8635,1779219930.01546,1,1680,1050
1,2,8636,1779219930.03628,1,1680,1050
1,2,8637,1779219930.0571,1,1680,1050
1,2,8638,1779219930.07792,1,1680,1050
1,2,8639,1779219930.09874,1,1680,1050
1,2,8640,1779219930.11956,1,1680,1050
1,2,8641,1779219930.14038,1,1680,1050
1,2,8642,1779219930.1612,1,1680,1050
1,2,8643,1779219930.18202,1,1680,1050
1,2,8644,1779219930.20284,1,1680,1050
1,2,8645,1779219930.22366,1,1680,1050
1,2,8646,1779219930.24448,1,1680,1050
1,2,8647,1779219930.2653,1,1680,1050
1,2,8648,1779219930.28612,1,1680,1050
1,2,8649,1779219930.30694,1,1680,1050
1,2,8650,1779219930.32776,1,1680,1050
1,2,8651,1779219930.34858,1,1680,1050
1,2,8652,1779219930.3694,1,1680,1050
1,2,8653,1779219930.39022,1,1680,1050
1,2,8654,1779219930.41104,1,1680,1050
1,2,8655,1779219930.43185,1,1680,1050
1,2,8656,1779219930.45267,1,1680,1050
1,2,8657,1779219930.47349,1,1680,1050
1,2,8658,1779219930.49431,1,1680,1050
1,2,8659,1779219930.51513,1,1680,1050
1,2,8660,1779219930.53595,1,1680,1050
1,2,8661,1779219930.55677,1,1680,1050
1,2,8662,1779219930.57759,1,1680,1050
1,2,8663,1779219930.59841,1,1680,1050
1,2,8664,1779219930.61923,1,1680,1050
1,2,8665,1779219930.64005,1,1680,1050
1,2,8666,1779219930.66087,1,1680,1050
1,2,8667,1779219930.68169,1,1680,1050
1,2,8668,1779219930.70251,1,1680,1050
1,2,8669,1779219930.72333,1,1680,1050
1,2,8670,1779219930.74415,1,1680,1050
1,2,8671,1779219930.76497,1,1680,1050
1,2,8672,1779219930.78579,1,1680,1050
1,2,8673,1779219930.80661,1,1680,1050
1,2,8674,1779219930.82743,1,1680,1050
1,2,8675,1779219930.84824,1,1680,1050
1,2,8676,1779219930.86906,1,1680,1050
1,2,8677,1779219930.88988,1,1680,1050
1,2,8678,1779219930.9107,1,1680,1050
1,2,8679,1779219930.93152,1,1680,1050
1,2,8680,1779219930.95234,1,1680,1050
1,2,8681,1779219930.97316,1,1680,1050
1,2,8682,1779219930.99398,1,1680,1050
1,2,8683,1779219931.0148,1,1680,1050
1,2,8684,1779219931.03562,1,1680,1050
1,2,8685,1779219931.05644,1,1680,1050
1,2,8686,1779219931.07726,1,1680,1050
1,2,8687,1779219931.09808,1,1680,1050
1,2,8688,1779219931.1189,1,1680,1050
1,2,8689,1779219931.13972,1,1680,1050
1,2,8690,1779219931.16054,1,1680,1050
1,2,8691,1779219931.18136,1,1680,1050
1,2,8692,1779219931.20218,1,1680,1050
1,2,8693,1779219931.223,1,1680,1050
1,2,8694,1779219931.24382,1,1680,1050
1,2,8695,1779219931.26464,1,1680,1050
1,2,8696,1779219931.28545,1,1680,1050
1,2,8697,1779219931.30627,1,1680,1050
1,2,8698,1779219931.32709,1,1680,1050
1,2,8699,1779219931.34791,1,1680,1050
1,2,8700,1779219931.36873,1,1680,1050
1,2,8701,1779219931.38955,1,1680,1050
1,2,8702,1779219931.41037,2,1680,1050
1,2,8703,1779219931.43119,2,1680,1050
1,2,8704,1779219931.45201,2,1680,1050
1,2,8705,1779219931.47283,2,1680,1050
1,2,8706,1779219931.49365,2,1680,1050
1,2,8707,1779219931.51447,2,1680,1050
1,2,8708,1779219931.53529,2,1680,1050
1,2,8709,1779219931.55611,2,1680,1050
1,2,8710,1779219931.57693,2,1680,1050
1,2,8711,1779219931.59775,2,1680,1050
1,2,8712,1779219931.61857,2,1680,1050
1,2,8713,1779219931.63939,2,1680,1050
1,2,8714,1779219931.66021,2,1680,1050
1,2,8715,1779219931.68102,2,1680,1050
1,2,8716,1779219931.70185,2,1680,1050
1,2,8717,1779219931.72266,2,1680,1050
1,2,8718,1779219931.74348,2,1680,1050
1,2,8719,1779219931.7643,2,1680,1050
1,2,8720,1779219931.78512,2,1680,1050
1,2,8721,1779219931.80594,2,1680,1050
1,2,8722,1779219931.82676,2,1680,1050
1,2,8723,1779219931.84758,2,1680,1050
1,2,8724,1779219931.8684,2,1680,1050
1,2,8725,1779219931.88922,2,1680,1050
1,2,8726,1779219931.91004,2,1680,1050
1,2,8727,1779219931.93086,2,1680,1050
1,2,8728,1779219931.95168,2,1680,1050
1,2,8729,1779219931.9725,2,1680,1050
1,2,8730,1779219931.99332,2,1680,1050
1,2,8731,1779219932.01414,2,1680,1050
1,2,8732,1779219932.03496,2,1680,1050
1,2,8733,1779219932.05578,2,1680,1050
1,2,8734,1779219932.0766,2,1680,1050
1,2,8735,1779219932.09742,2,1680,1050
1,2,8736,1779219932.11823,2,1680,1050
1,2,8737,1779219932.13905,2,1680,1050
1,2,8738,1779219932.15987,2,1680,1050
1,2,8739,1779219932.18069,2,1680,1050
1,2,8740,1779219932.20151,2,1680,1050
1,2,8741,1779219932.22233,2,1680,1050
1,2,8742,1779219932.24315,2,1680,1050
1,2,8743,1779219932.26397,2,1680,1050
1,2,8744,1779219932.28479,2,1680,1050
1,2,8745,1779219932.30561,2,1680,1050
1,2,8746,1779219932.32643,2,1680,1050
1,2,8747,1779219932.34725,2,1680,1050
1,2,8748,1779219932.36807,2,1680,1050
1,2,8749,1779219932.38889,2,1680,1050
1,2,8750,1779219932.40971,2,1680,1050
1,2,8751,1779219932.43053,2,1680,1050
1,2,8752,1779219932.45135,2,1680,1050
1,2,8753,1779219932.47217,2,1680,1050
1,2,8754,1779219932.49299,2,1680,1050
1,2,8755,1779219932.51381,2,1680,1050
1,2,8756,1779219932.53462,2,1680,1050
1,2,8757,1779219932.55544,2,1680,1050
1,2,8758,1779219932.57626,2,1680,1050
1,2,8759,1779219932.59708,2,1680,1050
1,2,8760,1779219932.6179,2,1680,1050
1,2,8761,1779219932.63872,2,1680,1050
1,2,8762,1779219932.65954,2,1680,1050
1,2,8763,1779219932.68036,2,1680,1050
1,2,8764,1779219932.70118,2,1680,1050
1,2,8765,1779219932.722,2,1680,1050
1,2,8766,1779219932.74282,2,1680,1050
1,2,8767,1779219932.76364,2,1680,1050
1,2,8768,1779219932.78446,2,1680,1050
1,2,8769,1779219932.80528,2,1680,1050
1,2,8770,1779219932.8261,2,1680,1050
1,2,8771,1779219932.84692,2,1680,1050
1,2,8772,1779219932.86774,2,1680,1050
1,2,8773,1779219932.88856,2,1680,1050
1,2,8774,1779219932.90938,2,1680,1050
1,2,8775,1779219932.9302,2,1680,1050
1,2,8776,1779219932.95101,2,1680,1050
1,2,8777,1779219932.97183,2,1680,1050
1,2,8778,1779219932.99265,2,1680,1050
1,2,8779,1779219933.01347,2,1680,1050
1,2,8780,1779219933.03429,2,1680,1050
1,2,8781,1779219933.05511,2,1680,1050
1,2,8782,1779219933.07593,2,1680,1050
1,2,8783,1779219933.09675,2,1680,1050
1,2,8784,1779219933.11757,2,1680,1050
1,2,8785,1779219933.13839,2,1680,1050
1,2,8786,1779219933.15921,2,1680,1050
1,2,8787,1779219933.18003,2,1680,1050
1,2,8788,1779219933.20085,2,1680,1050
1,2,8789,1779219933.22167,2,1680,1050
1,2,8790,1779219933.24249,2,1680,1050
1,2,8791,1779219933.26331,2,1680,1050
1,2,8792,1779219933.28413,2,1680,1050
1,2,8793,1779219933.30494,2,1680,1050
1,2,8794,1779219933.32577,2,1680,1050
1,2,8795,1779219933.34658,2,1680,1050
1,2,8796,1779219933.3674,2,1680,1050
1,2,8797,1779219933.38822,2,1680,1050
1,2,8798,1779219933.40904,2,1680,1050
1,2,8799,1779219933.42986,2,1680,1050
1,2,8800,1779219933.45068,2,1680,1050
1,2,8801,1779219933.4715,2,1680,1050
1,2,8802,1779219933.49232,2,1680,1050
1,2,8803,1779219933.51314,2,1680,1050
1,2,8804,1779219933.53396,2,1680,1050
1,2,8805,1779219933.55478,2,1680,1050
1,2,8806,1779219933.5756,2,1680,1050
1,2,8807,1779219933.59642,2,1680,1050
1,2,8808,1779219933.61724,2,1680,1050
1,2,8809,1779219933.63806,2,1680,1050
1,2,8810,1779219933.65888,2,1680,1050
1,2,8811,1779219933.6797,2,1680,1050
1,2,8812,1779219933.70052,2,1680,1050
1,2,8813,1779219933.72134,2,1680,1050
1,2,8814,1779219933.74216,2,1680,1050
1,2,8815,1779219933.76298,2,1680,1050
1,2,8816,1779219933.78379,2,1680,1050
1,2,8817,1779219933.80461,2,1680,1050
1,2,8818,1779219933.82543,2,1680,1050
1,2,8819,1779219933.84625,2,1680,1050
1,2,8820,1779219933.86707,2,1680,1050
1,2,8821,1779219933.88789,2,1680,1050
1,2,8822,1779219934.07527,1,1680,1050
1,2,8823,1779219934.09609,1,1680,1050
1,2,8824,1779219934.11691,1,1680,1050
1,2,8825,1779219934.13773,1,1680,1050
1,2,8826,1779219934.15855,1,1680,1050
1,2,8827,1779219934.17937,1,1680,1050
1,2,8828,1779219934.20018,1,1680,1050
1,2,8829,1779219934.221,1,1680,1050
1,2,8830,1779219934.24182,1,1680,1050
1,2,8831,1779219934.26264,1,1680,1050
1,2,8832,1779219934.28346,1,1680,1050
1,2,8833,1779219934.30428,1,1680,1050
1,2,8834,1779219934.3251,1,1680,1050
1,2,8835,1779219934.34592,1,1680,1050
1,2,8836,1779219934.36674,1,1680,1050
1,2,8837,1779219934.38756,1,1680,1050
1,2,8838,1779219934.40838,1,1680,1050
1,2,8839,1779219934.4292,1,1680,1050
1,2,8840,1779219934.45002,1,1680,1050
1,2,8841,1779219934.47084,1,1680,1050
1,2,8842,1779219934.49166,1,1680,1050
1,2,8843,1779219934.51248,1,1680,1050
1,2,8844,1779219934.5333,1,1680,1050
1,2,8845,1779219934.55412,1,1680,1050
1,2,8846,1779219934.57493,1,1680,1050
1,2,8847,1779219934.59576,1,1680,1050
1,2,8848,1779219934.61658,1,1680,1050
1,2,8849,1779219934.63739,1,1680,1050
1,2,8850,1779219934.65821,1,1680,1050
1,2,8851,1779219934.67903,1,1680,1050
1,2,8852,1779219934.69985,1,1680,1050
1,2,8853,1779219934.72067,1,1680,1050
1,2,8854,1779219934.74149,1,1680,1050
1,2,8855,1779219934.76231,1,1680,1050
1,2,8856,1779219934.78313,1,1680,1050
1,2,8857,1779219934.80395,1,1680,1050
1,2,8858,1779219934.82477,1,1680,1050
1,2,8859,1779219934.84559,1,1680,1050
1,2,8860,1779219934.86641,1,1680,1050
1,2,8861,1779219934.88723,1,1680,1050
1,2,8862,1779219934.90805,1,1680,1050
1,2,8863,1779219934.92887,1,1680,1050
1,2,8864,1779219934.94969,1,1680,1050
1,2,8865,1779219934.97051,1,1680,1050
1,2,8866,1779219934.99133,1,1680,1050
1,2,8867,1779219935.01215,1,1680,1050
1,2,8868,1779219935.03297,1,1680,1050
1,2,8869,1779219935.05378,1,1680,1050
1,2,8870,1779219935.0746,1,1680,1050
1,2,8871,1779219935.09542,1,1680,1050
1,2,8872,1779219935.11624,1,1680,1050
1,2,8873,1779219935.13706,1,1680,1050
1,2,8874,1779219935.15788,1,1680,1050
1,2,8875,1779219935.1787,1,1680,1050
1,2,8876,1779219935.19952,1,1680,1050
1,2,8877,1779219935.22034,1,1680,1050
1,2,8878,1779219935.24116,1,1680,1050
1,2,8879,1779219935.26198,1,1680,1050
1,2,8880,1779219935.2828,1,1680,1050
1,2,8881,1779219935.30362,1,1680,1050
1,2,8882,1779219935.32444,1,1680,1050
1,2,8883,1779219935.34526,1,1680,1050
1,2,8884,1779219935.36608,1,1680,1050
1,2,8885,1779219935.3869,1,1680,1050
1,2,8886,1779219935.40772,1,1680,1050
1,2,8887,1779219935.42854,1,1680,1050
1,2,8888,1779219935.44935,1,1680,1050
1,2,8889,1779219935.47017,1,1680,1050
1,2,8890,1779219935.49099,1,1680,1050
1,2,8891,1779219935.51181,1,1680,1050
1,2,8892,1779219935.53263,1,1680,1050
1,2,8893,1779219935.55345,1,1680,1050
1,2,8894,1779219935.57427,1,1680,1050
1,2,8895,1779219935.59509,1,1680,1050
1,2,8896,1779219935.61591,1,1680,1050
1,2,8897,1779219935.63673,1,1680,1050
1,2,8898,1779219935.65755,1,1680,1050
1,2,8899,1779219935.67837,1,1680,1050
1,2,8900,1779219935.69919,1,1680,1050
1,2,8901,1779219935.72001,1,1680,1050
1,2,8902,1779219935.74083,1,1680,1050
1,2,8903,1779219935.76165,1,1680,1050
1,2,8904,1779219935.78247,1,1680,1050
1,2,8905,1779219935.80329,1,1680,1050
1,2,8906,1779219935.82411,1,1680,1050
1,2,8907,1779219935.84493,1,1680,1050
1,2,8908,1779219935.86575,1,1680,1050
1,2,8909,1779219935.88656,1,1680,1050
1,2,8910,1779219935.90738,1,1680,1050
1,2,8911,1779219935.9282,1,1680,1050
1,2,8912,1779219935.94902,1,1680,1050
1,2,8913,1779219935.96984,1,1680,1050
1,2,8914,1779219935.99066,1,1680,1050
1,2,8915,1779219936.01148,1,1680,1050
1,2,8916,1779219936.0323,1,1680,1050
1,2,8917,1779219936.05312,1,1680,1050
1,2,8918,1779219936.07394,1,1680,1050
1,2,8919,1779219936.09476,1,1680,1050
1,2,8920,1779219936.11558,1,1680,1050
1,2,8921,1779219936.1364,1,1680,1050
1,2,8922,1779219936.15722,1,1680,1050
1,2,8923,1779219936.17804,1,1680,1050
1,2,8924,1779219936.19886,1,1680,1050
1,2,8925,1779219936.21968,1,1680,1050
1,2,8926,1779219936.2405,1,1680,1050
1,2,8927,1779219936.26132,1,1680,1050
1,2,8928,1779219936.28214,1,1680,1050
1,2,8929,1779219936.30295,1,1680,1050
1,2,8930,1779219936.32377,1,1680,1050
1,2,8931,1779219936.34459,1,1680,1050
1,2,8932,1779219936.36541,1,1680,1050
1,2,8933,1779219936.38623,1,1680,1050
1,2,8934,1779219936.40705,1,1680,1050
1,2,8935,1779219936.42787,1,1680,1050
1,2,8936,1779219936.44869,1,1680,1050
1,2,8937,1779219936.46951,1,1680,1050
1,2,8938,1779219936.49033,1,1680,1050
1,2,8939,1779219936.51115,1,1680,1050
1,2,8940,1779219936.53197,1,1680,1050
1,2,8941,1779219936.55279,1,1680,1050
1,2,8942,1779219936.57361,1,1680,1050
1,2,8943,1779219936.59443,1,1680,1050
1,2,8944,1779219936.61525,1,1680,1050
1,2,8945,1779219936.63607,1,1680,1050
1,2,8946,1779219936.65689,1,1680,1050
1,2,8947,1779219936.67771,1,1680,1050
1,2,8948,1779219936.69853,1,1680,1050
1,2,8949,1779219936.71935,1,1680,1050
1,2,8950,1779219936.74016,1,1680,1050
1,2,8951,1779219936.76098,1,1680,1050
1,2,8952,1779219936.7818,1,1680,1050
1,2,8953,1779219936.80262,1,1680,1050
1,2,8954,1779219936.82344,1,1680,1050
1,2,8955,1779219936.84426,1,1680,1050
1,2,8956,1779219936.86508,1,1680,1050
1,2,8957,1779219936.8859,1,1680,1050
1,2,8958,1779219936.90672,1,1680,1050
1,2,8959,1779219936.92754,1,1680,1050
1,2,8960,1779219936.94836,1,1680,1050
1,2,8961,1779219936.96918,1,1680,1050
1,2,8962,1779219936.99,1,1680,1050
1,2,8963,1779219937.01082,1,1680,1050
1,2,8964,1779219937.03164,1,1680,1050
1,2,8965,1779219937.05246,1,1680,1050
1,2,8966,1779219937.07327,1,1680,1050
1,2,8967,1779219937.0941,1,1680,1050
1,2,8968,1779219937.11492,1,1680,1050
1,2,8969,1779219937.13573,1,1680,1050
1,2,8970,1779219937.15655,1,1680,1050
1,2,8971,1779219937.17737,1,1680,1050
1,2,8972,1779219937.19819,1,1680,1050
1,2,8973,1779219937.21901,1,1680,1050
1,2,8974,1779219937.23983,1,1680,1050
1,2,8975,1779219937.26065,1,1680,1050
1,2,8976,1779219937.28147,1,1680,1050
1,2,8977,1779219937.30229,1,1680,1050
1,2,8978,1779219937.32311,1,1680,1050
1,2,8979,1779219937.34393,1,1680,1050
1,2,8980,1779219937.36475,1,1680,1050
1,2,8981,1779219937.38557,1,1680,1050
1,2,8982,1779219937.40639,1,1680,1050
1,2,8983,1779219937.42721,1,1680,1050
1,2,8984,1779219937.44803,1,1680,1050
1,2,8985,1779219937.46885,1,1680,1050
1,2,8986,1779219937.48967,1,1680,1050
1,2,8987,1779219937.51049,1,1680,1050
1,2,8988,1779219937.53131,1,1680,1050
1,2,8989,1779219937.55213,1,1680,1050
1,2,8990,1779219937.57294,1,1680,1050
1,2,8991,1779219937.59376,1,1680,1050
1,2,8992,1779219937.61458,1,1680,1050
1,2,8993,1779219937.6354,1,1680,1050
1,2,8994,1779219937.65622,1,1680,1050
1,2,8995,1779219937.67704,1,1680,1050
1,2,8996,1779219937.69786,1,1680,1050
1,2,8997,1779219937.71868,1,1680,1050
1,2,8998,1779219937.7395,1,1680,1050
1,2,8999,1779219937.76032,1,1680,1050
1,2,9000,1779219937.78114,1,1680,1050
1,2,9001,1779219937.80196,1,1680,1050
1,2,9002,1779219937.82278,1,1680,1050
1,2,9003,1779219937.8436,1,1680,1050
1,2,9004,1779219937.86442,1,1680,1050
1,2,9005,1779219937.88524,1,1680,1050
1,2,9006,1779219937.90606,1,1680,1050
1,2,9007,1779219937.92688,1,1680,1050
1,2,9008,1779219937.9477,1,1680,1050
1,2,9009,1779219937.96851,1,1680,1050
1,2,9010,1779219937.98933,1,1680,1050
1,2,9011,1779219938.01015,1,1680,1050
1,2,9012,1779219938.03097,1,1680,1050
1,2,9013,1779219938.05179,1,1680,1050
1,2,9014,1779219938.07261,1,1680,1050
1,2,9015,1779219938.09343,1,1680,1050
1,2,9016,1779219938.11425,1,1680,1050
1,2,9017,1779219938.13507,1,1680,1050
1,2,9018,1779219938.15589,1,1680,1050
1,2,9019,1779219938.17671,1,1680,1050
1,2,9020,1779219938.19753,1,1680,1050
1,2,9021,1779219938.21835,1,1680,1050
1,2,9022,1779219938.23917,1,1680,1050
1,2,9023,1779219938.25999,1,1680,1050
1,2,9024,1779219938.28081,1,1680,1050
1,2,9025,1779219938.30163,1,1680,1050
1,2,9026,1779219938.32245,1,1680,1050
1,2,9027,1779219938.34326,1,1680,1050
1,2,9028,1779219938.36408,1,1680,1050
1,2,9029,1779219938.38491,1,1680,1050
1,2,9030,1779219938.40572,1,1680,1050
1,2,9031,1779219938.42655,1,1680,1050
1,2,9032,1779219938.44736,1,1680,1050
1,2,9033,1779219938.46818,1,1680,1050
1,2,9034,1779219938.489,1,1680,1050
1,2,9035,1779219938.50982,1,1680,1050
1,2,9036,1779219938.53064,1,1680,1050
1,2,9037,1779219938.55146,1,1680,1050
1,2,9038,1779219938.57228,1,1680,1050
1,2,9039,1779219938.5931,1,1680,1050
1,2,9040,1779219938.61392,1,1680,1050
1,2,9041,1779219938.63474,1,1680,1050
1,2,9042,1779219938.65556,1,1680,1050
1,2,9043,1779219938.67638,1,1680,1050
1,2,9044,1779219938.6972,1,1680,1050
1,2,9045,1779219938.71802,1,1680,1050
1,2,9046,1779219938.73884,1,1680,1050
1,2,9047,1779219938.75966,1,1680,1050
1,2,9048,1779219938.78048,1,1680,1050
1,2,9049,1779219938.80129,1,1680,1050
1,2,9050,1779219938.82211,1,1680,1050
1,2,9051,1779219938.84293,1,1680,1050
1,2,9052,1779219938.86375,1,1680,1050
1,2,9053,1779219938.88457,1,1680,1050
1,2,9054,1779219938.90539,1,1680,1050
1,2,9055,1779219938.92621,1,1680,1050
1,2,9056,1779219938.94703,1,1680,1050
1,2,9057,1779219938.96785,1,1680,1050
1,2,9058,1779219938.98867,1,1680,1050
1,2,9059,1779219939.00949,1,1680,1050
1,2,9060,1779219939.03031,1,1680,1050
1,2,9061,1779219939.05113,1,1680,1050
1,2,9062,1779219939.07195,2,1680,1050
1,2,9063,1779219939.09277,2,1680,1050
1,2,9064,1779219939.11359,2,1680,1050
1,2,9065,1779219939.13441,2,1680,1050
1,2,9066,1779219939.15523,2,1680,1050
1,2,9067,1779219939.17605,2,1680,1050
1,2,9068,1779219939.19687,2,1680,1050
1,2,9069,1779219939.21768,2,1680,1050
1,2,9070,1779219939.2385,2,1680,1050
1,2,9071,1779219939.25932,2,1680,1050
1,2,9072,1779219939.28014,2,1680,1050
1,2,9073,1779219939.30096,2,1680,1050
1,2,9074,1779219939.32178,2,1680,1050
1,2,9075,1779219939.3426,2,1680,1050
1,2,9076,1779219939.36342,2,1680,1050
1,2,9077,1779219939.38424,2,1680,1050
1,2,9078,1779219939.40506,2,1680,1050
1,2,9079,1779219939.42588,2,1680,1050
1,2,9080,1779219939.4467,2,1680,1050
1,2,9081,1779219939.46752,2,1680,1050
1,2,9082,1779219939.48834,2,1680,1050
1,2,9083,1779219939.50916,2,1680,1050
1,2,9084,1779219939.52998,2,1680,1050
1,2,9085,1779219939.5508,2,1680,1050
1,2,9086,1779219939.57162,2,1680,1050
1,2,9087,1779219939.59244,2,1680,1050
1,2,9088,1779219939.61326,2,1680,1050
1,2,9089,1779219939.63408,2,1680,1050
1,2,9090,1779219939.65489,2,1680,1050
1,2,9091,1779219939.67571,2,1680,1050
1,2,9092,1779219939.69653,2,1680,1050
1,2,9093,1779219939.71736,2,1680,1050
1,2,9094,1779219939.73817,2,1680,1050
1,2,9095,1779219939.75899,2,1680,1050
1,2,9096,1779219939.77981,2,1680,1050
1,2,9097,1779219939.80063,2,1680,1050
1,2,9098,1779219939.82145,2,1680,1050
1,2,9099,1779219939.84227,2,1680,1050
1,2,9100,1779219939.86309,2,1680,1050
1,2,9101,1779219939.88391,2,1680,1050
1,2,9102,1779219939.90473,2,1680,1050
1,2,9103,1779219939.92555,2,1680,1050
1,2,9104,1779219939.94637,2,1680,1050
1,2,9105,1779219939.96719,2,1680,1050
1,2,9106,1779219939.98801,2,1680,1050
1,2,9107,1779219940.00883,2,1680,1050
1,2,9108,1779219940.02965,2,1680,1050
1,2,9109,1779219940.05047,2,1680,1050
1,2,9110,1779219940.07129,2,1680,1050
1,2,9111,1779219940.0921,2,1680,1050
1,2,9112,1779219940.11292,2,1680,1050
1,2,9113,1779219940.13374,2,1680,1050
1,2,9114,1779219940.15456,2,1680,1050
1,2,9115,1779219940.17538,2,1680,1050
1,2,9116,1779219940.1962,2,1680,1050
1,2,9117,1779219940.21702,2,1680,1050
1,2,9118,1779219940.23784,2,1680,1050
1,2,9119,1779219940.25866,2,1680,1050
1,2,9120,1779219940.27948,2,1680,1050
1,2,9121,1779219940.3003,2,1680,1050
1,2,9122,1779219940.32112,2,1680,1050
1,2,9123,1779219940.34194,2,1680,1050
1,2,9124,1779219940.36276,2,1680,1050
1,2,9125,1779219940.38358,2,1680,1050
1,2,9126,1779219940.4044,2,1680,1050
1,2,9127,1779219940.42522,2,1680,1050
1,2,9128,1779219940.44604,2,1680,1050
1,2,9129,1779219940.46686,2,1680,1050
1,2,9130,1779219940.48768,2,1680,1050
1,2,9131,1779219940.50849,2,1680,1050
1,2,9132,1779219940.52931,2,1680,1050
1,2,9133,1779219940.55013,2,1680,1050
1,2,9134,1779219940.57095,2,1680,1050
1,2,9135,1779219940.59177,2,1680,1050
1,2,9136,1779219940.61259,2,1680,1050
1,2,9137,1779219940.63341,2,1680,1050
1,2,9138,1779219940.65423,2,1680,1050
1,2,9139,1779219940.67505,2,1680,1050
1,2,9140,1779219940.69587,2,1680,1050
1,2,9141,1779219940.71669,2,1680,1050
1,2,9142,1779219940.73751,2,1680,1050
1,2,9143,1779219940.75833,2,1680,1050
1,2,9144,1779219940.77915,2,1680,1050
1,2,9145,1779219940.79997,2,1680,1050
1,2,9146,1779219940.82079,2,1680,1050
1,2,9147,1779219940.84161,2,1680,1050
1,2,9148,1779219940.86243,2,1680,1050
1,2,9149,1779219940.88324,2,1680,1050
1,2,9150,1779219940.90406,2,1680,1050
1,2,9151,1779219940.92488,2,1680,1050
1,2,9152,1779219940.9457,2,1680,1050
1,2,9153,1779219940.96652,2,1680,1050
1,2,9154,1779219940.98734,2,1680,1050
1,2,9155,1779219941.00816,2,1680,1050
1,2,9156,1779219941.02898,2,1680,1050
1,2,9157,1779219941.0498,2,1680,1050
1,2,9158,1779219941.07062,2,1680,1050
1,2,9159,1779219941.09144,2,1680,1050
1,2,9160,1779219941.11226,2,1680,1050
1,2,9161,1779219941.13308,2,1680,1050
1,2,9162,1779219941.1539,2,1680,1050
1,2,9163,1779219941.17472,2,1680,1050
1,2,9164,1779219941.19554,2,1680,1050
1,2,9165,1779219941.21636,2,1680,1050
1,2,9166,1779219941.23718,2,1680,1050
1,2,9167,1779219941.258,2,1680,1050
1,2,9168,1779219941.27882,2,1680,1050
1,2,9169,1779219941.29964,2,1680,1050
1,2,9170,1779219941.32045,2,1680,1050
1,2,9171,1779219941.34127,2,1680,1050
1,2,9172,1779219941.36209,2,1680,1050
1,2,9173,1779219941.38291,2,1680,1050
1,2,9174,1779219941.40373,2,1680,1050
1,2,9175,1779219941.42455,2,1680,1050
1,2,9176,1779219941.44537,2,1680,1050
1,2,9177,1779219941.46619,2,1680,1050
1,2,9178,1779219941.48701,2,1680,1050
1,2,9179,1779219941.50783,2,1680,1050
1,2,9180,1779219941.52865,2,1680,1050
1,2,9181,1779219941.54947,2,1680,1050
1,2,9182,1779219941.57029,2,1680,1050
1,2,9183,1779219941.59111,2,1680,1050
1,2,9184,1779219941.61193,2,1680,1050
1,2,9185,1779219941.63275,2,1680,1050
1,2,9186,1779219941.65357,2,1680,1050
1,2,9187,1779219941.67439,2,1680,1050
1,2,9188,1779219941.69521,2,1680,1050
1,2,9189,1779219941.71603,2,1680,1050
1,2,9190,1779219941.73685,2,1680,1050
1,2,9191,1779219941.75766,2,1680,1050
1,2,9192,1779219941.77848,2,1680,1050
1,2,9193,1779219941.7993,2,1680,1050
1,2,9194,1779219941.82012,2,1680,1050
1,2,9195,1779219941.84094,2,1680,1050
1,2,9196,1779219941.86176,2,1680,1050
1,2,9197,1779219941.88258,2,1680,1050
1,2,9198,1779219941.9034,2,1680,1050
1,2,9199,1779219941.92422,2,1680,1050
1,2,9200,1779219941.94504,2,1680,1050
1,2,9201,1779219941.96586,2,1680,1050
1,2,9202,1779219941.98668,2,1680,1050
1,2,9203,1779219942.0075,2,1680,1050
1,2,9204,1779219942.02832,2,1680,1050
1,2,9205,1779219942.04914,2,1680,1050
1,2,9206,1779219942.06996,2,1680,1050
1,2,9207,1779219942.09078,2,1680,1050
1,2,9208,1779219942.1116,2,1680,1050
1,2,9209,1779219942.13242,2,1680,1050
1,2,9210,1779219942.15324,2,1680,1050
1,2,9211,1779219942.17405,2,1680,1050
1,2,9212,1779219942.19488,2,1680,1050
1,2,9213,1779219942.21569,2,1680,1050
1,2,9214,1779219942.23651,2,1680,1050
1,2,9215,1779219942.25733,2,1680,1050
1,2,9216,1779219942.27815,2,1680,1050
1,2,9217,1779219942.29897,2,1680,1050
1,2,9218,1779219942.31979,2,1680,1050
1,2,9219,1779219942.34061,2,1680,1050
1,2,9220,1779219942.36143,2,1680,1050
1,2,9221,1779219942.38225,2,1680,1050
1,2,9222,1779219942.40307,2,1680,1050
1,2,9223,1779219942.42389,2,1680,1050
1,2,9224,1779219942.44471,2,1680,1050
1,2,9225,1779219942.46553,2,1680,1050
1,2,9226,1779219942.48635,2,1680,1050
1,2,9227,1779219942.50717,2,1680,1050
1,2,9228,1779219942.52799,2,1680,1050
1,2,9229,1779219942.54881,2,1680,1050
1,2,9230,1779219942.56963,2,1680,1050
1,2,9231,1779219942.59044,2,1680,1050
1,2,9232,1779219942.61126,2,1680,1050
1,2,9233,1779219942.63208,2,1680,1050
1,2,9234,1779219942.6529,2,1680,1050
1,2,9235,1779219942.67372,2,1680,1050
1,2,9236,1779219942.69454,2,1680,1050
1,2,9237,1779219942.71536,2,1680,1050
1,2,9238,1779219942.73618,2,1680,1050
1,2,9239,1779219942.757,2,1680,1050
1,2,9240,1779219942.77782,2,1680,1050
1,2,9241,1779219942.79864,2,1680,1050
1,2,9242,1779219942.81946,2,1680,1050
1,2,9243,1779219942.84028,2,1680,1050
1,2,9244,1779219942.8611,2,1680,1050
1,2,9245,1779219942.88192,2,1680,1050
1,2,9246,1779219942.90274,2,1680,1050
1,2,9247,1779219942.92356,2,1680,1050
1,2,9248,1779219942.94438,2,1680,1050
1,2,9249,1779219942.9652,2,1680,1050
1,2,9250,1779219942.98602,2,1680,1050
1,2,9251,1779219943.00683,2,1680,1050
1,2,9252,1779219943.02765,2,1680,1050
1,2,9253,1779219943.04847,2,1680,1050
1,2,9254,1779219943.06929,2,1680,1050
1,2,9255,1779219943.09011,2,1680,1050
1,2,9256,1779219943.11093,2,1680,1050
1,2,9257,1779219943.13175,2,1680,1050
1,2,9258,1779219943.15257,2,1680,1050
1,2,9259,1779219943.17339,2,1680,1050
1,2,9260,1779219943.19421,2,1680,1050
1,2,9261,1779219943.21503,2,1680,1050
1,2,9262,1779219943.23585,2,1680,1050
1,2,9263,1779219943.25667,2,1680,1050
1,2,9264,1779219943.27749,2,1680,1050
1,2,9265,1779219943.29831,2,1680,1050
1,2,9266,1779219943.31913,2,1680,1050
1,2,9267,1779219943.33995,2,1680,1050
1,2,9268,1779219943.36077,2,1680,1050
1,2,9269,1779219943.38159,2,1680,1050
1,2,9270,1779219943.40241,2,1680,1050
1,2,9271,1779219943.42323,2,1680,1050
1,2,9272,1779219943.44404,2,1680,1050
1,2,9273,1779219943.46486,2,1680,1050
1,2,9274,1779219943.48568,2,1680,1050
1,2,9275,1779219943.5065,2,1680,1050
1,2,9276,1779219943.52732,2,1680,1050
1,2,9277,1779219943.54814,2,1680,1050
1,2,9278,1779219943.56896,2,1680,1050
1,2,9279,1779219943.58978,2,1680,1050
1,2,9280,1779219943.6106,2,1680,1050
1,2,9281,1779219943.63142,2,1680,1050
1,2,9282,1779219943.65224,2,1680,1050
1,2,9283,1779219943.67306,2,1680,1050
1,2,9284,1779219943.69388,2,1680,1050
1,2,9285,1779219943.7147,2,1680,1050
1,2,9286,1779219943.73552,2,1680,1050
1,2,9287,1779219943.75634,2,1680,1050
1,2,9288,1779219943.77716,2,1680,1050
1,2,9289,1779219943.79798,2,1680,1050
1,2,9290,1779219943.8188,2,1680,1050
1,2,9291,1779219943.83962,2,1680,1050
1,2,9292,1779219943.86043,2,1680,1050
1,2,9293,1779219943.88125,2,1680,1050
1,2,9294,1779219943.90207,2,1680,1050
1,2,9295,1779219943.92289,2,1680,1050
1,2,9296,1779219943.94371,2,1680,1050
1,2,9297,1779219943.96453,2,1680,1050
1,2,9298,1779219943.98535,2,1680,1050
1,2,9299,1779219944.00617,2,1680,1050
1,2,9300,1779219944.02699,2,1680,1050
1,2,9301,1779219944.04781,2,1680,1050
1,2,9302,1779219944.06863,1,1680,1050
1,2,9303,1779219944.08945,1,1680,1050
1,2,9304,1779219944.11027,1,1680,1050
1,2,9305,1779219944.13109,1,1680,1050
1,2,9306,1779219944.15191,1,1680,1050
1,2,9307,1779219944.17273,1,1680,1050
1,2,9308,1779219944.19355,1,1680,1050
1,2,9309,1779219944.21437,1,1680,1050
1,2,9310,1779219944.23519,1,1680,1050
1,2,9311,1779219944.25601,1,1680,1050
1,2,9312,1779219944.27682,1,1680,1050
1,2,9313,1779219944.29764,1,1680,1050
1,2,9314,1779219944.31846,1,1680,1050
1,2,9315,1779219944.33928,1,1680,1050
1,2,9316,1779219944.3601,1,1680,1050
1,2,9317,1779219944.38092,1,1680,1050
1,2,9318,1779219944.40174,1,1680,1050
1,2,9319,1779219944.42256,1,1680,1050
1,2,9320,1779219944.44338,1,1680,1050
1,2,9321,1779219944.4642,1,1680,1050
1,2,9322,1779219944.48502,1,1680,1050
1,2,9323,1779219944.50584,1,1680,1050
1,2,9324,1779219944.52666,1,1680,1050
1,2,9325,1779219944.54748,1,1680,1050
1,2,9326,1779219944.5683,1,1680,1050
1,2,9327,1779219944.58912,1,1680,1050
1,2,9328,1779219944.60994,1,1680,1050
1,2,9329,1779219944.63076,1,1680,1050
1,2,9330,1779219944.65158,1,1680,1050
1,2,9331,1779219944.6724,1,1680,1050
1,2,9332,1779219944.69321,1,1680,1050
1,2,9333,1779219944.71403,1,1680,1050
1,2,9334,1779219944.73485,1,1680,1050
1,2,9335,1779219944.75567,1,1680,1050
1,2,9336,1779219944.77649,1,1680,1050
1,2,9337,1779219944.79731,1,1680,1050
1,2,9338,1779219944.81813,1,1680,1050
1,2,9339,1779219944.83895,1,1680,1050
1,2,9340,1779219944.85977,1,1680,1050
1,2,9341,1779219944.88059,1,1680,1050
1,2,9342,1779219944.90141,1,1680,1050
1,2,9343,1779219944.92223,1,1680,1050
1,2,9344,1779219944.94305,1,1680,1050
1,2,9345,1779219944.96387,1,1680,1050
1,2,9346,1779219944.98469,1,1680,1050
1,2,9347,1779219945.00551,1,1680,1050
1,2,9348,1779219945.02633,1,1680,1050
1,2,9349,1779219945.04715,1,1680,1050
1,2,9350,1779219945.06797,1,1680,1050
1,2,9351,1779219945.08879,1,1680,1050
1,2,9352,1779219945.1096,1,1680,1050
1,2,9353,1779219945.13042,1,1680,1050
1,2,9354,1779219945.15124,1,1680,1050
1,2,9355,1779219945.17206,1,1680,1050
1,2,9356,1779219945.19289,1,1680,1050
1,2,9357,1779219945.2137,1,1680,1050
1,2,9358,1779219945.23452,1,1680,1050
1,2,9359,1779219945.25534,1,1680,1050
1,2,9360,1779219945.27616,1,1680,1050
1,2,9361,1779219945.29698,1,1680,1050
1,2,9362,1779219945.3178,1,1680,1050
1,2,9363,1779219945.33862,1,1680,1050
1,2,9364,1779219945.35944,1,1680,1050
1,2,9365,1779219945.38026,1,1680,1050
1,2,9366,1779219945.40108,1,1680,1050
1,2,9367,1779219945.42188,1,1680,1050
1,2,9368,1779219945.44272,1,1680,1050
1,2,9369,1779219945.46354,1,1680,1050
1,2,9370,1779219945.48436,1,1680,1050
1,2,9371,1779219945.50518,1,1680,1050
1,2,9372,1779219945.52599,1,1680,1050
1,2,9373,1779219945.54681,1,1680,1050
1,2,9374,1779219945.56763,1,1680,1050
1,2,9375,1779219945.58845,1,1680,1050
1,2,9376,1779219945.60927,1,1680,1050
1,2,9377,1779219945.63009,1,1680,1050
1,2,9378,1779219945.65091,1,1680,1050
1,2,9379,1779219945.67173,1,1680,1050
1,2,9380,1779219945.69255,1,1680,1050
1,2,9381,1779219945.71337,1,1680,1050
1,2,9382,1779219945.73419,1,1680,1050
1,2,9383,1779219945.75501,1,1680,1050
1,2,9384,1779219945.77583,1,1680,1050
1,2,9385,1779219945.79665,1,1680,1050
1,2,9386,1779219945.81747,1,1680,1050
1,2,9387,1779219945.83829,1,1680,1050
1,2,9388,1779219945.85911,1,1680,1050
1,2,9389,1779219945.87993,1,1680,1050
1,2,9390,1779219945.90075,1,1680,1050
1,2,9391,1779219945.92157,1,1680,1050
1,2,9392,1779219945.94238,1,1680,1050
1,2,9393,1779219945.9632,1,1680,1050
1,2,9394,1779219945.98402,1,1680,1050
1,2,9395,1779219946.00484,1,1680,1050
1,2,9396,1779219946.02566,1,1680,1050
1,2,9397,1779219946.04648,1,1680,1050
1,2,9398,1779219946.0673,1,1680,1050
1,2,9399,1779219946.08812,1,1680,1050
1,2,9400,1779219946.10894,1,1680,1050
1,2,9401,1779219946.12976,1,1680,1050
1,2,9402,1779219946.15058,1,1680,1050
1,2,9403,1779219946.1714,1,1680,1050
1,2,9404,1779219946.19222,1,1680,1050
1,2,9405,1779219946.21304,1,1680,1050
1,2,9406,1779219946.23386,1,1680,1050
1,2,9407,1779219946.25468,1,1680,1050
1,2,9408,1779219946.2755,1,1680,1050
1,2,9409,1779219946.29632,1,1680,1050
1,2,9410,1779219946.31714,1,1680,1050
1,2,9411,1779219946.33795,1,1680,1050
1,2,9412,1779219946.35877,1,1680,1050
1,2,9413,1779219946.37959,1,1680,1050
1,2,9414,1779219946.40041,1,1680,1050
1,2,9415,1779219946.42123,1,1680,1050
1,2,9416,1779219946.44205,1,1680,1050
1,2,9417,1779219946.46287,1,1680,1050
1,2,9418,1779219946.48369,1,1680,1050
1,2,9419,1779219946.50451,1,1680,1050
1,2,9420,1779219946.52533,1,1680,1050
1,2,9421,1779219946.54615,1,1680,1050
1,2,9422,1779219946.56697,1,1680,1050
1,2,9423,1779219946.58779,1,1680,1050
1,2,9424,1779219946.60861,1,1680,1050
1,2,9425,1779219946.62943,1,1680,1050
1,2,9426,1779219946.65025,1,1680,1050
1,2,9427,1779219946.67107,1,1680,1050
1,2,9428,1779219946.69189,1,1680,1050
1,2,9429,1779219946.71271,1,1680,1050
1,2,9430,1779219946.73353,1,1680,1050
1,2,9431,1779219946.75435,1,1680,1050
1,2,9432,1779219946.77517,1,1680,1050
1,2,9433,1779219946.79598,1,1680,1050
1,2,9434,1779219946.8168,1,1680,1050
1,2,9435,1779219946.83762,1,1680,1050
1,2,9436,1779219946.85844,1,1680,1050
1,2,9437,1779219946.87926,1,1680,1050
1,2,9438,1779219946.90008,1,1680,1050
1,2,9439,1779219946.9209,1,1680,1050
1,2,9440,1779219946.94172,1,1680,1050
1,2,9441,1779219946.96254,1,1680,1050
1,2,9442,1779219946.98336,1,1680,1050
1,2,9443,1779219947.00418,1,1680,1050
1,2,9444,1779219947.025,1,1680,1050
1,2,9445,1779219947.04582,1,1680,1050
1,2,9446,1779219947.06664,1,1680,1050
1,2,9447,1779219947.08746,1,1680,1050
1,2,9448,1779219947.10828,1,1680,1050
1,2,9449,1779219947.1291,1,1680,1050
1,2,9450,1779219947.14992,1,1680,1050
1,2,9451,1779219947.17074,1,1680,1050
1,2,9452,1779219947.19156,1,1680,1050
1,2,9453,1779219947.21237,1,1680,1050
1,2,9454,1779219947.23319,1,1680,1050
1,2,9455,1779219947.25401,1,1680,1050
1,2,9456,1779219947.27483,1,1680,1050
1,2,9457,1779219947.29565,1,1680,1050
1,2,9458,1779219947.31647,1,1680,1050
1,2,9459,1779219947.33729,1,1680,1050
1,2,9460,1779219947.35811,1,1680,1050
1,2,9461,1779219947.37893,1,1680,1050
1,2,9462,1779219947.39975,1,1680,1050
1,2,9463,1779219947.42057,1,1680,1050
1,2,9464,1779219947.44139,1,1680,1050
1,2,9465,1779219947.46221,1,1680,1050
1,2,9466,1779219947.48303,1,1680,1050
1,2,9467,1779219947.50385,1,1680,1050
1,2,9468,1779219947.52467,1,1680,1050
1,2,9469,1779219947.54549,1,1680,1050
1,2,9470,1779219947.56631,1,1680,1050
1,2,9471,1779219947.58713,1,1680,1050
1,2,9472,1779219947.60794,1,1680,1050
1,2,9473,1779219947.62877,1,1680,1050
1,2,9474,1779219947.64958,1,1680,1050
1,2,9475,1779219947.6704,1,1680,1050
1,2,9476,1779219947.69122,1,1680,1050
1,2,9477,1779219947.71204,1,1680,1050
1,2,9478,1779219947.73286,1,1680,1050
1,2,9479,1779219947.75368,1,1680,1050
1,2,9480,1779219947.7745,1,1680,1050
1,2,9481,1779219947.79532,1,1680,1050
1,2,9482,1779219947.81614,1,1680,1050
1,2,9483,1779219947.83696,1,1680,1050
1,2,9484,1779219947.85778,1,1680,1050
1,2,9485,1779219947.8786,1,1680,1050
1,2,9486,1779219947.89942,1,1680,1050
1,2,9487,1779219947.92024,1,1680,1050
1,2,9488,1779219947.94106,1,1680,1050
1,2,9489,1779219947.96188,1,1680,1050
1,2,9490,1779219947.9827,1,1680,1050
1,2,9491,1779219948.00352,1,1680,1050
1,2,9492,1779219948.02434,1,1680,1050
1,2,9493,1779219948.04515,1,1680,1050
1,2,9494,1779219948.06597,1,1680,1050
1,2,9495,1779219948.08679,1,1680,1050
1,2,9496,1779219948.10761,1,1680,1050
1,2,9497,1779219948.12843,1,1680,1050
1,2,9498,1779219948.14925,1,1680,1050
1,2,9499,1779219948.17007,1,1680,1050
1,2,9500,1779219948.19089,1,1680,1050
1,2,9501,1779219948.21171,1,1680,1050
1,2,9502,1779219948.23253,1,1680,1050
1,2,9503,1779219948.25335,1,1680,1050
1,2,9504,1779219948.27417,1,1680,1050
1,2,9505,1779219948.29499,1,1680,1050
1,2,9506,1779219948.31581,1,1680,1050
1,2,9507,1779219948.33663,1,1680,1050
1,2,9508,1779219948.35745,1,1680,1050
1,2,9509,1779219948.37827,1,1680,1050
1,2,9510,1779219948.39909,1,1680,1050
1,2,9511,1779219948.41991,1,1680,1050
1,2,9512,1779219948.44073,1,1680,1050
1,2,9513,1779219948.46154,1,1680,1050
1,2,9514,1779219948.48236,1,1680,1050
1,2,9515,1779219948.50318,1,1680,1050
1,2,9516,1779219948.524,1,1680,1050
1,2,9517,1779219948.54482,1,1680,1050
1,2,9518,1779219948.56564,1,1680,1050
1,2,9519,1779219948.58646,1,1680,1050
1,2,9520,1779219948.60728,1,1680,1050
1,2,9521,1779219948.6281,1,1680,1050
1,2,9522,1779219948.64892,1,1680,1050
1,2,9523,1779219948.66974,1,1680,1050
1,2,9524,1779219948.69056,1,1680,1050
1,2,9525,1779219948.71138,1,1680,1050
1,2,9526,1779219948.7322,1,1680,1050
1,2,9527,1779219948.75302,1,1680,1050
1,2,9528,1779219948.77384,1,1680,1050
1,2,9529,1779219948.79466,1,1680,1050
1,2,9530,1779219948.81548,1,1680,1050
1,2,9531,1779219948.8363,1,1680,1050
1,2,9532,1779219948.85712,1,1680,1050
1,2,9533,1779219948.87794,1,1680,1050
1,2,9534,1779219948.89875,1,1680,1050
1,2,9535,1779219948.91957,1,1680,1050
1,2,9536,1779219948.94039,1,1680,1050
1,2,9537,1779219948.96121,1,1680,1050
1,2,9538,1779219948.98203,1,1680,1050
1,2,9539,1779219949.00285,1,1680,1050
1,2,9540,1779219949.02367,1,1680,1050
1,2,9541,1779219949.04449,1,1680,1050
1,2,9542,1779219949.06531,2,1680,1050
1,2,9543,1779219949.08613,2,1680,1050
1,2,9544,1779219949.10695,2,1680,1050
1,2,9545,1779219949.12777,2,1680,1050
1,2,9546,1779219949.14859,2,1680,1050
1,2,9547,1779219949.16941,2,1680,1050
1,2,9548,1779219949.19023,2,1680,1050
1,2,9549,1779219949.21105,2,1680,1050
1,2,9550,1779219949.23187,2,1680,1050
1,2,9551,1779219949.25269,2,1680,1050
1,2,9552,1779219949.27351,2,1680,1050
1,2,9553,1779219949.29433,2,1680,1050
1,2,9554,1779219949.31514,2,1680,1050
1,2,9555,1779219949.33596,2,1680,1050
1,2,9556,1779219949.35678,2,1680,1050
1,2,9557,1779219949.3776,2,1680,1050
1,2,9558,1779219949.39842,2,1680,1050
1,2,9559,1779219949.41924,2,1680,1050
1,2,9560,1779219949.44006,2,1680,1050
1,2,9561,1779219949.46088,2,1680,1050
1,2,9562,1779219949.4817,2,1680,1050
1,2,9563,1779219949.50252,2,1680,1050
1,2,9564,1779219949.52334,2,1680,1050
1,2,9565,1779219949.54416,2,1680,1050
1,2,9566,1779219949.56498,2,1680,1050
1,2,9567,1779219949.5858,2,1680,1050
1,2,9568,1779219949.60662,2,1680,1050
1,2,9569,1779219949.62744,2,1680,1050
1,2,9570,1779219949.64826,2,1680,1050
1,2,9571,1779219949.66908,2,1680,1050
1,2,9572,1779219949.6899,2,1680,1050
1,2,9573,1779219949.71072,2,1680,1050
1,2,9574,1779219949.73153,2,1680,1050
1,2,9575,1779219949.75235,2,1680,1050
1,2,9576,1779219949.77317,2,1680,1050
1,2,9577,1779219949.79399,2,1680,1050
1,2,9578,1779219949.81481,2,1680,1050
1,2,9579,1779219949.83563,2,1680,1050
1,2,9580,1779219949.85645,2,1680,1050
1,2,9581,1779219949.87727,2,1680,1050
1,2,9582,1779219949.89809,2,1680,1050
1,2,9583,1779219949.91891,2,1680,1050
1,2,9584,1779219949.93973,2,1680,1050
1,2,9585,1779219949.96055,2,1680,1050
1,2,9586,1779219949.98137,2,1680,1050
1,2,9587,1779219950.00219,2,1680,1050
1,2,9588,1779219950.02301,2,1680,1050
1,2,9589,1779219950.04383,2,1680,1050
1,2,9590,1779219950.06465,2,1680,1050
1,2,9591,1779219950.08547,2,1680,1050
1,2,9592,1779219950.10629,2,1680,1050
1,2,9593,1779219950.12711,2,1680,1050
1,2,9594,1779219950.14792,2,1680,1050
1,2,9595,1779219950.16874,2,1680,1050
1,2,9596,1779219950.18956,2,1680,1050
1,2,9597,1779219950.21038,2,1680,1050
1,2,9598,1779219950.2312,2,1680,1050
1,2,9599,1779219950.25202,2,1680,1050
1,2,9600,1779219950.27284,2,1680,1050
1,2,9601,1779219950.29366,2,1680,1050
1,2,9602,1779219950.31448,2,1680,1050
1,2,9603,1779219950.3353,2,1680,1050
1,2,9604,1779219950.35612,2,1680,1050
1,2,9605,1779219950.37694,2,1680,1050
1,2,9606,1779219950.39776,2,1680,1050
1,2,9607,1779219950.41858,2,1680,1050
1,2,9608,1779219950.4394,2,1680,1050
1,2,9609,1779219950.46022,2,1680,1050
1,2,9610,1779219950.48104,2,1680,1050
1,2,9611,1779219950.50186,2,1680,1050
1,2,9612,1779219950.52268,2,1680,1050
1,2,9613,1779219950.5435,2,1680,1050
1,2,9614,1779219950.56431,2,1680,1050
1,2,9615,1779219950.58513,2,1680,1050
1,2,9616,1779219950.60595,2,1680,1050
1,2,9617,1779219950.62677,2,1680,1050
1,2,9618,1779219950.64759,2,1680,1050
1,2,9619,1779219950.66841,2,1680,1050
1,2,9620,1779219950.68923,2,1680,1050
1,2,9621,1779219950.71005,2,1680,1050
1,2,9622,1779219950.73087,2,1680,1050
1,2,9623,1779219950.75169,2,1680,1050
1,2,9624,1779219950.77251,2,1680,1050
1,2,9625,1779219950.79333,2,1680,1050
1,2,9626,1779219950.81415,2,1680,1050
1,2,9627,1779219950.83497,2,1680,1050
1,2,9628,1779219950.85579,2,1680,1050
1,2,9629,1779219950.87661,2,1680,1050
1,2,9630,1779219950.89743,2,1680,1050
1,2,9631,1779219950.91825,2,1680,1050
1,2,9632,1779219950.93907,2,1680,1050
1,2,9633,1779219950.95989,2,1680,1050
1,2,9634,1779219950.9807,2,1680,1050
1,2,9635,1779219951.00152,2,1680,1050
1,2,9636,1779219951.02234,2,1680,1050
1,2,9637,1779219951.04316,2,1680,1050
1,2,9638,1779219951.06398,2,1680,1050
1,2,9639,1779219951.0848,2,1680,1050
1,2,9640,1779219951.10562,2,1680,1050
1,2,9641,1779219951.12644,2,1680,1050
1,2,9642,1779219951.14726,2,1680,1050
1,2,9643,1779219951.16808,2,1680,1050
1,2,9644,1779219951.1889,2,1680,1050
1,2,9645,1779219951.20972,2,1680,1050
1,2,9646,1779219951.23054,2,1680,1050
1,2,9647,1779219951.25136,2,1680,1050
1,2,9648,1779219951.27218,2,1680,1050
1,2,9649,1779219951.293,2,1680,1050
1,2,9650,1779219951.31382,2,1680,1050
1,2,9651,1779219951.33464,2,1680,1050
1,2,9652,1779219951.35546,2,1680,1050
1,2,9653,1779219951.37628,2,1680,1050
1,2,9654,1779219951.39709,2,1680,1050
1,2,9655,1779219951.41791,2,1680,1050
1,2,9656,1779219951.43873,2,1680,1050
1,2,9657,1779219951.45955,2,1680,1050
1,2,9658,1779219951.48037,2,1680,1050
1,2,9659,1779219951.50119,2,1680,1050
1,2,9660,1779219951.52201,2,1680,1050
1,2,9661,1779219951.54283,2,1680,1050
1,2,9662,1779219951.56365,2,1680,1050
1,2,9663,1779219951.58447,2,1680,1050
1,2,9664,1779219951.60529,2,1680,1050
1,2,9665,1779219951.62611,2,1680,1050
1,2,9666,1779219951.64693,2,1680,1050
1,2,9667,1779219951.66775,2,1680,1050
1,2,9668,1779219951.68857,2,1680,1050
1,2,9669,1779219951.70939,2,1680,1050
1,2,9670,1779219951.73021,2,1680,1050
1,2,9671,1779219951.75103,2,1680,1050
1,2,9672,1779219951.77185,2,1680,1050
1,2,9673,1779219951.79267,2,1680,1050
1,2,9674,1779219951.81348,2,1680,1050
1,2,9675,1779219951.8343,2,1680,1050
1,2,9676,1779219951.85512,2,1680,1050
1,2,9677,1779219951.87594,2,1680,1050
1,2,9678,1779219951.89676,2,1680,1050
1,2,9679,1779219951.91758,2,1680,1050
1,2,9680,1779219951.9384,2,1680,1050
1,2,9681,1779219951.95922,2,1680,1050
1,2,9682,1779219951.98004,2,1680,1050
1,2,9683,1779219952.00086,2,1680,1050
1,2,9684,1779219952.02168,2,1680,1050
1,2,9685,1779219952.0425,2,1680,1050
1,2,9686,1779219952.06332,2,1680,1050
1,2,9687,1779219952.08414,2,1680,1050
1,2,9688,1779219952.10496,2,1680,1050
1,2,9689,1779219952.12578,2,1680,1050
1,2,9690,1779219952.1466,2,1680,1050
1,2,9691,1779219952.16742,2,1680,1050
1,2,9692,1779219952.18823,2,1680,1050
1,2,9693,1779219952.20906,2,1680,1050
1,2,9694,1779219952.22987,2,1680,1050
1,2,9695,1779219952.25069,2,1680,1050
1,2,9696,1779219952.27151,2,1680,1050
1,2,9697,1779219952.29233,2,1680,1050
1,2,9698,1779219952.31315,2,1680,1050
1,2,9699,1779219952.33397,2,1680,1050
1,2,9700,1779219952.35479,2,1680,1050
1,2,9701,1779219952.37561,2,1680,1050
1,2,9702,1779219952.39643,2,1680,1050
1,2,9703,1779219952.41725,2,1680,1050
1,2,9704,1779219952.43807,2,1680,1050
1,2,9705,1779219952.45889,2,1680,1050
1,2,9706,1779219952.47971,2,1680,1050
1,2,9707,1779219952.50053,2,1680,1050
1,2,9708,1779219952.52135,2,1680,1050
1,2,9709,1779219952.54217,2,1680,1050
1,2,9710,1779219952.56299,2,1680,1050
1,2,9711,1779219952.58381,2,1680,1050
1,2,9712,1779219952.60463,2,1680,1050
1,2,9713,1779219952.62545,2,1680,1050
1,2,9714,1779219952.64626,2,1680,1050
1,2,9715,1779219952.66708,2,1680,1050
1,2,9716,1779219952.6879,2,1680,1050
1,2,9717,1779219952.70872,2,1680,1050
1,2,9718,1779219952.72954,2,1680,1050
1,2,9719,1779219952.75036,2,1680,1050
1,2,9720,1779219952.77118,2,1680,1050
1,2,9721,1779219952.792,2,1680,1050
1,2,9722,1779219952.81282,2,1680,1050
1,2,9723,1779219952.83364,2,1680,1050
1,2,9724,1779219952.85446,2,1680,1050
1,2,9725,1779219952.87528,2,1680,1050
1,2,9726,1779219952.8961,2,1680,1050
1,2,9727,1779219952.91692,2,1680,1050
1,2,9728,1779219952.93774,2,1680,1050
1,2,9729,1779219952.95856,2,1680,1050
1,2,9730,1779219952.97938,2,1680,1050
1,2,9731,1779219953.0002,2,1680,1050
1,2,9732,1779219953.02102,2,1680,1050
1,2,9733,1779219953.04184,2,1680,1050
1,2,9734,1779219953.06266,2,1680,1050
1,2,9735,1779219953.08347,2,1680,1050
1,2,9736,1779219953.10429,2,1680,1050
1,2,9737,1779219953.12511,2,1680,1050
1,2,9738,1779219953.14593,2,1680,1050
1,2,9739,1779219953.16675,2,1680,1050
1,2,9740,1779219953.18757,2,1680,1050
1,2,9741,1779219953.20839,2,1680,1050
1,2,9742,1779219953.22921,2,1680,1050
1,2,9743,1779219953.25003,2,1680,1050
1,2,9744,1779219953.27085,2,1680,1050
1,2,9745,1779219953.29167,2,1680,1050
1,2,9746,1779219953.31249,2,1680,1050
1,2,9747,1779219953.33331,2,1680,1050
1,2,9748,1779219953.35413,2,1680,1050
1,2,9749,1779219953.37495,2,1680,1050
1,2,9750,1779219953.39577,2,1680,1050
1,2,9751,1779219953.41659,2,1680,1050
1,2,9752,1779219953.43741,2,1680,1050
1,2,9753,1779219953.45823,2,1680,1050
1,2,9754,1779219953.47905,2,1680,1050
1,2,9755,1779219953.49986,2,1680,1050
1,2,9756,1779219953.52068,2,1680,1050
1,2,9757,1779219953.5415,2,1680,1050
1,2,9758,1779219953.56232,2,1680,1050
1,2,9759,1779219953.58314,2,1680,1050
1,2,9760,1779219953.60396,2,1680,1050
1,2,9761,1779219953.62478,2,1680,1050
1,2,9762,1779219953.6456,2,1680,1050
1,2,9763,1779219953.66642,2,1680,1050
1,2,9764,1779219953.68724,2,1680,1050
1,2,9765,1779219953.70806,2,1680,1050
1,2,9766,1779219953.72888,2,1680,1050
1,2,9767,1779219953.7497,2,1680,1050
1,2,9768,1779219953.77052,2,1680,1050
1,2,9769,1779219953.79134,2,1680,1050
1,2,9770,1779219953.81216,2,1680,1050
1,2,9771,1779219953.83298,2,1680,1050
1,2,9772,1779219953.8538,2,1680,1050
1,2,9773,1779219953.87462,2,1680,1050
1,2,9774,1779219953.89544,2,1680,1050
1,2,9775,1779219953.91625,2,1680,1050
1,2,9776,1779219953.93707,2,1680,1050
1,2,9777,1779219953.95789,2,1680,1050
1,2,9778,1779219953.97871,2,1680,1050
1,2,9779,1779219953.99953,2,1680,1050
1,2,9780,1779219954.02035,2,1680,1050
1,2,9781,1779219954.04117,2,1680,1050
1,2,9782,1779219954.10363,1,1680,1050
1,2,9783,1779219954.12445,1,1680,1050
1,2,9784,1779219954.14527,1,1680,1050
1,2,9785,1779219954.16609,1,1680,1050
1,2,9786,1779219954.18691,1,1680,1050
1,2,9787,1779219954.20773,1,1680,1050
1,2,9788,1779219954.22855,1,1680,1050
1,2,9789,1779219954.24937,1,1680,1050
1,2,9790,1779219954.27019,1,1680,1050
1,2,9791,1779219954.29101,1,1680,1050
1,2,9792,1779219954.31183,1,1680,1050
1,2,9793,1779219954.33264,1,1680,1050
1,2,9794,1779219954.35346,1,1680,1050
1,2,9795,1779219954.37428,1,1680,1050
1,2,9796,1779219954.3951,1,1680,1050
1,2,9797,1779219954.41592,1,1680,1050
1,2,9798,1779219954.43674,1,1680,1050
1,2,9799,1779219954.45756,1,1680,1050
1,2,9800,1779219954.47838,1,1680,1050
1,2,9801,1779219954.4992,1,1680,1050
1,2,9802,1779219954.52002,1,1680,1050
1,2,9803,1779219954.54084,1,1680,1050
1,2,9804,1779219954.56166,1,1680,1050
1,2,9805,1779219954.58248,1,1680,1050
1,2,9806,1779219954.6033,1,1680,1050
1,2,9807,1779219954.62412,1,1680,1050
1,2,9808,1779219954.64494,1,1680,1050
1,2,9809,1779219954.66576,1,1680,1050
1,2,9810,1779219954.68658,1,1680,1050
1,2,9811,1779219954.7074,1,1680,1050
1,2,9812,1779219954.72822,1,1680,1050
1,2,9813,1779219954.74903,1,1680,1050
1,2,9814,1779219954.76985,1,1680,1050
1,2,9815,1779219954.79067,1,1680,1050
1,2,9816,1779219954.81149,1,1680,1050
1,2,9817,1779219954.83231,1,1680,1050
1,2,9818,1779219954.85313,1,1680,1050
1,2,9819,1779219954.87395,1,1680,1050
1,2,9820,1779219954.89477,1,1680,1050
1,2,9821,1779219954.91559,1,1680,1050
1,2,9822,1779219954.93641,1,1680,1050
1,2,9823,1779219954.95723,1,1680,1050
1,2,9824,1779219954.97805,1,1680,1050
1,2,9825,1779219954.99887,1,1680,1050
1,2,9826,1779219955.01969,1,1680,1050
1,2,9827,1779219955.04051,1,1680,1050
1,2,9828,1779219955.06133,1,1680,1050
1,2,9829,1779219955.08215,1,1680,1050
1,2,9830,1779219955.10297,1,1680,1050
1,2,9831,1779219955.12379,1,1680,1050
1,2,9832,1779219955.14461,1,1680,1050
1,2,9833,1779219955.16542,1,1680,1050
1,2,9834,1779219955.18624,1,1680,1050
1,2,9835,1779219955.20706,1,1680,1050
1,2,9836,1779219955.22788,1,1680,1050
1,2,9837,1779219955.2487,1,1680,1050
1,2,9838,1779219955.26952,1,1680,1050
1,2,9839,1779219955.29034,1,1680,1050
1,2,9840,1779219955.31116,1,1680,1050
1,2,9841,1779219955.33198,1,1680,1050
1,2,9842,1779219955.3528,1,1680,1050
1,2,9843,1779219955.37362,1,1680,1050
1,2,9844,1779219955.39444,1,1680,1050
1,2,9845,1779219955.41526,1,1680,1050
1,2,9846,1779219955.43608,1,1680,1050
1,2,9847,1779219955.4569,1,1680,1050
1,2,9848,1779219955.47772,1,1680,1050
1,2,9849,1779219955.49854,1,1680,1050
1,2,9850,1779219955.51936,1,1680,1050
1,2,9851,1779219955.54018,1,1680,1050
1,2,9852,1779219955.561,1,1680,1050
1,2,9853,1779219955.58181,1,1680,1050
1,2,9854,1779219955.60263,1,1680,1050
1,2,9855,1779219955.62345,1,1680,1050
1,2,9856,1779219955.64427,1,1680,1050
1,2,9857,1779219955.66509,1,1680,1050
1,2,9858,1779219955.68591,1,1680,1050
1,2,9859,1779219955.70673,1,1680,1050
1,2,9860,1779219955.72755,1,1680,1050
1,2,9861,1779219955.74837,1,1680,1050
1,2,9862,1779219955.76919,1,1680,1050
1,2,9863,1779219955.79001,1,1680,1050
1,2,9864,1779219955.81083,1,1680,1050
1,2,9865,1779219955.83165,1,1680,1050
1,2,9866,1779219955.85247,1,1680,1050
1,2,9867,1779219955.87329,1,1680,1050
1,2,9868,1779219955.89411,1,1680,1050
1,2,9869,1779219955.91493,1,1680,1050
1,2,9870,1779219955.93575,1,1680,1050
1,2,9871,1779219955.95657,1,1680,1050
1,2,9872,1779219955.97739,1,1680,1050
1,2,9873,1779219955.99821,1,1680,1050
1,2,9874,1779219956.01902,1,1680,1050
1,2,9875,1779219956.03984,1,1680,1050
1,2,9876,1779219956.06066,1,1680,1050
1,2,9877,1779219956.08148,1,1680,1050
1,2,9878,1779219956.1023,1,1680,1050
1,2,9879,1779219956.12312,1,1680,1050
1,2,9880,1779219956.14394,1,1680,1050
1,2,9881,1779219956.16476,1,1680,1050
1,2,9882,1779219956.18558,1,1680,1050
1,2,9883,1779219956.2064,1,1680,1050
1,2,9884,1779219956.22722,1,1680,1050
1,2,9885,1779219956.24804,1,1680,1050
1,2,9886,1779219956.26886,1,1680,1050
1,2,9887,1779219956.28968,1,1680,1050
1,2,9888,1779219956.3105,1,1680,1050
1,2,9889,1779219956.33132,1,1680,1050
1,2,9890,1779219956.35214,1,1680,1050
1,2,9891,1779219956.37296,1,1680,1050
1,2,9892,1779219956.39378,1,1680,1050
1,2,9893,1779219956.4146,1,1680,1050
1,2,9894,1779219956.43541,1,1680,1050
1,2,9895,1779219956.45623,1,1680,1050
1,2,9896,1779219956.47705,1,1680,1050
1,2,9897,1779219956.49787,1,1680,1050
1,2,9898,1779219956.51869,1,1680,1050
1,2,9899,1779219956.53951,1,1680,1050
1,2,9900,1779219956.56033,1,1680,1050
1,2,9901,1779219956.58115,1,1680,1050
1,2,9902,1779219956.60197,1,1680,1050
1,2,9903,1779219956.62279,1,1680,1050
1,2,9904,1779219956.64361,1,1680,1050
1,2,9905,1779219956.66443,1,1680,1050
1,2,9906,1779219956.68525,1,1680,1050
1,2,9907,1779219956.70607,1,1680,1050
1,2,9908,1779219956.72689,1,1680,1050
1,2,9909,1779219956.74771,1,1680,1050
1,2,9910,1779219956.76853,1,1680,1050
1,2,9911,1779219956.78935,1,1680,1050
1,2,9912,1779219956.81017,1,1680,1050
1,2,9913,1779219956.83099,1,1680,1050
1,2,9914,1779219956.85181,1,1680,1050
1,2,9915,1779219956.87262,1,1680,1050
1,2,9916,1779219956.89344,1,1680,1050
1,2,9917,1779219956.91426,1,1680,1050
1,2,9918,1779219956.93508,1,1680,1050
1,2,9919,1779219956.9559,1,1680,1050
1,2,9920,1779219956.97672,1,1680,1050
1,2,9921,1779219956.99754,1,1680,1050
1,2,9922,1779219957.01836,1,1680,1050
1,2,9923,1779219957.03918,1,1680,1050
1,2,9924,1779219957.06,1,1680,1050
1,2,9925,1779219957.08082,1,1680,1050
1,2,9926,1779219957.10164,1,1680,1050
1,2,9927,1779219957.12246,1,1680,1050
1,2,9928,1779219957.14328,1,1680,1050
1,2,9929,1779219957.1641,1,1680,1050
1,2,9930,1779219957.18492,1,1680,1050
1,2,9931,1779219957.20574,1,1680,1050
1,2,9932,1779219957.22656,1,1680,1050
1,2,9933,1779219957.24738,1,1680,1050
1,2,9934,1779219957.26819,1,1680,1050
1,2,9935,1779219957.28901,1,1680,1050
1,2,9936,1779219957.30983,1,1680,1050
1,2,9937,1779219957.33065,1,1680,1050
1,2,9938,1779219957.35147,1,1680,1050
1,2,9939,1779219957.37229,1,1680,1050
1,2,9940,1779219957.39311,1,1680,1050
1,2,9941,1779219957.41393,1,1680,1050
1,2,9942,1779219957.43475,1,1680,1050
1,2,9943,1779219957.45557,1,1680,1050
1,2,9944,1779219957.47639,1,1680,1050
1,2,9945,1779219957.49721,1,1680,1050
1,2,9946,1779219957.51803,1,1680,1050
1,2,9947,1779219957.53885,1,1680,1050
1,2,9948,1779219957.55967,1,1680,1050
1,2,9949,1779219957.58049,1,1680,1050
1,2,9950,1779219957.60131,1,1680,1050
1,2,9951,1779219957.62213,1,1680,1050
1,2,9952,1779219957.64295,1,1680,1050
1,2,9953,1779219957.66377,1,1680,1050
1,2,9954,1779219957.68458,1,1680,1050
1,2,9955,1779219957.7054,1,1680,1050
1,2,9956,1779219957.72622,1,1680,1050
1,2,9957,1779219957.74704,1,1680,1050
1,2,9958,1779219957.76786,1,1680,1050
1,2,9959,1779219957.78868,1,1680,1050
1,2,9960,1779219957.8095,1,1680,1050
1,2,9961,1779219957.83032,1,1680,1050
1,2,9962,1779219957.85114,1,1680,1050
1,2,9963,1779219957.87196,1,1680,1050
1,2,9964,1779219957.89278,1,1680,1050
1,2,9965,1779219957.9136,1,1680,1050
1,2,9966,1779219957.93442,1,1680,1050
1,2,9967,1779219957.95524,1,1680,1050
1,2,9968,1779219957.97606,1,1680,1050
1,2,9969,1779219957.99688,1,1680,1050
1,2,9970,1779219958.0177,1,1680,1050
1,2,9971,1779219958.03852,1,1680,1050
1,2,9972,1779219958.05934,1,1680,1050
1,2,9973,1779219958.08016,1,1680,1050
1,2,9974,1779219958.10098,1,1680,1050
1,2,9975,1779219958.12179,1,1680,1050
1,2,9976,1779219958.14261,1,1680,1050
1,2,9977,1779219958.16343,1,1680,1050
1,2,9978,1779219958.18425,1,1680,1050
1,2,9979,1779219958.20507,1,1680,1050
1,2,9980,1779219958.22589,1,1680,1050
1,2,9981,1779219958.24671,1,1680,1050
1,2,9982,1779219958.26753,1,1680,1050
1,2,9983,1779219958.28835,1,1680,1050
1,2,9984,1779219958.30917,1,1680,1050
1,2,9985,1779219958.32999,1,1680,1050
1,2,9986,1779219958.35081,1,1680,1050
1,2,9987,1779219958.37163,1,1680,1050
1,2,9988,1779219958.39245,1,1680,1050
1,2,9989,1779219958.41327,1,1680,1050
1,2,9990,1779219958.43409,1,1680,1050
1,2,9991,1779219958.45491,1,1680,1050
1,2,9992,1779219958.47573,1,1680,1050
1,2,9993,1779219958.49655,1,1680,1050
1,2,9994,1779219958.51736,1,1680,1050
1,2,9995,1779219958.53818,1,1680,1050
1,2,9996,1779219958.559,1,1680,1050
1,2,9997,1779219958.57982,1,1680,1050
1,2,9998,1779219958.60064,1,1680,1050
1,2,9999,1779219958.62146,1,1680,1050
1,2,10000,1779219958.64228,1,1680,1050
1,2,10001,1779219958.6631,1,1680,1050
1,2,10002,1779219958.68392,1,1680,1050
1,2,10003,1779219958.70474,1,1680,1050
1,2,10004,1779219958.72556,1,1680,1050
1,2,10005,1779219958.74638,1,1680,1050
1,2,10006,1779219958.7672,1,1680,1050
1,2,10007,1779219958.78802,1,1680,1050
1,2,10008,1779219958.80884,1,1680,1050
1,2,10009,1779219958.82966,1,1680,1050
1,2,10010,1779219958.85048,1,1680,1050
1,2,10011,1779219958.8713,1,1680,1050
1,2,10012,1779219958.89212,1,1680,1050
1,2,10013,1779219958.91294,1,1680,1050
1,2,10014,1779219958.93376,1,1680,1050
1,2,10015,1779219958.95457,1,1680,1050
1,2,10016,1779219958.97539,1,1680,1050
1,2,10017,1779219958.99621,1,1680,1050
1,2,10018,1779219959.01703,1,1680,1050
1,2,10019,1779219959.03785,1,1680,1050
1,2,10020,1779219959.05867,1,1680,1050
1,2,10021,1779219959.07949,1,1680,1050
1,2,10022,1779219959.10031,2,1680,1050
1,2,10023,1779219959.12113,2,1680,1050
1,2,10024,1779219959.14195,2,1680,1050
1,2,10025,1779219959.16277,2,1680,1050
1,2,10026,1779219959.18359,2,1680,1050
1,2,10027,1779219959.20441,2,1680,1050
1,2,10028,1779219959.22523,2,1680,1050
1,2,10029,1779219959.24605,2,1680,1050
1,2,10030,1779219959.26687,2,1680,1050
1,2,10031,1779219959.28769,2,1680,1050
1,2,10032,1779219959.30851,2,1680,1050
1,2,10033,1779219959.32932,2,1680,1050
1,2,10034,1779219959.35014,2,1680,1050
1,2,10035,1779219959.37096,2,1680,1050
1,2,10036,1779219959.39178,2,1680,1050
1,2,10037,1779219959.4126,2,1680,1050
1,2,10038,1779219959.43342,2,1680,1050
1,2,10039,1779219959.45424,2,1680,1050
1,2,10040,1779219959.47506,2,1680,1050
1,2,10041,1779219959.49588,2,1680,1050
1,2,10042,1779219959.5167,2,1680,1050
1,2,10043,1779219959.53752,2,1680,1050
1,2,10044,1779219959.55834,2,1680,1050
1,2,10045,1779219959.57916,2,1680,1050
1,2,10046,1779219959.59998,2,1680,1050
1,2,10047,1779219959.6208,2,1680,1050
1,2,10048,1779219959.64162,2,1680,1050
1,2,10049,1779219959.66244,2,1680,1050
1,2,10050,1779219959.68326,2,1680,1050
1,2,10051,1779219959.70408,2,1680,1050
1,2,10052,1779219959.7249,2,1680,1050
1,2,10053,1779219959.74572,2,1680,1050
1,2,10054,1779219959.76654,2,1680,1050
1,2,10055,1779219959.78735,2,1680,1050
1,2,10056,1779219959.80817,2,1680,1050
1,2,10057,1779219959.82899,2,1680,1050
1,2,10058,1779219959.84981,2,1680,1050
1,2,10059,1779219959.87063,2,1680,1050
1,2,10060,1779219959.89145,2,1680,1050
1,2,10061,1779219959.91227,2,1680,1050
1,2,10062,1779219959.93309,2,1680,1050
1,2,10063,1779219959.95391,2,1680,1050
1,2,10064,1779219959.97473,2,1680,1050
1,2,10065,1779219959.99555,2,1680,1050
1,2,10066,1779219960.01637,2,1680,1050
1,2,10067,1779219960.03719,2,1680,1050
1,2,10068,1779219960.05801,2,1680,1050
1,2,10069,1779219960.07883,2,1680,1050
1,2,10070,1779219960.09965,2,1680,1050
1,2,10071,1779219960.12047,2,1680,1050
1,2,10072,1779219960.14129,2,1680,1050
1,2,10073,1779219960.16211,2,1680,1050
1,2,10074,1779219960.18292,2,1680,1050
1,2,10075,1779219960.20374,2,1680,1050
1,2,10076,1779219960.22456,2,1680,1050
1,2,10077,1779219960.24538,2,1680,1050
1,2,10078,1779219960.2662,2,1680,1050
1,2,10079,1779219960.28702,2,1680,1050
1,2,10080,1779219960.30784,2,1680,1050
1,2,10081,1779219960.32866,2,1680,1050
1,2,10082,1779219960.34948,2,1680,1050
1,2,10083,1779219960.3703,2,1680,1050
1,2,10084,1779219960.39112,2,1680,1050
1,2,10085,1779219960.41194,2,1680,1050
1,2,10086,1779219960.43276,2,1680,1050
1,2,10087,1779219960.45358,2,1680,1050
1,2,10088,1779219960.4744,2,1680,1050
1,2,10089,1779219960.49522,2,1680,1050
1,2,10090,1779219960.51604,2,1680,1050
1,2,10091,1779219960.53686,2,1680,1050
1,2,10092,1779219960.55768,2,1680,1050
1,2,10093,1779219960.5785,2,1680,1050
1,2,10094,1779219960.59931,2,1680,1050
1,2,10095,1779219960.62013,2,1680,1050
1,2,10096,1779219960.64095,2,1680,1050
1,2,10097,1779219960.66177,2,1680,1050
1,2,10098,1779219960.68259,2,1680,1050
1,2,10099,1779219960.70341,2,1680,1050
1,2,10100,1779219960.72423,2,1680,1050
1,2,10101,1779219960.74505,2,1680,1050
1,2,10102,1779219960.76587,2,1680,1050
1,2,10103,1779219960.78669,2,1680,1050
1,2,10104,1779219960.80751,2,1680,1050
1,2,10105,1779219960.82833,2,1680,1050
1,2,10106,1779219960.84915,2,1680,1050
1,2,10107,1779219960.86997,2,1680,1050
1,2,10108,1779219960.89079,2,1680,1050
1,2,10109,1779219960.91161,2,1680,1050
1,2,10110,1779219960.93243,2,1680,1050
1,2,10111,1779219960.95325,2,1680,1050
1,2,10112,1779219960.97407,2,1680,1050
1,2,10113,1779219960.99489,2,1680,1050
1,2,10114,1779219961.01571,2,1680,1050
1,2,10115,1779219961.03652,2,1680,1050
1,2,10116,1779219961.05734,2,1680,1050
1,2,10117,1779219961.07816,2,1680,1050
1,2,10118,1779219961.09898,2,1680,1050
1,2,10119,1779219961.1198,2,1680,1050
1,2,10120,1779219961.14062,2,1680,1050
1,2,10121,1779219961.16144,2,1680,1050
1,2,10122,1779219961.18226,2,1680,1050
1,2,10123,1779219961.20308,2,1680,1050
1,2,10124,1779219961.2239,2,1680,1050
1,2,10125,1779219961.24472,2,1680,1050
1,2,10126,1779219961.26554,2,1680,1050
1,2,10127,1779219961.28636,2,1680,1050
1,2,10128,1779219961.30718,2,1680,1050
1,2,10129,1779219961.328,2,1680,1050
1,2,10130,1779219961.34882,2,1680,1050
1,2,10131,1779219961.36964,2,1680,1050
1,2,10132,1779219961.39046,2,1680,1050
1,2,10133,1779219961.41128,2,1680,1050
1,2,10134,1779219961.4321,2,1680,1050
1,2,10135,1779219961.45292,2,1680,1050
1,2,10136,1779219961.47373,2,1680,1050
1,2,10137,1779219961.49455,2,1680,1050
1,2,10138,1779219961.51537,2,1680,1050
1,2,10139,1779219961.53619,2,1680,1050
1,2,10140,1779219961.55701,2,1680,1050
1,2,10141,1779219961.57783,2,1680,1050
1,2,10142,1779219961.59865,2,1680,1050
1,2,10143,1779219961.61947,2,1680,1050
1,2,10144,1779219961.64029,2,1680,1050
1,2,10145,1779219961.66111,2,1680,1050
1,2,10146,1779219961.68193,2,1680,1050
1,2,10147,1779219961.70275,2,1680,1050
1,2,10148,1779219961.72357,2,1680,1050
1,2,10149,1779219961.74439,2,1680,1050
1,2,10150,1779219961.76521,2,1680,1050
1,2,10151,1779219961.78603,2,1680,1050
1,2,10152,1779219961.80685,2,1680,1050
1,2,10153,1779219961.82767,2,1680,1050
1,2,10154,1779219961.84849,2,1680,1050
1,2,10155,1779219961.86931,2,1680,1050
1,2,10156,1779219961.89012,2,1680,1050
1,2,10157,1779219961.91094,2,1680,1050
1,2,10158,1779219961.93176,2,1680,1050
1,2,10159,1779219961.95258,2,1680,1050
1,2,10160,1779219961.9734,2,1680,1050
1,2,10161,1779219961.99422,2,1680,1050
1,2,10162,1779219962.01504,2,1680,1050
1,2,10163,1779219962.03586,2,1680,1050
1,2,10164,1779219962.05668,2,1680,1050
1,2,10165,1779219962.0775,2,1680,1050
1,2,10166,1779219962.09832,2,1680,1050
1,2,10167,1779219962.11914,2,1680,1050
1,2,10168,1779219962.13996,2,1680,1050
1,2,10169,1779219962.16078,2,1680,1050
1,2,10170,1779219962.1816,2,1680,1050
1,2,10171,1779219962.20242,2,1680,1050
1,2,10172,1779219962.22324,2,1680,1050
1,2,10173,1779219962.24406,2,1680,1050
1,2,10174,1779219962.26488,2,1680,1050
1,2,10175,1779219962.28568,2,1680,1050
1,2,10176,1779219962.30651,2,1680,1050
1,2,10177,1779219962.32733,2,1680,1050
1,2,10178,1779219962.34815,2,1680,1050
1,2,10179,1779219962.36897,2,1680,1050
1,2,10180,1779219962.38979,2,1680,1050
1,2,10181,1779219962.41061,2,1680,1050
1,2,10182,1779219962.43143,2,1680,1050
1,2,10183,1779219962.45225,2,1680,1050
1,2,10184,1779219962.47307,2,1680,1050
1,2,10185,1779219962.49389,2,1680,1050
1,2,10186,1779219962.51471,2,1680,1050
1,2,10187,1779219962.53553,2,1680,1050
1,2,10188,1779219962.55635,2,1680,1050
1,2,10189,1779219962.57717,2,1680,1050
1,2,10190,1779219962.59799,2,1680,1050
1,2,10191,1779219962.61881,2,1680,1050
1,2,10192,1779219962.63963,2,1680,1050
1,2,10193,1779219962.66045,2,1680,1050
1,2,10194,1779219962.68127,2,1680,1050
1,2,10195,1779219962.70209,2,1680,1050
1,2,10196,1779219962.7229,2,1680,1050
1,2,10197,1779219962.74373,2,1680,1050
1,2,10198,1779219962.76454,2,1680,1050
1,2,10199,1779219962.78536,2,1680,1050
1,2,10200,1779219962.80618,2,1680,1050
1,2,10201,1779219962.827,2,1680,1050
1,2,10202,1779219962.84782,2,1680,1050
1,2,10203,1779219962.86864,2,1680,1050
1,2,10204,1779219962.88946,2,1680,1050
1,2,10205,1779219962.91028,2,1680,1050
1,2,10206,1779219962.9311,2,1680,1050
1,2,10207,1779219962.95192,2,1680,1050
1,2,10208,1779219962.97274,2,1680,1050
1,2,10209,1779219962.99356,2,1680,1050
1,2,10210,1779219963.01438,2,1680,1050
1,2,10211,1779219963.0352,2,1680,1050
1,2,10212,1779219963.05602,2,1680,1050
1,2,10213,1779219963.07684,2,1680,1050
1,2,10214,1779219963.09766,2,1680,1050
1,2,10215,1779219963.11848,2,1680,1050
1,2,10216,1779219963.13929,2,1680,1050
1,2,10217,1779219963.16011,2,1680,1050
1,2,10218,1779219963.18093,2,1680,1050
1,2,10219,1779219963.20175,2,1680,1050
1,2,10220,1779219963.22257,2,1680,1050
1,2,10221,1779219963.24339,2,1680,1050
1,2,10222,1779219963.26421,2,1680,1050
1,2,10223,1779219963.28503,2,1680,1050
1,2,10224,1779219963.30585,2,1680,1050
1,2,10225,1779219963.32667,2,1680,1050
1,2,10226,1779219963.34749,2,1680,1050
1,2,10227,1779219963.36831,2,1680,1050
1,2,10228,1779219963.38913,2,1680,1050
1,2,10229,1779219963.40995,2,1680,1050
1,2,10230,1779219963.43077,2,1680,1050
1,2,10231,1779219963.45159,2,1680,1050
1,2,10232,1779219963.47241,2,1680,1050
1,2,10233,1779219963.49323,2,1680,1050
1,2,10234,1779219963.51405,2,1680,1050
1,2,10235,1779219963.53487,2,1680,1050
1,2,10236,1779219963.55568,2,1680,1050
1,2,10237,1779219963.5765,2,1680,1050
1,2,10238,1779219963.59732,2,1680,1050
1,2,10239,1779219963.61814,2,1680,1050
1,2,10240,1779219963.63896,2,1680,1050
1,2,10241,1779219963.65978,2,1680,1050
1,2,10242,1779219963.6806,2,1680,1050
1,2,10243,1779219963.70142,2,1680,1050
1,2,10244,1779219963.72224,2,1680,1050
1,2,10245,1779219963.74306,2,1680,1050
1,2,10246,1779219963.76388,2,1680,1050
1,2,10247,1779219963.7847,2,1680,1050
1,2,10248,1779219963.80552,2,1680,1050
1,2,10249,1779219963.82634,2,1680,1050
1,2,10250,1779219963.84716,2,1680,1050
1,2,10251,1779219963.86798,2,1680,1050
1,2,10252,1779219963.8888,2,1680,1050
1,2,10253,1779219963.90962,2,1680,1050
1,2,10254,1779219963.93044,2,1680,1050
1,2,10255,1779219963.95126,2,1680,1050
1,2,10256,1779219963.97207,2,1680,1050
1,2,10257,1779219963.99289,2,1680,1050
1,2,10258,1779219964.01371,2,1680,1050
1,2,10259,1779219964.03453,2,1680,1050
1,2,10260,1779219964.05535,2,1680,1050
1,2,10261,1779219964.07617,2,1680,1050
1,2,10262,1779219964.09699,1,1680,1050
1,2,10263,1779219964.11781,1,1680,1050
1,2,10264,1779219964.13863,1,1680,1050
1,2,10265,1779219964.15945,1,1680,1050
1,2,10266,1779219964.18027,1,1680,1050
1,2,10267,1779219964.20109,1,1680,1050
1,2,10268,1779219964.22191,1,1680,1050
1,2,10269,1779219964.24273,1,1680,1050
1,2,10270,1779219964.26355,1,1680,1050
1,2,10271,1779219964.28437,1,1680,1050
1,2,10272,1779219964.30519,1,1680,1050
1,2,10273,1779219964.32601,1,1680,1050
1,2,10274,1779219964.34683,1,1680,1050
1,2,10275,1779219964.36765,1,1680,1050
1,2,10276,1779219964.38846,1,1680,1050
1,2,10277,1779219964.40928,1,1680,1050
1,2,10278,1779219964.4301,1,1680,1050
1,2,10279,1779219964.45092,1,1680,1050
1,2,10280,1779219964.47174,1,1680,1050
1,2,10281,1779219964.49256,1,1680,1050
1,2,10282,1779219964.51338,1,1680,1050
1,2,10283,1779219964.5342,1,1680,1050
1,2,10284,1779219964.55502,1,1680,1050
1,2,10285,1779219964.57584,1,1680,1050
1,2,10286,1779219964.59666,1,1680,1050
1,2,10287,1779219964.61748,1,1680,1050
1,2,10288,1779219964.6383,1,1680,1050
1,2,10289,1779219964.65912,1,1680,1050
1,2,10290,1779219964.67994,1,1680,1050
1,2,10291,1779219964.70076,1,1680,1050
1,2,10292,1779219964.72158,1,1680,1050
1,2,10293,1779219964.7424,1,1680,1050
1,2,10294,1779219964.76322,1,1680,1050
1,2,10295,1779219964.78404,1,1680,1050
1,2,10296,1779219964.80486,1,1680,1050
1,2,10297,1779219964.82567,1,1680,1050
1,2,10298,1779219964.84649,1,1680,1050
1,2,10299,1779219964.86731,1,1680,1050
1,2,10300,1779219964.88813,1,1680,1050
1,2,10301,1779219964.90895,1,1680,1050
1,2,10302,1779219964.92977,1,1680,1050
1,2,10303,1779219964.95059,1,1680,1050
1,2,10304,1779219964.97141,1,1680,1050
1,2,10305,1779219964.99223,1,1680,1050
1,2,10306,1779219965.01305,1,1680,1050
1,2,10307,1779219965.03387,1,1680,1050
1,2,10308,1779219965.05469,1,1680,1050
1,2,10309,1779219965.07551,1,1680,1050
1,2,10310,1779219965.09633,1,1680,1050
1,2,10311,1779219965.11715,1,1680,1050
1,2,10312,1779219965.13797,1,1680,1050
1,2,10313,1779219965.15879,1,1680,1050
1,2,10314,1779219965.17961,1,1680,1050
1,2,10315,1779219965.20043,1,1680,1050
1,2,10316,1779219965.22125,1,1680,1050
1,2,10317,1779219965.24206,1,1680,1050
1,2,10318,1779219965.26288,1,1680,1050
1,2,10319,1779219965.2837,1,1680,1050
1,2,10320,1779219965.30452,1,1680,1050
1,2,10321,1779219965.32534,1,1680,1050
1,2,10322,1779219965.34616,1,1680,1050
1,2,10323,1779219965.36698,1,1680,1050
1,2,10324,1779219965.3878,1,1680,1050
1,2,10325,1779219965.40862,1,1680,1050
1,2,10326,1779219965.42944,1,1680,1050
1,2,10327,1779219965.45026,1,1680,1050
1,2,10328,1779219965.47108,1,1680,1050
1,2,10329,1779219965.4919,1,1680,1050
1,2,10330,1779219965.51272,1,1680,1050
1,2,10331,1779219965.53354,1,1680,1050
1,2,10332,1779219965.55436,1,1680,1050
1,2,10333,1779219965.57518,1,1680,1050
1,2,10334,1779219965.596,1,1680,1050
1,2,10335,1779219965.61682,1,1680,1050
1,2,10336,1779219965.63764,1,1680,1050
1,2,10337,1779219965.65845,1,1680,1050
1,2,10338,1779219965.67927,1,1680,1050
1,2,10339,1779219965.70009,1,1680,1050
1,2,10340,1779219965.72091,1,1680,1050
1,2,10341,1779219965.74173,1,1680,1050
1,2,10342,1779219965.76255,1,1680,1050
1,2,10343,1779219965.78337,1,1680,1050
1,2,10344,1779219965.80419,1,1680,1050
1,2,10345,1779219965.82501,1,1680,1050
1,2,10346,1779219965.84583,1,1680,1050
1,2,10347,1779219965.86665,1,1680,1050
1,2,10348,1779219965.88747,1,1680,1050
1,2,10349,1779219965.90829,1,1680,1050
1,2,10350,1779219965.92911,1,1680,1050
1,2,10351,1779219965.94993,1,1680,1050
1,2,10352,1779219965.97075,1,1680,1050
1,2,10353,1779219965.99157,1,1680,1050
1,2,10354,1779219966.01239,1,1680,1050
1,2,10355,1779219966.03321,1,1680,1050
1,2,10356,1779219966.05403,1,1680,1050
1,2,10357,1779219966.07484,1,1680,1050
1,2,10358,1779219966.09566,1,1680,1050
1,2,10359,1779219966.11648,1,1680,1050
1,2,10360,1779219966.1373,1,1680,1050
1,2,10361,1779219966.15812,1,1680,1050
1,2,10362,1779219966.17894,1,1680,1050
1,2,10363,1779219966.19976,1,1680,1050
1,2,10364,1779219966.22058,1,1680,1050
1,2,10365,1779219966.2414,1,1680,1050
1,2,10366,1779219966.26222,1,1680,1050
1,2,10367,1779219966.28304,1,1680,1050
1,2,10368,1779219966.30386,1,1680,1050
1,2,10369,1779219966.32468,1,1680,1050
1,2,10370,1779219966.3455,1,1680,1050
1,2,10371,1779219966.36632,1,1680,1050
1,2,10372,1779219966.38714,1,1680,1050
1,2,10373,1779219966.40796,1,1680,1050
1,2,10374,1779219966.42878,1,1680,1050
1,2,10375,1779219966.4496,1,1680,1050
1,2,10376,1779219966.47042,1,1680,1050
1,2,10377,1779219966.49123,1,1680,1050
1,2,10378,1779219966.51205,1,1680,1050
1,2,10379,1779219966.53287,1,1680,1050
1,2,10380,1779219966.55369,1,1680,1050
1,2,10381,1779219966.57451,1,1680,1050
1,2,10382,1779219966.59533,1,1680,1050
1,2,10383,1779219966.61615,1,1680,1050
1,2,10384,1779219966.63697,1,1680,1050
1,2,10385,1779219966.65779,1,1680,1050
1,2,10386,1779219966.67861,1,1680,1050
1,2,10387,1779219966.69943,1,1680,1050
1,2,10388,1779219966.72025,1,1680,1050
1,2,10389,1779219966.74107,1,1680,1050
1,2,10390,1779219966.76189,1,1680,1050
1,2,10391,1779219966.78271,1,1680,1050
1,2,10392,1779219966.80353,1,1680,1050
1,2,10393,1779219966.82435,1,1680,1050
1,2,10394,1779219966.84517,1,1680,1050
1,2,10395,1779219966.86599,1,1680,1050
1,2,10396,1779219966.88681,1,1680,1050
1,2,10397,1779219966.90763,1,1680,1050
1,2,10398,1779219966.92844,1,1680,1050
1,2,10399,1779219966.94926,1,1680,1050
1,2,10400,1779219966.97008,1,1680,1050
1,2,10401,1779219966.9909,1,1680,1050
1,2,10402,1779219967.01172,1,1680,1050
1,2,10403,1779219967.03254,1,1680,1050
1,2,10404,1779219967.05336,1,1680,1050
1,2,10405,1779219967.07418,1,1680,1050
1,2,10406,1779219967.095,1,1680,1050
1,2,10407,1779219967.11582,1,1680,1050
1,2,10408,1779219967.13664,1,1680,1050
1,2,10409,1779219967.15746,1,1680,1050
1,2,10410,1779219967.17828,1,1680,1050
1,2,10411,1779219967.1991,1,1680,1050
1,2,10412,1779219967.21992,1,1680,1050
1,2,10413,1779219967.24074,1,1680,1050
1,2,10414,1779219967.26156,1,1680,1050
1,2,10415,1779219967.28238,1,1680,1050
1,2,10416,1779219967.3032,1,1680,1050
1,2,10417,1779219967.32401,1,1680,1050
1,2,10418,1779219967.34483,1,1680,1050
1,2,10419,1779219967.36565,1,1680,1050
1,2,10420,1779219967.38647,1,1680,1050
1,2,10421,1779219967.40729,1,1680,1050
1,2,10422,1779219967.42811,1,1680,1050
1,2,10423,1779219967.44893,1,1680,1050
1,2,10424,1779219967.46975,1,1680,1050
1,2,10425,1779219967.49057,1,1680,1050
1,2,10426,1779219967.51139,1,1680,1050
1,2,10427,1779219967.53221,1,1680,1050
1,2,10428,1779219967.55303,1,1680,1050
1,2,10429,1779219967.57385,1,1680,1050
1,2,10430,1779219967.59467,1,1680,1050
1,2,10431,1779219967.61549,1,1680,1050
1,2,10432,1779219967.63631,1,1680,1050
1,2,10433,1779219967.65713,1,1680,1050
1,2,10434,1779219967.67795,1,1680,1050
1,2,10435,1779219967.69877,1,1680,1050
1,2,10436,1779219967.71959,1,1680,1050
1,2,10437,1779219967.74041,1,1680,1050
1,2,10438,1779219967.76122,1,1680,1050
1,2,10439,1779219967.78204,1,1680,1050
1,2,10440,1779219967.80286,1,1680,1050
1,2,10441,1779219967.82368,1,1680,1050
1,2,10442,1779219967.8445,1,1680,1050
1,2,10443,1779219967.86532,1,1680,1050
1,2,10444,1779219967.88614,1,1680,1050
1,2,10445,1779219967.90696,1,1680,1050
1,2,10446,1779219967.92778,1,1680,1050
1,2,10447,1779219967.9486,1,1680,1050
1,2,10448,1779219967.96942,1,1680,1050
1,2,10449,1779219967.99024,1,1680,1050
1,2,10450,1779219968.01106,1,1680,1050
1,2,10451,1779219968.03188,1,1680,1050
1,2,10452,1779219968.0527,1,1680,1050
1,2,10453,1779219968.07352,1,1680,1050
1,2,10454,1779219968.09434,1,1680,1050
1,2,10455,1779219968.11515,1,1680,1050
1,2,10456,1779219968.13598,1,1680,1050
1,2,10457,1779219968.1568,1,1680,1050
1,2,10458,1779219968.17761,1,1680,1050
1,2,10459,1779219968.19843,1,1680,1050
1,2,10460,1779219968.21925,1,1680,1050
1,2,10461,1779219968.24007,1,1680,1050
1,2,10462,1779219968.26089,1,1680,1050
1,2,10463,1779219968.28171,1,1680,1050
1,2,10464,1779219968.30253,1,1680,1050
1,2,10465,1779219968.32335,1,1680,1050
1,2,10466,1779219968.34417,1,1680,1050
1,2,10467,1779219968.36499,1,1680,1050
1,2,10468,1779219968.38581,1,1680,1050
1,2,10469,1779219968.40663,1,1680,1050
1,2,10470,1779219968.42745,1,1680,1050
1,2,10471,1779219968.44827,1,1680,1050
1,2,10472,1779219968.46909,1,1680,1050
1,2,10473,1779219968.48991,1,1680,1050
1,2,10474,1779219968.51073,1,1680,1050
1,2,10475,1779219968.53155,1,1680,1050
1,2,10476,1779219968.55237,1,1680,1050
1,2,10477,1779219968.57319,1,1680,1050
1,2,10478,1779219968.594,1,1680,1050
1,2,10479,1779219968.61482,1,1680,1050
1,2,10480,1779219968.63564,1,1680,1050
1,2,10481,1779219968.65646,1,1680,1050
1,2,10482,1779219968.67728,1,1680,1050
1,2,10483,1779219968.6981,1,1680,1050
1,2,10484,1779219968.71892,1,1680,1050
1,2,10485,1779219968.73974,1,1680,1050
1,2,10486,1779219968.76056,1,1680,1050
1,2,10487,1779219968.78138,1,1680,1050
1,2,10488,1779219968.8022,1,1680,1050
1,2,10489,1779219968.82302,1,1680,1050
1,2,10490,1779219968.84384,1,1680,1050
1,2,10491,1779219968.86466,1,1680,1050
1,2,10492,1779219968.88548,1,1680,1050
1,2,10493,1779219968.9063,1,1680,1050
1,2,10494,1779219968.92712,1,1680,1050
1,2,10495,1779219968.94794,1,1680,1050
1,2,10496,1779219968.96876,1,1680,1050
1,2,10497,1779219968.98958,1,1680,1050
1,2,10498,1779219969.01039,1,1680,1050
1,2,10499,1779219969.03121,1,1680,1050
1,2,10500,1779219969.05203,1,1680,1050
1,2,10501,1779219969.07285,1,1680,1050
1,2,10502,1779219969.09367,2,1680,1050
1,2,10503,1779219969.11449,2,1680,1050
1,2,10504,1779219969.13531,2,1680,1050
1,2,10505,1779219969.15613,2,1680,1050
1,2,10506,1779219969.17695,2,1680,1050
1,2,10507,1779219969.19777,2,1680,1050
1,2,10508,1779219969.21859,2,1680,1050
1,2,10509,1779219969.23941,2,1680,1050
1,2,10510,1779219969.26023,2,1680,1050
1,2,10511,1779219969.28105,2,1680,1050
1,2,10512,1779219969.30187,2,1680,1050
1,2,10513,1779219969.32269,2,1680,1050
1,2,10514,1779219969.34351,2,1680,1050
1,2,10515,1779219969.36433,2,1680,1050
1,2,10516,1779219969.38515,2,1680,1050
1,2,10517,1779219969.40597,2,1680,1050
1,2,10518,1779219969.42679,2,1680,1050
1,2,10519,1779219969.4476,2,1680,1050
1,2,10520,1779219969.46842,2,1680,1050
1,2,10521,1779219969.48924,2,1680,1050
1,2,10522,1779219969.51006,2,1680,1050
1,2,10523,1779219969.53088,2,1680,1050
1,2,10524,1779219969.5517,2,1680,1050
1,2,10525,1779219969.57252,2,1680,1050
1,2,10526,1779219969.59334,2,1680,1050
1,2,10527,1779219969.61416,2,1680,1050
1,2,10528,1779219969.63498,2,1680,1050
1,2,10529,1779219969.6558,2,1680,1050
1,2,10530,1779219969.67662,2,1680,1050
1,2,10531,1779219969.69744,2,1680,1050
1,2,10532,1779219969.71826,2,1680,1050
1,2,10533,1779219969.73908,2,1680,1050
1,2,10534,1779219969.7599,2,1680,1050
1,2,10535,1779219969.78072,2,1680,1050
1,2,10536,1779219969.80154,2,1680,1050
1,2,10537,1779219969.82236,2,1680,1050
1,2,10538,1779219969.84317,2,1680,1050
1,2,10539,1779219969.86399,2,1680,1050
1,2,10540,1779219969.88481,2,1680,1050
1,2,10541,1779219969.90563,2,1680,1050
1,2,10542,1779219969.92645,2,1680,1050
1,2,10543,1779219969.94727,2,1680,1050
1,2,10544,1779219969.96809,2,1680,1050
1,2,10545,1779219969.98891,2,1680,1050
1,2,10546,1779219970.00973,2,1680,1050
1,2,10547,1779219970.03055,2,1680,1050
1,2,10548,1779219970.05137,2,1680,1050
1,2,10549,1779219970.07219,2,1680,1050
1,2,10550,1779219970.09301,2,1680,1050
1,2,10551,1779219970.11383,2,1680,1050
1,2,10552,1779219970.13465,2,1680,1050
1,2,10553,1779219970.15547,2,1680,1050
1,2,10554,1779219970.17629,2,1680,1050
1,2,10555,1779219970.19711,2,1680,1050
1,2,10556,1779219970.21793,2,1680,1050
1,2,10557,1779219970.23875,2,1680,1050
1,2,10558,1779219970.25956,2,1680,1050
1,2,10559,1779219970.28038,2,1680,1050
1,2,10560,1779219970.3012,2,1680,1050
1,2,10561,1779219970.32202,2,1680,1050
1,2,10562,1779219970.34284,2,1680,1050
1,2,10563,1779219970.36366,2,1680,1050
1,2,10564,1779219970.38448,2,1680,1050
1,2,10565,1779219970.4053,2,1680,1050
1,2,10566,1779219970.42612,2,1680,1050
1,2,10567,1779219970.44694,2,1680,1050
1,2,10568,1779219970.46776,2,1680,1050
1,2,10569,1779219970.48858,2,1680,1050
1,2,10570,1779219970.5094,2,1680,1050
1,2,10571,1779219970.53022,2,1680,1050
1,2,10572,1779219970.55104,2,1680,1050
1,2,10573,1779219970.57186,2,1680,1050
1,2,10574,1779219970.59268,2,1680,1050
1,2,10575,1779219970.6135,2,1680,1050
1,2,10576,1779219970.63432,2,1680,1050
1,2,10577,1779219970.65514,2,1680,1050
1,2,10578,1779219970.67596,2,1680,1050
1,2,10579,1779219970.69677,2,1680,1050
1,2,10580,1779219970.71759,2,1680,1050
1,2,10581,1779219970.73841,2,1680,1050
1,2,10582,1779219970.75923,2,1680,1050
1,2,10583,1779219970.78005,2,1680,1050
1,2,10584,1779219970.80087,2,1680,1050
1,2,10585,1779219970.82169,2,1680,1050
1,2,10586,1779219970.84251,2,1680,1050
1,2,10587,1779219970.86333,2,1680,1050
1,2,10588,1779219970.88415,2,1680,1050
1,2,10589,1779219970.90497,2,1680,1050
1,2,10590,1779219970.92579,2,1680,1050
1,2,10591,1779219970.94661,2,1680,1050
1,2,10592,1779219970.96743,2,1680,1050
1,2,10593,1779219970.98825,2,1680,1050
1,2,10594,1779219971.00907,2,1680,1050
1,2,10595,1779219971.02989,2,1680,1050
1,2,10596,1779219971.05071,2,1680,1050
1,2,10597,1779219971.07153,2,1680,1050
1,2,10598,1779219971.09235,2,1680,1050
1,2,10599,1779219971.11316,2,1680,1050
1,2,10600,1779219971.13398,2,1680,1050
1,2,10601,1779219971.1548,2,1680,1050
1,2,10602,1779219971.17562,2,1680,1050
1,2,10603,1779219971.19644,2,1680,1050
1,2,10604,1779219971.21726,2,1680,1050
1,2,10605,1779219971.23808,2,1680,1050
1,2,10606,1779219971.2589,2,1680,1050
1,2,10607,1779219971.27972,2,1680,1050
1,2,10608,1779219971.30054,2,1680,1050
1,2,10609,1779219971.32136,2,1680,1050
1,2,10610,1779219971.34218,2,1680,1050
1,2,10611,1779219971.363,2,1680,1050
1,2,10612,1779219971.38382,2,1680,1050
1,2,10613,1779219971.40464,2,1680,1050
1,2,10614,1779219971.42546,2,1680,1050
1,2,10615,1779219971.44628,2,1680,1050
1,2,10616,1779219971.4671,2,1680,1050
1,2,10617,1779219971.48792,2,1680,1050
1,2,10618,1779219971.50874,2,1680,1050
1,2,10619,1779219971.52955,2,1680,1050
1,2,10620,1779219971.55037,2,1680,1050
1,2,10621,1779219971.57119,2,1680,1050
1,2,10622,1779219971.59201,2,1680,1050
1,2,10623,1779219971.61283,2,1680,1050
1,2,10624,1779219971.63365,2,1680,1050
1,2,10625,1779219971.65447,2,1680,1050
1,2,10626,1779219971.67529,2,1680,1050
1,2,10627,1779219971.69611,2,1680,1050
1,2,10628,1779219971.71693,2,1680,1050
1,2,10629,1779219971.73775,2,1680,1050
1,2,10630,1779219971.75857,2,1680,1050
1,2,10631,1779219971.77939,2,1680,1050
1,2,10632,1779219971.80021,2,1680,1050
1,2,10633,1779219971.82103,2,1680,1050
1,2,10634,1779219971.84185,2,1680,1050
1,2,10635,1779219971.86267,2,1680,1050
1,2,10636,1779219971.88349,2,1680,1050
1,2,10637,1779219971.90431,2,1680,1050
1,2,10638,1779219971.92513,2,1680,1050
1,2,10639,1779219971.94594,2,1680,1050
1,2,10640,1779219971.96676,2,1680,1050
1,2,10641,1779219971.98758,2,1680,1050
1,2,10642,1779219972.0084,2,1680,1050
1,2,10643,1779219972.02922,2,1680,1050
1,2,10644,1779219972.05004,2,1680,1050
1,2,10645,1779219972.07086,2,1680,1050
1,2,10646,1779219972.09168,2,1680,1050
1,2,10647,1779219972.1125,2,1680,1050
1,2,10648,1779219972.13332,2,1680,1050
1,2,10649,1779219972.15414,2,1680,1050
1,2,10650,1779219972.17496,2,1680,1050
1,2,10651,1779219972.19578,2,1680,1050
1,2,10652,1779219972.2166,2,1680,1050
1,2,10653,1779219972.23742,2,1680,1050
1,2,10654,1779219972.25824,2,1680,1050
1,2,10655,1779219972.27906,2,1680,1050
1,2,10656,1779219972.29988,2,1680,1050
1,2,10657,1779219972.3207,2,1680,1050
1,2,10658,1779219972.34152,2,1680,1050
1,2,10659,1779219972.36233,2,1680,1050
1,2,10660,1779219972.38315,2,1680,1050
1,2,10661,1779219972.40397,2,1680,1050
1,2,10662,1779219972.42479,2,1680,1050
1,2,10663,1779219972.44561,2,1680,1050
1,2,10664,1779219972.46643,2,1680,1050
1,2,10665,1779219972.48725,2,1680,1050
1,2,10666,1779219972.50807,2,1680,1050
1,2,10667,1779219972.52889,2,1680,1050
1,2,10668,1779219972.54971,2,1680,1050
1,2,10669,1779219972.57053,2,1680,1050
1,2,10670,1779219972.59135,2,1680,1050
1,2,10671,1779219972.61217,2,1680,1050
1,2,10672,1779219972.63299,2,1680,1050
1,2,10673,1779219972.65381,2,1680,1050
1,2,10674,1779219972.67463,2,1680,1050
1,2,10675,1779219972.69545,2,1680,1050
1,2,10676,1779219972.71627,2,1680,1050
1,2,10677,1779219972.73709,2,1680,1050
1,2,10678,1779219972.75791,2,1680,1050
1,2,10679,1779219972.77873,2,1680,1050
1,2,10680,1779219972.79954,2,1680,1050
1,2,10681,1779219972.82036,2,1680,1050
1,2,10682,1779219972.84118,2,1680,1050
1,2,10683,1779219972.862,2,1680,1050
1,2,10684,1779219972.88282,2,1680,1050
1,2,10685,1779219972.90364,2,1680,1050
1,2,10686,1779219972.92446,2,1680,1050
1,2,10687,1779219972.94528,2,1680,1050
1,2,10688,1779219972.9661,2,1680,1050
1,2,10689,1779219972.98692,2,1680,1050
1,2,10690,1779219973.00774,2,1680,1050
1,2,10691,1779219973.02856,2,1680,1050
1,2,10692,1779219973.04938,2,1680,1050
1,2,10693,1779219973.0702,2,1680,1050
1,2,10694,1779219973.09102,2,1680,1050
1,2,10695,1779219973.11184,2,1680,1050
1,2,10696,1779219973.13266,2,1680,1050
1,2,10697,1779219973.15348,2,1680,1050
1,2,10698,1779219973.1743,2,1680,1050
1,2,10699,1779219973.19511,2,1680,1050
1,2,10700,1779219973.21593,2,1680,1050
1,2,10701,1779219973.23675,2,1680,1050
1,2,10702,1779219973.25757,2,1680,1050
1,2,10703,1779219973.27839,2,1680,1050
1,2,10704,1779219973.29921,2,1680,1050
1,2,10705,1779219973.32003,2,1680,1050
1,2,10706,1779219973.34085,2,1680,1050
1,2,10707,1779219973.36167,2,1680,1050
1,2,10708,1779219973.38249,2,1680,1050
1,2,10709,1779219973.40331,2,1680,1050
1,2,10710,1779219973.42413,2,1680,1050
1,2,10711,1779219973.44495,2,1680,1050
1,2,10712,1779219973.46577,2,1680,1050
1,2,10713,1779219973.48659,2,1680,1050
1,2,10714,1779219973.50741,2,1680,1050
1,2,10715,1779219973.52823,2,1680,1050
1,2,10716,1779219973.54905,2,1680,1050
1,2,10717,1779219973.56987,2,1680,1050
1,2,10718,1779219973.59069,2,1680,1050
1,2,10719,1779219973.6115,2,1680,1050
1,2,10720,1779219973.63232,2,1680,1050
1,2,10721,1779219973.65314,2,1680,1050
1,2,10722,1779219973.67396,2,1680,1050
1,2,10723,1779219973.69478,2,1680,1050
1,2,10724,1779219973.7156,2,1680,1050
1,2,10725,1779219973.73642,2,1680,1050
1,2,10726,1779219973.75724,2,1680,1050
1,2,10727,1779219973.77806,2,1680,1050
1,2,10728,1779219973.79888,2,1680,1050
1,2,10729,1779219973.8197,2,1680,1050
1,2,10730,1779219973.84052,2,1680,1050
1,2,10731,1779219973.86134,2,1680,1050
1,2,10732,1779219973.88216,2,1680,1050
1,2,10733,1779219973.90298,2,1680,1050
1,2,10734,1779219973.9238,2,1680,1050
1,2,10735,1779219973.94462,2,1680,1050
1,2,10736,1779219973.96544,2,1680,1050
1,2,10737,1779219973.98626,2,1680,1050
1,2,10738,1779219974.00708,2,1680,1050
1,2,10739,1779219974.0279,2,1680,1050
1,2,10740,1779219974.04871,2,1680,1050
1,2,10741,1779219974.06953,2,1680,1050
1,2,10742,1779219974.09035,2,1680,1050
1,2,10743,1779219974.11117,2,1680,1050
1,2,10744,1779219974.13199,2,1680,1050
1,2,10745,1779219974.15281,2,1680,1050
1,2,10746,1779219974.17363,2,1680,1050
1,2,10747,1779219974.19445,2,1680,1050
1,2,10748,1779219974.21527,2,1680,1050
1,2,10749,1779219974.23609,2,1680,1050
1,2,10750,1779219974.25691,2,1680,1050
1,2,10751,1779219974.27773,2,1680,1050
1,2,10752,1779219974.29855,2,1680,1050
1,2,10753,1779219974.31937,2,1680,1050
1,2,10754,1779219974.34019,2,1680,1050
1,2,10755,1779219974.36101,2,1680,1050
1,2,10756,1779219974.38183,2,1680,1050
1,2,10757,1779219974.40265,2,1680,1050
1,2,10758,1779219974.42347,2,1680,1050
1,2,10759,1779219974.44429,2,1680,1050
1,2,10760,1779219974.4651,2,1680,1050
1,2,10761,1779219974.48592,2,1680,1050
1,2,10762,1779219974.50674,2,1680,1050
1,2,10763,1779219974.52756,2,1680,1050
1,2,10764,1779219974.54838,2,1680,1050
1,2,10765,1779219974.5692,2,1680,1050
1,2,10766,1779219974.59002,2,1680,1050
1,2,10767,1779219974.61084,2,1680,1050
1,2,10768,1779219974.63166,2,1680,1050
1,2,10769,1779219974.65248,2,1680,1050
1,2,10770,1779219974.6733,2,1680,1050
1,2,10771,1779219974.69412,2,1680,1050
1,2,10772,1779219974.71494,2,1680,1050
1,2,10773,1779219974.73576,2,1680,1050
1,2,10774,1779219974.75658,2,1680,1050
1,2,10775,1779219974.7774,2,1680,1050
1,2,10776,1779219974.79822,2,1680,1050
1,2,10777,1779219974.81904,2,1680,1050
1,2,10778,1779219974.83986,2,1680,1050
1,2,10779,1779219974.86068,2,1680,1050
1,2,10780,1779219974.88149,2,1680,1050
1,2,10781,1779219974.90232,2,1680,1050
1,2,10782,1779219974.92313,2,1680,1050
1,2,10783,1779219974.94395,2,1680,1050
1,2,10784,1779219974.96477,2,1680,1050
1,2,10785,1779219974.98559,2,1680,1050
1,2,10786,1779219975.00641,2,1680,1050
1,2,10787,1779219975.02723,2,1680,1050
1,2,10788,1779219975.04805,2,1680,1050
1,2,10789,1779219975.06887,2,1680,1050
1,2,10790,1779219975.08969,2,1680,1050
1,2,10791,1779219975.11051,2,1680,1050
1,2,10792,1779219975.13133,2,1680,1050
1,2,10793,1779219975.15215,2,1680,1050
1,2,10794,1779219975.17297,2,1680,1050
1,2,10795,1779219975.19379,2,1680,1050
1,2,10796,1779219975.21461,2,1680,1050
1,2,10797,1779219975.23543,2,1680,1050
1,2,10798,1779219975.25625,2,1680,1050
1,2,10799,1779219975.27707,2,1680,1050
1,2,10800,1779219975.29788,2,1680,1050
1,2,10801,1779219975.3187,2,1680,1050
1,2,10802,1779219975.33952,2,1680,1050
1,2,10803,1779219975.36034,2,1680,1050
1,2,10804,1779219975.38116,2,1680,1050
1,2,10805,1779219975.40198,2,1680,1050
1,2,10806,1779219975.4228,2,1680,1050
1,2,10807,1779219975.44362,2,1680,1050
1,2,10808,1779219975.46444,2,1680,1050
1,2,10809,1779219975.48526,2,1680,1050
1,2,10810,1779219975.50608,2,1680,1050
1,2,10811,1779219975.5269,2,1680,1050
1,2,10812,1779219975.54772,2,1680,1050
1,2,10813,1779219975.56854,2,1680,1050
1,2,10814,1779219975.58936,2,1680,1050
1,2,10815,1779219975.61018,2,1680,1050
1,2,10816,1779219975.631,2,1680,1050
1,2,10817,1779219975.65182,2,1680,1050
1,2,10818,1779219975.67264,2,1680,1050
1,2,10819,1779219975.69346,2,1680,1050
1,2,10820,1779219975.71427,2,1680,1050
1,2,10821,1779219975.73509,2,1680,1050
1,2,10822,1779219975.75591,2,1680,1050
1,2,10823,1779219975.77673,2,1680,1050
1,2,10824,1779219975.79755,2,1680,1050
1,2,10825,1779219975.81837,2,1680,1050
1,2,10826,1779219975.83919,2,1680,1050
1,2,10827,1779219975.86001,2,1680,1050
1,2,10828,1779219975.88083,2,1680,1050
1,2,10829,1779219975.90165,2,1680,1050
1,2,10830,1779219975.92247,2,1680,1050
1,2,10831,1779219975.94329,2,1680,1050
1,2,10832,1779219975.96411,2,1680,1050
1,2,10833,1779219975.98493,2,1680,1050
1,2,10834,1779219976.00575,2,1680,1050
1,2,10835,1779219976.02657,2,1680,1050
1,2,10836,1779219976.04739,2,1680,1050
1,2,10837,1779219976.06821,2,1680,1050
1,2,10838,1779219976.08903,2,1680,1050
1,2,10839,1779219976.10985,2,1680,1050
1,2,10840,1779219976.13067,2,1680,1050
1,2,10841,1779219976.15148,2,1680,1050
1,2,10842,1779219976.1723,2,1680,1050
1,2,10843,1779219976.19312,2,1680,1050
1,2,10844,1779219976.21394,2,1680,1050
1,2,10845,1779219976.23476,2,1680,1050
1,2,10846,1779219976.25558,2,1680,1050
1,2,10847,1779219976.2764,2,1680,1050
1,2,10848,1779219976.29722,2,1680,1050
1,2,10849,1779219976.31804,2,1680,1050
1,2,10850,1779219976.33886,2,1680,1050
1,2,10851,1779219976.35968,2,1680,1050
1,2,10852,1779219976.3805,2,1680,1050
1,2,10853,1779219976.40132,2,1680,1050
1,2,10854,1779219976.42214,2,1680,1050
1,2,10855,1779219976.44296,2,1680,1050
1,2,10856,1779219976.46378,2,1680,1050
1,2,10857,1779219976.4846,2,1680,1050
1,2,10858,1779219976.50542,2,1680,1050
1,2,10859,1779219976.52624,2,1680,1050
1,2,10860,1779219976.54706,2,1680,1050
1,2,10861,1779219976.56787,2,1680,1050
1,2,10862,1779219976.79689,1,1680,1050
1,2,10863,1779219976.81771,1,1680,1050
1,2,10864,1779219976.83853,1,1680,1050
1,2,10865,1779219976.85935,1,1680,1050
1,2,10866,1779219976.88017,1,1680,1050
1,2,10867,1779219976.90099,1,1680,1050
1,2,10868,1779219976.92181,1,1680,1050
1,2,10869,1779219976.94263,1,1680,1050
1,2,10870,1779219976.96344,1,1680,1050
1,2,10871,1779219976.98426,1,1680,1050
1,2,10872,1779219977.00508,1,1680,1050
1,2,10873,1779219977.0259,1,1680,1050
1,2,10874,1779219977.04672,1,1680,1050
1,2,10875,1779219977.06754,1,1680,1050
1,2,10876,1779219977.08836,1,1680,1050
1,2,10877,1779219977.10918,1,1680,1050
1,2,10878,1779219977.13,1,1680,1050
1,2,10879,1779219977.15082,1,1680,1050
1,2,10880,1779219977.17164,1,1680,1050
1,2,10881,1779219977.19246,1,1680,1050
1,2,10882,1779219977.21328,1,1680,1050
1,2,10883,1779219977.2341,1,1680,1050
1,2,10884,1779219977.25492,1,1680,1050
1,2,10885,1779219977.27574,1,1680,1050
1,2,10886,1779219977.29656,1,1680,1050
1,2,10887,1779219977.31738,1,1680,1050
1,2,10888,1779219977.3382,1,1680,1050
1,2,10889,1779219977.35902,1,1680,1050
1,2,10890,1779219977.37983,1,1680,1050
1,2,10891,1779219977.40065,1,1680,1050
1,2,10892,1779219977.42147,1,1680,1050
1,2,10893,1779219977.44229,1,1680,1050
1,2,10894,1779219977.46311,1,1680,1050
1,2,10895,1779219977.48393,1,1680,1050
1,2,10896,1779219977.50475,1,1680,1050
1,2,10897,1779219977.52557,1,1680,1050
1,2,10898,1779219977.54639,1,1680,1050
1,2,10899,1779219977.56721,1,1680,1050
1,2,10900,1779219977.58803,1,1680,1050
1,2,10901,1779219977.60885,1,1680,1050
1,2,10902,1779219977.62967,1,1680,1050
1,2,10903,1779219977.65049,1,1680,1050
1,2,10904,1779219977.67131,1,1680,1050
1,2,10905,1779219977.69213,1,1680,1050
1,2,10906,1779219977.71295,1,1680,1050
1,2,10907,1779219977.73377,1,1680,1050
1,2,10908,1779219977.75459,1,1680,1050
1,2,10909,1779219977.77541,1,1680,1050
1,2,10910,1779219977.79623,1,1680,1050
1,2,10911,1779219977.81704,1,1680,1050
1,2,10912,1779219977.83786,1,1680,1050
1,2,10913,1779219977.85868,1,1680,1050
1,2,10914,1779219977.8795,1,1680,1050
1,2,10915,1779219977.90032,1,1680,1050
1,2,10916,1779219977.92114,1,1680,1050
1,2,10917,1779219977.94196,1,1680,1050
1,2,10918,1779219977.96278,1,1680,1050
1,2,10919,1779219977.9836,1,1680,1050
1,2,10920,1779219978.00442,1,1680,1050
1,2,10921,1779219978.02524,1,1680,1050
1,2,10922,1779219978.04606,1,1680,1050
1,2,10923,1779219978.06688,1,1680,1050
1,2,10924,1779219978.0877,1,1680,1050
1,2,10925,1779219978.10852,1,1680,1050
1,2,10926,1779219978.12934,1,1680,1050
1,2,10927,1779219978.15016,1,1680,1050
1,2,10928,1779219978.17098,1,1680,1050
1,2,10929,1779219978.1918,1,1680,1050
1,2,10930,1779219978.21262,1,1680,1050
1,2,10931,1779219978.23343,1,1680,1050
1,2,10932,1779219978.25425,1,1680,1050
1,2,10933,1779219978.27507,1,1680,1050
1,2,10934,1779219978.29589,1,1680,1050
1,2,10935,1779219978.31671,1,1680,1050
1,2,10936,1779219978.33753,1,1680,1050
1,2,10937,1779219978.35835,1,1680,1050
1,2,10938,1779219978.37917,1,1680,1050
1,2,10939,1779219978.39999,1,1680,1050
1,2,10940,1779219978.42081,1,1680,1050
1,2,10941,1779219978.44163,1,1680,1050
1,2,10942,1779219978.46245,1,1680,1050
1,2,10943,1779219978.48327,1,1680,1050
1,2,10944,1779219978.50409,1,1680,1050
1,2,10945,1779219978.52491,1,1680,1050
1,2,10946,1779219978.54573,1,1680,1050
1,2,10947,1779219978.56655,1,1680,1050
1,2,10948,1779219978.58737,1,1680,1050
1,2,10949,1779219978.60819,1,1680,1050
1,2,10950,1779219978.62901,1,1680,1050
1,2,10951,1779219978.64982,1,1680,1050
1,2,10952,1779219978.67064,1,1680,1050
1,2,10953,1779219978.69146,1,1680,1050
1,2,10954,1779219978.71228,1,1680,1050
1,2,10955,1779219978.7331,1,1680,1050
1,2,10956,1779219978.75392,1,1680,1050
1,2,10957,1779219978.77474,1,1680,1050
1,2,10958,1779219978.79556,1,1680,1050
1,2,10959,1779219978.81638,1,1680,1050
1,2,10960,1779219978.8372,1,1680,1050
1,2,10961,1779219978.85802,1,1680,1050
1,2,10962,1779219978.87884,1,1680,1050
1,2,10963,1779219978.89966,1,1680,1050
1,2,10964,1779219978.92048,1,1680,1050
1,2,10965,1779219978.9413,1,1680,1050
1,2,10966,1779219978.96212,1,1680,1050
1,2,10967,1779219978.98294,1,1680,1050
1,2,10968,1779219979.00376,1,1680,1050
1,2,10969,1779219979.02458,1,1680,1050
1,2,10970,1779219979.0454,1,1680,1050
1,2,10971,1779219979.06621,1,1680,1050
1,2,10972,1779219979.08703,1,1680,1050
1,2,10973,1779219979.10785,1,1680,1050
1,2,10974,1779219979.12867,1,1680,1050
1,2,10975,1779219979.14949,1,1680,1050
1,2,10976,1779219979.17031,1,1680,1050
1,2,10977,1779219979.19113,1,1680,1050
1,2,10978,1779219979.21195,1,1680,1050
1,2,10979,1779219979.23277,1,1680,1050
1,2,10980,1779219979.25359,1,1680,1050
1,2,10981,1779219979.27441,1,1680,1050
1,2,10982,1779219979.29523,1,1680,1050
1,2,10983,1779219979.31605,1,1680,1050
1,2,10984,1779219979.33687,1,1680,1050
1,2,10985,1779219979.35769,1,1680,1050
1,2,10986,1779219979.37851,1,1680,1050
1,2,10987,1779219979.39933,1,1680,1050
1,2,10988,1779219979.42015,1,1680,1050
1,2,10989,1779219979.44097,1,1680,1050
1,2,10990,1779219979.46179,1,1680,1050
1,2,10991,1779219979.4826,1,1680,1050
1,2,10992,1779219979.50342,1,1680,1050
1,2,10993,1779219979.52424,1,1680,1050
1,2,10994,1779219979.54506,1,1680,1050
1,2,10995,1779219979.56588,1,1680,1050
1,2,10996,1779219979.5867,1,1680,1050
1,2,10997,1779219979.60752,1,1680,1050
1,2,10998,1779219979.62834,1,1680,1050
1,2,10999,1779219979.64916,1,1680,1050
1,2,11000,1779219979.66998,1,1680,1050
1,2,11001,1779219979.6908,1,1680,1050
1,2,11002,1779219979.71162,1,1680,1050
1,2,11003,1779219979.73244,1,1680,1050
1,2,11004,1779219979.75326,1,1680,1050
1,2,11005,1779219979.77408,1,1680,1050
1,2,11006,1779219979.7949,1,1680,1050
1,2,11007,1779219979.81572,1,1680,1050
1,2,11008,1779219979.83654,1,1680,1050
1,2,11009,1779219979.85736,1,1680,1050
1,2,11010,1779219979.87818,1,1680,1050
1,2,11011,1779219979.899,1,1680,1050
1,2,11012,1779219979.91981,1,1680,1050
1,2,11013,1779219979.94063,1,1680,1050
1,2,11014,1779219979.96145,1,1680,1050
1,2,11015,1779219979.98227,1,1680,1050
1,2,11016,1779219980.00309,1,1680,1050
1,2,11017,1779219980.02391,1,1680,1050
1,2,11018,1779219980.04473,1,1680,1050
1,2,11019,1779219980.06555,1,1680,1050
1,2,11020,1779219980.08637,1,1680,1050
1,2,11021,1779219980.10719,1,1680,1050
1,2,11022,1779219980.12801,1,1680,1050
1,2,11023,1779219980.14883,1,1680,1050
1,2,11024,1779219980.16965,1,1680,1050
1,2,11025,1779219980.19047,1,1680,1050
1,2,11026,1779219980.21129,1,1680,1050
1,2,11027,1779219980.23211,1,1680,1050
1,2,11028,1779219980.25293,1,1680,1050
1,2,11029,1779219980.27375,1,1680,1050
1,2,11030,1779219980.29457,1,1680,1050
1,2,11031,1779219980.31539,1,1680,1050
1,2,11032,1779219980.3362,1,1680,1050
1,2,11033,1779219980.35702,1,1680,1050
1,2,11034,1779219980.37784,1,1680,1050
1,2,11035,1779219980.39866,1,1680,1050
1,2,11036,1779219980.41948,1,1680,1050
1,2,11037,1779219980.4403,1,1680,1050
1,2,11038,1779219980.46112,1,1680,1050
1,2,11039,1779219980.48194,1,1680,1050
1,2,11040,1779219980.50276,1,1680,1050
1,2,11041,1779219980.52358,1,1680,1050
1,2,11042,1779219980.5444,1,1680,1050
1,2,11043,1779219980.56522,1,1680,1050
1,2,11044,1779219980.58604,1,1680,1050
1,2,11045,1779219980.60686,1,1680,1050
1,2,11046,1779219980.62768,1,1680,1050
1,2,11047,1779219980.6485,1,1680,1050
1,2,11048,1779219980.66932,1,1680,1050
1,2,11049,1779219980.69014,1,1680,1050
1,2,11050,1779219980.71096,1,1680,1050
1,2,11051,1779219980.73178,1,1680,1050
1,2,11052,1779219980.7526,1,1680,1050
1,2,11053,1779219980.77341,1,1680,1050
1,2,11054,1779219980.79423,1,1680,1050
1,2,11055,1779219980.81505,1,1680,1050
1,2,11056,1779219980.83587,1,1680,1050
1,2,11057,1779219980.85669,1,1680,1050
1,2,11058,1779219980.87751,1,1680,1050
1,2,11059,1779219980.89833,1,1680,1050
1,2,11060,1779219980.91915,1,1680,1050
1,2,11061,1779219980.93997,1,1680,1050
1,2,11062,1779219980.96079,1,1680,1050
1,2,11063,1779219980.98161,1,1680,1050
1,2,11064,1779219981.00243,1,1680,1050
1,2,11065,1779219981.02325,1,1680,1050
1,2,11066,1779219981.04407,1,1680,1050
1,2,11067,1779219981.06489,1,1680,1050
1,2,11068,1779219981.08571,1,1680,1050
1,2,11069,1779219981.10653,1,1680,1050
1,2,11070,1779219981.12735,1,1680,1050
1,2,11071,1779219981.14817,1,1680,1050
1,2,11072,1779219981.16898,1,1680,1050
1,2,11073,1779219981.1898,1,1680,1050
1,2,11074,1779219981.21062,1,1680,1050
1,2,11075,1779219981.23144,1,1680,1050
1,2,11076,1779219981.25226,1,1680,1050
1,2,11077,1779219981.27308,1,1680,1050
1,2,11078,1779219981.2939,1,1680,1050
1,2,11079,1779219981.31472,1,1680,1050
1,2,11080,1779219981.33554,1,1680,1050
1,2,11081,1779219981.35636,1,1680,1050
1,2,11082,1779219981.37718,1,1680,1050
1,2,11083,1779219981.398,1,1680,1050
1,2,11084,1779219981.41882,1,1680,1050
1,2,11085,1779219981.43964,1,1680,1050
1,2,11086,1779219981.46046,1,1680,1050
1,2,11087,1779219981.48128,1,1680,1050
1,2,11088,1779219981.5021,1,1680,1050
1,2,11089,1779219981.52292,1,1680,1050
1,2,11090,1779219981.54374,1,1680,1050
1,2,11091,1779219981.56456,1,1680,1050
1,2,11092,1779219981.58537,1,1680,1050
1,2,11093,1779219981.60619,1,1680,1050
1,2,11094,1779219981.62701,1,1680,1050
1,2,11095,1779219981.64783,1,1680,1050
1,2,11096,1779219981.66865,1,1680,1050
1,2,11097,1779219981.68947,1,1680,1050
1,2,11098,1779219981.71029,1,1680,1050
1,2,11099,1779219981.73111,1,1680,1050
1,2,11100,1779219981.75193,1,1680,1050
1,2,11101,1779219981.77275,1,1680,1050
1,2,11102,1779219981.79357,2,1680,1050
1,2,11103,1779219981.81439,2,1680,1050
1,2,11104,1779219981.83521,2,1680,1050
1,2,11105,1779219981.85603,2,1680,1050
1,2,11106,1779219981.87685,2,1680,1050
1,2,11107,1779219981.89767,2,1680,1050
1,2,11108,1779219981.91849,2,1680,1050
1,2,11109,1779219981.93931,2,1680,1050
1,2,11110,1779219981.96013,2,1680,1050
1,2,11111,1779219981.98095,2,1680,1050
1,2,11112,1779219982.00176,2,1680,1050
1,2,11113,1779219982.02258,2,1680,1050
1,2,11114,1779219982.0434,2,1680,1050
1,2,11115,1779219982.06422,2,1680,1050
1,2,11116,1779219982.08504,2,1680,1050
1,2,11117,1779219982.10586,2,1680,1050
1,2,11118,1779219982.12668,2,1680,1050
1,2,11119,1779219982.1475,2,1680,1050
1,2,11120,1779219982.16832,2,1680,1050
1,2,11121,1779219982.18914,2,1680,1050
1,2,11122,1779219982.20996,2,1680,1050
1,2,11123,1779219982.23078,2,1680,1050
1,2,11124,1779219982.2516,2,1680,1050
1,2,11125,1779219982.27242,2,1680,1050
1,2,11126,1779219982.29324,2,1680,1050
1,2,11127,1779219982.31406,2,1680,1050
1,2,11128,1779219982.33488,2,1680,1050
1,2,11129,1779219982.3557,2,1680,1050
1,2,11130,1779219982.37652,2,1680,1050
1,2,11131,1779219982.39734,2,1680,1050
1,2,11132,1779219982.41815,2,1680,1050
1,2,11133,1779219982.43897,2,1680,1050
1,2,11134,1779219982.45979,2,1680,1050
1,2,11135,1779219982.48061,2,1680,1050
1,2,11136,1779219982.50143,2,1680,1050
1,2,11137,1779219982.52225,2,1680,1050
1,2,11138,1779219982.54307,2,1680,1050
1,2,11139,1779219982.56389,2,1680,1050
1,2,11140,1779219982.58471,2,1680,1050
1,2,11141,1779219982.60553,2,1680,1050
1,2,11142,1779219982.62635,2,1680,1050
1,2,11143,1779219982.64717,2,1680,1050
1,2,11144,1779219982.66799,2,1680,1050
1,2,11145,1779219982.68881,2,1680,1050
1,2,11146,1779219982.70963,2,1680,1050
1,2,11147,1779219982.73045,2,1680,1050
1,2,11148,1779219982.75127,2,1680,1050
1,2,11149,1779219982.77209,2,1680,1050
1,2,11150,1779219982.79291,2,1680,1050
1,2,11151,1779219982.81373,2,1680,1050
1,2,11152,1779219982.83454,2,1680,1050
1,2,11153,1779219982.85536,2,1680,1050
1,2,11154,1779219982.87618,2,1680,1050
1,2,11155,1779219982.897,2,1680,1050
1,2,11156,1779219982.91782,2,1680,1050
1,2,11157,1779219982.93864,2,1680,1050
1,2,11158,1779219982.95946,2,1680,1050
1,2,11159,1779219982.98028,2,1680,1050
1,2,11160,1779219983.0011,2,1680,1050
1,2,11161,1779219983.02192,2,1680,1050
1,2,11162,1779219983.04274,2,1680,1050
1,2,11163,1779219983.06356,2,1680,1050
1,2,11164,1779219983.08438,2,1680,1050
1,2,11165,1779219983.1052,2,1680,1050
1,2,11166,1779219983.12602,2,1680,1050
1,2,11167,1779219983.14684,2,1680,1050
1,2,11168,1779219983.16766,2,1680,1050
1,2,11169,1779219983.18848,2,1680,1050
1,2,11170,1779219983.2093,2,1680,1050
1,2,11171,1779219983.23012,2,1680,1050
1,2,11172,1779219983.25094,2,1680,1050
1,2,11173,1779219983.27175,2,1680,1050
1,2,11174,1779219983.29257,2,1680,1050
1,2,11175,1779219983.31339,2,1680,1050
1,2,11176,1779219983.33421,2,1680,1050
1,2,11177,1779219983.35503,2,1680,1050
1,2,11178,1779219983.37585,2,1680,1050
1,2,11179,1779219983.39667,2,1680,1050
1,2,11180,1779219983.41749,2,1680,1050
1,2,11181,1779219983.43831,2,1680,1050
1,2,11182,1779219983.45913,2,1680,1050
1,2,11183,1779219983.47995,2,1680,1050
1,2,11184,1779219983.50077,2,1680,1050
1,2,11185,1779219983.52159,2,1680,1050
1,2,11186,1779219983.54241,2,1680,1050
1,2,11187,1779219983.56323,2,1680,1050
1,2,11188,1779219983.58405,2,1680,1050
1,2,11189,1779219983.60487,2,1680,1050
1,2,11190,1779219983.62569,2,1680,1050
1,2,11191,1779219983.64651,2,1680,1050
1,2,11192,1779219983.66733,2,1680,1050
1,2,11193,1779219983.68814,2,1680,1050
1,2,11194,1779219983.70896,2,1680,1050
1,2,11195,1779219983.72978,2,1680,1050
1,2,11196,1779219983.7506,2,1680,1050
1,2,11197,1779219983.77142,2,1680,1050
1,2,11198,1779219983.79224,2,1680,1050
1,2,11199,1779219983.81306,2,1680,1050
1,2,11200,1779219983.83388,2,1680,1050
1,2,11201,1779219983.8547,2,1680,1050
1,2,11202,1779219983.87552,2,1680,1050
1,2,11203,1779219983.89634,2,1680,1050
1,2,11204,1779219983.91716,2,1680,1050
1,2,11205,1779219983.93798,2,1680,1050
1,2,11206,1779219983.9588,2,1680,1050
1,2,11207,1779219983.97962,2,1680,1050
1,2,11208,1779219984.00044,2,1680,1050
1,2,11209,1779219984.02126,2,1680,1050
1,2,11210,1779219984.04208,2,1680,1050
1,2,11211,1779219984.0629,2,1680,1050
1,2,11212,1779219984.08372,2,1680,1050
1,2,11213,1779219984.10454,2,1680,1050
1,2,11214,1779219984.12535,2,1680,1050
1,2,11215,1779219984.14617,2,1680,1050
1,2,11216,1779219984.16699,2,1680,1050
1,2,11217,1779219984.18781,2,1680,1050
1,2,11218,1779219984.20863,2,1680,1050
1,2,11219,1779219984.22945,2,1680,1050
1,2,11220,1779219984.25027,2,1680,1050
1,2,11221,1779219984.27109,2,1680,1050
1,2,11222,1779219984.29191,2,1680,1050
1,2,11223,1779219984.31273,2,1680,1050
1,2,11224,1779219984.33355,2,1680,1050
1,2,11225,1779219984.35437,2,1680,1050
1,2,11226,1779219984.37519,2,1680,1050
1,2,11227,1779219984.39601,2,1680,1050
1,2,11228,1779219984.41683,2,1680,1050
1,2,11229,1779219984.43765,2,1680,1050
1,2,11230,1779219984.45847,2,1680,1050
1,2,11231,1779219984.47929,2,1680,1050
1,2,11232,1779219984.50011,2,1680,1050
1,2,11233,1779219984.52092,2,1680,1050
1,2,11234,1779219984.54174,2,1680,1050
1,2,11235,1779219984.56256,2,1680,1050
1,2,11236,1779219984.58338,2,1680,1050
1,2,11237,1779219984.6042,2,1680,1050
1,2,11238,1779219984.62502,2,1680,1050
1,2,11239,1779219984.64584,2,1680,1050
1,2,11240,1779219984.66666,2,1680,1050
1,2,11241,1779219984.68748,2,1680,1050
1,2,11242,1779219984.7083,2,1680,1050
1,2,11243,1779219984.72912,2,1680,1050
1,2,11244,1779219984.74994,2,1680,1050
1,2,11245,1779219984.77076,2,1680,1050
1,2,11246,1779219984.79158,2,1680,1050
1,2,11247,1779219984.8124,2,1680,1050
1,2,11248,1779219984.83322,2,1680,1050
1,2,11249,1779219984.85404,2,1680,1050
1,2,11250,1779219984.87486,2,1680,1050
1,2,11251,1779219984.89568,2,1680,1050
1,2,11252,1779219984.9165,2,1680,1050
1,2,11253,1779219984.93731,2,1680,1050
1,2,11254,1779219984.95813,2,1680,1050
1,2,11255,1779219984.97895,2,1680,1050
1,2,11256,1779219984.99977,2,1680,1050
1,2,11257,1779219985.02059,2,1680,1050
1,2,11258,1779219985.04141,2,1680,1050
1,2,11259,1779219985.06223,2,1680,1050
1,2,11260,1779219985.08305,2,1680,1050
1,2,11261,1779219985.10387,2,1680,1050
1,2,11262,1779219985.12469,2,1680,1050
1,2,11263,1779219985.14551,2,1680,1050
1,2,11264,1779219985.16633,2,1680,1050
1,2,11265,1779219985.18715,2,1680,1050
1,2,11266,1779219985.20797,2,1680,1050
1,2,11267,1779219985.22879,2,1680,1050
1,2,11268,1779219985.24961,2,1680,1050
1,2,11269,1779219985.27043,2,1680,1050
1,2,11270,1779219985.29125,2,1680,1050
1,2,11271,1779219985.31207,2,1680,1050
1,2,11272,1779219985.33289,2,1680,1050
1,2,11273,1779219985.3537,2,1680,1050
1,2,11274,1779219985.37452,2,1680,1050
1,2,11275,1779219985.39534,2,1680,1050
1,2,11276,1779219985.41616,2,1680,1050
1,2,11277,1779219985.43698,2,1680,1050
1,2,11278,1779219985.4578,2,1680,1050
1,2,11279,1779219985.47862,2,1680,1050
1,2,11280,1779219985.49944,2,1680,1050
1,2,11281,1779219985.52026,2,1680,1050
1,2,11282,1779219985.54108,2,1680,1050
1,2,11283,1779219985.5619,2,1680,1050
1,2,11284,1779219985.58272,2,1680,1050
1,2,11285,1779219985.60354,2,1680,1050
1,2,11286,1779219985.62436,2,1680,1050
1,2,11287,1779219985.64518,2,1680,1050
1,2,11288,1779219985.666,2,1680,1050
1,2,11289,1779219985.68682,2,1680,1050
1,2,11290,1779219985.70764,2,1680,1050
1,2,11291,1779219985.72846,2,1680,1050
1,2,11292,1779219985.74928,2,1680,1050
1,2,11293,1779219985.77009,2,1680,1050
1,2,11294,1779219985.79092,2,1680,1050
1,2,11295,1779219985.81173,2,1680,1050
1,2,11296,1779219985.83255,2,1680,1050
1,2,11297,1779219985.85337,2,1680,1050
1,2,11298,1779219985.87419,2,1680,1050
1,2,11299,1779219985.89501,2,1680,1050
1,2,11300,1779219985.91583,2,1680,1050
1,2,11301,1779219985.93665,2,1680,1050
1,2,11302,1779219985.95747,2,1680,1050
1,2,11303,1779219985.97829,2,1680,1050
1,2,11304,1779219985.99911,2,1680,1050
1,2,11305,1779219986.01993,2,1680,1050
1,2,11306,1779219986.04075,2,1680,1050
1,2,11307,1779219986.06157,2,1680,1050
1,2,11308,1779219986.08239,2,1680,1050
1,2,11309,1779219986.10321,2,1680,1050
1,2,11310,1779219986.12403,2,1680,1050
1,2,11311,1779219986.14485,2,1680,1050
1,2,11312,1779219986.16567,2,1680,1050
1,2,11313,1779219986.18649,2,1680,1050
1,2,11314,1779219986.2073,2,1680,1050
1,2,11315,1779219986.22812,2,1680,1050
1,2,11316,1779219986.24894,2,1680,1050
1,2,11317,1779219986.26976,2,1680,1050
1,2,11318,1779219986.29058,2,1680,1050
1,2,11319,1779219986.3114,2,1680,1050
1,2,11320,1779219986.33222,2,1680,1050
1,2,11321,1779219986.35304,2,1680,1050
1,2,11322,1779219986.37386,2,1680,1050
1,2,11323,1779219986.39468,2,1680,1050
1,2,11324,1779219986.4155,2,1680,1050
1,2,11325,1779219986.43632,2,1680,1050
1,2,11326,1779219986.45714,2,1680,1050
1,2,11327,1779219986.47796,2,1680,1050
1,2,11328,1779219986.49878,2,1680,1050
1,2,11329,1779219986.5196,2,1680,1050
1,2,11330,1779219986.54042,2,1680,1050
1,2,11331,1779219986.56124,2,1680,1050
1,2,11332,1779219986.58206,2,1680,1050
1,2,11333,1779219986.60287,2,1680,1050
1,2,11334,1779219986.62369,2,1680,1050
1,2,11335,1779219986.64451,2,1680,1050
1,2,11336,1779219986.66533,2,1680,1050
1,2,11337,1779219986.68615,2,1680,1050
1,2,11338,1779219986.70697,2,1680,1050
1,2,11339,1779219986.72779,2,1680,1050
1,2,11340,1779219986.74861,2,1680,1050
1,2,11341,1779219986.76943,2,1680,1050
1,2,11342,1779219986.79025,2,1680,1050
1,2,11343,1779219986.81107,2,1680,1050
1,2,11344,1779219986.83189,2,1680,1050
1,2,11345,1779219986.85271,2,1680,1050
1,2,11346,1779219986.87353,2,1680,1050
1,2,11347,1779219986.89435,2,1680,1050
1,2,11348,1779219986.91517,2,1680,1050
1,2,11349,1779219986.93599,2,1680,1050
1,2,11350,1779219986.95681,2,1680,1050
1,2,11351,1779219986.97763,2,1680,1050
1,2,11352,1779219986.99845,2,1680,1050
1,2,11353,1779219987.01926,2,1680,1050
1,2,11354,1779219987.04008,2,1680,1050
1,2,11355,1779219987.0609,2,1680,1050
1,2,11356,1779219987.08172,2,1680,1050
1,2,11357,1779219987.10254,2,1680,1050
1,2,11358,1779219987.12336,2,1680,1050
1,2,11359,1779219987.14418,2,1680,1050
1,2,11360,1779219987.165,2,1680,1050
1,2,11361,1779219987.18582,2,1680,1050
1,2,11362,1779219987.20664,2,1680,1050
1,2,11363,1779219987.22746,2,1680,1050
1,2,11364,1779219987.24828,2,1680,1050
1,2,11365,1779219987.2691,2,1680,1050
1,2,11366,1779219987.28992,2,1680,1050
1,2,11367,1779219987.31074,2,1680,1050
1,2,11368,1779219987.33156,2,1680,1050
1,2,11369,1779219987.35238,2,1680,1050
1,2,11370,1779219987.3732,2,1680,1050
1,2,11371,1779219987.39402,2,1680,1050
1,2,11372,1779219987.41484,2,1680,1050
1,2,11373,1779219987.43566,2,1680,1050
1,2,11374,1779219987.45647,2,1680,1050
1,2,11375,1779219987.47729,2,1680,1050
1,2,11376,1779219987.49811,2,1680,1050
1,2,11377,1779219987.51893,2,1680,1050
1,2,11378,1779219987.53975,2,1680,1050
1,2,11379,1779219987.56057,2,1680,1050
1,2,11380,1779219987.58139,2,1680,1050
1,2,11381,1779219987.60221,2,1680,1050
1,2,11382,1779219987.62303,2,1680,1050
1,2,11383,1779219987.64385,2,1680,1050
1,2,11384,1779219987.66467,2,1680,1050
1,2,11385,1779219987.68549,2,1680,1050
1,2,11386,1779219987.70631,2,1680,1050
1,2,11387,1779219987.72713,2,1680,1050
1,2,11388,1779219987.74795,2,1680,1050
1,2,11389,1779219987.76877,2,1680,1050
1,2,11390,1779219987.78959,2,1680,1050
1,2,11391,1779219987.81041,2,1680,1050
1,2,11392,1779219987.83123,2,1680,1050
1,2,11393,1779219987.85205,2,1680,1050
1,2,11394,1779219987.87286,2,1680,1050
1,2,11395,1779219987.89368,2,1680,1050
1,2,11396,1779219987.9145,2,1680,1050
1,2,11397,1779219987.93532,2,1680,1050
1,2,11398,1779219987.95614,2,1680,1050
1,2,11399,1779219987.97696,2,1680,1050
1,2,11400,1779219987.99778,2,1680,1050
1,2,11401,1779219988.0186,2,1680,1050
1,2,11402,1779219988.03942,2,1680,1050
1,2,11403,1779219988.06024,2,1680,1050
1,2,11404,1779219988.08106,2,1680,1050
1,2,11405,1779219988.10188,2,1680,1050
1,2,11406,1779219988.1227,2,1680,1050
1,2,11407,1779219988.14352,2,1680,1050
1,2,11408,1779219988.16434,2,1680,1050
1,2,11409,1779219988.18516,2,1680,1050
1,2,11410,1779219988.20598,2,1680,1050
1,2,11411,1779219988.2268,2,1680,1050
1,2,11412,1779219988.24762,2,1680,1050
1,2,11413,1779219988.26843,2,1680,1050
1,2,11414,1779219988.28925,2,1680,1050
1,2,11415,1779219988.31007,2,1680,1050
1,2,11416,1779219988.33089,2,1680,1050
1,2,11417,1779219988.35171,2,1680,1050
1,2,11418,1779219988.37253,2,1680,1050
1,2,11419,1779219988.39335,2,1680,1050
1,2,11420,1779219988.41417,2,1680,1050
1,2,11421,1779219988.43499,2,1680,1050
1,2,11422,1779219988.45581,2,1680,1050
1,2,11423,1779219988.47663,2,1680,1050
1,2,11424,1779219988.49745,2,1680,1050
1,2,11425,1779219988.51827,2,1680,1050
1,2,11426,1779219988.53909,2,1680,1050
1,2,11427,1779219988.55991,2,1680,1050
1,2,11428,1779219988.58073,2,1680,1050
1,2,11429,1779219988.60155,2,1680,1050
1,2,11430,1779219988.62237,2,1680,1050
1,2,11431,1779219988.64319,2,1680,1050
1,2,11432,1779219988.66401,2,1680,1050
1,2,11433,1779219988.68483,2,1680,1050
1,2,11434,1779219988.70564,2,1680,1050
1,2,11435,1779219988.72646,2,1680,1050
1,2,11436,1779219988.74728,2,1680,1050
1,2,11437,1779219988.7681,2,1680,1050
1,2,11438,1779219988.78892,2,1680,1050
1,2,11439,1779219988.80974,2,1680,1050
1,2,11440,1779219988.83056,2,1680,1050
1,2,11441,1779219988.85138,2,1680,1050
1,2,11442,1779219988.8722,2,1680,1050
1,2,11443,1779219988.89302,2,1680,1050
1,2,11444,1779219988.91384,2,1680,1050
1,2,11445,1779219988.93466,2,1680,1050
1,2,11446,1779219988.95548,2,1680,1050
1,2,11447,1779219988.9763,2,1680,1050
1,2,11448,1779219988.99712,2,1680,1050
1,2,11449,1779219989.01794,2,1680,1050
1,2,11450,1779219989.03876,2,1680,1050
1,2,11451,1779219989.05958,2,1680,1050
1,2,11452,1779219989.0804,2,1680,1050
1,2,11453,1779219989.10122,2,1680,1050
1,2,11454,1779219989.12203,2,1680,1050
1,2,11455,1779219989.14285,2,1680,1050
1,2,11456,1779219989.16367,2,1680,1050
1,2,11457,1779219989.18449,2,1680,1050
1,2,11458,1779219989.20531,2,1680,1050
1,2,11459,1779219989.22613,2,1680,1050
1,2,11460,1779219989.24695,2,1680,1050
1,2,11461,1779219989.26777,2,1680,1050
1,2,11462,1779219989.28859,1,1680,1050
1,2,11463,1779219989.30941,1,1680,1050
1,2,11464,1779219989.33023,1,1680,1050
1,2,11465,1779219989.35105,1,1680,1050
1,2,11466,1779219989.37187,1,1680,1050
1,2,11467,1779219989.39269,1,1680,1050
1,2,11468,1779219989.41351,1,1680,1050
1,2,11469,1779219989.43433,1,1680,1050
1,2,11470,1779219989.45515,1,1680,1050
1,2,11471,1779219989.47597,1,1680,1050
1,2,11472,1779219989.49679,1,1680,1050
1,2,11473,1779219989.51761,1,1680,1050
1,2,11474,1779219989.53842,1,1680,1050
1,2,11475,1779219989.55924,1,1680,1050
1,2,11476,1779219989.58006,1,1680,1050
1,2,11477,1779219989.60088,1,1680,1050
1,2,11478,1779219989.6217,1,1680,1050
1,2,11479,1779219989.64252,1,1680,1050
1,2,11480,1779219989.66334,1,1680,1050
1,2,11481,1779219989.68416,1,1680,1050
1,2,11482,1779219989.70498,1,1680,1050
1,2,11483,1779219989.7258,1,1680,1050
1,2,11484,1779219989.74662,1,1680,1050
1,2,11485,1779219989.76744,1,1680,1050
1,2,11486,1779219989.78826,1,1680,1050
1,2,11487,1779219989.80908,1,1680,1050
1,2,11488,1779219989.8299,1,1680,1050
1,2,11489,1779219989.85072,1,1680,1050
1,2,11490,1779219989.87154,1,1680,1050
1,2,11491,1779219989.89236,1,1680,1050
1,2,11492,1779219989.91318,1,1680,1050
1,2,11493,1779219989.934,1,1680,1050
1,2,11494,1779219989.95482,1,1680,1050
1,2,11495,1779219989.97563,1,1680,1050
1,2,11496,1779219989.99645,1,1680,1050
1,2,11497,1779219990.01727,1,1680,1050
1,2,11498,1779219990.03809,1,1680,1050
1,2,11499,1779219990.05891,1,1680,1050
1,2,11500,1779219990.07973,1,1680,1050
1,2,11501,1779219990.10055,1,1680,1050
1,2,11502,1779219990.12137,1,1680,1050
1,2,11503,1779219990.14219,1,1680,1050
1,2,11504,1779219990.16301,1,1680,1050
1,2,11505,1779219990.18383,1,1680,1050
1,2,11506,1779219990.20465,1,1680,1050
1,2,11507,1779219990.22547,1,1680,1050
1,2,11508,1779219990.24629,1,1680,1050
1,2,11509,1779219990.26711,1,1680,1050
1,2,11510,1779219990.28793,1,1680,1050
1,2,11511,1779219990.30875,1,1680,1050
1,2,11512,1779219990.32957,1,1680,1050
1,2,11513,1779219990.35039,1,1680,1050
1,2,11514,1779219990.3712,1,1680,1050
1,2,11515,1779219990.39202,1,1680,1050
1,2,11516,1779219990.41284,1,1680,1050
1,2,11517,1779219990.43366,1,1680,1050
1,2,11518,1779219990.45448,1,1680,1050
1,2,11519,1779219990.4753,1,1680,1050
1,2,11520,1779219990.49612,1,1680,1050
1,2,11521,1779219990.51694,1,1680,1050
1,2,11522,1779219990.53776,1,1680,1050
1,2,11523,1779219990.55858,1,1680,1050
1,2,11524,1779219990.5794,1,1680,1050
1,2,11525,1779219990.60022,1,1680,1050
1,2,11526,1779219990.62104,1,1680,1050
1,2,11527,1779219990.64186,1,1680,1050
1,2,11528,1779219990.66268,1,1680,1050
1,2,11529,1779219990.6835,1,1680,1050
1,2,11530,1779219990.70432,1,1680,1050
1,2,11531,1779219990.72514,1,1680,1050
1,2,11532,1779219990.74596,1,1680,1050
1,2,11533,1779219990.76678,1,1680,1050
1,2,11534,1779219990.7876,1,1680,1050
1,2,11535,1779219990.80841,1,1680,1050
1,2,11536,1779219990.82923,1,1680,1050
1,2,11537,1779219990.85005,1,1680,1050
1,2,11538,1779219990.87087,1,1680,1050
1,2,11539,1779219990.89169,1,1680,1050
1,2,11540,1779219990.91251,1,1680,1050
1,2,11541,1779219990.93333,1,1680,1050
1,2,11542,1779219990.95415,1,1680,1050
1,2,11543,1779219990.97497,1,1680,1050
1,2,11544,1779219990.99579,1,1680,1050
1,2,11545,1779219991.01661,1,1680,1050
1,2,11546,1779219991.03743,1,1680,1050
1,2,11547,1779219991.05825,1,1680,1050
1,2,11548,1779219991.07907,1,1680,1050
1,2,11549,1779219991.09989,1,1680,1050
1,2,11550,1779219991.12071,1,1680,1050
1,2,11551,1779219991.14153,1,1680,1050
1,2,11552,1779219991.16235,1,1680,1050
1,2,11553,1779219991.18317,1,1680,1050
1,2,11554,1779219991.20399,1,1680,1050
1,2,11555,1779219991.2248,1,1680,1050
1,2,11556,1779219991.24563,1,1680,1050
1,2,11557,1779219991.26644,1,1680,1050
1,2,11558,1779219991.28726,1,1680,1050
1,2,11559,1779219991.30808,1,1680,1050
1,2,11560,1779219991.3289,1,1680,1050
1,2,11561,1779219991.34972,1,1680,1050
1,2,11562,1779219991.37054,1,1680,1050
1,2,11563,1779219991.39136,1,1680,1050
1,2,11564,1779219991.41218,1,1680,1050
1,2,11565,1779219991.433,1,1680,1050
1,2,11566,1779219991.45382,1,1680,1050
1,2,11567,1779219991.47464,1,1680,1050
1,2,11568,1779219991.49546,1,1680,1050
1,2,11569,1779219991.51628,1,1680,1050
1,2,11570,1779219991.5371,1,1680,1050
1,2,11571,1779219991.55792,1,1680,1050
1,2,11572,1779219991.57874,1,1680,1050
1,2,11573,1779219991.59956,1,1680,1050
1,2,11574,1779219991.62038,1,1680,1050
1,2,11575,1779219991.64119,1,1680,1050
1,2,11576,1779219991.66201,1,1680,1050
1,2,11577,1779219991.68283,1,1680,1050
1,2,11578,1779219991.70365,1,1680,1050
1,2,11579,1779219991.72447,1,1680,1050
1,2,11580,1779219991.74529,1,1680,1050
1,2,11581,1779219991.76611,1,1680,1050
1,2,11582,1779219991.78693,1,1680,1050
1,2,11583,1779219991.80775,1,1680,1050
1,2,11584,1779219991.82857,1,1680,1050
1,2,11585,1779219991.84939,1,1680,1050
1,2,11586,1779219991.87021,1,1680,1050
1,2,11587,1779219991.89103,1,1680,1050
1,2,11588,1779219991.91185,1,1680,1050
1,2,11589,1779219991.93267,1,1680,1050
1,2,11590,1779219991.95349,1,1680,1050
1,2,11591,1779219991.97431,1,1680,1050
1,2,11592,1779219991.99513,1,1680,1050
1,2,11593,1779219992.01595,1,1680,1050
1,2,11594,1779219992.03677,1,1680,1050
1,2,11595,1779219992.05758,1,1680,1050
1,2,11596,1779219992.0784,1,1680,1050
1,2,11597,1779219992.09922,1,1680,1050
1,2,11598,1779219992.12004,1,1680,1050
1,2,11599,1779219992.14086,1,1680,1050
1,2,11600,1779219992.16168,1,1680,1050
1,2,11601,1779219992.1825,1,1680,1050
1,2,11602,1779219992.20332,1,1680,1050
1,2,11603,1779219992.22414,1,1680,1050
1,2,11604,1779219992.24496,1,1680,1050
1,2,11605,1779219992.26578,1,1680,1050
1,2,11606,1779219992.2866,1,1680,1050
1,2,11607,1779219992.30742,1,1680,1050
1,2,11608,1779219992.32824,1,1680,1050
1,2,11609,1779219992.34906,1,1680,1050
1,2,11610,1779219992.36988,1,1680,1050
1,2,11611,1779219992.3907,1,1680,1050
1,2,11612,1779219992.41152,1,1680,1050
1,2,11613,1779219992.43234,1,1680,1050
1,2,11614,1779219992.45315,1,1680,1050
1,2,11615,1779219992.47397,1,1680,1050
1,2,11616,1779219992.49479,1,1680,1050
1,2,11617,1779219992.51561,1,1680,1050
1,2,11618,1779219992.53643,1,1680,1050
1,2,11619,1779219992.55725,1,1680,1050
1,2,11620,1779219992.57807,1,1680,1050
1,2,11621,1779219992.59889,1,1680,1050
1,2,11622,1779219992.61971,1,1680,1050
1,2,11623,1779219992.64053,1,1680,1050
1,2,11624,1779219992.66135,1,1680,1050
1,2,11625,1779219992.68217,1,1680,1050
1,2,11626,1779219992.70299,1,1680,1050
1,2,11627,1779219992.72381,1,1680,1050
1,2,11628,1779219992.74463,1,1680,1050
1,2,11629,1779219992.76545,1,1680,1050
1,2,11630,1779219992.78627,1,1680,1050
1,2,11631,1779219992.80709,1,1680,1050
1,2,11632,1779219992.82791,1,1680,1050
1,2,11633,1779219992.84873,1,1680,1050
1,2,11634,1779219992.86955,1,1680,1050
1,2,11635,1779219992.89036,1,1680,1050
1,2,11636,1779219992.91119,1,1680,1050
1,2,11637,1779219992.932,1,1680,1050
1,2,11638,1779219992.95282,1,1680,1050
1,2,11639,1779219992.97364,1,1680,1050
1,2,11640,1779219992.99446,1,1680,1050
1,2,11641,1779219993.01528,1,1680,1050
1,2,11642,1779219993.0361,1,1680,1050
1,2,11643,1779219993.05692,1,1680,1050
1,2,11644,1779219993.07774,1,1680,1050
1,2,11645,1779219993.09856,1,1680,1050
1,2,11646,1779219993.11938,1,1680,1050
1,2,11647,1779219993.1402,1,1680,1050
1,2,11648,1779219993.16102,1,1680,1050
1,2,11649,1779219993.18184,1,1680,1050
1,2,11650,1779219993.20266,1,1680,1050
1,2,11651,1779219993.22348,1,1680,1050
1,2,11652,1779219993.2443,1,1680,1050
1,2,11653,1779219993.26512,1,1680,1050
1,2,11654,1779219993.28594,1,1680,1050
1,2,11655,1779219993.30676,1,1680,1050
1,2,11656,1779219993.32757,1,1680,1050
1,2,11657,1779219993.34839,1,1680,1050
1,2,11658,1779219993.36921,1,1680,1050
1,2,11659,1779219993.39003,1,1680,1050
1,2,11660,1779219993.41085,1,1680,1050
1,2,11661,1779219993.43167,1,1680,1050
1,2,11662,1779219993.45249,1,1680,1050
1,2,11663,1779219993.47331,1,1680,1050
1,2,11664,1779219993.49413,1,1680,1050
1,2,11665,1779219993.51495,1,1680,1050
1,2,11666,1779219993.53577,1,1680,1050
1,2,11667,1779219993.55659,1,1680,1050
1,2,11668,1779219993.57741,1,1680,1050
1,2,11669,1779219993.59823,1,1680,1050
1,2,11670,1779219993.61905,1,1680,1050
1,2,11671,1779219993.63987,1,1680,1050
1,2,11672,1779219993.66069,1,1680,1050
1,2,11673,1779219993.68151,1,1680,1050
1,2,11674,1779219993.70233,1,1680,1050
1,2,11675,1779219993.72314,1,1680,1050
1,2,11676,1779219993.74396,1,1680,1050
1,2,11677,1779219993.76478,1,1680,1050
1,2,11678,1779219993.7856,1,1680,1050
1,2,11679,1779219993.80642,1,1680,1050
1,2,11680,1779219993.82724,1,1680,1050
1,2,11681,1779219993.84806,1,1680,1050
1,2,11682,1779219993.86888,1,1680,1050
1,2,11683,1779219993.8897,1,1680,1050
1,2,11684,1779219993.91052,1,1680,1050
1,2,11685,1779219993.93134,1,1680,1050
1,2,11686,1779219993.95216,1,1680,1050
1,2,11687,1779219993.97298,1,1680,1050
1,2,11688,1779219993.9938,1,1680,1050
1,2,11689,1779219994.01462,1,1680,1050
1,2,11690,1779219994.03544,1,1680,1050
1,2,11691,1779219994.05626,1,1680,1050
1,2,11692,1779219994.07708,1,1680,1050
1,2,11693,1779219994.0979,1,1680,1050
1,2,11694,1779219994.11872,1,1680,1050
1,2,11695,1779219994.13954,1,1680,1050
1,2,11696,1779219994.16035,1,1680,1050
1,2,11697,1779219994.18117,1,1680,1050
1,2,11698,1779219994.20199,1,1680,1050
1,2,11699,1779219994.22281,1,1680,1050
1,2,11700,1779219994.24363,1,1680,1050
1,2,11701,1779219994.26445,1,1680,1050
1,2,11702,1779219994.28527,2,1680,1050
1,2,11703,1779219994.30609,2,1680,1050
1,2,11704,1779219994.32691,2,1680,1050
1,2,11705,1779219994.34773,2,1680,1050
1,2,11706,1779219994.36855,2,1680,1050
1,2,11707,1779219994.38937,2,1680,1050
1,2,11708,1779219994.41019,2,1680,1050
1,2,11709,1779219994.43101,2,1680,1050
1,2,11710,1779219994.45183,2,1680,1050
1,2,11711,1779219994.47265,2,1680,1050
1,2,11712,1779219994.49347,2,1680,1050
1,2,11713,1779219994.51429,2,1680,1050
1,2,11714,1779219994.5351,2,1680,1050
1,2,11715,1779219994.55592,2,1680,1050
1,2,11716,1779219994.57674,2,1680,1050
1,2,11717,1779219994.59756,2,1680,1050
1,2,11718,1779219994.61838,2,1680,1050
1,2,11719,1779219994.6392,2,1680,1050
1,2,11720,1779219994.66002,2,1680,1050
1,2,11721,1779219994.68084,2,1680,1050
1,2,11722,1779219994.70166,2,1680,1050
1,2,11723,1779219994.72248,2,1680,1050
1,2,11724,1779219994.7433,2,1680,1050
1,2,11725,1779219994.76412,2,1680,1050
1,2,11726,1779219994.78494,2,1680,1050
1,2,11727,1779219994.80576,2,1680,1050
1,2,11728,1779219994.82658,2,1680,1050
1,2,11729,1779219994.8474,2,1680,1050
1,2,11730,1779219994.86822,2,1680,1050
1,2,11731,1779219994.88904,2,1680,1050
1,2,11732,1779219994.90986,2,1680,1050
1,2,11733,1779219994.93068,2,1680,1050
1,2,11734,1779219994.9515,2,1680,1050
1,2,11735,1779219994.97232,2,1680,1050
1,2,11736,1779219994.99313,2,1680,1050
1,2,11737,1779219995.01395,2,1680,1050
1,2,11738,1779219995.03477,2,1680,1050
1,2,11739,1779219995.05559,2,1680,1050
1,2,11740,1779219995.07641,2,1680,1050
1,2,11741,1779219995.09723,2,1680,1050
1,2,11742,1779219995.11805,2,1680,1050
1,2,11743,1779219995.13887,2,1680,1050
1,2,11744,1779219995.15969,2,1680,1050
1,2,11745,1779219995.18051,2,1680,1050
1,2,11746,1779219995.20133,2,1680,1050
1,2,11747,1779219995.22215,2,1680,1050
1,2,11748,1779219995.24297,2,1680,1050
1,2,11749,1779219995.26379,2,1680,1050
1,2,11750,1779219995.28461,2,1680,1050
1,2,11751,1779219995.30543,2,1680,1050
1,2,11752,1779219995.32625,2,1680,1050
1,2,11753,1779219995.34707,2,1680,1050
1,2,11754,1779219995.36789,2,1680,1050
1,2,11755,1779219995.38871,2,1680,1050
1,2,11756,1779219995.40952,2,1680,1050
1,2,11757,1779219995.43034,2,1680,1050
1,2,11758,1779219995.45116,2,1680,1050
1,2,11759,1779219995.47198,2,1680,1050
1,2,11760,1779219995.4928,2,1680,1050
1,2,11761,1779219995.51362,2,1680,1050
1,2,11762,1779219995.53444,2,1680,1050
1,2,11763,1779219995.55526,2,1680,1050
1,2,11764,1779219995.57608,2,1680,1050
1,2,11765,1779219995.5969,2,1680,1050
1,2,11766,1779219995.61772,2,1680,1050
1,2,11767,1779219995.63854,2,1680,1050
1,2,11768,1779219995.65936,2,1680,1050
1,2,11769,1779219995.68018,2,1680,1050
1,2,11770,1779219995.701,2,1680,1050
1,2,11771,1779219995.72182,2,1680,1050
1,2,11772,1779219995.74264,2,1680,1050
1,2,11773,1779219995.76346,2,1680,1050
1,2,11774,1779219995.78428,2,1680,1050
1,2,11775,1779219995.8051,2,1680,1050
1,2,11776,1779219995.82591,2,1680,1050
1,2,11777,1779219995.84673,2,1680,1050
1,2,11778,1779219995.86755,2,1680,1050
1,2,11779,1779219995.88837,2,1680,1050
1,2,11780,1779219995.90919,2,1680,1050
1,2,11781,1779219995.93001,2,1680,1050
1,2,11782,1779219995.95083,2,1680,1050
1,2,11783,1779219995.97165,2,1680,1050
1,2,11784,1779219995.99247,2,1680,1050
1,2,11785,1779219996.01329,2,1680,1050
1,2,11786,1779219996.03411,2,1680,1050
1,2,11787,1779219996.05493,2,1680,1050
1,2,11788,1779219996.07575,2,1680,1050
1,2,11789,1779219996.09657,2,1680,1050
1,2,11790,1779219996.11739,2,1680,1050
1,2,11791,1779219996.13821,2,1680,1050
1,2,11792,1779219996.15903,2,1680,1050
1,2,11793,1779219996.17985,2,1680,1050
1,2,11794,1779219996.20067,2,1680,1050
1,2,11795,1779219996.22148,2,1680,1050
1,2,11796,1779219996.2423,2,1680,1050
1,2,11797,1779219996.26312,2,1680,1050
1,2,11798,1779219996.28394,2,1680,1050
1,2,11799,1779219996.30476,2,1680,1050
1,2,11800,1779219996.32558,2,1680,1050
1,2,11801,1779219996.3464,2,1680,1050
1,2,11802,1779219996.36722,2,1680,1050
1,2,11803,1779219996.38804,2,1680,1050
1,2,11804,1779219996.40886,2,1680,1050
1,2,11805,1779219996.42968,2,1680,1050
1,2,11806,1779219996.4505,2,1680,1050
1,2,11807,1779219996.47132,2,1680,1050
1,2,11808,1779219996.49214,2,1680,1050
1,2,11809,1779219996.51296,2,1680,1050
1,2,11810,1779219996.53378,2,1680,1050
1,2,11811,1779219996.5546,2,1680,1050
1,2,11812,1779219996.57542,2,1680,1050
1,2,11813,1779219996.59624,2,1680,1050
1,2,11814,1779219996.61705,2,1680,1050
1,2,11815,1779219996.63788,2,1680,1050
1,2,11816,1779219996.65869,2,1680,1050
1,2,11817,1779219996.67951,2,1680,1050
1,2,11818,1779219996.70033,2,1680,1050
1,2,11819,1779219996.72115,2,1680,1050
1,2,11820,1779219996.74197,2,1680,1050
1,2,11821,1779219996.76279,2,1680,1050
1,2,11822,1779219997.2,1,1680,1050
1,2,11823,1779219997.22082,1,1680,1050
1,2,11824,1779219997.24164,1,1680,1050
1,2,11825,1779219997.26246,1,1680,1050
1,2,11826,1779219997.28328,1,1680,1050
1,2,11827,1779219997.3041,1,1680,1050
1,2,11828,1779219997.32492,1,1680,1050
1,2,11829,1779219997.34574,1,1680,1050
1,2,11830,1779219997.36656,1,1680,1050
1,2,11831,1779219997.38738,1,1680,1050
1,2,11832,1779219997.4082,1,1680,1050
1,2,11833,1779219997.42902,1,1680,1050
1,2,11834,1779219997.44984,1,1680,1050
1,2,11835,1779219997.47066,1,1680,1050
1,2,11836,1779219997.49147,1,1680,1050
1,2,11837,1779219997.51229,1,1680,1050
1,2,11838,1779219997.53311,1,1680,1050
1,2,11839,1779219997.55393,1,1680,1050
1,2,11840,1779219997.57475,1,1680,1050
1,2,11841,1779219997.59557,1,1680,1050
1,2,11842,1779219997.61639,1,1680,1050
1,2,11843,1779219997.63721,1,1680,1050
1,2,11844,1779219997.65803,1,1680,1050
1,2,11845,1779219997.67885,1,1680,1050
1,2,11846,1779219997.69967,1,1680,1050
1,2,11847,1779219997.72049,1,1680,1050
1,2,11848,1779219997.74131,1,1680,1050
1,2,11849,1779219997.76213,1,1680,1050
1,2,11850,1779219997.78295,1,1680,1050
1,2,11851,1779219997.80377,1,1680,1050
1,2,11852,1779219997.82459,1,1680,1050
1,2,11853,1779219997.84541,1,1680,1050
1,2,11854,1779219997.86623,1,1680,1050
1,2,11855,1779219997.88705,1,1680,1050
1,2,11856,1779219997.90786,1,1680,1050
1,2,11857,1779219997.92868,1,1680,1050
1,2,11858,1779219997.9495,1,1680,1050
1,2,11859,1779219997.97032,1,1680,1050
1,2,11860,1779219997.99114,1,1680,1050
1,2,11861,1779219998.01196,1,1680,1050
1,2,11862,1779219998.03278,1,1680,1050
1,2,11863,1779219998.0536,1,1680,1050
1,2,11864,1779219998.07442,1,1680,1050
1,2,11865,1779219998.09524,1,1680,1050
1,2,11866,1779219998.11606,1,1680,1050
1,2,11867,1779219998.13688,1,1680,1050
1,2,11868,1779219998.1577,1,1680,1050
1,2,11869,1779219998.17852,1,1680,1050
1,2,11870,1779219998.19934,1,1680,1050
1,2,11871,1779219998.22016,1,1680,1050
1,2,11872,1779219998.24098,1,1680,1050
1,2,11873,1779219998.2618,1,1680,1050
1,2,11874,1779219998.28262,1,1680,1050
1,2,11875,1779219998.30344,1,1680,1050
1,2,11876,1779219998.32426,1,1680,1050
1,2,11877,1779219998.34507,1,1680,1050
1,2,11878,1779219998.36589,1,1680,1050
1,2,11879,1779219998.38671,1,1680,1050
1,2,11880,1779219998.40753,1,1680,1050
1,2,11881,1779219998.42835,1,1680,1050
1,2,11882,1779219998.44917,1,1680,1050
1,2,11883,1779219998.46999,1,1680,1050
1,2,11884,1779219998.49081,1,1680,1050
1,2,11885,1779219998.51163,1,1680,1050
1,2,11886,1779219998.53245,1,1680,1050
1,2,11887,1779219998.55327,1,1680,1050
1,2,11888,1779219998.57409,1,1680,1050
1,2,11889,1779219998.59491,1,1680,1050
1,2,11890,1779219998.61573,1,1680,1050
1,2,11891,1779219998.63655,1,1680,1050
1,2,11892,1779219998.65737,1,1680,1050
1,2,11893,1779219998.67819,1,1680,1050
1,2,11894,1779219998.69901,1,1680,1050
1,2,11895,1779219998.71983,1,1680,1050
1,2,11896,1779219998.74065,1,1680,1050
1,2,11897,1779219998.76146,1,1680,1050
1,2,11898,1779219998.78228,1,1680,1050
1,2,11899,1779219998.8031,1,1680,1050
1,2,11900,1779219998.82392,1,1680,1050
1,2,11901,1779219998.84474,1,1680,1050
1,2,11902,1779219998.86556,1,1680,1050
1,2,11903,1779219998.88638,1,1680,1050
1,2,11904,1779219998.9072,1,1680,1050
1,2,11905,1779219998.92802,1,1680,1050
1,2,11906,1779219998.94884,1,1680,1050
1,2,11907,1779219998.96966,1,1680,1050
1,2,11908,1779219998.99048,1,1680,1050
1,2,11909,1779219999.0113,1,1680,1050
1,2,11910,1779219999.03212,1,1680,1050
1,2,11911,1779219999.05294,1,1680,1050
1,2,11912,1779219999.07376,1,1680,1050
1,2,11913,1779219999.09458,1,1680,1050
1,2,11914,1779219999.1154,1,1680,1050
1,2,11915,1779219999.13622,1,1680,1050
1,2,11916,1779219999.15704,1,1680,1050
1,2,11917,1779219999.17786,1,1680,1050
1,2,11918,1779219999.19867,1,1680,1050
1,2,11919,1779219999.21949,1,1680,1050
1,2,11920,1779219999.24031,1,1680,1050
1,2,11921,1779219999.26113,1,1680,1050
1,2,11922,1779219999.28195,1,1680,1050
1,2,11923,1779219999.30277,1,1680,1050
1,2,11924,1779219999.32359,1,1680,1050
1,2,11925,1779219999.34441,1,1680,1050
1,2,11926,1779219999.36523,1,1680,1050
1,2,11927,1779219999.38605,1,1680,1050
1,2,11928,1779219999.40687,1,1680,1050
1,2,11929,1779219999.42769,1,1680,1050
1,2,11930,1779219999.44851,1,1680,1050
1,2,11931,1779219999.46933,1,1680,1050
1,2,11932,1779219999.49015,1,1680,1050
1,2,11933,1779219999.51097,1,1680,1050
1,2,11934,1779219999.53179,1,1680,1050
1,2,11935,1779219999.55261,1,1680,1050
1,2,11936,1779219999.57343,1,1680,1050
1,2,11937,1779219999.59424,1,1680,1050
1,2,11938,1779219999.61506,1,1680,1050
1,2,11939,1779219999.63588,1,1680,1050
1,2,11940,1779219999.6567,1,1680,1050
1,2,11941,1779219999.67752,1,1680,1050
1,2,11942,1779219999.69834,1,1680,1050
1,2,11943,1779219999.71916,1,1680,1050
1,2,11944,1779219999.73998,1,1680,1050
1,2,11945,1779219999.7608,1,1680,1050
1,2,11946,1779219999.78162,1,1680,1050
1,2,11947,1779219999.80244,1,1680,1050
1,2,11948,1779219999.82326,1,1680,1050
1,2,11949,1779219999.84408,1,1680,1050
1,2,11950,1779219999.8649,1,1680,1050
1,2,11951,1779219999.88572,1,1680,1050
1,2,11952,1779219999.90654,1,1680,1050
1,2,11953,1779219999.92736,1,1680,1050
1,2,11954,1779219999.94818,1,1680,1050
1,2,11955,1779219999.969,1,1680,1050
1,2,11956,1779219999.98982,1,1680,1050
1,2,11957,1779220000.01063,1,1680,1050
1,2,11958,1779220000.03145,1,1680,1050
1,2,11959,1779220000.05227,1,1680,1050
1,2,11960,1779220000.07309,1,1680,1050
1,2,11961,1779220000.09391,1,1680,1050
1,2,11962,1779220000.11473,1,1680,1050
1,2,11963,1779220000.13555,1,1680,1050
1,2,11964,1779220000.15637,1,1680,1050
1,2,11965,1779220000.17719,1,1680,1050
1,2,11966,1779220000.19801,1,1680,1050
1,2,11967,1779220000.21883,1,1680,1050
1,2,11968,1779220000.23965,1,1680,1050
1,2,11969,1779220000.26047,1,1680,1050
1,2,11970,1779220000.28129,1,1680,1050
1,2,11971,1779220000.30211,1,1680,1050
1,2,11972,1779220000.32293,1,1680,1050
1,2,11973,1779220000.34375,1,1680,1050
1,2,11974,1779220000.36457,1,1680,1050
1,2,11975,1779220000.38539,1,1680,1050
1,2,11976,1779220000.40621,1,1680,1050
1,2,11977,1779220000.42702,1,1680,1050
1,2,11978,1779220000.44784,1,1680,1050
1,2,11979,1779220000.46866,1,1680,1050
1,2,11980,1779220000.48948,1,1680,1050
1,2,11981,1779220000.5103,1,1680,1050
1,2,11982,1779220000.53112,1,1680,1050
1,2,11983,1779220000.55194,1,1680,1050
1,2,11984,1779220000.57276,1,1680,1050
1,2,11985,1779220000.59358,1,1680,1050
1,2,11986,1779220000.6144,1,1680,1050
1,2,11987,1779220000.63522,1,1680,1050
1,2,11988,1779220000.65604,1,1680,1050
1,2,11989,1779220000.67686,1,1680,1050
1,2,11990,1779220000.69768,1,1680,1050
1,2,11991,1779220000.7185,1,1680,1050
1,2,11992,1779220000.73932,1,1680,1050
1,2,11993,1779220000.76014,1,1680,1050
1,2,11994,1779220000.78096,1,1680,1050
1,2,11995,1779220000.80178,1,1680,1050
1,2,11996,1779220000.8226,1,1680,1050
1,2,11997,1779220000.84341,1,1680,1050
1,2,11998,1779220000.86423,1,1680,1050
1,2,11999,1779220000.88505,1,1680,1050
1,2,12000,1779220000.90587,1,1680,1050
1,2,12001,1779220000.92669,1,1680,1050
1,2,12002,1779220000.94751,1,1680,1050
1,2,12003,1779220000.96833,1,1680,1050
1,2,12004,1779220000.98915,1,1680,1050
1,2,12005,1779220001.00997,1,1680,1050
1,2,12006,1779220001.03079,1,1680,1050
1,2,12007,1779220001.05161,1,1680,1050
1,2,12008,1779220001.07243,1,1680,1050
1,2,12009,1779220001.09325,1,1680,1050
1,2,12010,1779220001.11407,1,1680,1050
1,2,12011,1779220001.13489,1,1680,1050
1,2,12012,1779220001.15571,1,1680,1050
1,2,12013,1779220001.17653,1,1680,1050
1,2,12014,1779220001.19735,1,1680,1050
1,2,12015,1779220001.21817,1,1680,1050
1,2,12016,1779220001.23899,1,1680,1050
1,2,12017,1779220001.25981,1,1680,1050
1,2,12018,1779220001.28062,1,1680,1050
1,2,12019,1779220001.30144,1,1680,1050
1,2,12020,1779220001.32226,1,1680,1050
1,2,12021,1779220001.34308,1,1680,1050
1,2,12022,1779220001.3639,1,1680,1050
1,2,12023,1779220001.38472,1,1680,1050
1,2,12024,1779220001.40554,1,1680,1050
1,2,12025,1779220001.42636,1,1680,1050
1,2,12026,1779220001.44718,1,1680,1050
1,2,12027,1779220001.468,1,1680,1050
1,2,12028,1779220001.48882,1,1680,1050
1,2,12029,1779220001.50964,1,1680,1050
1,2,12030,1779220001.53046,1,1680,1050
1,2,12031,1779220001.55128,1,1680,1050
1,2,12032,1779220001.5721,1,1680,1050
1,2,12033,1779220001.59292,1,1680,1050
1,2,12034,1779220001.61374,1,1680,1050
1,2,12035,1779220001.63456,1,1680,1050
1,2,12036,1779220001.65537,1,1680,1050
1,2,12037,1779220001.67619,1,1680,1050
1,2,12038,1779220001.69701,1,1680,1050
1,2,12039,1779220001.71783,1,1680,1050
1,2,12040,1779220001.73865,1,1680,1050
1,2,12041,1779220001.75947,1,1680,1050
1,2,12042,1779220001.78029,1,1680,1050
1,2,12043,1779220001.80111,1,1680,1050
1,2,12044,1779220001.82193,1,1680,1050
1,2,12045,1779220001.84275,1,1680,1050
1,2,12046,1779220001.86357,1,1680,1050
1,2,12047,1779220001.88439,1,1680,1050
1,2,12048,1779220001.90521,1,1680,1050
1,2,12049,1779220001.92603,1,1680,1050
1,2,12050,1779220001.94685,1,1680,1050
1,2,12051,1779220001.96767,1,1680,1050
1,2,12052,1779220001.98849,1,1680,1050
1,2,12053,1779220002.00931,1,1680,1050
1,2,12054,1779220002.03013,1,1680,1050
1,2,12055,1779220002.05095,1,1680,1050
1,2,12056,1779220002.07177,1,1680,1050
1,2,12057,1779220002.09258,1,1680,1050
1,2,12058,1779220002.1134,1,1680,1050
1,2,12059,1779220002.13422,1,1680,1050
1,2,12060,1779220002.15504,1,1680,1050
1,2,12061,1779220002.17586,1,1680,1050
1,2,12062,1779220002.19668,2,1680,1050
1,2,12063,1779220002.2175,2,1680,1050
1,2,12064,1779220002.23832,2,1680,1050
1,2,12065,1779220002.25914,2,1680,1050
1,2,12066,1779220002.27996,2,1680,1050
1,2,12067,1779220002.30078,2,1680,1050
1,2,12068,1779220002.3216,2,1680,1050
1,2,12069,1779220002.34242,2,1680,1050
1,2,12070,1779220002.36324,2,1680,1050
1,2,12071,1779220002.38406,2,1680,1050
1,2,12072,1779220002.40488,2,1680,1050
1,2,12073,1779220002.4257,2,1680,1050
1,2,12074,1779220002.44652,2,1680,1050
1,2,12075,1779220002.46734,2,1680,1050
1,2,12076,1779220002.48816,2,1680,1050
1,2,12077,1779220002.50897,2,1680,1050
1,2,12078,1779220002.52979,2,1680,1050
1,2,12079,1779220002.55061,2,1680,1050
1,2,12080,1779220002.57143,2,1680,1050
1,2,12081,1779220002.59225,2,1680,1050
1,2,12082,1779220002.61307,2,1680,1050
1,2,12083,1779220002.63389,2,1680,1050
1,2,12084,1779220002.65471,2,1680,1050
1,2,12085,1779220002.67553,2,1680,1050
1,2,12086,1779220002.69635,2,1680,1050
1,2,12087,1779220002.71717,2,1680,1050
1,2,12088,1779220002.73799,2,1680,1050
1,2,12089,1779220002.75881,2,1680,1050
1,2,12090,1779220002.77963,2,1680,1050
1,2,12091,1779220002.80045,2,1680,1050
1,2,12092,1779220002.82127,2,1680,1050
1,2,12093,1779220002.84209,2,1680,1050
1,2,12094,1779220002.86291,2,1680,1050
1,2,12095,1779220002.88373,2,1680,1050
1,2,12096,1779220002.90455,2,1680,1050
1,2,12097,1779220002.92536,2,1680,1050
1,2,12098,1779220002.94618,2,1680,1050
1,2,12099,1779220002.967,2,1680,1050
1,2,12100,1779220002.98782,2,1680,1050
1,2,12101,1779220003.00864,2,1680,1050
1,2,12102,1779220003.02946,2,1680,1050
1,2,12103,1779220003.05028,2,1680,1050
1,2,12104,1779220003.0711,2,1680,1050
1,2,12105,1779220003.09192,2,1680,1050
1,2,12106,1779220003.11274,2,1680,1050
1,2,12107,1779220003.13356,2,1680,1050
1,2,12108,1779220003.15438,2,1680,1050
1,2,12109,1779220003.1752,2,1680,1050
1,2,12110,1779220003.19602,2,1680,1050
1,2,12111,1779220003.21684,2,1680,1050
1,2,12112,1779220003.23766,2,1680,1050
1,2,12113,1779220003.25848,2,1680,1050
1,2,12114,1779220003.2793,2,1680,1050
1,2,12115,1779220003.30012,2,1680,1050
1,2,12116,1779220003.32094,2,1680,1050
1,2,12117,1779220003.34176,2,1680,1050
1,2,12118,1779220003.36257,2,1680,1050
1,2,12119,1779220003.38339,2,1680,1050
1,2,12120,1779220003.40421,2,1680,1050
1,2,12121,1779220003.42503,2,1680,1050
1,2,12122,1779220003.44585,2,1680,1050
1,2,12123,1779220003.46667,2,1680,1050
1,2,12124,1779220003.48749,2,1680,1050
1,2,12125,1779220003.50831,2,1680,1050
1,2,12126,1779220003.52913,2,1680,1050
1,2,12127,1779220003.54995,2,1680,1050
1,2,12128,1779220003.57077,2,1680,1050
1,2,12129,1779220003.59159,2,1680,1050
1,2,12130,1779220003.61241,2,1680,1050
1,2,12131,1779220003.63323,2,1680,1050
1,2,12132,1779220003.65405,2,1680,1050
1,2,12133,1779220003.67487,2,1680,1050
1,2,12134,1779220003.69569,2,1680,1050
1,2,12135,1779220003.71651,2,1680,1050
1,2,12136,1779220003.73732,2,1680,1050
1,2,12137,1779220003.75814,2,1680,1050
1,2,12138,1779220003.77896,2,1680,1050
1,2,12139,1779220003.79978,2,1680,1050
1,2,12140,1779220003.8206,2,1680,1050
1,2,12141,1779220003.84142,2,1680,1050
1,2,12142,1779220003.86224,2,1680,1050
1,2,12143,1779220003.88306,2,1680,1050
1,2,12144,1779220003.90388,2,1680,1050
1,2,12145,1779220003.9247,2,1680,1050
1,2,12146,1779220003.94552,2,1680,1050
1,2,12147,1779220003.96634,2,1680,1050
1,2,12148,1779220003.98716,2,1680,1050
1,2,12149,1779220004.00798,2,1680,1050
1,2,12150,1779220004.0288,2,1680,1050
1,2,12151,1779220004.04962,2,1680,1050
1,2,12152,1779220004.07044,2,1680,1050
1,2,12153,1779220004.09126,2,1680,1050
1,2,12154,1779220004.11208,2,1680,1050
1,2,12155,1779220004.1329,2,1680,1050
1,2,12156,1779220004.15372,2,1680,1050
1,2,12157,1779220004.17454,2,1680,1050
1,2,12158,1779220004.19535,2,1680,1050
1,2,12159,1779220004.21617,2,1680,1050
1,2,12160,1779220004.23699,2,1680,1050
1,2,12161,1779220004.25781,2,1680,1050
1,2,12162,1779220004.27863,2,1680,1050
1,2,12163,1779220004.29945,2,1680,1050
1,2,12164,1779220004.32027,2,1680,1050
1,2,12165,1779220004.34109,2,1680,1050
1,2,12166,1779220004.36191,2,1680,1050
1,2,12167,1779220004.38273,2,1680,1050
1,2,12168,1779220004.40355,2,1680,1050
1,2,12169,1779220004.42437,2,1680,1050
1,2,12170,1779220004.44519,2,1680,1050
1,2,12171,1779220004.46601,2,1680,1050
1,2,12172,1779220004.48683,2,1680,1050
1,2,12173,1779220004.50765,2,1680,1050
1,2,12174,1779220004.52847,2,1680,1050
1,2,12175,1779220004.54929,2,1680,1050
1,2,12176,1779220004.57011,2,1680,1050
1,2,12177,1779220004.59093,2,1680,1050
1,2,12178,1779220004.61175,2,1680,1050
1,2,12179,1779220004.63256,2,1680,1050
1,2,12180,1779220004.65338,2,1680,1050
1,2,12181,1779220004.6742,2,1680,1050
1,2,12182,1779220004.69502,2,1680,1050
1,2,12183,1779220004.71584,2,1680,1050
1,2,12184,1779220004.73666,2,1680,1050
1,2,12185,1779220004.75748,2,1680,1050
1,2,12186,1779220004.7783,2,1680,1050
1,2,12187,1779220004.79912,2,1680,1050
1,2,12188,1779220004.81994,2,1680,1050
1,2,12189,1779220004.84076,2,1680,1050
1,2,12190,1779220004.86158,2,1680,1050
1,2,12191,1779220004.8824,2,1680,1050
1,2,12192,1779220004.90322,2,1680,1050
1,2,12193,1779220004.92404,2,1680,1050
1,2,12194,1779220004.94486,2,1680,1050
1,2,12195,1779220004.96568,2,1680,1050
1,2,12196,1779220004.9865,2,1680,1050
1,2,12197,1779220005.00732,2,1680,1050
1,2,12198,1779220005.02813,2,1680,1050
1,2,12199,1779220005.04895,2,1680,1050
1,2,12200,1779220005.06977,2,1680,1050
1,2,12201,1779220005.09059,2,1680,1050
1,2,12202,1779220005.11141,2,1680,1050
1,2,12203,1779220005.13223,2,1680,1050
1,2,12204,1779220005.15305,2,1680,1050
1,2,12205,1779220005.17387,2,1680,1050
1,2,12206,1779220005.19469,2,1680,1050
1,2,12207,1779220005.21551,2,1680,1050
1,2,12208,1779220005.23633,2,1680,1050
1,2,12209,1779220005.25715,2,1680,1050
1,2,12210,1779220005.27797,2,1680,1050
1,2,12211,1779220005.29879,2,1680,1050
1,2,12212,1779220005.31961,2,1680,1050
1,2,12213,1779220005.34043,2,1680,1050
1,2,12214,1779220005.36125,2,1680,1050
1,2,12215,1779220005.38207,2,1680,1050
1,2,12216,1779220005.40289,2,1680,1050
1,2,12217,1779220005.42371,2,1680,1050
1,2,12218,1779220005.44452,2,1680,1050
1,2,12219,1779220005.46534,2,1680,1050
1,2,12220,1779220005.48616,2,1680,1050
1,2,12221,1779220005.50698,2,1680,1050
1,2,12222,1779220005.5278,2,1680,1050
1,2,12223,1779220005.54862,2,1680,1050
1,2,12224,1779220005.56944,2,1680,1050
1,2,12225,1779220005.59026,2,1680,1050
1,2,12226,1779220005.61108,2,1680,1050
1,2,12227,1779220005.6319,2,1680,1050
1,2,12228,1779220005.65272,2,1680,1050
1,2,12229,1779220005.67354,2,1680,1050
1,2,12230,1779220005.69436,2,1680,1050
1,2,12231,1779220005.71518,2,1680,1050
1,2,12232,1779220005.736,2,1680,1050
1,2,12233,1779220005.75682,2,1680,1050
1,2,12234,1779220005.77764,2,1680,1050
1,2,12235,1779220005.79846,2,1680,1050
1,2,12236,1779220005.81928,2,1680,1050
1,2,12237,1779220005.8401,2,1680,1050
1,2,12238,1779220005.86092,2,1680,1050
1,2,12239,1779220005.88173,2,1680,1050
1,2,12240,1779220005.90255,2,1680,1050
1,2,12241,1779220005.92337,2,1680,1050
1,2,12242,1779220005.94419,2,1680,1050
1,2,12243,1779220005.96501,2,1680,1050
1,2,12244,1779220005.98583,2,1680,1050
1,2,12245,1779220006.00665,2,1680,1050
1,2,12246,1779220006.02747,2,1680,1050
1,2,12247,1779220006.04829,2,1680,1050
1,2,12248,1779220006.06911,2,1680,1050
1,2,12249,1779220006.08993,2,1680,1050
1,2,12250,1779220006.11075,2,1680,1050
1,2,12251,1779220006.13157,2,1680,1050
1,2,12252,1779220006.15239,2,1680,1050
1,2,12253,1779220006.17321,2,1680,1050
1,2,12254,1779220006.19403,2,1680,1050
1,2,12255,1779220006.21485,2,1680,1050
1,2,12256,1779220006.23567,2,1680,1050
1,2,12257,1779220006.25649,2,1680,1050
1,2,12258,1779220006.27731,2,1680,1050
1,2,12259,1779220006.29812,2,1680,1050
1,2,12260,1779220006.31894,2,1680,1050
1,2,12261,1779220006.33976,2,1680,1050
1,2,12262,1779220006.36058,2,1680,1050
1,2,12263,1779220006.3814,2,1680,1050
1,2,12264,1779220006.40222,2,1680,1050
1,2,12265,1779220006.42304,2,1680,1050
1,2,12266,1779220006.44386,2,1680,1050
1,2,12267,1779220006.46468,2,1680,1050
1,2,12268,1779220006.4855,2,1680,1050
1,2,12269,1779220006.50632,2,1680,1050
1,2,12270,1779220006.52714,2,1680,1050
1,2,12271,1779220006.54796,2,1680,1050
1,2,12272,1779220006.56878,2,1680,1050
1,2,12273,1779220006.5896,2,1680,1050
1,2,12274,1779220006.61042,2,1680,1050
1,2,12275,1779220006.63124,2,1680,1050
1,2,12276,1779220006.65206,2,1680,1050
1,2,12277,1779220006.67288,2,1680,1050
1,2,12278,1779220006.69369,2,1680,1050
1,2,12279,1779220006.71451,2,1680,1050
1,2,12280,1779220006.73533,2,1680,1050
1,2,12281,1779220006.75615,2,1680,1050
1,2,12282,1779220006.77697,2,1680,1050
1,2,12283,1779220006.79779,2,1680,1050
1,2,12284,1779220006.81861,2,1680,1050
1,2,12285,1779220006.83943,2,1680,1050
1,2,12286,1779220006.86025,2,1680,1050
1,2,12287,1779220006.88107,2,1680,1050
1,2,12288,1779220006.90189,2,1680,1050
1,2,12289,1779220006.92271,2,1680,1050
1,2,12290,1779220006.94353,2,1680,1050
1,2,12291,1779220006.96435,2,1680,1050
1,2,12292,1779220006.98517,2,1680,1050
1,2,12293,1779220007.00599,2,1680,1050
1,2,12294,1779220007.02681,2,1680,1050
1,2,12295,1779220007.04763,2,1680,1050
1,2,12296,1779220007.06845,2,1680,1050
1,2,12297,1779220007.08926,2,1680,1050
1,2,12298,1779220007.11009,2,1680,1050
1,2,12299,1779220007.1309,2,1680,1050
1,2,12300,1779220007.15172,2,1680,1050
1,2,12301,1779220007.17254,2,1680,1050
1,2,12302,1779220007.19336,2,1680,1050
1,2,12303,1779220007.21418,2,1680,1050
1,2,12304,1779220007.235,2,1680,1050
1,2,12305,1779220007.25582,2,1680,1050
1,2,12306,1779220007.27664,2,1680,1050
1,2,12307,1779220007.29746,2,1680,1050
1,2,12308,1779220007.31828,2,1680,1050
1,2,12309,1779220007.3391,2,1680,1050
1,2,12310,1779220007.35992,2,1680,1050
1,2,12311,1779220007.38074,2,1680,1050
1,2,12312,1779220007.40156,2,1680,1050
1,2,12313,1779220007.42238,2,1680,1050
1,2,12314,1779220007.4432,2,1680,1050
1,2,12315,1779220007.46402,2,1680,1050
1,2,12316,1779220007.48484,2,1680,1050
1,2,12317,1779220007.50566,2,1680,1050
1,2,12318,1779220007.52648,2,1680,1050
1,2,12319,1779220007.54729,2,1680,1050
1,2,12320,1779220007.56811,2,1680,1050
1,2,12321,1779220007.58893,2,1680,1050
1,2,12322,1779220007.60975,2,1680,1050
1,2,12323,1779220007.63057,2,1680,1050
1,2,12324,1779220007.65139,2,1680,1050
1,2,12325,1779220007.67221,2,1680,1050
1,2,12326,1779220007.69303,2,1680,1050
1,2,12327,1779220007.71385,2,1680,1050
1,2,12328,1779220007.73467,2,1680,1050
1,2,12329,1779220007.75549,2,1680,1050
1,2,12330,1779220007.77631,2,1680,1050
1,2,12331,1779220007.79713,2,1680,1050
1,2,12332,1779220007.81795,2,1680,1050
1,2,12333,1779220007.83877,2,1680,1050
1,2,12334,1779220007.85959,2,1680,1050
1,2,12335,1779220007.88041,2,1680,1050
1,2,12336,1779220007.90123,2,1680,1050
1,2,12337,1779220007.92205,2,1680,1050
1,2,12338,1779220007.94287,2,1680,1050
1,2,12339,1779220007.96368,2,1680,1050
1,2,12340,1779220007.9845,2,1680,1050
1,2,12341,1779220008.00532,2,1680,1050
1,2,12342,1779220008.02614,2,1680,1050
1,2,12343,1779220008.04696,2,1680,1050
1,2,12344,1779220008.06778,2,1680,1050
1,2,12345,1779220008.0886,2,1680,1050
1,2,12346,1779220008.10942,2,1680,1050
1,2,12347,1779220008.13024,2,1680,1050
1,2,12348,1779220008.15106,2,1680,1050
1,2,12349,1779220008.17188,2,1680,1050
1,2,12350,1779220008.1927,2,1680,1050
1,2,12351,1779220008.21352,2,1680,1050
1,2,12352,1779220008.23434,2,1680,1050
1,2,12353,1779220008.25516,2,1680,1050
1,2,12354,1779220008.27598,2,1680,1050
1,2,12355,1779220008.2968,2,1680,1050
1,2,12356,1779220008.31762,2,1680,1050
1,2,12357,1779220008.33844,2,1680,1050
1,2,12358,1779220008.35926,2,1680,1050
1,2,12359,1779220008.38007,2,1680,1050
1,2,12360,1779220008.40089,2,1680,1050
1,2,12361,1779220008.42171,2,1680,1050
1,2,12362,1779220008.44253,2,1680,1050
1,2,12363,1779220008.46335,2,1680,1050
1,2,12364,1779220008.48417,2,1680,1050
1,2,12365,1779220008.50499,2,1680,1050
1,2,12366,1779220008.52581,2,1680,1050
1,2,12367,1779220008.54663,2,1680,1050
1,2,12368,1779220008.56745,2,1680,1050
1,2,12369,1779220008.58827,2,1680,1050
1,2,12370,1779220008.60909,2,1680,1050
1,2,12371,1779220008.62991,2,1680,1050
1,2,12372,1779220008.65073,2,1680,1050
1,2,12373,1779220008.67155,2,1680,1050
1,2,12374,1779220008.69237,2,1680,1050
1,2,12375,1779220008.71319,2,1680,1050
1,2,12376,1779220008.73401,2,1680,1050
1,2,12377,1779220008.75483,2,1680,1050
1,2,12378,1779220008.77565,2,1680,1050
1,2,12379,1779220008.79646,2,1680,1050
1,2,12380,1779220008.81728,2,1680,1050
1,2,12381,1779220008.8381,2,1680,1050
1,2,12382,1779220008.85892,2,1680,1050
1,2,12383,1779220008.87974,2,1680,1050
1,2,12384,1779220008.90056,2,1680,1050
1,2,12385,1779220008.92138,2,1680,1050
1,2,12386,1779220008.9422,2,1680,1050
1,2,12387,1779220008.96302,2,1680,1050
1,2,12388,1779220008.98384,2,1680,1050
1,2,12389,1779220009.00466,2,1680,1050
1,2,12390,1779220009.02548,2,1680,1050
1,2,12391,1779220009.0463,2,1680,1050
1,2,12392,1779220009.06712,2,1680,1050
1,2,12393,1779220009.08794,2,1680,1050
1,2,12394,1779220009.10876,2,1680,1050
1,2,12395,1779220009.12958,2,1680,1050
1,2,12396,1779220009.1504,2,1680,1050
1,2,12397,1779220009.17122,2,1680,1050
1,2,12398,1779220009.19204,2,1680,1050
1,2,12399,1779220009.21285,2,1680,1050
1,2,12400,1779220009.23367,2,1680,1050
1,2,12401,1779220009.25449,2,1680,1050
1,2,12402,1779220009.27531,2,1680,1050
1,2,12403,1779220009.29613,2,1680,1050
1,2,12404,1779220009.31695,2,1680,1050
1,2,12405,1779220009.33777,2,1680,1050
1,2,12406,1779220009.35859,2,1680,1050
1,2,12407,1779220009.37941,2,1680,1050
1,2,12408,1779220009.40023,2,1680,1050
1,2,12409,1779220009.42105,2,1680,1050
1,2,12410,1779220009.44187,2,1680,1050
1,2,12411,1779220009.46269,2,1680,1050
1,2,12412,1779220009.48351,2,1680,1050
1,2,12413,1779220009.50433,2,1680,1050
1,2,12414,1779220009.52515,2,1680,1050
1,2,12415,1779220009.54597,2,1680,1050
1,2,12416,1779220009.56679,2,1680,1050
1,2,12417,1779220009.58761,2,1680,1050
1,2,12418,1779220009.60843,2,1680,1050
1,2,12419,1779220009.62925,2,1680,1050
1,2,12420,1779220009.65006,2,1680,1050
1,2,12421,1779220009.67088,2,1680,1050
1,2,12422,1779220009.6917,-1,1680,1050
1,2,12423,1779220009.71252,-1,1680,1050
1,2,12424,1779220009.73334,-1,1680,1050
1,2,12425,1779220009.75416,-1,1680,1050
1,2,12426,1779220009.77498,-1,1680,1050
1,2,12427,1779220009.7958,-1,1680,1050
1,2,12428,1779220009.81662,-1,1680,1050
1,2,12429,1779220009.83744,-1,1680,1050
1,2,12430,1779220009.85826,-1,1680,1050
1,2,12431,1779220009.87908,-1,1680,1050
1,2,12432,1779220009.8999,-1,1680,1050
1,2,12433,1779220009.92072,-1,1680,1050
1,2,12434,1779220009.94154,-1,1680,1050
1,2,12435,1779220009.96236,-1,1680,1050
1,2,12436,1779220009.98318,-1,1680,1050
1,2,12437,1779220010.004,-1,1680,1050
1,2,12438,1779220010.02482,-1,1680,1050
1,2,12439,1779220010.04564,-1,1680,1050
1,2,12440,1779220010.06645,-1,1680,1050
1,2,12441,1779220010.08727,-1,1680,1050
1,2,12442,1779220010.10809,-1,1680,1050
1,2,12443,1779220010.12891,-1,1680,1050
1,2,12444,1779220010.14973,-1,1680,1050
1,2,12445,1779220010.17055,-1,1680,1050
1,2,12446,1779220010.19137,-1,1680,1050
1,2,12447,1779220010.21219,-1,1680,1050
1,2,12448,1779220010.23301,-1,1680,1050
1,2,12449,1779220010.25383,-1,1680,1050
1,2,12450,1779220010.27465,-1,1680,1050
1,2,12451,1779220010.29547,-1,1680,1050
1,2,12452,1779220010.31629,-1,1680,1050
1,2,12453,1779220010.33711,-1,1680,1050
1,2,12454,1779220010.35793,-1,1680,1050
1,2,12455,1779220010.37875,-1,1680,1050
1,2,12456,1779220010.39957,-1,1680,1050
1,2,12457,1779220010.42039,-1,1680,1050
1,2,12458,1779220010.44121,-1,1680,1050
1,2,12459,1779220010.46203,-1,1680,1050
1,2,12460,1779220010.48284,-1,1680,1050
1,2,12461,1779220010.50366,-1,1680,1050
1,2,12462,1779220010.52448,-1,1680,1050
1,2,12463,1779220010.5453,-1,1680,1050
1,2,12464,1779220010.56612,-1,1680,1050
1,2,12465,1779220010.58694,-1,1680,1050
1,2,12466,1779220010.60776,-1,1680,1050
1,2,12467,1779220010.62858,-1,1680,1050
1,2,12468,1779220010.6494,-1,1680,1050
1,2,12469,1779220010.67022,-1,1680,1050
1,2,12470,1779220010.69104,-1,1680,1050
1,2,12471,1779220010.71186,-1,1680,1050
1,2,12472,1779220010.73268,-1,1680,1050
1,2,12473,1779220010.7535,-1,1680,1050
1,2,12474,1779220010.77432,-1,1680,1050
1,2,12475,1779220010.79514,-1,1680,1050
1,2,12476,1779220010.81596,-1,1680,1050
1,2,12477,1779220010.83678,-1,1680,1050
1,2,12478,1779220010.8576,-1,1680,1050
1,2,12479,1779220010.87842,-1,1680,1050
1,2,12480,1779220010.89923,-1,1680,1050
1,2,12481,1779220010.92005,-1,1680,1050
1,2,12482,1779220010.94087,-1,1680,1050
1,2,12483,1779220010.96169,-1,1680,1050
1,2,12484,1779220010.98251,-1,1680,1050
1,2,12485,1779220011.00333,-1,1680,1050
1,2,12486,1779220011.02415,-1,1680,1050
1,2,12487,1779220011.04497,-1,1680,1050
1,2,12488,1779220011.06579,-1,1680,1050
1,2,12489,1779220011.08661,-1,1680,1050
1,2,12490,1779220011.10743,-1,1680,1050
1,2,12491,1779220011.12825,-1,1680,1050
1,2,12492,1779220011.14907,-1,1680,1050
1,2,12493,1779220011.16989,-1,1680,1050
1,2,12494,1779220011.19071,-1,1680,1050
1,2,12495,1779220011.21153,-1,1680,1050
1,2,12496,1779220011.23235,-1,1680,1050
1,2,12497,1779220011.25317,-1,1680,1050
1,2,12498,1779220011.27399,-1,1680,1050
1,2,12499,1779220011.29481,-1,1680,1050
1,2,12500,1779220011.31562,-1,1680,1050
1,2,12501,1779220011.33644,-1,1680,1050
1,2,12502,1779220011.35726,-1,1680,1050
1,2,12503,1779220011.37808,-1,1680,1050
1,2,12504,1779220011.3989,-1,1680,1050
1,2,12505,1779220011.41972,-1,1680,1050
1,2,12506,1779220011.44054,-1,1680,1050
1,2,12507,1779220011.46136,-1,1680,1050
1,2,12508,1779220011.48218,-1,1680,1050
1,2,12509,1779220011.503,-1,1680,1050
1,2,12510,1779220011.52382,-1,1680,1050
1,2,12511,1779220011.54464,-1,1680,1050
1,2,12512,1779220011.56546,-1,1680,1050
1,2,12513,1779220011.58628,-1,1680,1050
1,2,12514,1779220011.6071,-1,1680,1050
1,2,12515,1779220011.62792,-1,1680,1050
1,2,12516,1779220011.64874,-1,1680,1050
1,2,12517,1779220011.66956,-1,1680,1050
1,2,12518,1779220011.69038,-1,1680,1050
1,2,12519,1779220011.71119,-1,1680,1050
1,2,12520,1779220011.73201,-1,1680,1050
1,2,12521,1779220011.75283,-1,1680,1050
1,2,12522,1779220011.77365,-1,1680,1050
1,2,12523,1779220011.79447,-1,1680,1050
1,2,12524,1779220011.81529,-1,1680,1050
1,2,12525,1779220011.83611,-1,1680,1050
1,2,12526,1779220011.85693,-1,1680,1050
1,2,12527,1779220011.87775,-1,1680,1050
1,2,12528,1779220011.89857,-1,1680,1050
1,2,12529,1779220011.91939,-1,1680,1050
1,2,12530,1779220011.94021,-1,1680,1050
1,2,12531,1779220011.96103,-1,1680,1050
1,2,12532,1779220011.98185,-1,1680,1050
1,2,12533,1779220012.00267,-1,1680,1050
1,2,12534,1779220012.02349,-1,1680,1050
1,2,12535,1779220012.04431,-1,1680,1050
1,2,12536,1779220012.06513,-1,1680,1050
1,2,12537,1779220012.08595,-1,1680,1050
1,2,12538,1779220012.10676,-1,1680,1050
1,2,12539,1779220012.12759,-1,1680,1050
1,2,12540,1779220012.1484,-1,1680,1050
1,2,12541,1779220012.16922,-1,1680,1050
1,2,12542,1779220012.19004,-1,1680,1050
1,2,12543,1779220012.21086,-1,1680,1050
1,2,12544,1779220012.23168,-1,1680,1050
1,2,12545,1779220012.2525,-1,1680,1050
1,2,12546,1779220012.27332,-1,1680,1050
1,2,12547,1779220012.29414,-1,1680,1050
1,2,12548,1779220012.31496,-1,1680,1050
1,2,12549,1779220012.33578,-1,1680,1050
1,2,12550,1779220012.3566,-1,1680,1050
1,2,12551,1779220012.37742,-1,1680,1050
1,2,12552,1779220012.39824,-1,1680,1050
1,2,12553,1779220012.41906,-1,1680,1050
1,2,12554,1779220012.43988,-1,1680,1050
1,2,12555,1779220012.4607,-1,1680,1050
1,2,12556,1779220012.48152,-1,1680,1050
1,2,12557,1779220012.50234,-1,1680,1050
1,2,12558,1779220012.52316,-1,1680,1050
1,2,12559,1779220012.54398,-1,1680,1050
1,2,12560,1779220012.56479,-1,1680,1050
1,2,12561,1779220012.58561,-1,1680,1050
1,2,12562,1779220012.60643,-1,1680,1050
1,2,12563,1779220012.62725,-1,1680,1050
1,2,12564,1779220012.64807,-1,1680,1050
1,2,12565,1779220012.66889,-1,1680,1050
1,2,12566,1779220012.68971,-1,1680,1050
1,2,12567,1779220012.71053,-1,1680,1050
1,2,12568,1779220012.73135,-1,1680,1050
1,2,12569,1779220012.75217,-1,1680,1050
1,2,12570,1779220012.77299,-1,1680,1050
1,2,12571,1779220012.79381,-1,1680,1050
1,2,12572,1779220012.81463,-1,1680,1050
1,2,12573,1779220012.83545,-1,1680,1050
1,2,12574,1779220012.85627,-1,1680,1050
1,2,12575,1779220012.87709,-1,1680,1050
1,2,12576,1779220012.89791,-1,1680,1050
1,2,12577,1779220012.91873,-1,1680,1050
1,2,12578,1779220012.93955,-1,1680,1050
1,2,12579,1779220012.96037,-1,1680,1050
1,2,12580,1779220012.98118,-1,1680,1050
1,2,12581,1779220013.002,-1,1680,1050
1,2,12582,1779220013.02282,-1,1680,1050
1,2,12583,1779220013.04364,-1,1680,1050
1,2,12584,1779220013.06446,-1,1680,1050
1,2,12585,1779220013.08528,-1,1680,1050
1,2,12586,1779220013.1061,-1,1680,1050
1,2,12587,1779220013.12692,-1,1680,1050
1,2,12588,1779220013.14774,-1,1680,1050
1,2,12589,1779220013.16856,-1,1680,1050
1,2,12590,1779220013.18938,-1,1680,1050
1,2,12591,1779220013.2102,-1,1680,1050
1,2,12592,1779220013.23102,-1,1680,1050
1,2,12593,1779220013.25184,-1,1680,1050
1,2,12594,1779220013.27266,-1,1680,1050
1,2,12595,1779220013.29348,-1,1680,1050
1,2,12596,1779220013.3143,-1,1680,1050
1,2,12597,1779220013.33512,-1,1680,1050
1,2,12598,1779220013.35594,-1,1680,1050
1,2,12599,1779220013.37675,-1,1680,1050
1,2,12600,1779220013.39757,-1,1680,1050
1,2,12601,1779220013.41839,-1,1680,1050
1,2,12602,1779220013.43921,1,1680,1050
1,2,12603,1779220013.46003,1,1680,1050
1,2,12604,1779220013.48085,1,1680,1050
1,2,12605,1779220013.50168,1,1680,1050
1,2,12606,1779220013.52249,1,1680,1050
1,2,12607,1779220013.54331,1,1680,1050
1,2,12608,1779220013.56413,1,1680,1050
1,2,12609,1779220013.58495,1,1680,1050
1,2,12610,1779220013.60577,1,1680,1050
1,2,12611,1779220013.62659,1,1680,1050
1,2,12612,1779220013.64741,1,1680,1050
1,2,12613,1779220013.66823,1,1680,1050
1,2,12614,1779220013.68905,1,1680,1050
1,2,12615,1779220013.70987,1,1680,1050
1,2,12616,1779220013.73069,1,1680,1050
1,2,12617,1779220013.75151,1,1680,1050
1,2,12618,1779220013.77233,1,1680,1050
1,2,12619,1779220013.79315,1,1680,1050
1,2,12620,1779220013.81396,1,1680,1050
1,2,12621,1779220013.83478,1,1680,1050
1,2,12622,1779220013.8556,1,1680,1050
1,2,12623,1779220013.87642,1,1680,1050
1,2,12624,1779220013.89724,1,1680,1050
1,2,12625,1779220013.91806,1,1680,1050
1,2,12626,1779220013.93888,1,1680,1050
1,2,12627,1779220013.9597,1,1680,1050
1,2,12628,1779220013.98052,1,1680,1050
1,2,12629,1779220014.00134,1,1680,1050
1,2,12630,1779220014.02216,1,1680,1050
1,2,12631,1779220014.04298,1,1680,1050
1,2,12632,1779220014.06382,1,1680,1050
1,2,12633,1779220014.08462,1,1680,1050
1,2,12634,1779220014.10544,1,1680,1050
1,2,12635,1779220014.12626,1,1680,1050
1,2,12636,1779220014.14708,1,1680,1050
1,2,12637,1779220014.1679,1,1680,1050
1,2,12638,1779220014.18872,1,1680,1050
1,2,12639,1779220014.20953,1,1680,1050
1,2,12640,1779220014.23036,1,1680,1050
1,2,12641,1779220014.25117,1,1680,1050
1,2,12642,1779220014.27199,1,1680,1050
1,2,12643,1779220014.29281,1,1680,1050
1,2,12644,1779220014.31363,1,1680,1050
1,2,12645,1779220014.33445,1,1680,1050
1,2,12646,1779220014.35527,1,1680,1050
1,2,12647,1779220014.37609,1,1680,1050
1,2,12648,1779220014.39691,1,1680,1050
1,2,12649,1779220014.41773,1,1680,1050
1,2,12650,1779220014.43855,1,1680,1050
1,2,12651,1779220014.45937,1,1680,1050
1,2,12652,1779220014.48019,1,1680,1050
1,2,12653,1779220014.50101,1,1680,1050
1,2,12654,1779220014.52183,1,1680,1050
1,2,12655,1779220014.54265,1,1680,1050
1,2,12656,1779220014.56347,1,1680,1050
1,2,12657,1779220014.58429,1,1680,1050
1,2,12658,1779220014.60511,1,1680,1050
1,2,12659,1779220014.62593,1,1680,1050
1,2,12660,1779220014.64674,1,1680,1050
1,2,12661,1779220014.66756,1,1680,1050
1,2,12662,1779220014.68838,1,1680,1050
1,2,12663,1779220014.7092,1,1680,1050
1,2,12664,1779220014.73002,1,1680,1050
1,2,12665,1779220014.75084,1,1680,1050
1,2,12666,1779220014.77166,1,1680,1050
1,2,12667,1779220014.79248,1,1680,1050
1,2,12668,1779220014.8133,1,1680,1050
1,2,12669,1779220014.83412,1,1680,1050
1,2,12670,1779220014.85494,1,1680,1050
1,2,12671,1779220014.87576,1,1680,1050
1,2,12672,1779220014.89658,1,1680,1050
1,2,12673,1779220014.9174,1,1680,1050
1,2,12674,1779220014.93822,1,1680,1050
1,2,12675,1779220014.95904,1,1680,1050
1,2,12676,1779220014.97986,1,1680,1050
1,2,12677,1779220015.00068,1,1680,1050
1,2,12678,1779220015.0215,1,1680,1050
1,2,12679,1779220015.04232,1,1680,1050
1,2,12680,1779220015.06314,1,1680,1050
1,2,12681,1779220015.08395,1,1680,1050
1,2,12682,1779220015.10477,1,1680,1050
1,2,12683,1779220015.12559,1,1680,1050
1,2,12684,1779220015.14641,1,1680,1050
1,2,12685,1779220015.16723,1,1680,1050
1,2,12686,1779220015.18805,1,1680,1050
1,2,12687,1779220015.20887,1,1680,1050
1,2,12688,1779220015.22969,1,1680,1050
1,2,12689,1779220015.25051,1,1680,1050
1,2,12690,1779220015.27133,1,1680,1050
1,2,12691,1779220015.29215,1,1680,1050
1,2,12692,1779220015.31297,1,1680,1050
1,2,12693,1779220015.33379,1,1680,1050
1,2,12694,1779220015.35461,1,1680,1050
1,2,12695,1779220015.37543,1,1680,1050
1,2,12696,1779220015.39625,1,1680,1050
1,2,12697,1779220015.41707,1,1680,1050
1,2,12698,1779220015.43789,1,1680,1050
1,2,12699,1779220015.45871,1,1680,1050
1,2,12700,1779220015.47953,1,1680,1050
1,2,12701,1779220015.50034,1,1680,1050
1,2,12702,1779220015.52116,1,1680,1050
1,2,12703,1779220015.54198,1,1680,1050
1,2,12704,1779220015.5628,1,1680,1050
1,2,12705,1779220015.58362,1,1680,1050
1,2,12706,1779220015.60444,1,1680,1050
1,2,12707,1779220015.62526,1,1680,1050
1,2,12708,1779220015.64608,1,1680,1050
1,2,12709,1779220015.6669,1,1680,1050
1,2,12710,1779220015.68772,1,1680,1050
1,2,12711,1779220015.70854,1,1680,1050
1,2,12712,1779220015.72936,1,1680,1050
1,2,12713,1779220015.75018,1,1680,1050
1,2,12714,1779220015.771,1,1680,1050
1,2,12715,1779220015.79182,1,1680,1050
1,2,12716,1779220015.81264,1,1680,1050
1,2,12717,1779220015.83346,1,1680,1050
1,2,12718,1779220015.85428,1,1680,1050
1,2,12719,1779220015.8751,1,1680,1050
1,2,12720,1779220015.89591,1,1680,1050
1,2,12721,1779220015.91673,1,1680,1050
1,2,12722,1779220015.93755,1,1680,1050
1,2,12723,1779220015.95837,1,1680,1050
1,2,12724,1779220015.97919,1,1680,1050
1,2,12725,1779220016.00001,1,1680,1050
1,2,12726,1779220016.02083,1,1680,1050
1,2,12727,1779220016.04165,1,1680,1050
1,2,12728,1779220016.06247,1,1680,1050
1,2,12729,1779220016.08329,1,1680,1050
1,2,12730,1779220016.10411,1,1680,1050
1,2,12731,1779220016.12493,1,1680,1050
1,2,12732,1779220016.14575,1,1680,1050
1,2,12733,1779220016.16657,1,1680,1050
1,2,12734,1779220016.18739,1,1680,1050
1,2,12735,1779220016.20821,1,1680,1050
1,2,12736,1779220016.22903,1,1680,1050
1,2,12737,1779220016.24985,1,1680,1050
1,2,12738,1779220016.27067,1,1680,1050
1,2,12739,1779220016.29149,1,1680,1050
1,2,12740,1779220016.31231,1,1680,1050
1,2,12741,1779220016.33312,1,1680,1050
1,2,12742,1779220016.35394,1,1680,1050
1,2,12743,1779220016.37476,1,1680,1050
1,2,12744,1779220016.39558,1,1680,1050
1,2,12745,1779220016.4164,1,1680,1050
1,2,12746,1779220016.43722,1,1680,1050
1,2,12747,1779220016.45804,1,1680,1050
1,2,12748,1779220016.47886,1,1680,1050
1,2,12749,1779220016.49968,1,1680,1050
1,2,12750,1779220016.5205,1,1680,1050
1,2,12751,1779220016.54132,1,1680,1050
1,2,12752,1779220016.56214,1,1680,1050
1,2,12753,1779220016.58296,1,1680,1050
1,2,12754,1779220016.60378,1,1680,1050
1,2,12755,1779220016.6246,1,1680,1050
1,2,12756,1779220016.64542,1,1680,1050
1,2,12757,1779220016.66624,1,1680,1050
1,2,12758,1779220016.68706,1,1680,1050
1,2,12759,1779220016.70788,1,1680,1050
1,2,12760,1779220016.7287,1,1680,1050
1,2,12761,1779220016.74951,1,1680,1050
1,2,12762,1779220016.77033,1,1680,1050
1,2,12763,1779220016.79115,1,1680,1050
1,2,12764,1779220016.81197,1,1680,1050
1,2,12765,1779220016.83279,1,1680,1050
1,2,12766,1779220016.85361,1,1680,1050
1,2,12767,1779220016.87443,1,1680,1050
1,2,12768,1779220016.89525,1,1680,1050
1,2,12769,1779220016.91607,1,1680,1050
1,2,12770,1779220016.93689,1,1680,1050
1,2,12771,1779220016.95771,1,1680,1050
1,2,12772,1779220016.97853,1,1680,1050
1,2,12773,1779220016.99935,1,1680,1050
1,2,12774,1779220017.02017,1,1680,1050
1,2,12775,1779220017.04099,1,1680,1050
1,2,12776,1779220017.06181,1,1680,1050
1,2,12777,1779220017.08263,1,1680,1050
1,2,12778,1779220017.10345,1,1680,1050
1,2,12779,1779220017.12427,1,1680,1050
1,2,12780,1779220017.14509,1,1680,1050
1,2,12781,1779220017.16591,1,1680,1050
1,2,12782,1779220017.18672,1,1680,1050
1,2,12783,1779220017.20754,1,1680,1050
1,2,12784,1779220017.22836,1,1680,1050
1,2,12785,1779220017.24918,1,1680,1050
1,2,12786,1779220017.27,1,1680,1050
1,2,12787,1779220017.29082,1,1680,1050
1,2,12788,1779220017.31164,1,1680,1050
1,2,12789,1779220017.33246,1,1680,1050
1,2,12790,1779220017.35328,1,1680,1050
1,2,12791,1779220017.3741,1,1680,1050
1,2,12792,1779220017.39492,1,1680,1050
1,2,12793,1779220017.41574,1,1680,1050
1,2,12794,1779220017.43656,1,1680,1050
1,2,12795,1779220017.45738,1,1680,1050
1,2,12796,1779220017.4782,1,1680,1050
1,2,12797,1779220017.49902,1,1680,1050
1,2,12798,1779220017.51984,1,1680,1050
1,2,12799,1779220017.54065,1,1680,1050
1,2,12800,1779220017.56148,1,1680,1050
1,2,12801,1779220017.5823,1,1680,1050
1,2,12802,1779220017.60311,1,1680,1050
1,2,12803,1779220017.62393,1,1680,1050
1,2,12804,1779220017.64475,1,1680,1050
1,2,12805,1779220017.66557,1,1680,1050
1,2,12806,1779220017.68639,1,1680,1050
1,2,12807,1779220017.70721,1,1680,1050
1,2,12808,1779220017.72803,1,1680,1050
1,2,12809,1779220017.74885,1,1680,1050
1,2,12810,1779220017.76967,1,1680,1050
1,2,12811,1779220017.79049,1,1680,1050
1,2,12812,1779220017.81131,1,1680,1050
1,2,12813,1779220017.83213,1,1680,1050
1,2,12814,1779220017.85295,1,1680,1050
1,2,12815,1779220017.87377,1,1680,1050
1,2,12816,1779220017.89459,1,1680,1050
1,2,12817,1779220017.91541,1,1680,1050
1,2,12818,1779220017.93623,1,1680,1050
1,2,12819,1779220017.95705,1,1680,1050
1,2,12820,1779220017.97787,1,1680,1050
1,2,12821,1779220017.99868,1,1680,1050
1,2,12822,1779220018.0195,1,1680,1050
1,2,12823,1779220018.04032,1,1680,1050
1,2,12824,1779220018.06114,1,1680,1050
1,2,12825,1779220018.08196,1,1680,1050
1,2,12826,1779220018.10278,1,1680,1050
1,2,12827,1779220018.1236,1,1680,1050
1,2,12828,1779220018.14442,1,1680,1050
1,2,12829,1779220018.16524,1,1680,1050
1,2,12830,1779220018.18606,1,1680,1050
1,2,12831,1779220018.20688,1,1680,1050
1,2,12832,1779220018.2277,1,1680,1050
1,2,12833,1779220018.24852,1,1680,1050
1,2,12834,1779220018.26934,1,1680,1050
1,2,12835,1779220018.29016,1,1680,1050
1,2,12836,1779220018.31098,1,1680,1050
1,2,12837,1779220018.3318,1,1680,1050
1,2,12838,1779220018.35262,1,1680,1050
1,2,12839,1779220018.37344,1,1680,1050
1,2,12840,1779220018.39426,1,1680,1050
1,2,12841,1779220018.41508,1,1680,1050
1,2,12842,1779220018.43589,2,1680,1050
1,2,12843,1779220018.45671,2,1680,1050
1,2,12844,1779220018.47753,2,1680,1050
1,2,12845,1779220018.49835,2,1680,1050
1,2,12846,1779220018.51917,2,1680,1050
1,2,12847,1779220018.53999,2,1680,1050
1,2,12848,1779220018.56081,2,1680,1050
1,2,12849,1779220018.58163,2,1680,1050
1,2,12850,1779220018.60245,2,1680,1050
1,2,12851,1779220018.62327,2,1680,1050
1,2,12852,1779220018.64409,2,1680,1050
1,2,12853,1779220018.66491,2,1680,1050
1,2,12854,1779220018.68573,2,1680,1050
1,2,12855,1779220018.70655,2,1680,1050
1,2,12856,1779220018.72737,2,1680,1050
1,2,12857,1779220018.74819,2,1680,1050
1,2,12858,1779220018.76901,2,1680,1050
1,2,12859,1779220018.78983,2,1680,1050
1,2,12860,1779220018.81065,2,1680,1050
1,2,12861,1779220018.83147,2,1680,1050
1,2,12862,1779220018.85228,2,1680,1050
1,2,12863,1779220018.8731,2,1680,1050
1,2,12864,1779220018.89392,2,1680,1050
1,2,12865,1779220018.91474,2,1680,1050
1,2,12866,1779220018.93556,2,1680,1050
1,2,12867,1779220018.95638,2,1680,1050
1,2,12868,1779220018.9772,2,1680,1050
1,2,12869,1779220018.99802,2,1680,1050
1,2,12870,1779220019.01884,2,1680,1050
1,2,12871,1779220019.03966,2,1680,1050
1,2,12872,1779220019.06048,2,1680,1050
1,2,12873,1779220019.0813,2,1680,1050
1,2,12874,1779220019.10212,2,1680,1050
1,2,12875,1779220019.12294,2,1680,1050
1,2,12876,1779220019.14376,2,1680,1050
1,2,12877,1779220019.16458,2,1680,1050
1,2,12878,1779220019.1854,2,1680,1050
1,2,12879,1779220019.20622,2,1680,1050
1,2,12880,1779220019.22703,2,1680,1050
1,2,12881,1779220019.24785,2,1680,1050
1,2,12882,1779220019.26867,2,1680,1050
1,2,12883,1779220019.28949,2,1680,1050
1,2,12884,1779220019.31031,2,1680,1050
1,2,12885,1779220019.33113,2,1680,1050
1,2,12886,1779220019.35195,2,1680,1050
1,2,12887,1779220019.37277,2,1680,1050
1,2,12888,1779220019.39359,2,1680,1050
1,2,12889,1779220019.41441,2,1680,1050
1,2,12890,1779220019.43523,2,1680,1050
1,2,12891,1779220019.45605,2,1680,1050
1,2,12892,1779220019.47687,2,1680,1050
1,2,12893,1779220019.49769,2,1680,1050
1,2,12894,1779220019.51851,2,1680,1050
1,2,12895,1779220019.53933,2,1680,1050
1,2,12896,1779220019.56015,2,1680,1050
1,2,12897,1779220019.58097,2,1680,1050
1,2,12898,1779220019.60179,2,1680,1050
1,2,12899,1779220019.62261,2,1680,1050
1,2,12900,1779220019.64343,2,1680,1050
1,2,12901,1779220019.66425,2,1680,1050
1,2,12902,1779220019.68506,2,1680,1050
1,2,12903,1779220019.70588,2,1680,1050
1,2,12904,1779220019.7267,2,1680,1050
1,2,12905,1779220019.74752,2,1680,1050
1,2,12906,1779220019.76834,2,1680,1050
1,2,12907,1779220019.78916,2,1680,1050
1,2,12908,1779220019.80998,2,1680,1050
1,2,12909,1779220019.8308,2,1680,1050
1,2,12910,1779220019.85162,2,1680,1050
1,2,12911,1779220019.87244,2,1680,1050
1,2,12912,1779220019.89326,2,1680,1050
1,2,12913,1779220019.91408,2,1680,1050
1,2,12914,1779220019.9349,2,1680,1050
1,2,12915,1779220019.95572,2,1680,1050
1,2,12916,1779220019.97654,2,1680,1050
1,2,12917,1779220019.99736,2,1680,1050
1,2,12918,1779220020.01818,2,1680,1050
1,2,12919,1779220020.039,2,1680,1050
1,2,12920,1779220020.05982,2,1680,1050
1,2,12921,1779220020.08064,2,1680,1050
1,2,12922,1779220020.10146,2,1680,1050
1,2,12923,1779220020.12227,2,1680,1050
1,2,12924,1779220020.14309,2,1680,1050
1,2,12925,1779220020.16391,2,1680,1050
1,2,12926,1779220020.18473,2,1680,1050
1,2,12927,1779220020.20555,2,1680,1050
1,2,12928,1779220020.22637,2,1680,1050
1,2,12929,1779220020.24719,2,1680,1050
1,2,12930,1779220020.26801,2,1680,1050
1,2,12931,1779220020.28883,2,1680,1050
1,2,12932,1779220020.30965,2,1680,1050
1,2,12933,1779220020.33047,2,1680,1050
1,2,12934,1779220020.35129,2,1680,1050
1,2,12935,1779220020.37211,2,1680,1050
1,2,12936,1779220020.39293,2,1680,1050
1,2,12937,1779220020.41375,2,1680,1050
1,2,12938,1779220020.43457,2,1680,1050
1,2,12939,1779220020.45539,2,1680,1050
1,2,12940,1779220020.47621,2,1680,1050
1,2,12941,1779220020.49703,2,1680,1050
1,2,12942,1779220020.51784,2,1680,1050
1,2,12943,1779220020.53866,2,1680,1050
1,2,12944,1779220020.55948,2,1680,1050
1,2,12945,1779220020.5803,2,1680,1050
1,2,12946,1779220020.60112,2,1680,1050
1,2,12947,1779220020.62194,2,1680,1050
1,2,12948,1779220020.64276,2,1680,1050
1,2,12949,1779220020.66358,2,1680,1050
1,2,12950,1779220020.6844,2,1680,1050
1,2,12951,1779220020.70522,2,1680,1050
1,2,12952,1779220020.72604,2,1680,1050
1,2,12953,1779220020.74686,2,1680,1050
1,2,12954,1779220020.76768,2,1680,1050
1,2,12955,1779220020.7885,2,1680,1050
1,2,12956,1779220020.80932,2,1680,1050
1,2,12957,1779220020.83014,2,1680,1050
1,2,12958,1779220020.85096,2,1680,1050
1,2,12959,1779220020.87178,2,1680,1050
1,2,12960,1779220020.8926,2,1680,1050
1,2,12961,1779220020.91342,2,1680,1050
1,2,12962,1779220021.01751,1,1680,1050
1,2,12963,1779220021.03833,1,1680,1050
1,2,12964,1779220021.05915,1,1680,1050
1,2,12965,1779220021.07997,1,1680,1050
1,2,12966,1779220021.10079,1,1680,1050
1,2,12967,1779220021.12161,1,1680,1050
1,2,12968,1779220021.14243,1,1680,1050
1,2,12969,1779220021.16325,1,1680,1050
1,2,12970,1779220021.18407,1,1680,1050
1,2,12971,1779220021.20489,1,1680,1050
1,2,12972,1779220021.22571,1,1680,1050
1,2,12973,1779220021.24653,1,1680,1050
1,2,12974,1779220021.26735,1,1680,1050
1,2,12975,1779220021.28817,1,1680,1050
1,2,12976,1779220021.30898,1,1680,1050
1,2,12977,1779220021.32981,1,1680,1050
1,2,12978,1779220021.35063,1,1680,1050
1,2,12979,1779220021.37144,1,1680,1050
1,2,12980,1779220021.39226,1,1680,1050
1,2,12981,1779220021.41308,1,1680,1050
1,2,12982,1779220021.4339,1,1680,1050
1,2,12983,1779220021.45472,1,1680,1050
1,2,12984,1779220021.47554,1,1680,1050
1,2,12985,1779220021.49636,1,1680,1050
1,2,12986,1779220021.51718,1,1680,1050
1,2,12987,1779220021.538,1,1680,1050
1,2,12988,1779220021.55882,1,1680,1050
1,2,12989,1779220021.57964,1,1680,1050
1,2,12990,1779220021.60046,1,1680,1050
1,2,12991,1779220021.62128,1,1680,1050
1,2,12992,1779220021.6421,1,1680,1050
1,2,12993,1779220021.66292,1,1680,1050
1,2,12994,1779220021.68374,1,1680,1050
1,2,12995,1779220021.70456,1,1680,1050
1,2,12996,1779220021.72538,1,1680,1050
1,2,12997,1779220021.7462,1,1680,1050
1,2,12998,1779220021.76701,1,1680,1050
1,2,12999,1779220021.78783,1,1680,1050
1,2,13000,1779220021.80866,1,1680,1050
1,2,13001,1779220021.82947,1,1680,1050
1,2,13002,1779220021.85029,1,1680,1050
1,2,13003,1779220021.87111,1,1680,1050
1,2,13004,1779220021.89193,1,1680,1050
1,2,13005,1779220021.91275,1,1680,1050
1,2,13006,1779220021.93357,1,1680,1050
1,2,13007,1779220021.95439,1,1680,1050
1,2,13008,1779220021.97521,1,1680,1050
1,2,13009,1779220021.99603,1,1680,1050
1,2,13010,1779220022.01685,1,1680,1050
1,2,13011,1779220022.03767,1,1680,1050
1,2,13012,1779220022.05849,1,1680,1050
1,2,13013,1779220022.07931,1,1680,1050
1,2,13014,1779220022.10013,1,1680,1050
1,2,13015,1779220022.12095,1,1680,1050
1,2,13016,1779220022.14177,1,1680,1050
1,2,13017,1779220022.16259,1,1680,1050
1,2,13018,1779220022.18341,1,1680,1050
1,2,13019,1779220022.20422,1,1680,1050
1,2,13020,1779220022.22504,1,1680,1050
1,2,13021,1779220022.24586,1,1680,1050
1,2,13022,1779220022.26668,1,1680,1050
1,2,13023,1779220022.2875,1,1680,1050
1,2,13024,1779220022.30832,1,1680,1050
1,2,13025,1779220022.32914,1,1680,1050
1,2,13026,1779220022.34996,1,1680,1050
1,2,13027,1779220022.37078,1,1680,1050
1,2,13028,1779220022.3916,1,1680,1050
1,2,13029,1779220022.41242,1,1680,1050
1,2,13030,1779220022.43324,1,1680,1050
1,2,13031,1779220022.45406,1,1680,1050
1,2,13032,1779220022.47488,1,1680,1050
1,2,13033,1779220022.4957,1,1680,1050
1,2,13034,1779220022.51652,1,1680,1050
1,2,13035,1779220022.53734,1,1680,1050
1,2,13036,1779220022.55816,1,1680,1050
1,2,13037,1779220022.57898,1,1680,1050
1,2,13038,1779220022.5998,1,1680,1050
1,2,13039,1779220022.62061,1,1680,1050
1,2,13040,1779220022.64143,1,1680,1050
1,2,13041,1779220022.66225,1,1680,1050
1,2,13042,1779220022.68307,1,1680,1050
1,2,13043,1779220022.70389,1,1680,1050
1,2,13044,1779220022.72471,1,1680,1050
1,2,13045,1779220022.74553,1,1680,1050
1,2,13046,1779220022.76635,1,1680,1050
1,2,13047,1779220022.78717,1,1680,1050
1,2,13048,1779220022.80799,1,1680,1050
1,2,13049,1779220022.82881,1,1680,1050
1,2,13050,1779220022.84963,1,1680,1050
1,2,13051,1779220022.87045,1,1680,1050
1,2,13052,1779220022.89127,1,1680,1050
1,2,13053,1779220022.91209,1,1680,1050
1,2,13054,1779220022.93291,1,1680,1050
1,2,13055,1779220022.95373,1,1680,1050
1,2,13056,1779220022.97455,1,1680,1050
1,2,13057,1779220022.99537,1,1680,1050
1,2,13058,1779220023.01618,1,1680,1050
1,2,13059,1779220023.037,1,1680,1050
1,2,13060,1779220023.05782,1,1680,1050
1,2,13061,1779220023.07864,1,1680,1050
1,2,13062,1779220023.09946,1,1680,1050
1,2,13063,1779220023.12028,1,1680,1050
1,2,13064,1779220023.1411,1,1680,1050
1,2,13065,1779220023.16192,1,1680,1050
1,2,13066,1779220023.18274,1,1680,1050
1,2,13067,1779220023.20356,1,1680,1050
1,2,13068,1779220023.22438,1,1680,1050
1,2,13069,1779220023.2452,1,1680,1050
1,2,13070,1779220023.26602,1,1680,1050
1,2,13071,1779220023.28684,1,1680,1050
1,2,13072,1779220023.30766,1,1680,1050
1,2,13073,1779220023.32848,1,1680,1050
1,2,13074,1779220023.3493,1,1680,1050
1,2,13075,1779220023.37012,1,1680,1050
1,2,13076,1779220023.39094,1,1680,1050
1,2,13077,1779220023.41176,1,1680,1050
1,2,13078,1779220023.43258,1,1680,1050
1,2,13079,1779220023.45339,1,1680,1050
1,2,13080,1779220023.47421,1,1680,1050
1,2,13081,1779220023.49503,1,1680,1050
1,2,13082,1779220023.51585,1,1680,1050
1,2,13083,1779220023.53667,1,1680,1050
1,2,13084,1779220023.55749,1,1680,1050
1,2,13085,1779220023.57831,1,1680,1050
1,2,13086,1779220023.59913,1,1680,1050
1,2,13087,1779220023.61995,1,1680,1050
1,2,13088,1779220023.64077,1,1680,1050
1,2,13089,1779220023.66159,1,1680,1050
1,2,13090,1779220023.68241,1,1680,1050
1,2,13091,1779220023.70323,1,1680,1050
1,2,13092,1779220023.72405,1,1680,1050
1,2,13093,1779220023.74487,1,1680,1050
1,2,13094,1779220023.76569,1,1680,1050
1,2,13095,1779220023.78651,1,1680,1050
1,2,13096,1779220023.80733,1,1680,1050
1,2,13097,1779220023.82815,1,1680,1050
1,2,13098,1779220023.84897,1,1680,1050
1,2,13099,1779220023.86979,1,1680,1050
1,2,13100,1779220023.8906,1,1680,1050
1,2,13101,1779220023.91142,1,1680,1050
1,2,13102,1779220023.93224,1,1680,1050
1,2,13103,1779220023.95306,1,1680,1050
1,2,13104,1779220023.97388,1,1680,1050
1,2,13105,1779220023.9947,1,1680,1050
1,2,13106,1779220024.01552,1,1680,1050
1,2,13107,1779220024.03634,1,1680,1050
1,2,13108,1779220024.05716,1,1680,1050
1,2,13109,1779220024.07798,1,1680,1050
1,2,13110,1779220024.0988,1,1680,1050
1,2,13111,1779220024.11962,1,1680,1050
1,2,13112,1779220024.14044,1,1680,1050
1,2,13113,1779220024.16126,1,1680,1050
1,2,13114,1779220024.18208,1,1680,1050
1,2,13115,1779220024.2029,1,1680,1050
1,2,13116,1779220024.22372,1,1680,1050
1,2,13117,1779220024.24454,1,1680,1050
1,2,13118,1779220024.26536,1,1680,1050
1,2,13119,1779220024.28617,1,1680,1050
1,2,13120,1779220024.30699,1,1680,1050
1,2,13121,1779220024.32781,1,1680,1050
1,2,13122,1779220024.34863,1,1680,1050
1,2,13123,1779220024.36945,1,1680,1050
1,2,13124,1779220024.39027,1,1680,1050
1,2,13125,1779220024.41109,1,1680,1050
1,2,13126,1779220024.43191,1,1680,1050
1,2,13127,1779220024.45273,1,1680,1050
1,2,13128,1779220024.47355,1,1680,1050
1,2,13129,1779220024.49437,1,1680,1050
1,2,13130,1779220024.51519,1,1680,1050
1,2,13131,1779220024.53601,1,1680,1050
1,2,13132,1779220024.55683,1,1680,1050
1,2,13133,1779220024.57765,1,1680,1050
1,2,13134,1779220024.59847,1,1680,1050
1,2,13135,1779220024.61929,1,1680,1050
1,2,13136,1779220024.64011,1,1680,1050
1,2,13137,1779220024.66093,1,1680,1050
1,2,13138,1779220024.68174,1,1680,1050
1,2,13139,1779220024.70256,1,1680,1050
1,2,13140,1779220024.72338,1,1680,1050
1,2,13141,1779220024.7442,1,1680,1050
1,2,13142,1779220024.76502,1,1680,1050
1,2,13143,1779220024.78584,1,1680,1050
1,2,13144,1779220024.80666,1,1680,1050
1,2,13145,1779220024.82748,1,1680,1050
1,2,13146,1779220024.8483,1,1680,1050
1,2,13147,1779220024.86912,1,1680,1050
1,2,13148,1779220024.88994,1,1680,1050
1,2,13149,1779220024.91076,1,1680,1050
1,2,13150,1779220024.93158,1,1680,1050
1,2,13151,1779220024.9524,1,1680,1050
1,2,13152,1779220024.97322,1,1680,1050
1,2,13153,1779220024.99404,1,1680,1050
1,2,13154,1779220025.01486,1,1680,1050
1,2,13155,1779220025.03568,1,1680,1050
1,2,13156,1779220025.0565,1,1680,1050
1,2,13157,1779220025.07732,1,1680,1050
1,2,13158,1779220025.09813,1,1680,1050
1,2,13159,1779220025.11895,1,1680,1050
1,2,13160,1779220025.13977,1,1680,1050
1,2,13161,1779220025.16059,1,1680,1050
1,2,13162,1779220025.18141,1,1680,1050
1,2,13163,1779220025.20223,1,1680,1050
1,2,13164,1779220025.22305,1,1680,1050
1,2,13165,1779220025.24387,1,1680,1050
1,2,13166,1779220025.26469,1,1680,1050
1,2,13167,1779220025.28551,1,1680,1050
1,2,13168,1779220025.30633,1,1680,1050
1,2,13169,1779220025.32715,1,1680,1050
1,2,13170,1779220025.34797,1,1680,1050
1,2,13171,1779220025.36879,1,1680,1050
1,2,13172,1779220025.38961,1,1680,1050
1,2,13173,1779220025.41043,1,1680,1050
1,2,13174,1779220025.43125,1,1680,1050
1,2,13175,1779220025.45207,1,1680,1050
1,2,13176,1779220025.47289,1,1680,1050
1,2,13177,1779220025.49371,1,1680,1050
1,2,13178,1779220025.51452,1,1680,1050
1,2,13179,1779220025.53535,1,1680,1050
1,2,13180,1779220025.55616,1,1680,1050
1,2,13181,1779220025.57698,1,1680,1050
1,2,13182,1779220025.5978,1,1680,1050
1,2,13183,1779220025.61862,1,1680,1050
1,2,13184,1779220025.63944,1,1680,1050
1,2,13185,1779220025.66026,1,1680,1050
1,2,13186,1779220025.68108,1,1680,1050
1,2,13187,1779220025.7019,1,1680,1050
1,2,13188,1779220025.72272,1,1680,1050
1,2,13189,1779220025.74354,1,1680,1050
1,2,13190,1779220025.76436,1,1680,1050
1,2,13191,1779220025.78518,1,1680,1050
1,2,13192,1779220025.806,1,1680,1050
1,2,13193,1779220025.82682,1,1680,1050
1,2,13194,1779220025.84764,1,1680,1050
1,2,13195,1779220025.86846,1,1680,1050
1,2,13196,1779220025.88928,1,1680,1050
1,2,13197,1779220025.9101,1,1680,1050
1,2,13198,1779220025.93092,1,1680,1050
1,2,13199,1779220025.95173,1,1680,1050
1,2,13200,1779220025.97255,1,1680,1050
1,2,13201,1779220025.99337,1,1680,1050
1,2,13202,1779220026.01419,2,1680,1050
1,2,13203,1779220026.03501,2,1680,1050
1,2,13204,1779220026.05583,2,1680,1050
1,2,13205,1779220026.07665,2,1680,1050
1,2,13206,1779220026.09747,2,1680,1050
1,2,13207,1779220026.11829,2,1680,1050
1,2,13208,1779220026.13911,2,1680,1050
1,2,13209,1779220026.15993,2,1680,1050
1,2,13210,1779220026.18075,2,1680,1050
1,2,13211,1779220026.20157,2,1680,1050
1,2,13212,1779220026.22239,2,1680,1050
1,2,13213,1779220026.24321,2,1680,1050
1,2,13214,1779220026.26403,2,1680,1050
1,2,13215,1779220026.28485,2,1680,1050
1,2,13216,1779220026.30567,2,1680,1050
1,2,13217,1779220026.32649,2,1680,1050
1,2,13218,1779220026.34731,2,1680,1050
1,2,13219,1779220026.36812,2,1680,1050
1,2,13220,1779220026.38894,2,1680,1050
1,2,13221,1779220026.40976,2,1680,1050
1,2,13222,1779220026.43058,2,1680,1050
1,2,13223,1779220026.4514,2,1680,1050
1,2,13224,1779220026.47222,2,1680,1050
1,2,13225,1779220026.49304,2,1680,1050
1,2,13226,1779220026.51386,2,1680,1050
1,2,13227,1779220026.53468,2,1680,1050
1,2,13228,1779220026.5555,2,1680,1050
1,2,13229,1779220026.57632,2,1680,1050
1,2,13230,1779220026.59714,2,1680,1050
1,2,13231,1779220026.61796,2,1680,1050
1,2,13232,1779220026.63878,2,1680,1050
1,2,13233,1779220026.6596,2,1680,1050
1,2,13234,1779220026.68042,2,1680,1050
1,2,13235,1779220026.70124,2,1680,1050
1,2,13236,1779220026.72206,2,1680,1050
1,2,13237,1779220026.74288,2,1680,1050
1,2,13238,1779220026.7637,2,1680,1050
1,2,13239,1779220026.78452,2,1680,1050
1,2,13240,1779220026.80533,2,1680,1050
1,2,13241,1779220026.82615,2,1680,1050
1,2,13242,1779220026.84697,2,1680,1050
1,2,13243,1779220026.86779,2,1680,1050
1,2,13244,1779220026.88861,2,1680,1050
1,2,13245,1779220026.90943,2,1680,1050
1,2,13246,1779220026.93025,2,1680,1050
1,2,13247,1779220026.95107,2,1680,1050
1,2,13248,1779220026.97189,2,1680,1050
1,2,13249,1779220026.99271,2,1680,1050
1,2,13250,1779220027.01353,2,1680,1050
1,2,13251,1779220027.03435,2,1680,1050
1,2,13252,1779220027.05517,2,1680,1050
1,2,13253,1779220027.07599,2,1680,1050
1,2,13254,1779220027.09681,2,1680,1050
1,2,13255,1779220027.11763,2,1680,1050
1,2,13256,1779220027.13845,2,1680,1050
1,2,13257,1779220027.15927,2,1680,1050
1,2,13258,1779220027.18009,2,1680,1050
1,2,13259,1779220027.20091,2,1680,1050
1,2,13260,1779220027.22172,2,1680,1050
1,2,13261,1779220027.24254,2,1680,1050
1,2,13262,1779220027.26336,2,1680,1050
1,2,13263,1779220027.28418,2,1680,1050
1,2,13264,1779220027.305,2,1680,1050
1,2,13265,1779220027.32582,2,1680,1050
1,2,13266,1779220027.34664,2,1680,1050
1,2,13267,1779220027.36746,2,1680,1050
1,2,13268,1779220027.38828,2,1680,1050
1,2,13269,1779220027.4091,2,1680,1050
1,2,13270,1779220027.42992,2,1680,1050
1,2,13271,1779220027.45074,2,1680,1050
1,2,13272,1779220027.47156,2,1680,1050
1,2,13273,1779220027.49238,2,1680,1050
1,2,13274,1779220027.5132,2,1680,1050
1,2,13275,1779220027.53402,2,1680,1050
1,2,13276,1779220027.55484,2,1680,1050
1,2,13277,1779220027.57566,2,1680,1050
1,2,13278,1779220027.59648,2,1680,1050
1,2,13279,1779220027.61729,2,1680,1050
1,2,13280,1779220027.63811,2,1680,1050
1,2,13281,1779220027.65893,2,1680,1050
1,2,13282,1779220027.67975,2,1680,1050
1,2,13283,1779220027.70057,2,1680,1050
1,2,13284,1779220027.72139,2,1680,1050
1,2,13285,1779220027.74221,2,1680,1050
1,2,13286,1779220027.76303,2,1680,1050
1,2,13287,1779220027.78385,2,1680,1050
1,2,13288,1779220027.80467,2,1680,1050
1,2,13289,1779220027.82549,2,1680,1050
1,2,13290,1779220027.84631,2,1680,1050
1,2,13291,1779220027.86713,2,1680,1050
1,2,13292,1779220027.88795,2,1680,1050
1,2,13293,1779220027.90877,2,1680,1050
1,2,13294,1779220027.92959,2,1680,1050
1,2,13295,1779220027.95041,2,1680,1050
1,2,13296,1779220027.97123,2,1680,1050
1,2,13297,1779220027.99205,2,1680,1050
1,2,13298,1779220028.01287,2,1680,1050
1,2,13299,1779220028.03369,2,1680,1050
1,2,13300,1779220028.0545,2,1680,1050
1,2,13301,1779220028.07532,2,1680,1050
1,2,13302,1779220028.09614,2,1680,1050
1,2,13303,1779220028.11696,2,1680,1050
1,2,13304,1779220028.13778,2,1680,1050
1,2,13305,1779220028.1586,2,1680,1050
1,2,13306,1779220028.17942,2,1680,1050
1,2,13307,1779220028.20024,2,1680,1050
1,2,13308,1779220028.22106,2,1680,1050
1,2,13309,1779220028.24188,2,1680,1050
1,2,13310,1779220028.2627,2,1680,1050
1,2,13311,1779220028.28352,2,1680,1050
1,2,13312,1779220028.30434,2,1680,1050
1,2,13313,1779220028.32516,2,1680,1050
1,2,13314,1779220028.34598,2,1680,1050
1,2,13315,1779220028.3668,2,1680,1050
1,2,13316,1779220028.38762,2,1680,1050
1,2,13317,1779220028.40844,2,1680,1050
1,2,13318,1779220028.42926,2,1680,1050
1,2,13319,1779220028.45008,2,1680,1050
1,2,13320,1779220028.47089,2,1680,1050
1,2,13321,1779220028.49171,2,1680,1050
1,2,13322,1779220028.51253,1,1680,1050
1,2,13323,1779220028.53335,1,1680,1050
1,2,13324,1779220028.55417,1,1680,1050
1,2,13325,1779220028.57499,1,1680,1050
1,2,13326,1779220028.59581,1,1680,1050
1,2,13327,1779220028.61663,1,1680,1050
1,2,13328,1779220028.63745,1,1680,1050
1,2,13329,1779220028.65827,1,1680,1050
1,2,13330,1779220028.67909,1,1680,1050
1,2,13331,1779220028.69991,1,1680,1050
1,2,13332,1779220028.72073,1,1680,1050
1,2,13333,1779220028.74155,1,1680,1050
1,2,13334,1779220028.76237,1,1680,1050
1,2,13335,1779220028.78319,1,1680,1050
1,2,13336,1779220028.80401,1,1680,1050
1,2,13337,1779220028.82483,1,1680,1050
1,2,13338,1779220028.84565,1,1680,1050
1,2,13339,1779220028.86647,1,1680,1050
1,2,13340,1779220028.88728,1,1680,1050
1,2,13341,1779220028.9081,1,1680,1050
1,2,13342,1779220028.92892,1,1680,1050
1,2,13343,1779220028.94974,1,1680,1050
1,2,13344,1779220028.97056,1,1680,1050
1,2,13345,1779220028.99138,1,1680,1050
1,2,13346,1779220029.0122,1,1680,1050
1,2,13347,1779220029.03302,1,1680,1050
1,2,13348,1779220029.05384,1,1680,1050
1,2,13349,1779220029.07466,1,1680,1050
1,2,13350,1779220029.09548,1,1680,1050
1,2,13351,1779220029.1163,1,1680,1050
1,2,13352,1779220029.13712,1,1680,1050
1,2,13353,1779220029.15794,1,1680,1050
1,2,13354,1779220029.17876,1,1680,1050
1,2,13355,1779220029.19958,1,1680,1050
1,2,13356,1779220029.2204,1,1680,1050
1,2,13357,1779220029.24122,1,1680,1050
1,2,13358,1779220029.26203,1,1680,1050
1,2,13359,1779220029.28286,1,1680,1050
1,2,13360,1779220029.30368,1,1680,1050
1,2,13361,1779220029.32449,1,1680,1050
1,2,13362,1779220029.34531,1,1680,1050
1,2,13363,1779220029.36613,1,1680,1050
1,2,13364,1779220029.38695,1,1680,1050
1,2,13365,1779220029.40777,1,1680,1050
1,2,13366,1779220029.42859,1,1680,1050
1,2,13367,1779220029.44941,1,1680,1050
1,2,13368,1779220029.47023,1,1680,1050
1,2,13369,1779220029.49105,1,1680,1050
1,2,13370,1779220029.51187,1,1680,1050
1,2,13371,1779220029.53269,1,1680,1050
1,2,13372,1779220029.55351,1,1680,1050
1,2,13373,1779220029.57433,1,1680,1050
1,2,13374,1779220029.59515,1,1680,1050
1,2,13375,1779220029.61597,1,1680,1050
1,2,13376,1779220029.63679,1,1680,1050
1,2,13377,1779220029.65761,1,1680,1050
1,2,13378,1779220029.67843,1,1680,1050
1,2,13379,1779220029.69925,1,1680,1050
1,2,13380,1779220029.72006,1,1680,1050
1,2,13381,1779220029.74088,1,1680,1050
1,2,13382,1779220029.7617,1,1680,1050
1,2,13383,1779220029.78252,1,1680,1050
1,2,13384,1779220029.80334,1,1680,1050
1,2,13385,1779220029.82416,1,1680,1050
1,2,13386,1779220029.84498,1,1680,1050
1,2,13387,1779220029.8658,1,1680,1050
1,2,13388,1779220029.88662,1,1680,1050
1,2,13389,1779220029.90744,1,1680,1050
1,2,13390,1779220029.92826,1,1680,1050
1,2,13391,1779220029.94908,1,1680,1050
1,2,13392,1779220029.9699,1,1680,1050
1,2,13393,1779220029.99072,1,1680,1050
1,2,13394,1779220030.01154,1,1680,1050
1,2,13395,1779220030.03236,1,1680,1050
1,2,13396,1779220030.05318,1,1680,1050
1,2,13397,1779220030.074,1,1680,1050
1,2,13398,1779220030.09482,1,1680,1050
1,2,13399,1779220030.11564,1,1680,1050
1,2,13400,1779220030.13646,1,1680,1050
1,2,13401,1779220030.15727,1,1680,1050
1,2,13402,1779220030.17809,1,1680,1050
1,2,13403,1779220030.19891,1,1680,1050
1,2,13404,1779220030.21973,1,1680,1050
1,2,13405,1779220030.24055,1,1680,1050
1,2,13406,1779220030.26137,1,1680,1050
1,2,13407,1779220030.28219,1,1680,1050
1,2,13408,1779220030.30301,1,1680,1050
1,2,13409,1779220030.32383,1,1680,1050
1,2,13410,1779220030.34465,1,1680,1050
1,2,13411,1779220030.36547,1,1680,1050
1,2,13412,1779220030.38629,1,1680,1050
1,2,13413,1779220030.40711,1,1680,1050
1,2,13414,1779220030.42793,1,1680,1050
1,2,13415,1779220030.44875,1,1680,1050
1,2,13416,1779220030.46957,1,1680,1050
1,2,13417,1779220030.49039,1,1680,1050
1,2,13418,1779220030.51121,1,1680,1050
1,2,13419,1779220030.53203,1,1680,1050
1,2,13420,1779220030.55285,1,1680,1050
1,2,13421,1779220030.57366,1,1680,1050
1,2,13422,1779220030.59448,1,1680,1050
1,2,13423,1779220030.6153,1,1680,1050
1,2,13424,1779220030.63612,1,1680,1050
1,2,13425,1779220030.65694,1,1680,1050
1,2,13426,1779220030.67776,1,1680,1050
1,2,13427,1779220030.69858,1,1680,1050
1,2,13428,1779220030.7194,1,1680,1050
1,2,13429,1779220030.74022,1,1680,1050
1,2,13430,1779220030.76104,1,1680,1050
1,2,13431,1779220030.78186,1,1680,1050
1,2,13432,1779220030.80268,1,1680,1050
1,2,13433,1779220030.8235,1,1680,1050
1,2,13434,1779220030.84432,1,1680,1050
1,2,13435,1779220030.86514,1,1680,1050
1,2,13436,1779220030.88596,1,1680,1050
1,2,13437,1779220030.90678,1,1680,1050
1,2,13438,1779220030.9276,1,1680,1050
1,2,13439,1779220030.94842,1,1680,1050
1,2,13440,1779220030.96924,1,1680,1050
1,2,13441,1779220030.99005,1,1680,1050
1,2,13442,1779220031.01087,1,1680,1050
1,2,13443,1779220031.03169,1,1680,1050
1,2,13444,1779220031.05251,1,1680,1050
1,2,13445,1779220031.07333,1,1680,1050
1,2,13446,1779220031.09415,1,1680,1050
1,2,13447,1779220031.11497,1,1680,1050
1,2,13448,1779220031.13579,1,1680,1050
1,2,13449,1779220031.15661,1,1680,1050
1,2,13450,1779220031.17743,1,1680,1050
1,2,13451,1779220031.19825,1,1680,1050
1,2,13452,1779220031.21907,1,1680,1050
1,2,13453,1779220031.23989,1,1680,1050
1,2,13454,1779220031.26071,1,1680,1050
1,2,13455,1779220031.28153,1,1680,1050
1,2,13456,1779220031.30235,1,1680,1050
1,2,13457,1779220031.32317,1,1680,1050
1,2,13458,1779220031.34399,1,1680,1050
1,2,13459,1779220031.3648,1,1680,1050
1,2,13460,1779220031.38563,1,1680,1050
1,2,13461,1779220031.40644,1,1680,1050
1,2,13462,1779220031.42726,1,1680,1050
1,2,13463,1779220031.44808,1,1680,1050
1,2,13464,1779220031.4689,1,1680,1050
1,2,13465,1779220031.48972,1,1680,1050
1,2,13466,1779220031.51054,1,1680,1050
1,2,13467,1779220031.53136,1,1680,1050
1,2,13468,1779220031.55218,1,1680,1050
1,2,13469,1779220031.573,1,1680,1050
1,2,13470,1779220031.59382,1,1680,1050
1,2,13471,1779220031.61464,1,1680,1050
1,2,13472,1779220031.63546,1,1680,1050
1,2,13473,1779220031.65628,1,1680,1050
1,2,13474,1779220031.6771,1,1680,1050
1,2,13475,1779220031.69792,1,1680,1050
1,2,13476,1779220031.71874,1,1680,1050
1,2,13477,1779220031.73956,1,1680,1050
1,2,13478,1779220031.76038,1,1680,1050
1,2,13479,1779220031.7812,1,1680,1050
1,2,13480,1779220031.80202,1,1680,1050
1,2,13481,1779220031.82283,1,1680,1050
1,2,13482,1779220031.84365,1,1680,1050
1,2,13483,1779220031.86447,1,1680,1050
1,2,13484,1779220031.88529,1,1680,1050
1,2,13485,1779220031.90611,1,1680,1050
1,2,13486,1779220031.92693,1,1680,1050
1,2,13487,1779220031.94775,1,1680,1050
1,2,13488,1779220031.96857,1,1680,1050
1,2,13489,1779220031.98939,1,1680,1050
1,2,13490,1779220032.01021,1,1680,1050
1,2,13491,1779220032.03103,1,1680,1050
1,2,13492,1779220032.05185,1,1680,1050
1,2,13493,1779220032.07267,1,1680,1050
1,2,13494,1779220032.09349,1,1680,1050
1,2,13495,1779220032.11431,1,1680,1050
1,2,13496,1779220032.13513,1,1680,1050
1,2,13497,1779220032.15595,1,1680,1050
1,2,13498,1779220032.17677,1,1680,1050
1,2,13499,1779220032.19759,1,1680,1050
1,2,13500,1779220032.21841,1,1680,1050
1,2,13501,1779220032.23922,1,1680,1050
1,2,13502,1779220032.26004,1,1680,1050
1,2,13503,1779220032.28086,1,1680,1050
1,2,13504,1779220032.30168,1,1680,1050
1,2,13505,1779220032.3225,1,1680,1050
1,2,13506,1779220032.34332,1,1680,1050
1,2,13507,1779220032.36414,1,1680,1050
1,2,13508,1779220032.38496,1,1680,1050
1,2,13509,1779220032.40578,1,1680,1050
1,2,13510,1779220032.4266,1,1680,1050
1,2,13511,1779220032.44742,1,1680,1050
1,2,13512,1779220032.46824,1,1680,1050
1,2,13513,1779220032.48906,1,1680,1050
1,2,13514,1779220032.50988,1,1680,1050
1,2,13515,1779220032.5307,1,1680,1050
1,2,13516,1779220032.55152,1,1680,1050
1,2,13517,1779220032.57234,1,1680,1050
1,2,13518,1779220032.59316,1,1680,1050
1,2,13519,1779220032.61398,1,1680,1050
1,2,13520,1779220032.6348,1,1680,1050
1,2,13521,1779220032.65561,1,1680,1050
1,2,13522,1779220032.67643,1,1680,1050
1,2,13523,1779220032.69725,1,1680,1050
1,2,13524,1779220032.71807,1,1680,1050
1,2,13525,1779220032.73889,1,1680,1050
1,2,13526,1779220032.75971,1,1680,1050
1,2,13527,1779220032.78053,1,1680,1050
1,2,13528,1779220032.80135,1,1680,1050
1,2,13529,1779220032.82217,1,1680,1050
1,2,13530,1779220032.84299,1,1680,1050
1,2,13531,1779220032.86381,1,1680,1050
1,2,13532,1779220032.88463,1,1680,1050
1,2,13533,1779220032.90545,1,1680,1050
1,2,13534,1779220032.92627,1,1680,1050
1,2,13535,1779220032.94709,1,1680,1050
1,2,13536,1779220032.96791,1,1680,1050
1,2,13537,1779220032.98873,1,1680,1050
1,2,13538,1779220033.00955,1,1680,1050
1,2,13539,1779220033.03037,1,1680,1050
1,2,13540,1779220033.05119,1,1680,1050
1,2,13541,1779220033.072,1,1680,1050
1,2,13542,1779220033.09282,1,1680,1050
1,2,13543,1779220033.11364,1,1680,1050
1,2,13544,1779220033.13446,1,1680,1050
1,2,13545,1779220033.15528,1,1680,1050
1,2,13546,1779220033.1761,1,1680,1050
1,2,13547,1779220033.19692,1,1680,1050
1,2,13548,1779220033.21774,1,1680,1050
1,2,13549,1779220033.23856,1,1680,1050
1,2,13550,1779220033.25938,1,1680,1050
1,2,13551,1779220033.2802,1,1680,1050
1,2,13552,1779220033.30102,1,1680,1050
1,2,13553,1779220033.32184,1,1680,1050
1,2,13554,1779220033.34266,1,1680,1050
1,2,13555,1779220033.36348,1,1680,1050
1,2,13556,1779220033.3843,1,1680,1050
1,2,13557,1779220033.40512,1,1680,1050
1,2,13558,1779220033.42594,1,1680,1050
1,2,13559,1779220033.44676,1,1680,1050
1,2,13560,1779220033.46757,1,1680,1050
1,2,13561,1779220033.48839,1,1680,1050
1,2,13562,1779220033.50921,2,1680,1050
1,2,13563,1779220033.53003,2,1680,1050
1,2,13564,1779220033.55085,2,1680,1050
1,2,13565,1779220033.57167,2,1680,1050
1,2,13566,1779220033.59249,2,1680,1050
1,2,13567,1779220033.61331,2,1680,1050
1,2,13568,1779220033.63413,2,1680,1050
1,2,13569,1779220033.65495,2,1680,1050
1,2,13570,1779220033.67577,2,1680,1050
1,2,13571,1779220033.69659,2,1680,1050
1,2,13572,1779220033.71741,2,1680,1050
1,2,13573,1779220033.73823,2,1680,1050
1,2,13574,1779220033.75905,2,1680,1050
1,2,13575,1779220033.77987,2,1680,1050
1,2,13576,1779220033.80069,2,1680,1050
1,2,13577,1779220033.82151,2,1680,1050
1,2,13578,1779220033.84233,2,1680,1050
1,2,13579,1779220033.86314,2,1680,1050
1,2,13580,1779220033.88397,2,1680,1050
1,2,13581,1779220033.90479,2,1680,1050
1,2,13582,1779220033.9256,2,1680,1050
1,2,13583,1779220033.94642,2,1680,1050
1,2,13584,1779220033.96724,2,1680,1050
1,2,13585,1779220033.98806,2,1680,1050
1,2,13586,1779220034.00888,2,1680,1050
1,2,13587,1779220034.0297,2,1680,1050
1,2,13588,1779220034.05052,2,1680,1050
1,2,13589,1779220034.07134,2,1680,1050
1,2,13590,1779220034.09216,2,1680,1050
1,2,13591,1779220034.11298,2,1680,1050
1,2,13592,1779220034.1338,2,1680,1050
1,2,13593,1779220034.15462,2,1680,1050
1,2,13594,1779220034.17544,2,1680,1050
1,2,13595,1779220034.19626,2,1680,1050
1,2,13596,1779220034.21708,2,1680,1050
1,2,13597,1779220034.2379,2,1680,1050
1,2,13598,1779220034.25872,2,1680,1050
1,2,13599,1779220034.27954,2,1680,1050
1,2,13600,1779220034.30036,2,1680,1050
1,2,13601,1779220034.32118,2,1680,1050
1,2,13602,1779220034.34199,2,1680,1050
1,2,13603,1779220034.36281,2,1680,1050
1,2,13604,1779220034.38363,2,1680,1050
1,2,13605,1779220034.40445,2,1680,1050
1,2,13606,1779220034.42527,2,1680,1050
1,2,13607,1779220034.44609,2,1680,1050
1,2,13608,1779220034.46691,2,1680,1050
1,2,13609,1779220034.48773,2,1680,1050
1,2,13610,1779220034.50855,2,1680,1050
1,2,13611,1779220034.52937,2,1680,1050
1,2,13612,1779220034.55019,2,1680,1050
1,2,13613,1779220034.57101,2,1680,1050
1,2,13614,1779220034.59183,2,1680,1050
1,2,13615,1779220034.61265,2,1680,1050
1,2,13616,1779220034.63347,2,1680,1050
1,2,13617,1779220034.65429,2,1680,1050
1,2,13618,1779220034.67511,2,1680,1050
1,2,13619,1779220034.69593,2,1680,1050
1,2,13620,1779220034.71675,2,1680,1050
1,2,13621,1779220034.73757,2,1680,1050
1,2,13622,1779220034.75838,2,1680,1050
1,2,13623,1779220034.7792,2,1680,1050
1,2,13624,1779220034.80002,2,1680,1050
1,2,13625,1779220034.82084,2,1680,1050
1,2,13626,1779220034.84166,2,1680,1050
1,2,13627,1779220034.86248,2,1680,1050
1,2,13628,1779220034.8833,2,1680,1050
1,2,13629,1779220034.90412,2,1680,1050
1,2,13630,1779220034.92494,2,1680,1050
1,2,13631,1779220034.94576,2,1680,1050
1,2,13632,1779220034.96658,2,1680,1050
1,2,13633,1779220034.9874,2,1680,1050
1,2,13634,1779220035.00822,2,1680,1050
1,2,13635,1779220035.02904,2,1680,1050
1,2,13636,1779220035.04986,2,1680,1050
1,2,13637,1779220035.07068,2,1680,1050
1,2,13638,1779220035.0915,2,1680,1050
1,2,13639,1779220035.11232,2,1680,1050
1,2,13640,1779220035.13313,2,1680,1050
1,2,13641,1779220035.15395,2,1680,1050
1,2,13642,1779220035.17478,2,1680,1050
1,2,13643,1779220035.19559,2,1680,1050
1,2,13644,1779220035.21641,2,1680,1050
1,2,13645,1779220035.23723,2,1680,1050
1,2,13646,1779220035.25805,2,1680,1050
1,2,13647,1779220035.27887,2,1680,1050
1,2,13648,1779220035.29969,2,1680,1050
1,2,13649,1779220035.32051,2,1680,1050
1,2,13650,1779220035.34133,2,1680,1050
1,2,13651,1779220035.36215,2,1680,1050
1,2,13652,1779220035.38297,2,1680,1050
1,2,13653,1779220035.40379,2,1680,1050
1,2,13654,1779220035.42461,2,1680,1050
1,2,13655,1779220035.44543,2,1680,1050
1,2,13656,1779220035.46625,2,1680,1050
1,2,13657,1779220035.48707,2,1680,1050
1,2,13658,1779220035.50789,2,1680,1050
1,2,13659,1779220035.52871,2,1680,1050
1,2,13660,1779220035.54953,2,1680,1050
1,2,13661,1779220035.57035,2,1680,1050
1,2,13662,1779220035.59117,2,1680,1050
1,2,13663,1779220035.61198,2,1680,1050
1,2,13664,1779220035.6328,2,1680,1050
1,2,13665,1779220035.65362,2,1680,1050
1,2,13666,1779220035.67444,2,1680,1050
1,2,13667,1779220035.69526,2,1680,1050
1,2,13668,1779220035.71608,2,1680,1050
1,2,13669,1779220035.7369,2,1680,1050
1,2,13670,1779220035.75772,2,1680,1050
1,2,13671,1779220035.77854,2,1680,1050
1,2,13672,1779220035.79936,2,1680,1050
1,2,13673,1779220035.82018,2,1680,1050
1,2,13674,1779220035.841,2,1680,1050
1,2,13675,1779220035.86182,2,1680,1050
1,2,13676,1779220035.88264,2,1680,1050
1,2,13677,1779220035.90346,2,1680,1050
1,2,13678,1779220035.92428,2,1680,1050
1,2,13679,1779220035.9451,2,1680,1050
1,2,13680,1779220035.96592,2,1680,1050
1,2,13681,1779220035.98674,2,1680,1050
1,2,13682,1779220036.13247,1,1680,1050
1,2,13683,1779220036.15329,1,1680,1050
1,2,13684,1779220036.17411,1,1680,1050
1,2,13685,1779220036.19493,1,1680,1050
1,2,13686,1779220036.21575,1,1680,1050
1,2,13687,1779220036.23657,1,1680,1050
1,2,13688,1779220036.25739,1,1680,1050
1,2,13689,1779220036.27821,1,1680,1050
1,2,13690,1779220036.29903,1,1680,1050
1,2,13691,1779220036.31985,1,1680,1050
1,2,13692,1779220036.34067,1,1680,1050
1,2,13693,1779220036.36149,1,1680,1050
1,2,13694,1779220036.3823,1,1680,1050
1,2,13695,1779220036.40313,1,1680,1050
1,2,13696,1779220036.42394,1,1680,1050
1,2,13697,1779220036.44476,1,1680,1050
1,2,13698,1779220036.46558,1,1680,1050
1,2,13699,1779220036.4864,1,1680,1050
1,2,13700,1779220036.50722,1,1680,1050
1,2,13701,1779220036.52804,1,1680,1050
1,2,13702,1779220036.54886,1,1680,1050
1,2,13703,1779220036.56968,1,1680,1050
1,2,13704,1779220036.5905,1,1680,1050
1,2,13705,1779220036.61132,1,1680,1050
1,2,13706,1779220036.63214,1,1680,1050
1,2,13707,1779220036.65296,1,1680,1050
1,2,13708,1779220036.67378,1,1680,1050
1,2,13709,1779220036.6946,1,1680,1050
1,2,13710,1779220036.71542,1,1680,1050
1,2,13711,1779220036.73624,1,1680,1050
1,2,13712,1779220036.75706,1,1680,1050
1,2,13713,1779220036.77788,1,1680,1050
1,2,13714,1779220036.7987,1,1680,1050
1,2,13715,1779220036.81952,1,1680,1050
1,2,13716,1779220036.84034,1,1680,1050
1,2,13717,1779220036.86115,1,1680,1050
1,2,13718,1779220036.88197,1,1680,1050
1,2,13719,1779220036.90279,1,1680,1050
1,2,13720,1779220036.92361,1,1680,1050
1,2,13721,1779220036.94443,1,1680,1050
1,2,13722,1779220036.96525,1,1680,1050
1,2,13723,1779220036.98607,1,1680,1050
1,2,13724,1779220037.00689,1,1680,1050
1,2,13725,1779220037.02771,1,1680,1050
1,2,13726,1779220037.04853,1,1680,1050
1,2,13727,1779220037.06935,1,1680,1050
1,2,13728,1779220037.09017,1,1680,1050
1,2,13729,1779220037.11099,1,1680,1050
1,2,13730,1779220037.13181,1,1680,1050
1,2,13731,1779220037.15263,1,1680,1050
1,2,13732,1779220037.17345,1,1680,1050
1,2,13733,1779220037.19427,1,1680,1050
1,2,13734,1779220037.21509,1,1680,1050
1,2,13735,1779220037.23591,1,1680,1050
1,2,13736,1779220037.25672,1,1680,1050
1,2,13737,1779220037.27754,1,1680,1050
1,2,13738,1779220037.29836,1,1680,1050
1,2,13739,1779220037.31918,1,1680,1050
1,2,13740,1779220037.34,1,1680,1050
1,2,13741,1779220037.36082,1,1680,1050
1,2,13742,1779220037.38164,1,1680,1050
1,2,13743,1779220037.40246,1,1680,1050
1,2,13744,1779220037.42328,1,1680,1050
1,2,13745,1779220037.4441,1,1680,1050
1,2,13746,1779220037.46492,1,1680,1050
1,2,13747,1779220037.48574,1,1680,1050
1,2,13748,1779220037.50656,1,1680,1050
1,2,13749,1779220037.52738,1,1680,1050
1,2,13750,1779220037.5482,1,1680,1050
1,2,13751,1779220037.56902,1,1680,1050
1,2,13752,1779220037.58984,1,1680,1050
1,2,13753,1779220037.61066,1,1680,1050
1,2,13754,1779220037.63148,1,1680,1050
1,2,13755,1779220037.6523,1,1680,1050
1,2,13756,1779220037.67311,1,1680,1050
1,2,13757,1779220037.69393,1,1680,1050
1,2,13758,1779220037.71475,1,1680,1050
1,2,13759,1779220037.73557,1,1680,1050
1,2,13760,1779220037.75639,1,1680,1050
1,2,13761,1779220037.77721,1,1680,1050
1,2,13762,1779220037.79803,1,1680,1050
1,2,13763,1779220037.81885,1,1680,1050
1,2,13764,1779220037.83967,1,1680,1050
1,2,13765,1779220037.86049,1,1680,1050
1,2,13766,1779220037.88131,1,1680,1050
1,2,13767,1779220037.90213,1,1680,1050
1,2,13768,1779220037.92295,1,1680,1050
1,2,13769,1779220037.94377,1,1680,1050
1,2,13770,1779220037.96459,1,1680,1050
1,2,13771,1779220037.98541,1,1680,1050
1,2,13772,1779220038.00623,1,1680,1050
1,2,13773,1779220038.02705,1,1680,1050
1,2,13774,1779220038.04787,1,1680,1050
1,2,13775,1779220038.06869,1,1680,1050
1,2,13776,1779220038.0895,1,1680,1050
1,2,13777,1779220038.11032,1,1680,1050
1,2,13778,1779220038.13114,1,1680,1050
1,2,13779,1779220038.15196,1,1680,1050
1,2,13780,1779220038.17278,1,1680,1050
1,2,13781,1779220038.1936,1,1680,1050
1,2,13782,1779220038.21442,1,1680,1050
1,2,13783,1779220038.23524,1,1680,1050
1,2,13784,1779220038.25606,1,1680,1050
1,2,13785,1779220038.27688,1,1680,1050
1,2,13786,1779220038.2977,1,1680,1050
1,2,13787,1779220038.31852,1,1680,1050
1,2,13788,1779220038.33934,1,1680,1050
1,2,13789,1779220038.36016,1,1680,1050
1,2,13790,1779220038.38098,1,1680,1050
1,2,13791,1779220038.4018,1,1680,1050
1,2,13792,1779220038.42262,1,1680,1050
1,2,13793,1779220038.44344,1,1680,1050
1,2,13794,1779220038.46426,1,1680,1050
1,2,13795,1779220038.48508,1,1680,1050
1,2,13796,1779220038.5059,1,1680,1050
1,2,13797,1779220038.52671,1,1680,1050
1,2,13798,1779220038.54753,1,1680,1050
1,2,13799,1779220038.56835,1,1680,1050
1,2,13800,1779220038.58917,1,1680,1050
1,2,13801,1779220038.60999,1,1680,1050
1,2,13802,1779220038.63081,1,1680,1050
1,2,13803,1779220038.65163,1,1680,1050
1,2,13804,1779220038.67245,1,1680,1050
1,2,13805,1779220038.69327,1,1680,1050
1,2,13806,1779220038.71409,1,1680,1050
1,2,13807,1779220038.73491,1,1680,1050
1,2,13808,1779220038.75573,1,1680,1050
1,2,13809,1779220038.77655,1,1680,1050
1,2,13810,1779220038.79737,1,1680,1050
1,2,13811,1779220038.81819,1,1680,1050
1,2,13812,1779220038.83901,1,1680,1050
1,2,13813,1779220038.85983,1,1680,1050
1,2,13814,1779220038.88065,1,1680,1050
1,2,13815,1779220038.90147,1,1680,1050
1,2,13816,1779220038.92228,1,1680,1050
1,2,13817,1779220038.9431,1,1680,1050
1,2,13818,1779220038.96392,1,1680,1050
1,2,13819,1779220038.98474,1,1680,1050
1,2,13820,1779220039.00556,1,1680,1050
1,2,13821,1779220039.02638,1,1680,1050
1,2,13822,1779220039.0472,1,1680,1050
1,2,13823,1779220039.06802,1,1680,1050
1,2,13824,1779220039.08884,1,1680,1050
1,2,13825,1779220039.10966,1,1680,1050
1,2,13826,1779220039.13048,1,1680,1050
1,2,13827,1779220039.1513,1,1680,1050
1,2,13828,1779220039.17212,1,1680,1050
1,2,13829,1779220039.19294,1,1680,1050
1,2,13830,1779220039.21376,1,1680,1050
1,2,13831,1779220039.23458,1,1680,1050
1,2,13832,1779220039.2554,1,1680,1050
1,2,13833,1779220039.27622,1,1680,1050
1,2,13834,1779220039.29704,1,1680,1050
1,2,13835,1779220039.31786,1,1680,1050
1,2,13836,1779220039.33868,1,1680,1050
1,2,13837,1779220039.35949,1,1680,1050
1,2,13838,1779220039.38031,1,1680,1050
1,2,13839,1779220039.40113,1,1680,1050
1,2,13840,1779220039.42195,1,1680,1050
1,2,13841,1779220039.44277,1,1680,1050
1,2,13842,1779220039.46359,1,1680,1050
1,2,13843,1779220039.48441,1,1680,1050
1,2,13844,1779220039.50523,1,1680,1050
1,2,13845,1779220039.52605,1,1680,1050
1,2,13846,1779220039.54687,1,1680,1050
1,2,13847,1779220039.56769,1,1680,1050
1,2,13848,1779220039.58851,1,1680,1050
1,2,13849,1779220039.60933,1,1680,1050
1,2,13850,1779220039.63015,1,1680,1050
1,2,13851,1779220039.65097,1,1680,1050
1,2,13852,1779220039.67179,1,1680,1050
1,2,13853,1779220039.69261,1,1680,1050
1,2,13854,1779220039.71343,1,1680,1050
1,2,13855,1779220039.73425,1,1680,1050
1,2,13856,1779220039.75506,1,1680,1050
1,2,13857,1779220039.77588,1,1680,1050
1,2,13858,1779220039.7967,1,1680,1050
1,2,13859,1779220039.81752,1,1680,1050
1,2,13860,1779220039.83834,1,1680,1050
1,2,13861,1779220039.85916,1,1680,1050
1,2,13862,1779220039.87998,1,1680,1050
1,2,13863,1779220039.9008,1,1680,1050
1,2,13864,1779220039.92162,1,1680,1050
1,2,13865,1779220039.94244,1,1680,1050
1,2,13866,1779220039.96326,1,1680,1050
1,2,13867,1779220039.98408,1,1680,1050
1,2,13868,1779220040.0049,1,1680,1050
1,2,13869,1779220040.02572,1,1680,1050
1,2,13870,1779220040.04654,1,1680,1050
1,2,13871,1779220040.06736,1,1680,1050
1,2,13872,1779220040.08818,1,1680,1050
1,2,13873,1779220040.109,1,1680,1050
1,2,13874,1779220040.12982,1,1680,1050
1,2,13875,1779220040.15064,1,1680,1050
1,2,13876,1779220040.17145,1,1680,1050
1,2,13877,1779220040.19227,1,1680,1050
1,2,13878,1779220040.21309,1,1680,1050
1,2,13879,1779220040.23391,1,1680,1050
1,2,13880,1779220040.25473,1,1680,1050
1,2,13881,1779220040.27555,1,1680,1050
1,2,13882,1779220040.29637,1,1680,1050
1,2,13883,1779220040.31719,1,1680,1050
1,2,13884,1779220040.33801,1,1680,1050
1,2,13885,1779220040.35883,1,1680,1050
1,2,13886,1779220040.37965,1,1680,1050
1,2,13887,1779220040.40047,1,1680,1050
1,2,13888,1779220040.42129,1,1680,1050
1,2,13889,1779220040.44211,1,1680,1050
1,2,13890,1779220040.46293,1,1680,1050
1,2,13891,1779220040.48375,1,1680,1050
1,2,13892,1779220040.50457,1,1680,1050
1,2,13893,1779220040.52539,1,1680,1050
1,2,13894,1779220040.54621,1,1680,1050
1,2,13895,1779220040.56703,1,1680,1050
1,2,13896,1779220040.58785,1,1680,1050
1,2,13897,1779220040.60866,1,1680,1050
1,2,13898,1779220040.62949,1,1680,1050
1,2,13899,1779220040.6503,1,1680,1050
1,2,13900,1779220040.67112,1,1680,1050
1,2,13901,1779220040.69194,1,1680,1050
1,2,13902,1779220040.71276,1,1680,1050
1,2,13903,1779220040.73358,1,1680,1050
1,2,13904,1779220040.7544,1,1680,1050
1,2,13905,1779220040.77522,1,1680,1050
1,2,13906,1779220040.79604,1,1680,1050
1,2,13907,1779220040.81686,1,1680,1050
1,2,13908,1779220040.83768,1,1680,1050
1,2,13909,1779220040.8585,1,1680,1050
1,2,13910,1779220040.87932,1,1680,1050
1,2,13911,1779220040.90014,1,1680,1050
1,2,13912,1779220040.92096,1,1680,1050
1,2,13913,1779220040.94178,1,1680,1050
1,2,13914,1779220040.9626,1,1680,1050
1,2,13915,1779220040.98342,1,1680,1050
1,2,13916,1779220041.00424,1,1680,1050
1,2,13917,1779220041.02505,1,1680,1050
1,2,13918,1779220041.04587,1,1680,1050
1,2,13919,1779220041.06669,1,1680,1050
1,2,13920,1779220041.08751,1,1680,1050
1,2,13921,1779220041.10833,1,1680,1050
1,2,13922,1779220041.12915,2,1680,1050
1,2,13923,1779220041.14997,2,1680,1050
1,2,13924,1779220041.17079,2,1680,1050
1,2,13925,1779220041.19161,2,1680,1050
1,2,13926,1779220041.21243,2,1680,1050
1,2,13927,1779220041.23325,2,1680,1050
1,2,13928,1779220041.25407,2,1680,1050
1,2,13929,1779220041.27489,2,1680,1050
1,2,13930,1779220041.29571,2,1680,1050
1,2,13931,1779220041.31653,2,1680,1050
1,2,13932,1779220041.33735,2,1680,1050
1,2,13933,1779220041.35817,2,1680,1050
1,2,13934,1779220041.37899,2,1680,1050
1,2,13935,1779220041.39981,2,1680,1050
1,2,13936,1779220041.42063,2,1680,1050
1,2,13937,1779220041.44145,2,1680,1050
1,2,13938,1779220041.46226,2,1680,1050
1,2,13939,1779220041.48308,2,1680,1050
1,2,13940,1779220041.5039,2,1680,1050
1,2,13941,1779220041.52472,2,1680,1050
1,2,13942,1779220041.54554,2,1680,1050
1,2,13943,1779220041.56636,2,1680,1050
1,2,13944,1779220041.58718,2,1680,1050
1,2,13945,1779220041.608,2,1680,1050
1,2,13946,1779220041.62882,2,1680,1050
1,2,13947,1779220041.64964,2,1680,1050
1,2,13948,1779220041.67046,2,1680,1050
1,2,13949,1779220041.69128,2,1680,1050
1,2,13950,1779220041.7121,2,1680,1050
1,2,13951,1779220041.73292,2,1680,1050
1,2,13952,1779220041.75374,2,1680,1050
1,2,13953,1779220041.77456,2,1680,1050
1,2,13954,1779220041.79538,2,1680,1050
1,2,13955,1779220041.8162,2,1680,1050
1,2,13956,1779220041.83701,2,1680,1050
1,2,13957,1779220041.85783,2,1680,1050
1,2,13958,1779220041.87865,2,1680,1050
1,2,13959,1779220041.89947,2,1680,1050
1,2,13960,1779220041.92029,2,1680,1050
1,2,13961,1779220041.94111,2,1680,1050
1,2,13962,1779220041.96193,2,1680,1050
1,2,13963,1779220041.98275,2,1680,1050
1,2,13964,1779220042.00357,2,1680,1050
1,2,13965,1779220042.02439,2,1680,1050
1,2,13966,1779220042.04521,2,1680,1050
1,2,13967,1779220042.06603,2,1680,1050
1,2,13968,1779220042.08685,2,1680,1050
1,2,13969,1779220042.10767,2,1680,1050
1,2,13970,1779220042.12849,2,1680,1050
1,2,13971,1779220042.14931,2,1680,1050
1,2,13972,1779220042.17013,2,1680,1050
1,2,13973,1779220042.19095,2,1680,1050
1,2,13974,1779220042.21177,2,1680,1050
1,2,13975,1779220042.23259,2,1680,1050
1,2,13976,1779220042.25341,2,1680,1050
1,2,13977,1779220042.27422,2,1680,1050
1,2,13978,1779220042.29504,2,1680,1050
1,2,13979,1779220042.31586,2,1680,1050
1,2,13980,1779220042.33668,2,1680,1050
1,2,13981,1779220042.3575,2,1680,1050
1,2,13982,1779220042.37832,2,1680,1050
1,2,13983,1779220042.39914,2,1680,1050
1,2,13984,1779220042.41996,2,1680,1050
1,2,13985,1779220042.44078,2,1680,1050
1,2,13986,1779220042.4616,2,1680,1050
1,2,13987,1779220042.48242,2,1680,1050
1,2,13988,1779220042.50324,2,1680,1050
1,2,13989,1779220042.52406,2,1680,1050
1,2,13990,1779220042.54488,2,1680,1050
1,2,13991,1779220042.5657,2,1680,1050
1,2,13992,1779220042.58652,2,1680,1050
1,2,13993,1779220042.60734,2,1680,1050
1,2,13994,1779220042.62816,2,1680,1050
1,2,13995,1779220042.64898,2,1680,1050
1,2,13996,1779220042.6698,2,1680,1050
1,2,13997,1779220042.69061,2,1680,1050
1,2,13998,1779220042.71143,2,1680,1050
1,2,13999,1779220042.73225,2,1680,1050
1,2,14000,1779220042.75307,2,1680,1050
1,2,14001,1779220042.77389,2,1680,1050
1,2,14002,1779220042.79471,2,1680,1050
1,2,14003,1779220042.81553,2,1680,1050
1,2,14004,1779220042.83635,2,1680,1050
1,2,14005,1779220042.85717,2,1680,1050
1,2,14006,1779220042.87799,2,1680,1050
1,2,14007,1779220042.89881,2,1680,1050
1,2,14008,1779220042.91963,2,1680,1050
1,2,14009,1779220042.94045,2,1680,1050
1,2,14010,1779220042.96127,2,1680,1050
1,2,14011,1779220042.98209,2,1680,1050
1,2,14012,1779220043.00291,2,1680,1050
1,2,14013,1779220043.02373,2,1680,1050
1,2,14014,1779220043.04455,2,1680,1050
1,2,14015,1779220043.06537,2,1680,1050
1,2,14016,1779220043.08619,2,1680,1050
1,2,14017,1779220043.10701,2,1680,1050
1,2,14018,1779220043.12782,2,1680,1050
1,2,14019,1779220043.14864,2,1680,1050
1,2,14020,1779220043.16946,2,1680,1050
1,2,14021,1779220043.19028,2,1680,1050
1,2,14022,1779220043.2111,2,1680,1050
1,2,14023,1779220043.23192,2,1680,1050
1,2,14024,1779220043.25274,2,1680,1050
1,2,14025,1779220043.27356,2,1680,1050
1,2,14026,1779220043.29438,2,1680,1050
1,2,14027,1779220043.3152,2,1680,1050
1,2,14028,1779220043.33602,2,1680,1050
1,2,14029,1779220043.35684,2,1680,1050
1,2,14030,1779220043.37766,2,1680,1050
1,2,14031,1779220043.39848,2,1680,1050
1,2,14032,1779220043.4193,2,1680,1050
1,2,14033,1779220043.44012,2,1680,1050
1,2,14034,1779220043.46094,2,1680,1050
1,2,14035,1779220043.48176,2,1680,1050
1,2,14036,1779220043.50258,2,1680,1050
1,2,14037,1779220043.5234,2,1680,1050
1,2,14038,1779220043.54421,2,1680,1050
1,2,14039,1779220043.56503,2,1680,1050
1,2,14040,1779220043.58585,2,1680,1050
1,2,14041,1779220043.60667,2,1680,1050
1,2,14042,1779220043.62749,1,1680,1050
1,2,14043,1779220043.64831,1,1680,1050
1,2,14044,1779220043.66913,1,1680,1050
1,2,14045,1779220043.68995,1,1680,1050
1,2,14046,1779220043.71077,1,1680,1050
1,2,14047,1779220043.73159,1,1680,1050
1,2,14048,1779220043.75241,1,1680,1050
1,2,14049,1779220043.77323,1,1680,1050
1,2,14050,1779220043.79405,1,1680,1050
1,2,14051,1779220043.81487,1,1680,1050
1,2,14052,1779220043.83569,1,1680,1050
1,2,14053,1779220043.85651,1,1680,1050
1,2,14054,1779220043.87733,1,1680,1050
1,2,14055,1779220043.89815,1,1680,1050
1,2,14056,1779220043.91897,1,1680,1050
1,2,14057,1779220043.93979,1,1680,1050
1,2,14058,1779220043.9606,1,1680,1050
1,2,14059,1779220043.98142,1,1680,1050
1,2,14060,1779220044.00224,1,1680,1050
1,2,14061,1779220044.02306,1,1680,1050
1,2,14062,1779220044.04388,1,1680,1050
1,2,14063,1779220044.0647,1,1680,1050
1,2,14064,1779220044.08552,1,1680,1050
1,2,14065,1779220044.10634,1,1680,1050
1,2,14066,1779220044.12716,1,1680,1050
1,2,14067,1779220044.14798,1,1680,1050
1,2,14068,1779220044.1688,1,1680,1050
1,2,14069,1779220044.18962,1,1680,1050
1,2,14070,1779220044.21044,1,1680,1050
1,2,14071,1779220044.23126,1,1680,1050
1,2,14072,1779220044.25208,1,1680,1050
1,2,14073,1779220044.2729,1,1680,1050
1,2,14074,1779220044.29372,1,1680,1050
1,2,14075,1779220044.31454,1,1680,1050
1,2,14076,1779220044.33535,1,1680,1050
1,2,14077,1779220044.35618,1,1680,1050
1,2,14078,1779220044.37699,1,1680,1050
1,2,14079,1779220044.39781,1,1680,1050
1,2,14080,1779220044.41863,1,1680,1050
1,2,14081,1779220044.43945,1,1680,1050
1,2,14082,1779220044.46027,1,1680,1050
1,2,14083,1779220044.48109,1,1680,1050
1,2,14084,1779220044.50191,1,1680,1050
1,2,14085,1779220044.52273,1,1680,1050
1,2,14086,1779220044.54355,1,1680,1050
1,2,14087,1779220044.56437,1,1680,1050
1,2,14088,1779220044.58519,1,1680,1050
1,2,14089,1779220044.60601,1,1680,1050
1,2,14090,1779220044.62683,1,1680,1050
1,2,14091,1779220044.64765,1,1680,1050
1,2,14092,1779220044.66847,1,1680,1050
1,2,14093,1779220044.68929,1,1680,1050
1,2,14094,1779220044.71011,1,1680,1050
1,2,14095,1779220044.73093,1,1680,1050
1,2,14096,1779220044.75175,1,1680,1050
1,2,14097,1779220044.77256,1,1680,1050
1,2,14098,1779220044.79338,1,1680,1050
1,2,14099,1779220044.8142,1,1680,1050
1,2,14100,1779220044.83502,1,1680,1050
1,2,14101,1779220044.85584,1,1680,1050
1,2,14102,1779220044.87666,1,1680,1050
1,2,14103,1779220044.89748,1,1680,1050
1,2,14104,1779220044.9183,1,1680,1050
1,2,14105,1779220044.93912,1,1680,1050
1,2,14106,1779220044.95994,1,1680,1050
1,2,14107,1779220044.98076,1,1680,1050
1,2,14108,1779220045.00158,1,1680,1050
1,2,14109,1779220045.0224,1,1680,1050
1,2,14110,1779220045.04322,1,1680,1050
1,2,14111,1779220045.06404,1,1680,1050
1,2,14112,1779220045.08486,1,1680,1050
1,2,14113,1779220045.10568,1,1680,1050
1,2,14114,1779220045.1265,1,1680,1050
1,2,14115,1779220045.14732,1,1680,1050
1,2,14116,1779220045.16814,1,1680,1050
1,2,14117,1779220045.18895,1,1680,1050
1,2,14118,1779220045.20977,1,1680,1050
1,2,14119,1779220045.23059,1,1680,1050
1,2,14120,1779220045.25141,1,1680,1050
1,2,14121,1779220045.27223,1,1680,1050
1,2,14122,1779220045.29305,1,1680,1050
1,2,14123,1779220045.31387,1,1680,1050
1,2,14124,1779220045.33469,1,1680,1050
1,2,14125,1779220045.35551,1,1680,1050
1,2,14126,1779220045.37633,1,1680,1050
1,2,14127,1779220045.39715,1,1680,1050
1,2,14128,1779220045.41797,1,1680,1050
1,2,14129,1779220045.43879,1,1680,1050
1,2,14130,1779220045.45961,1,1680,1050
1,2,14131,1779220045.48043,1,1680,1050
1,2,14132,1779220045.50125,1,1680,1050
1,2,14133,1779220045.52207,1,1680,1050
1,2,14134,1779220045.54289,1,1680,1050
1,2,14135,1779220045.56371,1,1680,1050
1,2,14136,1779220045.58453,1,1680,1050
1,2,14137,1779220045.60535,1,1680,1050
1,2,14138,1779220045.62616,1,1680,1050
1,2,14139,1779220045.64698,1,1680,1050
1,2,14140,1779220045.6678,1,1680,1050
1,2,14141,1779220045.68862,1,1680,1050
1,2,14142,1779220045.70944,1,1680,1050
1,2,14143,1779220045.73026,1,1680,1050
1,2,14144,1779220045.75108,1,1680,1050
1,2,14145,1779220045.7719,1,1680,1050
1,2,14146,1779220045.79272,1,1680,1050
1,2,14147,1779220045.81354,1,1680,1050
1,2,14148,1779220045.83436,1,1680,1050
1,2,14149,1779220045.85518,1,1680,1050
1,2,14150,1779220045.876,1,1680,1050
1,2,14151,1779220045.89682,1,1680,1050
1,2,14152,1779220045.91764,1,1680,1050
1,2,14153,1779220045.93846,1,1680,1050
1,2,14154,1779220045.95928,1,1680,1050
1,2,14155,1779220045.9801,1,1680,1050
1,2,14156,1779220046.00092,1,1680,1050
1,2,14157,1779220046.02174,1,1680,1050
1,2,14158,1779220046.04255,1,1680,1050
1,2,14159,1779220046.06337,1,1680,1050
1,2,14160,1779220046.08419,1,1680,1050
1,2,14161,1779220046.10501,1,1680,1050
1,2,14162,1779220046.12583,1,1680,1050
1,2,14163,1779220046.14665,1,1680,1050
1,2,14164,1779220046.16747,1,1680,1050
1,2,14165,1779220046.18829,1,1680,1050
1,2,14166,1779220046.20911,1,1680,1050
1,2,14167,1779220046.22993,1,1680,1050
1,2,14168,1779220046.25075,1,1680,1050
1,2,14169,1779220046.27157,1,1680,1050
1,2,14170,1779220046.29239,1,1680,1050
1,2,14171,1779220046.31321,1,1680,1050
1,2,14172,1779220046.33403,1,1680,1050
1,2,14173,1779220046.35485,1,1680,1050
1,2,14174,1779220046.37567,1,1680,1050
1,2,14175,1779220046.39649,1,1680,1050
1,2,14176,1779220046.41731,1,1680,1050
1,2,14177,1779220046.43813,1,1680,1050
1,2,14178,1779220046.45894,1,1680,1050
1,2,14179,1779220046.47976,1,1680,1050
1,2,14180,1779220046.50058,1,1680,1050
1,2,14181,1779220046.5214,1,1680,1050
1,2,14182,1779220046.54222,1,1680,1050
1,2,14183,1779220046.56304,1,1680,1050
1,2,14184,1779220046.58386,1,1680,1050
1,2,14185,1779220046.60468,1,1680,1050
1,2,14186,1779220046.6255,1,1680,1050
1,2,14187,1779220046.64632,1,1680,1050
1,2,14188,1779220046.66714,1,1680,1050
1,2,14189,1779220046.68796,1,1680,1050
1,2,14190,1779220046.70878,1,1680,1050
1,2,14191,1779220046.7296,1,1680,1050
1,2,14192,1779220046.75042,1,1680,1050
1,2,14193,1779220046.77124,1,1680,1050
1,2,14194,1779220046.79206,1,1680,1050
1,2,14195,1779220046.81288,1,1680,1050
1,2,14196,1779220046.8337,1,1680,1050
1,2,14197,1779220046.85452,1,1680,1050
1,2,14198,1779220046.87533,1,1680,1050
1,2,14199,1779220046.89615,1,1680,1050
1,2,14200,1779220046.91697,1,1680,1050
1,2,14201,1779220046.93779,1,1680,1050
1,2,14202,1779220046.95861,1,1680,1050
1,2,14203,1779220046.97943,1,1680,1050
1,2,14204,1779220047.00025,1,1680,1050
1,2,14205,1779220047.02107,1,1680,1050
1,2,14206,1779220047.04189,1,1680,1050
1,2,14207,1779220047.06271,1,1680,1050
1,2,14208,1779220047.08353,1,1680,1050
1,2,14209,1779220047.10435,1,1680,1050
1,2,14210,1779220047.12517,1,1680,1050
1,2,14211,1779220047.14599,1,1680,1050
1,2,14212,1779220047.16681,1,1680,1050
1,2,14213,1779220047.18763,1,1680,1050
1,2,14214,1779220047.20845,1,1680,1050
1,2,14215,1779220047.22927,1,1680,1050
1,2,14216,1779220047.25009,1,1680,1050
1,2,14217,1779220047.27091,1,1680,1050
1,2,14218,1779220047.29172,1,1680,1050
1,2,14219,1779220047.31254,1,1680,1050
1,2,14220,1779220047.33336,1,1680,1050
1,2,14221,1779220047.35418,1,1680,1050
1,2,14222,1779220047.375,1,1680,1050
1,2,14223,1779220047.39582,1,1680,1050
1,2,14224,1779220047.41664,1,1680,1050
1,2,14225,1779220047.43746,1,1680,1050
1,2,14226,1779220047.45828,1,1680,1050
1,2,14227,1779220047.4791,1,1680,1050
1,2,14228,1779220047.49992,1,1680,1050
1,2,14229,1779220047.52074,1,1680,1050
1,2,14230,1779220047.54156,1,1680,1050
1,2,14231,1779220047.56238,1,1680,1050
1,2,14232,1779220047.5832,1,1680,1050
1,2,14233,1779220047.60402,1,1680,1050
1,2,14234,1779220047.62484,1,1680,1050
1,2,14235,1779220047.64566,1,1680,1050
1,2,14236,1779220047.66648,1,1680,1050
1,2,14237,1779220047.6873,1,1680,1050
1,2,14238,1779220047.70811,1,1680,1050
1,2,14239,1779220047.72893,1,1680,1050
1,2,14240,1779220047.74975,1,1680,1050
1,2,14241,1779220047.77057,1,1680,1050
1,2,14242,1779220047.79139,1,1680,1050
1,2,14243,1779220047.81221,1,1680,1050
1,2,14244,1779220047.83303,1,1680,1050
1,2,14245,1779220047.85385,1,1680,1050
1,2,14246,1779220047.87467,1,1680,1050
1,2,14247,1779220047.89549,1,1680,1050
1,2,14248,1779220047.91631,1,1680,1050
1,2,14249,1779220047.93713,1,1680,1050
1,2,14250,1779220047.95795,1,1680,1050
1,2,14251,1779220047.97877,1,1680,1050
1,2,14252,1779220047.99959,1,1680,1050
1,2,14253,1779220048.02041,1,1680,1050
1,2,14254,1779220048.04123,1,1680,1050
1,2,14255,1779220048.06205,1,1680,1050
1,2,14256,1779220048.08287,1,1680,1050
1,2,14257,1779220048.10368,1,1680,1050
1,2,14258,1779220048.1245,1,1680,1050
1,2,14259,1779220048.14532,1,1680,1050
1,2,14260,1779220048.16614,1,1680,1050
1,2,14261,1779220048.18696,1,1680,1050
1,2,14262,1779220048.20778,1,1680,1050
1,2,14263,1779220048.2286,1,1680,1050
1,2,14264,1779220048.24942,1,1680,1050
1,2,14265,1779220048.27024,1,1680,1050
1,2,14266,1779220048.29106,1,1680,1050
1,2,14267,1779220048.31188,1,1680,1050
1,2,14268,1779220048.3327,1,1680,1050
1,2,14269,1779220048.35352,1,1680,1050
1,2,14270,1779220048.37434,1,1680,1050
1,2,14271,1779220048.39516,1,1680,1050
1,2,14272,1779220048.41598,1,1680,1050
1,2,14273,1779220048.4368,1,1680,1050
1,2,14274,1779220048.45762,1,1680,1050
1,2,14275,1779220048.47844,1,1680,1050
1,2,14276,1779220048.49926,1,1680,1050
1,2,14277,1779220048.52008,1,1680,1050
1,2,14278,1779220048.5409,1,1680,1050
1,2,14279,1779220048.56171,1,1680,1050
1,2,14280,1779220048.58253,1,1680,1050
1,2,14281,1779220048.60335,1,1680,1050
1,2,14282,1779220048.62417,2,1680,1050
1,2,14283,1779220048.64499,2,1680,1050
1,2,14284,1779220048.66581,2,1680,1050
1,2,14285,1779220048.68663,2,1680,1050
1,2,14286,1779220048.70745,2,1680,1050
1,2,14287,1779220048.72827,2,1680,1050
1,2,14288,1779220048.74909,2,1680,1050
1,2,14289,1779220048.76991,2,1680,1050
1,2,14290,1779220048.79073,2,1680,1050
1,2,14291,1779220048.81155,2,1680,1050
1,2,14292,1779220048.83237,2,1680,1050
1,2,14293,1779220048.85319,2,1680,1050
1,2,14294,1779220048.87401,2,1680,1050
1,2,14295,1779220048.89483,2,1680,1050
1,2,14296,1779220048.91565,2,1680,1050
1,2,14297,1779220048.93647,2,1680,1050
1,2,14298,1779220048.95728,2,1680,1050
1,2,14299,1779220048.9781,2,1680,1050
1,2,14300,1779220048.99892,2,1680,1050
1,2,14301,1779220049.01974,2,1680,1050
1,2,14302,1779220049.04056,2,1680,1050
1,2,14303,1779220049.06138,2,1680,1050
1,2,14304,1779220049.0822,2,1680,1050
1,2,14305,1779220049.10302,2,1680,1050
1,2,14306,1779220049.12384,2,1680,1050
1,2,14307,1779220049.14466,2,1680,1050
1,2,14308,1779220049.16548,2,1680,1050
1,2,14309,1779220049.1863,2,1680,1050
1,2,14310,1779220049.20712,2,1680,1050
1,2,14311,1779220049.22794,2,1680,1050
1,2,14312,1779220049.24876,2,1680,1050
1,2,14313,1779220049.26958,2,1680,1050
1,2,14314,1779220049.2904,2,1680,1050
1,2,14315,1779220049.31122,2,1680,1050
1,2,14316,1779220049.33204,2,1680,1050
1,2,14317,1779220049.35286,2,1680,1050
1,2,14318,1779220049.37367,2,1680,1050
1,2,14319,1779220049.39449,2,1680,1050
1,2,14320,1779220049.41531,2,1680,1050
1,2,14321,1779220049.43613,2,1680,1050
1,2,14322,1779220049.45695,2,1680,1050
1,2,14323,1779220049.47777,2,1680,1050
1,2,14324,1779220049.49859,2,1680,1050
1,2,14325,1779220049.51941,2,1680,1050
1,2,14326,1779220049.54023,2,1680,1050
1,2,14327,1779220049.56105,2,1680,1050
1,2,14328,1779220049.58187,2,1680,1050
1,2,14329,1779220049.60269,2,1680,1050
1,2,14330,1779220049.62351,2,1680,1050
1,2,14331,1779220049.64433,2,1680,1050
1,2,14332,1779220049.66515,2,1680,1050
1,2,14333,1779220049.68597,2,1680,1050
1,2,14334,1779220049.70679,2,1680,1050
1,2,14335,1779220049.72761,2,1680,1050
1,2,14336,1779220049.74843,2,1680,1050
1,2,14337,1779220049.76925,2,1680,1050
1,2,14338,1779220049.79007,2,1680,1050
1,2,14339,1779220049.81088,2,1680,1050
1,2,14340,1779220049.8317,2,1680,1050
1,2,14341,1779220049.85252,2,1680,1050
1,2,14342,1779220049.87334,2,1680,1050
1,2,14343,1779220049.89416,2,1680,1050
1,2,14344,1779220049.91498,2,1680,1050
1,2,14345,1779220049.9358,2,1680,1050
1,2,14346,1779220049.95662,2,1680,1050
1,2,14347,1779220049.97744,2,1680,1050
1,2,14348,1779220049.99826,2,1680,1050
1,2,14349,1779220050.01908,2,1680,1050
1,2,14350,1779220050.0399,2,1680,1050
1,2,14351,1779220050.06072,2,1680,1050
1,2,14352,1779220050.08154,2,1680,1050
1,2,14353,1779220050.10236,2,1680,1050
1,2,14354,1779220050.12318,2,1680,1050
1,2,14355,1779220050.144,2,1680,1050
1,2,14356,1779220050.16482,2,1680,1050
1,2,14357,1779220050.18564,2,1680,1050
1,2,14358,1779220050.20646,2,1680,1050
1,2,14359,1779220050.22727,2,1680,1050
1,2,14360,1779220050.24809,2,1680,1050
1,2,14361,1779220050.26891,2,1680,1050
1,2,14362,1779220050.28973,2,1680,1050
1,2,14363,1779220050.31055,2,1680,1050
1,2,14364,1779220050.33137,2,1680,1050
1,2,14365,1779220050.35219,2,1680,1050
1,2,14366,1779220050.37301,2,1680,1050
1,2,14367,1779220050.39383,2,1680,1050
1,2,14368,1779220050.41465,2,1680,1050
1,2,14369,1779220050.43547,2,1680,1050
1,2,14370,1779220050.45629,2,1680,1050
1,2,14371,1779220050.47711,2,1680,1050
1,2,14372,1779220050.49793,2,1680,1050
1,2,14373,1779220050.51875,2,1680,1050
1,2,14374,1779220050.53957,2,1680,1050
1,2,14375,1779220050.56039,2,1680,1050
1,2,14376,1779220050.58121,2,1680,1050
1,2,14377,1779220050.60203,2,1680,1050
1,2,14378,1779220050.62285,2,1680,1050
1,2,14379,1779220050.64367,2,1680,1050
1,2,14380,1779220050.66448,2,1680,1050
1,2,14381,1779220050.6853,2,1680,1050
1,2,14382,1779220050.70612,2,1680,1050
1,2,14383,1779220050.72694,2,1680,1050
1,2,14384,1779220050.74776,2,1680,1050
1,2,14385,1779220050.76858,2,1680,1050
1,2,14386,1779220050.7894,2,1680,1050
1,2,14387,1779220050.81022,2,1680,1050
1,2,14388,1779220050.83104,2,1680,1050
1,2,14389,1779220050.85186,2,1680,1050
1,2,14390,1779220050.87268,2,1680,1050
1,2,14391,1779220050.8935,2,1680,1050
1,2,14392,1779220050.91432,2,1680,1050
1,2,14393,1779220050.93514,2,1680,1050
1,2,14394,1779220050.95596,2,1680,1050
1,2,14395,1779220050.97678,2,1680,1050
1,2,14396,1779220050.9976,2,1680,1050
1,2,14397,1779220051.01842,2,1680,1050
1,2,14398,1779220051.03924,2,1680,1050
1,2,14399,1779220051.06005,2,1680,1050
1,2,14400,1779220051.08087,2,1680,1050
1,2,14401,1779220051.10169,2,1680,1050
1,2,14402,1779220051.24743,1,1680,1050
1,2,14403,1779220051.26825,1,1680,1050
1,2,14404,1779220051.28907,1,1680,1050
1,2,14405,1779220051.30989,1,1680,1050
1,2,14406,1779220051.33071,1,1680,1050
1,2,14407,1779220051.35153,1,1680,1050
1,2,14408,1779220051.37235,1,1680,1050
1,2,14409,1779220051.39317,1,1680,1050
1,2,14410,1779220051.41399,1,1680,1050
1,2,14411,1779220051.43481,1,1680,1050
1,2,14412,1779220051.45562,1,1680,1050
1,2,14413,1779220051.47644,1,1680,1050
1,2,14414,1779220051.49726,1,1680,1050
1,2,14415,1779220051.51808,1,1680,1050
1,2,14416,1779220051.5389,1,1680,1050
1,2,14417,1779220051.55972,1,1680,1050
1,2,14418,1779220051.58054,1,1680,1050
1,2,14419,1779220051.60136,1,1680,1050
1,2,14420,1779220051.62218,1,1680,1050
1,2,14421,1779220051.643,1,1680,1050
1,2,14422,1779220051.66382,1,1680,1050
1,2,14423,1779220051.68464,1,1680,1050
1,2,14424,1779220051.70546,1,1680,1050
1,2,14425,1779220051.72628,1,1680,1050
1,2,14426,1779220051.7471,1,1680,1050
1,2,14427,1779220051.76792,1,1680,1050
1,2,14428,1779220051.78874,1,1680,1050
1,2,14429,1779220051.80956,1,1680,1050
1,2,14430,1779220051.83038,1,1680,1050
1,2,14431,1779220051.8512,1,1680,1050
1,2,14432,1779220051.87202,1,1680,1050
1,2,14433,1779220051.89283,1,1680,1050
1,2,14434,1779220051.91365,1,1680,1050
1,2,14435,1779220051.93447,1,1680,1050
1,2,14436,1779220051.95529,1,1680,1050
1,2,14437,1779220051.97611,1,1680,1050
1,2,14438,1779220051.99693,1,1680,1050
1,2,14439,1779220052.01775,1,1680,1050
1,2,14440,1779220052.03857,1,1680,1050
1,2,14441,1779220052.05939,1,1680,1050
1,2,14442,1779220052.08021,1,1680,1050
1,2,14443,1779220052.10103,1,1680,1050
1,2,14444,1779220052.12185,1,1680,1050
1,2,14445,1779220052.14267,1,1680,1050
1,2,14446,1779220052.16349,1,1680,1050
1,2,14447,1779220052.18431,1,1680,1050
1,2,14448,1779220052.20513,1,1680,1050
1,2,14449,1779220052.22595,1,1680,1050
1,2,14450,1779220052.24677,1,1680,1050
1,2,14451,1779220052.26759,1,1680,1050
1,2,14452,1779220052.2884,1,1680,1050
1,2,14453,1779220052.30923,1,1680,1050
1,2,14454,1779220052.33004,1,1680,1050
1,2,14455,1779220052.35086,1,1680,1050
1,2,14456,1779220052.37168,1,1680,1050
1,2,14457,1779220052.3925,1,1680,1050
1,2,14458,1779220052.41332,1,1680,1050
1,2,14459,1779220052.43414,1,1680,1050
1,2,14460,1779220052.45496,1,1680,1050
1,2,14461,1779220052.47578,1,1680,1050
1,2,14462,1779220052.4966,1,1680,1050
1,2,14463,1779220052.51742,1,1680,1050
1,2,14464,1779220052.53824,1,1680,1050
1,2,14465,1779220052.55906,1,1680,1050
1,2,14466,1779220052.57988,1,1680,1050
1,2,14467,1779220052.6007,1,1680,1050
1,2,14468,1779220052.62152,1,1680,1050
1,2,14469,1779220052.64234,1,1680,1050
1,2,14470,1779220052.66316,1,1680,1050
1,2,14471,1779220052.68398,1,1680,1050
1,2,14472,1779220052.7048,1,1680,1050
1,2,14473,1779220052.72561,1,1680,1050
1,2,14474,1779220052.74643,1,1680,1050
1,2,14475,1779220052.76725,1,1680,1050
1,2,14476,1779220052.78807,1,1680,1050
1,2,14477,1779220052.80889,1,1680,1050
1,2,14478,1779220052.82971,1,1680,1050
1,2,14479,1779220052.85053,1,1680,1050
1,2,14480,1779220052.87135,1,1680,1050
1,2,14481,1779220052.89217,1,1680,1050
1,2,14482,1779220052.91299,1,1680,1050
1,2,14483,1779220052.93381,1,1680,1050
1,2,14484,1779220052.95463,1,1680,1050
1,2,14485,1779220052.97545,1,1680,1050
1,2,14486,1779220052.99627,1,1680,1050
1,2,14487,1779220053.01709,1,1680,1050
1,2,14488,1779220053.03791,1,1680,1050
1,2,14489,1779220053.05873,1,1680,1050
1,2,14490,1779220053.07955,1,1680,1050
1,2,14491,1779220053.10037,1,1680,1050
1,2,14492,1779220053.12119,1,1680,1050
1,2,14493,1779220053.142,1,1680,1050
1,2,14494,1779220053.16282,1,1680,1050
1,2,14495,1779220053.18364,1,1680,1050
1,2,14496,1779220053.20446,1,1680,1050
1,2,14497,1779220053.22528,1,1680,1050
1,2,14498,1779220053.2461,1,1680,1050
1,2,14499,1779220053.26692,1,1680,1050
1,2,14500,1779220053.28774,1,1680,1050
1,2,14501,1779220053.30856,1,1680,1050
1,2,14502,1779220053.32938,1,1680,1050
1,2,14503,1779220053.3502,1,1680,1050
1,2,14504,1779220053.37102,1,1680,1050
1,2,14505,1779220053.39184,1,1680,1050
1,2,14506,1779220053.41266,1,1680,1050
1,2,14507,1779220053.43348,1,1680,1050
1,2,14508,1779220053.4543,1,1680,1050
1,2,14509,1779220053.47512,1,1680,1050
1,2,14510,1779220053.49594,1,1680,1050
1,2,14511,1779220053.51676,1,1680,1050
1,2,14512,1779220053.53758,1,1680,1050
1,2,14513,1779220053.5584,1,1680,1050
1,2,14514,1779220053.57921,1,1680,1050
1,2,14515,1779220053.60003,1,1680,1050
1,2,14516,1779220053.62085,1,1680,1050
1,2,14517,1779220053.64167,1,1680,1050
1,2,14518,1779220053.66249,1,1680,1050
1,2,14519,1779220053.68331,1,1680,1050
1,2,14520,1779220053.70413,1,1680,1050
1,2,14521,1779220053.72495,1,1680,1050
1,2,14522,1779220053.74577,1,1680,1050
1,2,14523,1779220053.76659,1,1680,1050
1,2,14524,1779220053.78741,1,1680,1050
1,2,14525,1779220053.80823,1,1680,1050
1,2,14526,1779220053.82905,1,1680,1050
1,2,14527,1779220053.84987,1,1680,1050
1,2,14528,1779220053.87069,1,1680,1050
1,2,14529,1779220053.89151,1,1680,1050
1,2,14530,1779220053.91233,1,1680,1050
1,2,14531,1779220053.93315,1,1680,1050
1,2,14532,1779220053.95397,1,1680,1050
1,2,14533,1779220053.97479,1,1680,1050
1,2,14534,1779220053.9956,1,1680,1050
1,2,14535,1779220054.01642,1,1680,1050
1,2,14536,1779220054.03724,1,1680,1050
1,2,14537,1779220054.05806,1,1680,1050
1,2,14538,1779220054.07888,1,1680,1050
1,2,14539,1779220054.0997,1,1680,1050
1,2,14540,1779220054.12052,1,1680,1050
1,2,14541,1779220054.14134,1,1680,1050
1,2,14542,1779220054.16216,1,1680,1050
1,2,14543,1779220054.18298,1,1680,1050
1,2,14544,1779220054.2038,1,1680,1050
1,2,14545,1779220054.22462,1,1680,1050
1,2,14546,1779220054.24544,1,1680,1050
1,2,14547,1779220054.26626,1,1680,1050
1,2,14548,1779220054.28708,1,1680,1050
1,2,14549,1779220054.3079,1,1680,1050
1,2,14550,1779220054.32872,1,1680,1050
1,2,14551,1779220054.34953,1,1680,1050
1,2,14552,1779220054.37036,1,1680,1050
1,2,14553,1779220054.39118,1,1680,1050
1,2,14554,1779220054.41199,1,1680,1050
1,2,14555,1779220054.43281,1,1680,1050
1,2,14556,1779220054.45363,1,1680,1050
1,2,14557,1779220054.47445,1,1680,1050
1,2,14558,1779220054.49527,1,1680,1050
1,2,14559,1779220054.51609,1,1680,1050
1,2,14560,1779220054.53691,1,1680,1050
1,2,14561,1779220054.55773,1,1680,1050
1,2,14562,1779220054.57855,1,1680,1050
1,2,14563,1779220054.59937,1,1680,1050
1,2,14564,1779220054.62019,1,1680,1050
1,2,14565,1779220054.64101,1,1680,1050
1,2,14566,1779220054.66183,1,1680,1050
1,2,14567,1779220054.68265,1,1680,1050
1,2,14568,1779220054.70347,1,1680,1050
1,2,14569,1779220054.72429,1,1680,1050
1,2,14570,1779220054.74511,1,1680,1050
1,2,14571,1779220054.76593,1,1680,1050
1,2,14572,1779220054.78675,1,1680,1050
1,2,14573,1779220054.80757,1,1680,1050
1,2,14574,1779220054.82838,1,1680,1050
1,2,14575,1779220054.8492,1,1680,1050
1,2,14576,1779220054.87002,1,1680,1050
1,2,14577,1779220054.89084,1,1680,1050
1,2,14578,1779220054.91166,1,1680,1050
1,2,14579,1779220054.93248,1,1680,1050
1,2,14580,1779220054.9533,1,1680,1050
1,2,14581,1779220054.97412,1,1680,1050
1,2,14582,1779220054.99494,1,1680,1050
1,2,14583,1779220055.01576,1,1680,1050
1,2,14584,1779220055.03658,1,1680,1050
1,2,14585,1779220055.0574,1,1680,1050
1,2,14586,1779220055.07822,1,1680,1050
1,2,14587,1779220055.09904,1,1680,1050
1,2,14588,1779220055.11986,1,1680,1050
1,2,14589,1779220055.14068,1,1680,1050
1,2,14590,1779220055.1615,1,1680,1050
1,2,14591,1779220055.18232,1,1680,1050
1,2,14592,1779220055.20314,1,1680,1050
1,2,14593,1779220055.22396,1,1680,1050
1,2,14594,1779220055.24477,1,1680,1050
1,2,14595,1779220055.26559,1,1680,1050
1,2,14596,1779220055.28641,1,1680,1050
1,2,14597,1779220055.30723,1,1680,1050
1,2,14598,1779220055.32805,1,1680,1050
1,2,14599,1779220055.34887,1,1680,1050
1,2,14600,1779220055.36969,1,1680,1050
1,2,14601,1779220055.39051,1,1680,1050
1,2,14602,1779220055.41133,1,1680,1050
1,2,14603,1779220055.43215,1,1680,1050
1,2,14604,1779220055.45297,1,1680,1050
1,2,14605,1779220055.47379,1,1680,1050
1,2,14606,1779220055.49461,1,1680,1050
1,2,14607,1779220055.51543,1,1680,1050
1,2,14608,1779220055.53625,1,1680,1050
1,2,14609,1779220055.55707,1,1680,1050
1,2,14610,1779220055.57789,1,1680,1050
1,2,14611,1779220055.59871,1,1680,1050
1,2,14612,1779220055.61953,1,1680,1050
1,2,14613,1779220055.64035,1,1680,1050
1,2,14614,1779220055.66116,1,1680,1050
1,2,14615,1779220055.68198,1,1680,1050
1,2,14616,1779220055.7028,1,1680,1050
1,2,14617,1779220055.72362,1,1680,1050
1,2,14618,1779220055.74444,1,1680,1050
1,2,14619,1779220055.76526,1,1680,1050
1,2,14620,1779220055.78608,1,1680,1050
1,2,14621,1779220055.8069,1,1680,1050
1,2,14622,1779220055.82772,1,1680,1050
1,2,14623,1779220055.84854,1,1680,1050
1,2,14624,1779220055.86936,1,1680,1050
1,2,14625,1779220055.89018,1,1680,1050
1,2,14626,1779220055.911,1,1680,1050
1,2,14627,1779220055.93182,1,1680,1050
1,2,14628,1779220055.95264,1,1680,1050
1,2,14629,1779220055.97346,1,1680,1050
1,2,14630,1779220055.99428,1,1680,1050
1,2,14631,1779220056.0151,1,1680,1050
1,2,14632,1779220056.03592,1,1680,1050
1,2,14633,1779220056.05673,1,1680,1050
1,2,14634,1779220056.07755,1,1680,1050
1,2,14635,1779220056.09837,1,1680,1050
1,2,14636,1779220056.11919,1,1680,1050
1,2,14637,1779220056.14001,1,1680,1050
1,2,14638,1779220056.16083,1,1680,1050
1,2,14639,1779220056.18165,1,1680,1050
1,2,14640,1779220056.20247,1,1680,1050
1,2,14641,1779220056.22329,1,1680,1050
1,2,14642,1779220056.24411,2,1680,1050
1,2,14643,1779220056.26493,2,1680,1050
1,2,14644,1779220056.28575,2,1680,1050
1,2,14645,1779220056.30657,2,1680,1050
1,2,14646,1779220056.32739,2,1680,1050
1,2,14647,1779220056.34821,2,1680,1050
1,2,14648,1779220056.36903,2,1680,1050
1,2,14649,1779220056.38985,2,1680,1050
1,2,14650,1779220056.41067,2,1680,1050
1,2,14651,1779220056.43149,2,1680,1050
1,2,14652,1779220056.45231,2,1680,1050
1,2,14653,1779220056.47312,2,1680,1050
1,2,14654,1779220056.49394,2,1680,1050
1,2,14655,1779220056.51476,2,1680,1050
1,2,14656,1779220056.53558,2,1680,1050
1,2,14657,1779220056.5564,2,1680,1050
1,2,14658,1779220056.57722,2,1680,1050
1,2,14659,1779220056.59804,2,1680,1050
1,2,14660,1779220056.61886,2,1680,1050
1,2,14661,1779220056.63968,2,1680,1050
1,2,14662,1779220056.6605,2,1680,1050
1,2,14663,1779220056.68132,2,1680,1050
1,2,14664,1779220056.70214,2,1680,1050
1,2,14665,1779220056.72296,2,1680,1050
1,2,14666,1779220056.74378,2,1680,1050
1,2,14667,1779220056.7646,2,1680,1050
1,2,14668,1779220056.78542,2,1680,1050
1,2,14669,1779220056.80624,2,1680,1050
1,2,14670,1779220056.82706,2,1680,1050
1,2,14671,1779220056.84788,2,1680,1050
1,2,14672,1779220056.8687,2,1680,1050
1,2,14673,1779220056.88952,2,1680,1050
1,2,14674,1779220056.91033,2,1680,1050
1,2,14675,1779220056.93115,2,1680,1050
1,2,14676,1779220056.95197,2,1680,1050
1,2,14677,1779220056.97279,2,1680,1050
1,2,14678,1779220056.99361,2,1680,1050
1,2,14679,1779220057.01443,2,1680,1050
1,2,14680,1779220057.03525,2,1680,1050
1,2,14681,1779220057.05607,2,1680,1050
1,2,14682,1779220057.07689,2,1680,1050
1,2,14683,1779220057.09771,2,1680,1050
1,2,14684,1779220057.11853,2,1680,1050
1,2,14685,1779220057.13935,2,1680,1050
1,2,14686,1779220057.16017,2,1680,1050
1,2,14687,1779220057.18099,2,1680,1050
1,2,14688,1779220057.20181,2,1680,1050
1,2,14689,1779220057.22263,2,1680,1050
1,2,14690,1779220057.24345,2,1680,1050
1,2,14691,1779220057.26427,2,1680,1050
1,2,14692,1779220057.28508,2,1680,1050
1,2,14693,1779220057.30591,2,1680,1050
1,2,14694,1779220057.32672,2,1680,1050
1,2,14695,1779220057.34754,2,1680,1050
1,2,14696,1779220057.36836,2,1680,1050
1,2,14697,1779220057.38918,2,1680,1050
1,2,14698,1779220057.41,2,1680,1050
1,2,14699,1779220057.43082,2,1680,1050
1,2,14700,1779220057.45164,2,1680,1050
1,2,14701,1779220057.47246,2,1680,1050
1,2,14702,1779220057.49328,2,1680,1050
1,2,14703,1779220057.5141,2,1680,1050
1,2,14704,1779220057.53492,2,1680,1050
1,2,14705,1779220057.55574,2,1680,1050
1,2,14706,1779220057.57656,2,1680,1050
1,2,14707,1779220057.59738,2,1680,1050
1,2,14708,1779220057.6182,2,1680,1050
1,2,14709,1779220057.63902,2,1680,1050
1,2,14710,1779220057.65984,2,1680,1050
1,2,14711,1779220057.68066,2,1680,1050
1,2,14712,1779220057.70148,2,1680,1050
1,2,14713,1779220057.7223,2,1680,1050
1,2,14714,1779220057.74311,2,1680,1050
1,2,14715,1779220057.76393,2,1680,1050
1,2,14716,1779220057.78475,2,1680,1050
1,2,14717,1779220057.80557,2,1680,1050
1,2,14718,1779220057.82639,2,1680,1050
1,2,14719,1779220057.84721,2,1680,1050
1,2,14720,1779220057.86803,2,1680,1050
1,2,14721,1779220057.88885,2,1680,1050
1,2,14722,1779220057.90967,2,1680,1050
1,2,14723,1779220057.93049,2,1680,1050
1,2,14724,1779220057.95131,2,1680,1050
1,2,14725,1779220057.97213,2,1680,1050
1,2,14726,1779220057.99295,2,1680,1050
1,2,14727,1779220058.01377,2,1680,1050
1,2,14728,1779220058.03459,2,1680,1050
1,2,14729,1779220058.05541,2,1680,1050
1,2,14730,1779220058.07623,2,1680,1050
1,2,14731,1779220058.09705,2,1680,1050
1,2,14732,1779220058.11787,2,1680,1050
1,2,14733,1779220058.13869,2,1680,1050
1,2,14734,1779220058.1595,2,1680,1050
1,2,14735,1779220058.18032,2,1680,1050
1,2,14736,1779220058.20114,2,1680,1050
1,2,14737,1779220058.22196,2,1680,1050
1,2,14738,1779220058.24278,2,1680,1050
1,2,14739,1779220058.2636,2,1680,1050
1,2,14740,1779220058.28442,2,1680,1050
1,2,14741,1779220058.30524,2,1680,1050
1,2,14742,1779220058.32606,2,1680,1050
1,2,14743,1779220058.34688,2,1680,1050
1,2,14744,1779220058.3677,2,1680,1050
1,2,14745,1779220058.38852,2,1680,1050
1,2,14746,1779220058.40934,2,1680,1050
1,2,14747,1779220058.43016,2,1680,1050
1,2,14748,1779220058.45098,2,1680,1050
1,2,14749,1779220058.4718,2,1680,1050
1,2,14750,1779220058.49262,2,1680,1050
1,2,14751,1779220058.51344,2,1680,1050
1,2,14752,1779220058.53426,2,1680,1050
1,2,14753,1779220058.55508,2,1680,1050
1,2,14754,1779220058.5759,2,1680,1050
1,2,14755,1779220058.59671,2,1680,1050
1,2,14756,1779220058.61753,2,1680,1050
1,2,14757,1779220058.63835,2,1680,1050
1,2,14758,1779220058.65917,2,1680,1050
1,2,14759,1779220058.67999,2,1680,1050
1,2,14760,1779220058.70081,2,1680,1050
1,2,14761,1779220058.72163,2,1680,1050
1,2,14762,1779220058.74245,1,1680,1050
1,2,14763,1779220058.76327,1,1680,1050
1,2,14764,1779220058.78409,1,1680,1050
1,2,14765,1779220058.80491,1,1680,1050
1,2,14766,1779220058.82573,1,1680,1050
1,2,14767,1779220058.84655,1,1680,1050
1,2,14768,1779220058.86737,1,1680,1050
1,2,14769,1779220058.88819,1,1680,1050
1,2,14770,1779220058.90901,1,1680,1050
1,2,14771,1779220058.92983,1,1680,1050
1,2,14772,1779220058.95065,1,1680,1050
1,2,14773,1779220058.97147,1,1680,1050
1,2,14774,1779220058.99229,1,1680,1050
1,2,14775,1779220059.0131,1,1680,1050
1,2,14776,1779220059.03392,1,1680,1050
1,2,14777,1779220059.05474,1,1680,1050
1,2,14778,1779220059.07556,1,1680,1050
1,2,14779,1779220059.09638,1,1680,1050
1,2,14780,1779220059.1172,1,1680,1050
1,2,14781,1779220059.13802,1,1680,1050
1,2,14782,1779220059.15884,1,1680,1050
1,2,14783,1779220059.17966,1,1680,1050
1,2,14784,1779220059.20048,1,1680,1050
1,2,14785,1779220059.2213,1,1680,1050
1,2,14786,1779220059.24212,1,1680,1050
1,2,14787,1779220059.26294,1,1680,1050
1,2,14788,1779220059.28376,1,1680,1050
1,2,14789,1779220059.30458,1,1680,1050
1,2,14790,1779220059.3254,1,1680,1050
1,2,14791,1779220059.34622,1,1680,1050
1,2,14792,1779220059.36704,1,1680,1050
1,2,14793,1779220059.38786,1,1680,1050
1,2,14794,1779220059.40868,1,1680,1050
1,2,14795,1779220059.4295,1,1680,1050
1,2,14796,1779220059.45032,1,1680,1050
1,2,14797,1779220059.47114,1,1680,1050
1,2,14798,1779220059.49196,1,1680,1050
1,2,14799,1779220059.51278,1,1680,1050
1,2,14800,1779220059.5336,1,1680,1050
1,2,14801,1779220059.55441,1,1680,1050
1,2,14802,1779220059.57523,1,1680,1050
1,2,14803,1779220059.59605,1,1680,1050
1,2,14804,1779220059.61687,1,1680,1050
1,2,14805,1779220059.63769,1,1680,1050
1,2,14806,1779220059.65851,1,1680,1050
1,2,14807,1779220059.67933,1,1680,1050
1,2,14808,1779220059.70015,1,1680,1050
1,2,14809,1779220059.72097,1,1680,1050
1,2,14810,1779220059.74179,1,1680,1050
1,2,14811,1779220059.76261,1,1680,1050
1,2,14812,1779220059.78343,1,1680,1050
1,2,14813,1779220059.80425,1,1680,1050
1,2,14814,1779220059.82507,1,1680,1050
1,2,14815,1779220059.84589,1,1680,1050
1,2,14816,1779220059.86671,1,1680,1050
1,2,14817,1779220059.88753,1,1680,1050
1,2,14818,1779220059.90835,1,1680,1050
1,2,14819,1779220059.92917,1,1680,1050
1,2,14820,1779220059.94999,1,1680,1050
1,2,14821,1779220059.97081,1,1680,1050
1,2,14822,1779220059.99163,1,1680,1050
1,2,14823,1779220060.01245,1,1680,1050
1,2,14824,1779220060.03327,1,1680,1050
1,2,14825,1779220060.05409,1,1680,1050
1,2,14826,1779220060.07491,1,1680,1050
1,2,14827,1779220060.09573,1,1680,1050
1,2,14828,1779220060.11654,1,1680,1050
1,2,14829,1779220060.13736,1,1680,1050
1,2,14830,1779220060.15818,1,1680,1050
1,2,14831,1779220060.179,1,1680,1050
1,2,14832,1779220060.19982,1,1680,1050
1,2,14833,1779220060.22064,1,1680,1050
1,2,14834,1779220060.24146,1,1680,1050
1,2,14835,1779220060.26228,1,1680,1050
1,2,14836,1779220060.2831,1,1680,1050
1,2,14837,1779220060.30392,1,1680,1050
1,2,14838,1779220060.32474,1,1680,1050
1,2,14839,1779220060.34556,1,1680,1050
1,2,14840,1779220060.36638,1,1680,1050
1,2,14841,1779220060.3872,1,1680,1050
1,2,14842,1779220060.40802,1,1680,1050
1,2,14843,1779220060.42884,1,1680,1050
1,2,14844,1779220060.44966,1,1680,1050
1,2,14845,1779220060.47048,1,1680,1050
1,2,14846,1779220060.4913,1,1680,1050
1,2,14847,1779220060.51212,1,1680,1050
1,2,14848,1779220060.53294,1,1680,1050
1,2,14849,1779220060.55376,1,1680,1050
1,2,14850,1779220060.57458,1,1680,1050
1,2,14851,1779220060.5954,1,1680,1050
1,2,14852,1779220060.61622,1,1680,1050
1,2,14853,1779220060.63704,1,1680,1050
1,2,14854,1779220060.65786,1,1680,1050
1,2,14855,1779220060.67867,1,1680,1050
1,2,14856,1779220060.69949,1,1680,1050
1,2,14857,1779220060.72031,1,1680,1050
1,2,14858,1779220060.74113,1,1680,1050
1,2,14859,1779220060.76195,1,1680,1050
1,2,14860,1779220060.78277,1,1680,1050
1,2,14861,1779220060.80359,1,1680,1050
1,2,14862,1779220060.82441,1,1680,1050
1,2,14863,1779220060.84523,1,1680,1050
1,2,14864,1779220060.86605,1,1680,1050
1,2,14865,1779220060.88687,1,1680,1050
1,2,14866,1779220060.90769,1,1680,1050
1,2,14867,1779220060.92851,1,1680,1050
1,2,14868,1779220060.94933,1,1680,1050
1,2,14869,1779220060.97015,1,1680,1050
1,2,14870,1779220060.99097,1,1680,1050
1,2,14871,1779220061.01179,1,1680,1050
1,2,14872,1779220061.03261,1,1680,1050
1,2,14873,1779220061.05343,1,1680,1050
1,2,14874,1779220061.07425,1,1680,1050
1,2,14875,1779220061.09507,1,1680,1050
1,2,14876,1779220061.11589,1,1680,1050
1,2,14877,1779220061.13671,1,1680,1050
1,2,14878,1779220061.15752,1,1680,1050
1,2,14879,1779220061.17835,1,1680,1050
1,2,14880,1779220061.19916,1,1680,1050
1,2,14881,1779220061.21998,1,1680,1050
1,2,14882,1779220061.2408,1,1680,1050
1,2,14883,1779220061.26162,1,1680,1050
1,2,14884,1779220061.28244,1,1680,1050
1,2,14885,1779220061.30326,1,1680,1050
1,2,14886,1779220061.32408,1,1680,1050
1,2,14887,1779220061.3449,1,1680,1050
1,2,14888,1779220061.36572,1,1680,1050
1,2,14889,1779220061.38654,1,1680,1050
1,2,14890,1779220061.40736,1,1680,1050
1,2,14891,1779220061.42818,1,1680,1050
1,2,14892,1779220061.449,1,1680,1050
1,2,14893,1779220061.46982,1,1680,1050
1,2,14894,1779220061.49064,1,1680,1050
1,2,14895,1779220061.51146,1,1680,1050
1,2,14896,1779220061.53228,1,1680,1050
1,2,14897,1779220061.5531,1,1680,1050
1,2,14898,1779220061.57392,1,1680,1050
1,2,14899,1779220061.59474,1,1680,1050
1,2,14900,1779220061.61556,1,1680,1050
1,2,14901,1779220061.63638,1,1680,1050
1,2,14902,1779220061.6572,1,1680,1050
1,2,14903,1779220061.67802,1,1680,1050
1,2,14904,1779220061.69884,1,1680,1050
1,2,14905,1779220061.71966,1,1680,1050
1,2,14906,1779220061.74048,1,1680,1050
1,2,14907,1779220061.76129,1,1680,1050
1,2,14908,1779220061.78211,1,1680,1050
1,2,14909,1779220061.80293,1,1680,1050
1,2,14910,1779220061.82375,1,1680,1050
1,2,14911,1779220061.84457,1,1680,1050
1,2,14912,1779220061.86539,1,1680,1050
1,2,14913,1779220061.88621,1,1680,1050
1,2,14914,1779220061.90703,1,1680,1050
1,2,14915,1779220061.92785,1,1680,1050
1,2,14916,1779220061.94867,1,1680,1050
1,2,14917,1779220061.96949,1,1680,1050
1,2,14918,1779220061.99031,1,1680,1050
1,2,14919,1779220062.01113,1,1680,1050
1,2,14920,1779220062.03195,1,1680,1050
1,2,14921,1779220062.05277,1,1680,1050
1,2,14922,1779220062.07359,1,1680,1050
1,2,14923,1779220062.09441,1,1680,1050
1,2,14924,1779220062.11523,1,1680,1050
1,2,14925,1779220062.13605,1,1680,1050
1,2,14926,1779220062.15687,1,1680,1050
1,2,14927,1779220062.17769,1,1680,1050
1,2,14928,1779220062.19851,1,1680,1050
1,2,14929,1779220062.21933,1,1680,1050
1,2,14930,1779220062.24015,1,1680,1050
1,2,14931,1779220062.26097,1,1680,1050
1,2,14932,1779220062.28179,1,1680,1050
1,2,14933,1779220062.3026,1,1680,1050
1,2,14934,1779220062.32342,1,1680,1050
1,2,14935,1779220062.34424,1,1680,1050
1,2,14936,1779220062.36506,1,1680,1050
1,2,14937,1779220062.38588,1,1680,1050
1,2,14938,1779220062.4067,1,1680,1050
1,2,14939,1779220062.42752,1,1680,1050
1,2,14940,1779220062.44834,1,1680,1050
1,2,14941,1779220062.46916,1,1680,1050
1,2,14942,1779220062.48998,1,1680,1050
1,2,14943,1779220062.5108,1,1680,1050
1,2,14944,1779220062.53162,1,1680,1050
1,2,14945,1779220062.55244,1,1680,1050
1,2,14946,1779220062.57326,1,1680,1050
1,2,14947,1779220062.59408,1,1680,1050
1,2,14948,1779220062.6149,1,1680,1050
1,2,14949,1779220062.63572,1,1680,1050
1,2,14950,1779220062.65654,1,1680,1050
1,2,14951,1779220062.67736,1,1680,1050
1,2,14952,1779220062.69818,1,1680,1050
1,2,14953,1779220062.719,1,1680,1050
1,2,14954,1779220062.73982,1,1680,1050
1,2,14955,1779220062.76064,1,1680,1050
1,2,14956,1779220062.78146,1,1680,1050
1,2,14957,1779220062.80228,1,1680,1050
1,2,14958,1779220062.8231,1,1680,1050
1,2,14959,1779220062.84391,1,1680,1050
1,2,14960,1779220062.86473,1,1680,1050
1,2,14961,1779220062.88555,1,1680,1050
1,2,14962,1779220062.90637,1,1680,1050
1,2,14963,1779220062.92719,1,1680,1050
1,2,14964,1779220062.94801,1,1680,1050
1,2,14965,1779220062.96883,1,1680,1050
1,2,14966,1779220062.98965,1,1680,1050
1,2,14967,1779220063.01047,1,1680,1050
1,2,14968,1779220063.03129,1,1680,1050
1,2,14969,1779220063.05211,1,1680,1050
1,2,14970,1779220063.07293,1,1680,1050
1,2,14971,1779220063.09375,1,1680,1050
1,2,14972,1779220063.11457,1,1680,1050
1,2,14973,1779220063.13539,1,1680,1050
1,2,14974,1779220063.15621,1,1680,1050
1,2,14975,1779220063.17703,1,1680,1050
1,2,14976,1779220063.19785,1,1680,1050
1,2,14977,1779220063.21867,1,1680,1050
1,2,14978,1779220063.23949,1,1680,1050
1,2,14979,1779220063.26031,1,1680,1050
1,2,14980,1779220063.28113,1,1680,1050
1,2,14981,1779220063.30195,1,1680,1050
1,2,14982,1779220063.32277,1,1680,1050
1,2,14983,1779220063.34359,1,1680,1050
1,2,14984,1779220063.36441,1,1680,1050
1,2,14985,1779220063.38523,1,1680,1050
1,2,14986,1779220063.40604,1,1680,1050
1,2,14987,1779220063.42686,1,1680,1050
1,2,14988,1779220063.44768,1,1680,1050
1,2,14989,1779220063.4685,1,1680,1050
1,2,14990,1779220063.48932,1,1680,1050
1,2,14991,1779220063.51014,1,1680,1050
1,2,14992,1779220063.53096,1,1680,1050
1,2,14993,1779220063.55178,1,1680,1050
1,2,14994,1779220063.5726,1,1680,1050
1,2,14995,1779220063.59342,1,1680,1050
1,2,14996,1779220063.61424,1,1680,1050
1,2,14997,1779220063.63506,1,1680,1050
1,2,14998,1779220063.65588,1,1680,1050
1,2,14999,1779220063.6767,1,1680,1050
1,2,15000,1779220063.69752,1,1680,1050
1,2,15001,1779220063.71834,1,1680,1050
1,2,15002,1779220063.73916,2,1680,1050
1,2,15003,1779220063.75998,2,1680,1050
1,2,15004,1779220063.7808,2,1680,1050
1,2,15005,1779220063.80162,2,1680,1050
1,2,15006,1779220063.82244,2,1680,1050
1,2,15007,1779220063.84326,2,1680,1050
1,2,15008,1779220063.86408,2,1680,1050
1,2,15009,1779220063.8849,2,1680,1050
1,2,15010,1779220063.90572,2,1680,1050
1,2,15011,1779220063.92654,2,1680,1050
1,2,15012,1779220063.94735,2,1680,1050
1,2,15013,1779220063.96817,2,1680,1050
1,2,15014,1779220063.98899,2,1680,1050
1,2,15015,1779220064.00981,2,1680,1050
1,2,15016,1779220064.03063,2,1680,1050
1,2,15017,1779220064.05145,2,1680,1050
1,2,15018,1779220064.07227,2,1680,1050
1,2,15019,1779220064.09309,2,1680,1050
1,2,15020,1779220064.11391,2,1680,1050
1,2,15021,1779220064.13473,2,1680,1050
1,2,15022,1779220064.15555,2,1680,1050
1,2,15023,1779220064.17637,2,1680,1050
1,2,15024,1779220064.19719,2,1680,1050
1,2,15025,1779220064.21801,2,1680,1050
1,2,15026,1779220064.23883,2,1680,1050
1,2,15027,1779220064.25965,2,1680,1050
1,2,15028,1779220064.28047,2,1680,1050
1,2,15029,1779220064.30129,2,1680,1050
1,2,15030,1779220064.32211,2,1680,1050
1,2,15031,1779220064.34293,2,1680,1050
1,2,15032,1779220064.36375,2,1680,1050
1,2,15033,1779220064.38457,2,1680,1050
1,2,15034,1779220064.40539,2,1680,1050
1,2,15035,1779220064.42621,2,1680,1050
1,2,15036,1779220064.44703,2,1680,1050
1,2,15037,1779220064.46785,2,1680,1050
1,2,15038,1779220064.48866,2,1680,1050
1,2,15039,1779220064.50948,2,1680,1050
1,2,15040,1779220064.5303,2,1680,1050
1,2,15041,1779220064.55112,2,1680,1050
1,2,15042,1779220064.57194,2,1680,1050
1,2,15043,1779220064.59276,2,1680,1050
1,2,15044,1779220064.61358,2,1680,1050
1,2,15045,1779220064.6344,2,1680,1050
1,2,15046,1779220064.65522,2,1680,1050
1,2,15047,1779220064.67604,2,1680,1050
1,2,15048,1779220064.69686,2,1680,1050
1,2,15049,1779220064.71768,2,1680,1050
1,2,15050,1779220064.7385,2,1680,1050
1,2,15051,1779220064.75932,2,1680,1050
1,2,15052,1779220064.78014,2,1680,1050
1,2,15053,1779220064.80096,2,1680,1050
1,2,15054,1779220064.82178,2,1680,1050
1,2,15055,1779220064.8426,2,1680,1050
1,2,15056,1779220064.86342,2,1680,1050
1,2,15057,1779220064.88424,2,1680,1050
1,2,15058,1779220064.90506,2,1680,1050
1,2,15059,1779220064.92588,2,1680,1050
1,2,15060,1779220064.9467,2,1680,1050
1,2,15061,1779220064.96752,2,1680,1050
1,2,15062,1779220064.98834,2,1680,1050
1,2,15063,1779220065.00916,2,1680,1050
1,2,15064,1779220065.02997,2,1680,1050
1,2,15065,1779220065.05079,2,1680,1050
1,2,15066,1779220065.07161,2,1680,1050
1,2,15067,1779220065.09243,2,1680,1050
1,2,15068,1779220065.11325,2,1680,1050
1,2,15069,1779220065.13407,2,1680,1050
1,2,15070,1779220065.15489,2,1680,1050
1,2,15071,1779220065.17571,2,1680,1050
1,2,15072,1779220065.19653,2,1680,1050
1,2,15073,1779220065.21735,2,1680,1050
1,2,15074,1779220065.23817,2,1680,1050
1,2,15075,1779220065.25899,2,1680,1050
1,2,15076,1779220065.27981,2,1680,1050
1,2,15077,1779220065.30063,2,1680,1050
1,2,15078,1779220065.32145,2,1680,1050
1,2,15079,1779220065.34227,2,1680,1050
1,2,15080,1779220065.36309,2,1680,1050
1,2,15081,1779220065.38391,2,1680,1050
1,2,15082,1779220065.40473,2,1680,1050
1,2,15083,1779220065.42555,2,1680,1050
1,2,15084,1779220065.44637,2,1680,1050
1,2,15085,1779220065.46719,2,1680,1050
1,2,15086,1779220065.48801,2,1680,1050
1,2,15087,1779220065.50883,2,1680,1050
1,2,15088,1779220065.52965,2,1680,1050
1,2,15089,1779220065.55047,2,1680,1050
1,2,15090,1779220065.57128,2,1680,1050
1,2,15091,1779220065.5921,2,1680,1050
1,2,15092,1779220065.61292,2,1680,1050
1,2,15093,1779220065.63374,2,1680,1050
1,2,15094,1779220065.65456,2,1680,1050
1,2,15095,1779220065.67538,2,1680,1050
1,2,15096,1779220065.6962,2,1680,1050
1,2,15097,1779220065.71702,2,1680,1050
1,2,15098,1779220065.73784,2,1680,1050
1,2,15099,1779220065.75866,2,1680,1050
1,2,15100,1779220065.77948,2,1680,1050
1,2,15101,1779220065.8003,2,1680,1050
1,2,15102,1779220065.82112,2,1680,1050
1,2,15103,1779220065.84194,2,1680,1050
1,2,15104,1779220065.86276,2,1680,1050
1,2,15105,1779220065.88358,2,1680,1050
1,2,15106,1779220065.9044,2,1680,1050
1,2,15107,1779220065.92522,2,1680,1050
1,2,15108,1779220065.94604,2,1680,1050
1,2,15109,1779220065.96686,2,1680,1050
1,2,15110,1779220065.98768,2,1680,1050
1,2,15111,1779220066.0085,2,1680,1050
1,2,15112,1779220066.02932,2,1680,1050
1,2,15113,1779220066.05013,2,1680,1050
1,2,15114,1779220066.07096,2,1680,1050
1,2,15115,1779220066.09178,2,1680,1050
1,2,15116,1779220066.1126,2,1680,1050
1,2,15117,1779220066.13341,2,1680,1050
1,2,15118,1779220066.15423,2,1680,1050
1,2,15119,1779220066.17505,2,1680,1050
1,2,15120,1779220066.19587,2,1680,1050
1,2,15121,1779220066.21669,2,1680,1050
1,2,15122,1779220066.38325,1,1680,1050
1,2,15123,1779220066.40407,1,1680,1050
1,2,15124,1779220066.42489,1,1680,1050
1,2,15125,1779220066.44571,1,1680,1050
1,2,15126,1779220066.46653,1,1680,1050
1,2,15127,1779220066.48735,1,1680,1050
1,2,15128,1779220066.50817,1,1680,1050
1,2,15129,1779220066.52899,1,1680,1050
1,2,15130,1779220066.54981,1,1680,1050
1,2,15131,1779220066.57063,1,1680,1050
1,2,15132,1779220066.59145,1,1680,1050
1,2,15133,1779220066.61226,1,1680,1050
1,2,15134,1779220066.63308,1,1680,1050
1,2,15135,1779220066.65391,1,1680,1050
1,2,15136,1779220066.67472,1,1680,1050
1,2,15137,1779220066.69554,1,1680,1050
1,2,15138,1779220066.71636,1,1680,1050
1,2,15139,1779220066.73718,1,1680,1050
1,2,15140,1779220066.758,1,1680,1050
1,2,15141,1779220066.77882,1,1680,1050
1,2,15142,1779220066.79964,1,1680,1050
1,2,15143,1779220066.82046,1,1680,1050
1,2,15144,1779220066.84128,1,1680,1050
1,2,15145,1779220066.8621,1,1680,1050
1,2,15146,1779220066.88292,1,1680,1050
1,2,15147,1779220066.90374,1,1680,1050
1,2,15148,1779220066.92456,1,1680,1050
1,2,15149,1779220066.94538,1,1680,1050
1,2,15150,1779220066.9662,1,1680,1050
1,2,15151,1779220066.98702,1,1680,1050
1,2,15152,1779220067.00784,1,1680,1050
1,2,15153,1779220067.02866,1,1680,1050
1,2,15154,1779220067.04948,1,1680,1050
1,2,15155,1779220067.0703,1,1680,1050
1,2,15156,1779220067.09112,1,1680,1050
1,2,15157,1779220067.11194,1,1680,1050
1,2,15158,1779220067.13276,1,1680,1050
1,2,15159,1779220067.15358,1,1680,1050
1,2,15160,1779220067.1744,1,1680,1050
1,2,15161,1779220067.19522,1,1680,1050
1,2,15162,1779220067.21603,1,1680,1050
1,2,15163,1779220067.23685,1,1680,1050
1,2,15164,1779220067.25767,1,1680,1050
1,2,15165,1779220067.27849,1,1680,1050
1,2,15166,1779220067.29931,1,1680,1050
1,2,15167,1779220067.32013,1,1680,1050
1,2,15168,1779220067.34095,1,1680,1050
1,2,15169,1779220067.36177,1,1680,1050
1,2,15170,1779220067.38259,1,1680,1050
1,2,15171,1779220067.40341,1,1680,1050
1,2,15172,1779220067.42423,1,1680,1050
1,2,15173,1779220067.44505,1,1680,1050
1,2,15174,1779220067.46587,1,1680,1050
1,2,15175,1779220067.48669,1,1680,1050
1,2,15176,1779220067.50751,1,1680,1050
1,2,15177,1779220067.52833,1,1680,1050
1,2,15178,1779220067.54915,1,1680,1050
1,2,15179,1779220067.56997,1,1680,1050
1,2,15180,1779220067.59079,1,1680,1050
1,2,15181,1779220067.61161,1,1680,1050
1,2,15182,1779220067.63243,1,1680,1050
1,2,15183,1779220067.65325,1,1680,1050
1,2,15184,1779220067.67407,1,1680,1050
1,2,15185,1779220067.69489,1,1680,1050
1,2,15186,1779220067.71571,1,1680,1050
1,2,15187,1779220067.73653,1,1680,1050
1,2,15188,1779220067.75734,1,1680,1050
1,2,15189,1779220067.77816,1,1680,1050
1,2,15190,1779220067.79898,1,1680,1050
1,2,15191,1779220067.8198,1,1680,1050
1,2,15192,1779220067.84062,1,1680,1050
1,2,15193,1779220067.86144,1,1680,1050
1,2,15194,1779220067.88226,1,1680,1050
1,2,15195,1779220067.90308,1,1680,1050
1,2,15196,1779220067.9239,1,1680,1050
1,2,15197,1779220067.94472,1,1680,1050
1,2,15198,1779220067.96554,1,1680,1050
1,2,15199,1779220067.98636,1,1680,1050
1,2,15200,1779220068.00718,1,1680,1050
1,2,15201,1779220068.028,1,1680,1050
1,2,15202,1779220068.04882,1,1680,1050
1,2,15203,1779220068.06964,1,1680,1050
1,2,15204,1779220068.09046,1,1680,1050
1,2,15205,1779220068.11128,1,1680,1050
1,2,15206,1779220068.1321,1,1680,1050
1,2,15207,1779220068.15292,1,1680,1050
1,2,15208,1779220068.17374,1,1680,1050
1,2,15209,1779220068.19456,1,1680,1050
1,2,15210,1779220068.21538,1,1680,1050
1,2,15211,1779220068.2362,1,1680,1050
1,2,15212,1779220068.25702,1,1680,1050
1,2,15213,1779220068.27783,1,1680,1050
1,2,15214,1779220068.29865,1,1680,1050
1,2,15215,1779220068.31947,1,1680,1050
1,2,15216,1779220068.34029,1,1680,1050
1,2,15217,1779220068.36111,1,1680,1050
1,2,15218,1779220068.38193,1,1680,1050
1,2,15219,1779220068.40275,1,1680,1050
1,2,15220,1779220068.42357,1,1680,1050
1,2,15221,1779220068.44439,1,1680,1050
1,2,15222,1779220068.46521,1,1680,1050
1,2,15223,1779220068.48603,1,1680,1050
1,2,15224,1779220068.50685,1,1680,1050
1,2,15225,1779220068.52767,1,1680,1050
1,2,15226,1779220068.54849,1,1680,1050
1,2,15227,1779220068.56931,1,1680,1050
1,2,15228,1779220068.59013,1,1680,1050
1,2,15229,1779220068.61095,1,1680,1050
1,2,15230,1779220068.63177,1,1680,1050
1,2,15231,1779220068.65259,1,1680,1050
1,2,15232,1779220068.67341,1,1680,1050
1,2,15233,1779220068.69423,1,1680,1050
1,2,15234,1779220068.71505,1,1680,1050
1,2,15235,1779220068.73587,1,1680,1050
1,2,15236,1779220068.75669,1,1680,1050
1,2,15237,1779220068.77751,1,1680,1050
1,2,15238,1779220068.79833,1,1680,1050
1,2,15239,1779220068.81915,1,1680,1050
1,2,15240,1779220068.83996,1,1680,1050
1,2,15241,1779220068.86078,1,1680,1050
1,2,15242,1779220068.8816,1,1680,1050
1,2,15243,1779220068.90242,1,1680,1050
1,2,15244,1779220068.92324,1,1680,1050
1,2,15245,1779220068.94406,1,1680,1050
1,2,15246,1779220068.96488,1,1680,1050
1,2,15247,1779220068.9857,1,1680,1050
1,2,15248,1779220069.00652,1,1680,1050
1,2,15249,1779220069.02734,1,1680,1050
1,2,15250,1779220069.04816,1,1680,1050
1,2,15251,1779220069.06898,1,1680,1050
1,2,15252,1779220069.0898,1,1680,1050
1,2,15253,1779220069.11062,1,1680,1050
1,2,15254,1779220069.13144,1,1680,1050
1,2,15255,1779220069.15226,1,1680,1050
1,2,15256,1779220069.17308,1,1680,1050
1,2,15257,1779220069.1939,1,1680,1050
1,2,15258,1779220069.21472,1,1680,1050
1,2,15259,1779220069.23554,1,1680,1050
1,2,15260,1779220069.25636,1,1680,1050
1,2,15261,1779220069.27718,1,1680,1050
1,2,15262,1779220069.298,1,1680,1050
1,2,15263,1779220069.31882,1,1680,1050
1,2,15264,1779220069.33964,1,1680,1050
1,2,15265,1779220069.36046,1,1680,1050
1,2,15266,1779220069.38127,1,1680,1050
1,2,15267,1779220069.40209,1,1680,1050
1,2,15268,1779220069.42291,1,1680,1050
1,2,15269,1779220069.44373,1,1680,1050
1,2,15270,1779220069.46455,1,1680,1050
1,2,15271,1779220069.48537,1,1680,1050
1,2,15272,1779220069.50619,1,1680,1050
1,2,15273,1779220069.52701,1,1680,1050
1,2,15274,1779220069.54783,1,1680,1050
1,2,15275,1779220069.56865,1,1680,1050
1,2,15276,1779220069.58947,1,1680,1050
1,2,15277,1779220069.61029,1,1680,1050
1,2,15278,1779220069.63111,1,1680,1050
1,2,15279,1779220069.65193,1,1680,1050
1,2,15280,1779220069.67275,1,1680,1050
1,2,15281,1779220069.69357,1,1680,1050
1,2,15282,1779220069.71439,1,1680,1050
1,2,15283,1779220069.73521,1,1680,1050
1,2,15284,1779220069.75603,1,1680,1050
1,2,15285,1779220069.77685,1,1680,1050
1,2,15286,1779220069.79767,1,1680,1050
1,2,15287,1779220069.81849,1,1680,1050
1,2,15288,1779220069.83931,1,1680,1050
1,2,15289,1779220069.86013,1,1680,1050
1,2,15290,1779220069.88095,1,1680,1050
1,2,15291,1779220069.90177,1,1680,1050
1,2,15292,1779220069.92259,1,1680,1050
1,2,15293,1779220069.9434,1,1680,1050
1,2,15294,1779220069.96422,1,1680,1050
1,2,15295,1779220069.98504,1,1680,1050
1,2,15296,1779220070.00586,1,1680,1050
1,2,15297,1779220070.02668,1,1680,1050
1,2,15298,1779220070.0475,1,1680,1050
1,2,15299,1779220070.06832,1,1680,1050
1,2,15300,1779220070.08914,1,1680,1050
1,2,15301,1779220070.10996,1,1680,1050
1,2,15302,1779220070.13078,1,1680,1050
1,2,15303,1779220070.1516,1,1680,1050
1,2,15304,1779220070.17242,1,1680,1050
1,2,15305,1779220070.19324,1,1680,1050
1,2,15306,1779220070.21406,1,1680,1050
1,2,15307,1779220070.23488,1,1680,1050
1,2,15308,1779220070.2557,1,1680,1050
1,2,15309,1779220070.27652,1,1680,1050
1,2,15310,1779220070.29734,1,1680,1050
1,2,15311,1779220070.31816,1,1680,1050
1,2,15312,1779220070.33898,1,1680,1050
1,2,15313,1779220070.3598,1,1680,1050
1,2,15314,1779220070.38062,1,1680,1050
1,2,15315,1779220070.40144,1,1680,1050
1,2,15316,1779220070.42226,1,1680,1050
1,2,15317,1779220070.44308,1,1680,1050
1,2,15318,1779220070.46389,1,1680,1050
1,2,15319,1779220070.48471,1,1680,1050
1,2,15320,1779220070.50553,1,1680,1050
1,2,15321,1779220070.52635,1,1680,1050
1,2,15322,1779220070.54717,1,1680,1050
1,2,15323,1779220070.56799,1,1680,1050
1,2,15324,1779220070.58881,1,1680,1050
1,2,15325,1779220070.60963,1,1680,1050
1,2,15326,1779220070.63045,1,1680,1050
1,2,15327,1779220070.65127,1,1680,1050
1,2,15328,1779220070.67209,1,1680,1050
1,2,15329,1779220070.69291,1,1680,1050
1,2,15330,1779220070.71373,1,1680,1050
1,2,15331,1779220070.73455,1,1680,1050
1,2,15332,1779220070.75537,1,1680,1050
1,2,15333,1779220070.77619,1,1680,1050
1,2,15334,1779220070.79701,1,1680,1050
1,2,15335,1779220070.81783,1,1680,1050
1,2,15336,1779220070.83865,1,1680,1050
1,2,15337,1779220070.85947,1,1680,1050
1,2,15338,1779220070.88029,1,1680,1050
1,2,15339,1779220070.90111,1,1680,1050
1,2,15340,1779220070.92193,1,1680,1050
1,2,15341,1779220070.94275,1,1680,1050
1,2,15342,1779220070.96357,1,1680,1050
1,2,15343,1779220070.98439,1,1680,1050
1,2,15344,1779220071.0052,1,1680,1050
1,2,15345,1779220071.02602,1,1680,1050
1,2,15346,1779220071.04684,1,1680,1050
1,2,15347,1779220071.06766,1,1680,1050
1,2,15348,1779220071.08848,1,1680,1050
1,2,15349,1779220071.1093,1,1680,1050
1,2,15350,1779220071.13012,1,1680,1050
1,2,15351,1779220071.15094,1,1680,1050
1,2,15352,1779220071.17176,1,1680,1050
1,2,15353,1779220071.19258,1,1680,1050
1,2,15354,1779220071.2134,1,1680,1050
1,2,15355,1779220071.23422,1,1680,1050
1,2,15356,1779220071.25504,1,1680,1050
1,2,15357,1779220071.27586,1,1680,1050
1,2,15358,1779220071.29668,1,1680,1050
1,2,15359,1779220071.3175,1,1680,1050
1,2,15360,1779220071.33832,1,1680,1050
1,2,15361,1779220071.35914,1,1680,1050
1,2,15362,1779220071.37996,2,1680,1050
1,2,15363,1779220071.40078,2,1680,1050
1,2,15364,1779220071.4216,2,1680,1050
1,2,15365,1779220071.44242,2,1680,1050
1,2,15366,1779220071.46324,2,1680,1050
1,2,15367,1779220071.48405,2,1680,1050
1,2,15368,1779220071.50488,2,1680,1050
1,2,15369,1779220071.5257,2,1680,1050
1,2,15370,1779220071.54652,2,1680,1050
1,2,15371,1779220071.56733,2,1680,1050
1,2,15372,1779220071.58815,2,1680,1050
1,2,15373,1779220071.60897,2,1680,1050
1,2,15374,1779220071.62979,2,1680,1050
1,2,15375,1779220071.65061,2,1680,1050
1,2,15376,1779220071.67143,2,1680,1050
1,2,15377,1779220071.69225,2,1680,1050
1,2,15378,1779220071.71307,2,1680,1050
1,2,15379,1779220071.73389,2,1680,1050
1,2,15380,1779220071.75471,2,1680,1050
1,2,15381,1779220071.77553,2,1680,1050
1,2,15382,1779220071.79635,2,1680,1050
1,2,15383,1779220071.81717,2,1680,1050
1,2,15384,1779220071.83799,2,1680,1050
1,2,15385,1779220071.85881,2,1680,1050
1,2,15386,1779220071.87963,2,1680,1050
1,2,15387,1779220071.90045,2,1680,1050
1,2,15388,1779220071.92127,2,1680,1050
1,2,15389,1779220071.94209,2,1680,1050
1,2,15390,1779220071.96291,2,1680,1050
1,2,15391,1779220071.98373,2,1680,1050
1,2,15392,1779220072.00455,2,1680,1050
1,2,15393,1779220072.02537,2,1680,1050
1,2,15394,1779220072.04619,2,1680,1050
1,2,15395,1779220072.06701,2,1680,1050
1,2,15396,1779220072.08783,2,1680,1050
1,2,15397,1779220072.10864,2,1680,1050
1,2,15398,1779220072.12946,2,1680,1050
1,2,15399,1779220072.15028,2,1680,1050
1,2,15400,1779220072.1711,2,1680,1050
1,2,15401,1779220072.19192,2,1680,1050
1,2,15402,1779220072.21274,2,1680,1050
1,2,15403,1779220072.23356,2,1680,1050
1,2,15404,1779220072.25438,2,1680,1050
1,2,15405,1779220072.2752,2,1680,1050
1,2,15406,1779220072.29602,2,1680,1050
1,2,15407,1779220072.31684,2,1680,1050
1,2,15408,1779220072.33766,2,1680,1050
1,2,15409,1779220072.35848,2,1680,1050
1,2,15410,1779220072.3793,2,1680,1050
1,2,15411,1779220072.40012,2,1680,1050
1,2,15412,1779220072.42094,2,1680,1050
1,2,15413,1779220072.44176,2,1680,1050
1,2,15414,1779220072.46258,2,1680,1050
1,2,15415,1779220072.4834,2,1680,1050
1,2,15416,1779220072.50422,2,1680,1050
1,2,15417,1779220072.52504,2,1680,1050
1,2,15418,1779220072.54586,2,1680,1050
1,2,15419,1779220072.56668,2,1680,1050
1,2,15420,1779220072.5875,2,1680,1050
1,2,15421,1779220072.60832,2,1680,1050
1,2,15422,1779220072.62913,2,1680,1050
1,2,15423,1779220072.64995,2,1680,1050
1,2,15424,1779220072.67077,2,1680,1050
1,2,15425,1779220072.69159,2,1680,1050
1,2,15426,1779220072.71241,2,1680,1050
1,2,15427,1779220072.73323,2,1680,1050
1,2,15428,1779220072.75405,2,1680,1050
1,2,15429,1779220072.77487,2,1680,1050
1,2,15430,1779220072.79569,2,1680,1050
1,2,15431,1779220072.81651,2,1680,1050
1,2,15432,1779220072.83733,2,1680,1050
1,2,15433,1779220072.85815,2,1680,1050
1,2,15434,1779220072.87897,2,1680,1050
1,2,15435,1779220072.89979,2,1680,1050
1,2,15436,1779220072.92061,2,1680,1050
1,2,15437,1779220072.94143,2,1680,1050
1,2,15438,1779220072.96225,2,1680,1050
1,2,15439,1779220072.98307,2,1680,1050
1,2,15440,1779220073.00389,2,1680,1050
1,2,15441,1779220073.02471,2,1680,1050
1,2,15442,1779220073.04553,2,1680,1050
1,2,15443,1779220073.06635,2,1680,1050
1,2,15444,1779220073.08717,2,1680,1050
1,2,15445,1779220073.10799,2,1680,1050
1,2,15446,1779220073.12881,2,1680,1050
1,2,15447,1779220073.14963,2,1680,1050
1,2,15448,1779220073.17044,2,1680,1050
1,2,15449,1779220073.19127,2,1680,1050
1,2,15450,1779220073.21208,2,1680,1050
1,2,15451,1779220073.2329,2,1680,1050
1,2,15452,1779220073.25372,2,1680,1050
1,2,15453,1779220073.27454,2,1680,1050
1,2,15454,1779220073.29536,2,1680,1050
1,2,15455,1779220073.31618,2,1680,1050
1,2,15456,1779220073.337,2,1680,1050
1,2,15457,1779220073.35782,2,1680,1050
1,2,15458,1779220073.37864,2,1680,1050
1,2,15459,1779220073.39946,2,1680,1050
1,2,15460,1779220073.42028,2,1680,1050
1,2,15461,1779220073.4411,2,1680,1050
1,2,15462,1779220073.46192,2,1680,1050
1,2,15463,1779220073.48274,2,1680,1050
1,2,15464,1779220073.50356,2,1680,1050
1,2,15465,1779220073.52438,2,1680,1050
1,2,15466,1779220073.5452,2,1680,1050
1,2,15467,1779220073.56602,2,1680,1050
1,2,15468,1779220073.58684,2,1680,1050
1,2,15469,1779220073.60766,2,1680,1050
1,2,15470,1779220073.62848,2,1680,1050
1,2,15471,1779220073.6493,2,1680,1050
1,2,15472,1779220073.67012,2,1680,1050
1,2,15473,1779220073.69094,2,1680,1050
1,2,15474,1779220073.71176,2,1680,1050
1,2,15475,1779220073.73257,2,1680,1050
1,2,15476,1779220073.75339,2,1680,1050
1,2,15477,1779220073.77421,2,1680,1050
1,2,15478,1779220073.79503,2,1680,1050
1,2,15479,1779220073.81585,2,1680,1050
1,2,15480,1779220073.83667,2,1680,1050
1,2,15481,1779220073.85749,2,1680,1050
1,2,15482,1779220073.87831,1,1680,1050
1,2,15483,1779220073.89913,1,1680,1050
1,2,15484,1779220073.91995,1,1680,1050
1,2,15485,1779220073.94077,1,1680,1050
1,2,15486,1779220073.96159,1,1680,1050
1,2,15487,1779220073.98241,1,1680,1050
1,2,15488,1779220074.00323,1,1680,1050
1,2,15489,1779220074.02405,1,1680,1050
1,2,15490,1779220074.04487,1,1680,1050
1,2,15491,1779220074.06569,1,1680,1050
1,2,15492,1779220074.08651,1,1680,1050
1,2,15493,1779220074.10733,1,1680,1050
1,2,15494,1779220074.12815,1,1680,1050
1,2,15495,1779220074.14897,1,1680,1050
1,2,15496,1779220074.16979,1,1680,1050
1,2,15497,1779220074.19061,1,1680,1050
1,2,15498,1779220074.21143,1,1680,1050
1,2,15499,1779220074.23225,1,1680,1050
1,2,15500,1779220074.25307,1,1680,1050
1,2,15501,1779220074.27388,1,1680,1050
1,2,15502,1779220074.2947,1,1680,1050
1,2,15503,1779220074.31552,1,1680,1050
1,2,15504,1779220074.33634,1,1680,1050
1,2,15505,1779220074.35716,1,1680,1050
1,2,15506,1779220074.37798,1,1680,1050
1,2,15507,1779220074.3988,1,1680,1050
1,2,15508,1779220074.41962,1,1680,1050
1,2,15509,1779220074.44044,1,1680,1050
1,2,15510,1779220074.46126,1,1680,1050
1,2,15511,1779220074.48208,1,1680,1050
1,2,15512,1779220074.5029,1,1680,1050
1,2,15513,1779220074.52372,1,1680,1050
1,2,15514,1779220074.54454,1,1680,1050
1,2,15515,1779220074.56536,1,1680,1050
1,2,15516,1779220074.58618,1,1680,1050
1,2,15517,1779220074.607,1,1680,1050
1,2,15518,1779220074.62782,1,1680,1050
1,2,15519,1779220074.64864,1,1680,1050
1,2,15520,1779220074.66946,1,1680,1050
1,2,15521,1779220074.69028,1,1680,1050
1,2,15522,1779220074.7111,1,1680,1050
1,2,15523,1779220074.73192,1,1680,1050
1,2,15524,1779220074.75274,1,1680,1050
1,2,15525,1779220074.77356,1,1680,1050
1,2,15526,1779220074.79438,1,1680,1050
1,2,15527,1779220074.81519,1,1680,1050
1,2,15528,1779220074.83601,1,1680,1050
1,2,15529,1779220074.85683,1,1680,1050
1,2,15530,1779220074.87765,1,1680,1050
1,2,15531,1779220074.89847,1,1680,1050
1,2,15532,1779220074.91929,1,1680,1050
1,2,15533,1779220074.94011,1,1680,1050
1,2,15534,1779220074.96093,1,1680,1050
1,2,15535,1779220074.98175,1,1680,1050
1,2,15536,1779220075.00257,1,1680,1050
1,2,15537,1779220075.02339,1,1680,1050
1,2,15538,1779220075.04421,1,1680,1050
1,2,15539,1779220075.06503,1,1680,1050
1,2,15540,1779220075.08585,1,1680,1050
1,2,15541,1779220075.10667,1,1680,1050
1,2,15542,1779220075.12749,1,1680,1050
1,2,15543,1779220075.14831,1,1680,1050
1,2,15544,1779220075.16913,1,1680,1050
1,2,15545,1779220075.18995,1,1680,1050
1,2,15546,1779220075.21077,1,1680,1050
1,2,15547,1779220075.23159,1,1680,1050
1,2,15548,1779220075.25241,1,1680,1050
1,2,15549,1779220075.27323,1,1680,1050
1,2,15550,1779220075.29405,1,1680,1050
1,2,15551,1779220075.31487,1,1680,1050
1,2,15552,1779220075.33569,1,1680,1050
1,2,15553,1779220075.3565,1,1680,1050
1,2,15554,1779220075.37732,1,1680,1050
1,2,15555,1779220075.39814,1,1680,1050
1,2,15556,1779220075.41896,1,1680,1050
1,2,15557,1779220075.43978,1,1680,1050
1,2,15558,1779220075.4606,1,1680,1050
1,2,15559,1779220075.48142,1,1680,1050
1,2,15560,1779220075.50224,1,1680,1050
1,2,15561,1779220075.52306,1,1680,1050
1,2,15562,1779220075.54388,1,1680,1050
1,2,15563,1779220075.5647,1,1680,1050
1,2,15564,1779220075.58552,1,1680,1050
1,2,15565,1779220075.60634,1,1680,1050
1,2,15566,1779220075.62716,1,1680,1050
1,2,15567,1779220075.64798,1,1680,1050
1,2,15568,1779220075.6688,1,1680,1050
1,2,15569,1779220075.68962,1,1680,1050
1,2,15570,1779220075.71044,1,1680,1050
1,2,15571,1779220075.73126,1,1680,1050
1,2,15572,1779220075.75208,1,1680,1050
1,2,15573,1779220075.7729,1,1680,1050
1,2,15574,1779220075.79372,1,1680,1050
1,2,15575,1779220075.81454,1,1680,1050
1,2,15576,1779220075.83536,1,1680,1050
1,2,15577,1779220075.85618,1,1680,1050
1,2,15578,1779220075.877,1,1680,1050
1,2,15579,1779220075.89781,1,1680,1050
1,2,15580,1779220075.91863,1,1680,1050
1,2,15581,1779220075.93945,1,1680,1050
1,2,15582,1779220075.96027,1,1680,1050
1,2,15583,1779220075.98109,1,1680,1050
1,2,15584,1779220076.00191,1,1680,1050
1,2,15585,1779220076.02273,1,1680,1050
1,2,15586,1779220076.04355,1,1680,1050
1,2,15587,1779220076.06437,1,1680,1050
1,2,15588,1779220076.08519,1,1680,1050
1,2,15589,1779220076.10601,1,1680,1050
1,2,15590,1779220076.12683,1,1680,1050
1,2,15591,1779220076.14765,1,1680,1050
1,2,15592,1779220076.16847,1,1680,1050
1,2,15593,1779220076.18929,1,1680,1050
1,2,15594,1779220076.21011,1,1680,1050
1,2,15595,1779220076.23093,1,1680,1050
1,2,15596,1779220076.25175,1,1680,1050
1,2,15597,1779220076.27257,1,1680,1050
1,2,15598,1779220076.29339,1,1680,1050
1,2,15599,1779220076.31421,1,1680,1050
1,2,15600,1779220076.33503,1,1680,1050
1,2,15601,1779220076.35585,1,1680,1050
1,2,15602,1779220076.37667,1,1680,1050
1,2,15603,1779220076.39749,1,1680,1050
1,2,15604,1779220076.41831,1,1680,1050
1,2,15605,1779220076.43913,1,1680,1050
1,2,15606,1779220076.45994,1,1680,1050
1,2,15607,1779220076.48076,1,1680,1050
1,2,15608,1779220076.50158,1,1680,1050
1,2,15609,1779220076.5224,1,1680,1050
1,2,15610,1779220076.54322,1,1680,1050
1,2,15611,1779220076.56404,1,1680,1050
1,2,15612,1779220076.58486,1,1680,1050
1,2,15613,1779220076.60568,1,1680,1050
1,2,15614,1779220076.6265,1,1680,1050
1,2,15615,1779220076.64732,1,1680,1050
1,2,15616,1779220076.66814,1,1680,1050
1,2,15617,1779220076.68896,1,1680,1050
1,2,15618,1779220076.70978,1,1680,1050
1,2,15619,1779220076.7306,1,1680,1050
1,2,15620,1779220076.75142,1,1680,1050
1,2,15621,1779220076.77224,1,1680,1050
1,2,15622,1779220076.79306,1,1680,1050
1,2,15623,1779220076.81388,1,1680,1050
1,2,15624,1779220076.8347,1,1680,1050
1,2,15625,1779220076.85552,1,1680,1050
1,2,15626,1779220076.87634,1,1680,1050
1,2,15627,1779220076.89716,1,1680,1050
1,2,15628,1779220076.91798,1,1680,1050
1,2,15629,1779220076.9388,1,1680,1050
1,2,15630,1779220076.95962,1,1680,1050
1,2,15631,1779220076.98044,1,1680,1050
1,2,15632,1779220077.00125,1,1680,1050
1,2,15633,1779220077.02207,1,1680,1050
1,2,15634,1779220077.04289,1,1680,1050
1,2,15635,1779220077.06371,1,1680,1050
1,2,15636,1779220077.08453,1,1680,1050
1,2,15637,1779220077.10535,1,1680,1050
1,2,15638,1779220077.12617,1,1680,1050
1,2,15639,1779220077.14699,1,1680,1050
1,2,15640,1779220077.16781,1,1680,1050
1,2,15641,1779220077.18863,1,1680,1050
1,2,15642,1779220077.20945,1,1680,1050
1,2,15643,1779220077.23027,1,1680,1050
1,2,15644,1779220077.25109,1,1680,1050
1,2,15645,1779220077.27191,1,1680,1050
1,2,15646,1779220077.29273,1,1680,1050
1,2,15647,1779220077.31355,1,1680,1050
1,2,15648,1779220077.33437,1,1680,1050
1,2,15649,1779220077.35519,1,1680,1050
1,2,15650,1779220077.37601,1,1680,1050
1,2,15651,1779220077.39683,1,1680,1050
1,2,15652,1779220077.41765,1,1680,1050
1,2,15653,1779220077.43847,1,1680,1050
1,2,15654,1779220077.45929,1,1680,1050
1,2,15655,1779220077.48011,1,1680,1050
1,2,15656,1779220077.50093,1,1680,1050
1,2,15657,1779220077.52175,1,1680,1050
1,2,15658,1779220077.54256,1,1680,1050
1,2,15659,1779220077.56338,1,1680,1050
1,2,15660,1779220077.5842,1,1680,1050
1,2,15661,1779220077.60502,1,1680,1050
1,2,15662,1779220077.62584,1,1680,1050
1,2,15663,1779220077.64666,1,1680,1050
1,2,15664,1779220077.66748,1,1680,1050
1,2,15665,1779220077.6883,1,1680,1050
1,2,15666,1779220077.70912,1,1680,1050
1,2,15667,1779220077.72994,1,1680,1050
1,2,15668,1779220077.75076,1,1680,1050
1,2,15669,1779220077.77158,1,1680,1050
1,2,15670,1779220077.7924,1,1680,1050
1,2,15671,1779220077.81322,1,1680,1050
1,2,15672,1779220077.83404,1,1680,1050
1,2,15673,1779220077.85486,1,1680,1050
1,2,15674,1779220077.87568,1,1680,1050
1,2,15675,1779220077.8965,1,1680,1050
1,2,15676,1779220077.91732,1,1680,1050
1,2,15677,1779220077.93814,1,1680,1050
1,2,15678,1779220077.95896,1,1680,1050
1,2,15679,1779220077.97978,1,1680,1050
1,2,15680,1779220078.0006,1,1680,1050
1,2,15681,1779220078.02142,1,1680,1050
1,2,15682,1779220078.04224,1,1680,1050
1,2,15683,1779220078.06306,1,1680,1050
1,2,15684,1779220078.08387,1,1680,1050
1,2,15685,1779220078.10469,1,1680,1050
1,2,15686,1779220078.12551,1,1680,1050
1,2,15687,1779220078.14633,1,1680,1050
1,2,15688,1779220078.16715,1,1680,1050
1,2,15689,1779220078.18797,1,1680,1050
1,2,15690,1779220078.20879,1,1680,1050
1,2,15691,1779220078.22961,1,1680,1050
1,2,15692,1779220078.25043,1,1680,1050
1,2,15693,1779220078.27125,1,1680,1050
1,2,15694,1779220078.29207,1,1680,1050
1,2,15695,1779220078.31289,1,1680,1050
1,2,15696,1779220078.33371,1,1680,1050
1,2,15697,1779220078.35453,1,1680,1050
1,2,15698,1779220078.37535,1,1680,1050
1,2,15699,1779220078.39617,1,1680,1050
1,2,15700,1779220078.41699,1,1680,1050
1,2,15701,1779220078.43781,1,1680,1050
1,2,15702,1779220078.45863,1,1680,1050
1,2,15703,1779220078.47945,1,1680,1050
1,2,15704,1779220078.50027,1,1680,1050
1,2,15705,1779220078.52109,1,1680,1050
1,2,15706,1779220078.54191,1,1680,1050
1,2,15707,1779220078.56273,1,1680,1050
1,2,15708,1779220078.58355,1,1680,1050
1,2,15709,1779220078.60436,1,1680,1050
1,2,15710,1779220078.62518,1,1680,1050
1,2,15711,1779220078.646,1,1680,1050
1,2,15712,1779220078.66682,1,1680,1050
1,2,15713,1779220078.68764,1,1680,1050
1,2,15714,1779220078.70846,1,1680,1050
1,2,15715,1779220078.72928,1,1680,1050
1,2,15716,1779220078.7501,1,1680,1050
1,2,15717,1779220078.77092,1,1680,1050
1,2,15718,1779220078.79174,1,1680,1050
1,2,15719,1779220078.81256,1,1680,1050
1,2,15720,1779220078.83338,1,1680,1050
1,2,15721,1779220078.8542,1,1680,1050
1,2,15722,1779220078.87502,2,1680,1050
1,2,15723,1779220078.89584,2,1680,1050
1,2,15724,1779220078.91666,2,1680,1050
1,2,15725,1779220078.93748,2,1680,1050
1,2,15726,1779220078.9583,2,1680,1050
1,2,15727,1779220078.97912,2,1680,1050
1,2,15728,1779220078.99994,2,1680,1050
1,2,15729,1779220079.02076,2,1680,1050
1,2,15730,1779220079.04158,2,1680,1050
1,2,15731,1779220079.0624,2,1680,1050
1,2,15732,1779220079.08322,2,1680,1050
1,2,15733,1779220079.10404,2,1680,1050
1,2,15734,1779220079.12486,2,1680,1050
1,2,15735,1779220079.14568,2,1680,1050
1,2,15736,1779220079.16649,2,1680,1050
1,2,15737,1779220079.18731,2,1680,1050
1,2,15738,1779220079.20813,2,1680,1050
1,2,15739,1779220079.22895,2,1680,1050
1,2,15740,1779220079.24977,2,1680,1050
1,2,15741,1779220079.27059,2,1680,1050
1,2,15742,1779220079.29141,2,1680,1050
1,2,15743,1779220079.31223,2,1680,1050
1,2,15744,1779220079.33305,2,1680,1050
1,2,15745,1779220079.35387,2,1680,1050
1,2,15746,1779220079.37469,2,1680,1050
1,2,15747,1779220079.39551,2,1680,1050
1,2,15748,1779220079.41633,2,1680,1050
1,2,15749,1779220079.43715,2,1680,1050
1,2,15750,1779220079.45797,2,1680,1050
1,2,15751,1779220079.47879,2,1680,1050
1,2,15752,1779220079.49961,2,1680,1050
1,2,15753,1779220079.52043,2,1680,1050
1,2,15754,1779220079.54125,2,1680,1050
1,2,15755,1779220079.56207,2,1680,1050
1,2,15756,1779220079.58287,2,1680,1050
1,2,15757,1779220079.60371,2,1680,1050
1,2,15758,1779220079.62453,2,1680,1050
1,2,15759,1779220079.64535,2,1680,1050
1,2,15760,1779220079.66617,2,1680,1050
1,2,15761,1779220079.68698,2,1680,1050
1,2,15762,1779220079.7078,2,1680,1050
1,2,15763,1779220079.72862,2,1680,1050
1,2,15764,1779220079.74944,2,1680,1050
1,2,15765,1779220079.77026,2,1680,1050
1,2,15766,1779220079.79108,2,1680,1050
1,2,15767,1779220079.8119,2,1680,1050
1,2,15768,1779220079.83272,2,1680,1050
1,2,15769,1779220079.85354,2,1680,1050
1,2,15770,1779220079.87436,2,1680,1050
1,2,15771,1779220079.89518,2,1680,1050
1,2,15772,1779220079.916,2,1680,1050
1,2,15773,1779220079.93682,2,1680,1050
1,2,15774,1779220079.95764,2,1680,1050
1,2,15775,1779220079.97846,2,1680,1050
1,2,15776,1779220079.99928,2,1680,1050
1,2,15777,1779220080.0201,2,1680,1050
1,2,15778,1779220080.04092,2,1680,1050
1,2,15779,1779220080.06174,2,1680,1050
1,2,15780,1779220080.08256,2,1680,1050
1,2,15781,1779220080.10338,2,1680,1050
1,2,15782,1779220080.1242,2,1680,1050
1,2,15783,1779220080.14502,2,1680,1050
1,2,15784,1779220080.16584,2,1680,1050
1,2,15785,1779220080.18666,2,1680,1050
1,2,15786,1779220080.20748,2,1680,1050
1,2,15787,1779220080.22829,2,1680,1050
1,2,15788,1779220080.24911,2,1680,1050
1,2,15789,1779220080.26993,2,1680,1050
1,2,15790,1779220080.29075,2,1680,1050
1,2,15791,1779220080.31157,2,1680,1050
1,2,15792,1779220080.33239,2,1680,1050
1,2,15793,1779220080.35321,2,1680,1050
1,2,15794,1779220080.37403,2,1680,1050
1,2,15795,1779220080.39485,2,1680,1050
1,2,15796,1779220080.41567,2,1680,1050
1,2,15797,1779220080.43649,2,1680,1050
1,2,15798,1779220080.45731,2,1680,1050
1,2,15799,1779220080.47813,2,1680,1050
1,2,15800,1779220080.49895,2,1680,1050
1,2,15801,1779220080.51977,2,1680,1050
1,2,15802,1779220080.54059,2,1680,1050
1,2,15803,1779220080.56141,2,1680,1050
1,2,15804,1779220080.58223,2,1680,1050
1,2,15805,1779220080.60305,2,1680,1050
1,2,15806,1779220080.62387,2,1680,1050
1,2,15807,1779220080.64469,2,1680,1050
1,2,15808,1779220080.66551,2,1680,1050
1,2,15809,1779220080.68633,2,1680,1050
1,2,15810,1779220080.70715,2,1680,1050
1,2,15811,1779220080.72797,2,1680,1050
1,2,15812,1779220080.74878,2,1680,1050
1,2,15813,1779220080.7696,2,1680,1050
1,2,15814,1779220080.79042,2,1680,1050
1,2,15815,1779220080.81124,2,1680,1050
1,2,15816,1779220080.83206,2,1680,1050
1,2,15817,1779220080.85288,2,1680,1050
1,2,15818,1779220080.8737,2,1680,1050
1,2,15819,1779220080.89452,2,1680,1050
1,2,15820,1779220080.91534,2,1680,1050
1,2,15821,1779220080.93616,2,1680,1050
1,2,15822,1779220080.95698,2,1680,1050
1,2,15823,1779220080.9778,2,1680,1050
1,2,15824,1779220080.99862,2,1680,1050
1,2,15825,1779220081.01944,2,1680,1050
1,2,15826,1779220081.04026,2,1680,1050
1,2,15827,1779220081.06108,2,1680,1050
1,2,15828,1779220081.0819,2,1680,1050
1,2,15829,1779220081.10272,2,1680,1050
1,2,15830,1779220081.12354,2,1680,1050
1,2,15831,1779220081.14436,2,1680,1050
1,2,15832,1779220081.16518,2,1680,1050
1,2,15833,1779220081.186,2,1680,1050
1,2,15834,1779220081.20682,2,1680,1050
1,2,15835,1779220081.22764,2,1680,1050
1,2,15836,1779220081.24846,2,1680,1050
1,2,15837,1779220081.26928,2,1680,1050
1,2,15838,1779220081.2901,2,1680,1050
1,2,15839,1779220081.31091,2,1680,1050
1,2,15840,1779220081.33173,2,1680,1050
1,2,15841,1779220081.35255,2,1680,1050
